city,bank_country,iso8601,file_name,timezone
South Cheryl,GB,2014-05-15T08:54:45,quisquam.html,Europe/Riga
Lake Donaldmouth,GB,2001-01-24T03:54:52,incidunt.pages,Asia/Beirut
New Stephaniemouth,GB,1981-06-06T20:42:38,voluptates.mp4,Asia/Jerusalem
Stewartbury,GB,1990-11-06T12:05:18,veritatis.txt,America/Managua
Lake Dorothyton,GB,1986-07-23T13:36:26,deserunt.bmp,Asia/Dhaka
Lake Valerieberg,GB,2008-08-23T04:36:47,corrupti.json,Indian/Maldives
East Gavinport,GB,2021-02-23T14:21:57,eaque.mp3,America/Managua
Burtonborough,GB,2022-06-10T18:59:09,quidem.odp,America/Caracas
Lyndafort,GB,2007-03-11T18:28:16,adipisci.wav,Europe/Sarajevo
Birchchester,GB,1998-01-07T01:57:17,ipsum.webm,America/Port_of_Spain
Lake Owen,GB,1993-03-06T23:21:53,atque.odt,Asia/Phnom_Penh
East Juliachester,GB,2004-09-11T20:20:46,dolores.webm,Africa/Porto-Novo
West Brianberg,GB,2022-01-31T17:48:51,officia.pptx,Africa/Windhoek
Belltown,GB,2018-04-18T23:52:49,fugit.odt,Europe/London
Samuelfurt,GB,1979-02-23T05:50:30,ex.ods,Pacific/Fiji
Katherineshire,GB,2019-08-14T13:37:35,nihil.webm,America/St_Lucia
Scottchester,GB,1974-02-25T04:53:24,laborum.js,Indian/Maldives
Woodstad,GB,2009-05-07T00:52:32,esse.docx,Africa/Brazzaville
Wyattview,GB,1995-12-03T19:19:25,perferendis.wav,Asia/Bahrain
South Yvonneshire,GB,1970-11-16T01:18:48,dicta.flac,America/El_Salvador
South Terence,GB,1972-08-26T17:01:28,eos.docx,Europe/Rome
West Diane,GB,1995-05-30T19:56:33,expedita.wav,Africa/Nouakchott
Jonesside,GB,2012-06-04T16:48:21,voluptatibus.wav,Africa/Abidjan
Josephinemouth,GB,1975-07-13T07:26:52,autem.mp4,Europe/Tirane
Grayview,GB,2019-12-01T10:54:21,ipsa.webm,Europe/Chisinau
North Juliechester,GB,2021-03-23T19:14:13,temporibus.csv,Asia/Aqtau
Gouldshire,GB,1970-06-15T23:20:34,totam.gif,Africa/Bujumbura
New Amandafurt,GB,1975-01-19T20:41:02,suscipit.xls,Asia/Jerusalem
Kingtown,GB,2017-07-29T08:53:50,error.webm,Asia/Katmandu
Thompsonchester,GB,2002-08-17T15:36:35,quaerat.mov,America/St_Lucia
Samuelland,GB,1973-02-20T21:09:22,quae.mp4,Africa/Addis_Ababa
Lake Shannon,GB,2010-08-29T10:12:58,libero.mp3,Asia/Thimphu
West Alison,GB,1982-02-08T01:15:35,libero.wav,Asia/Phnom_Penh
Lesleyshire,GB,1972-10-09T04:52:20,dolor.gif,Africa/Malabo
Port Nicolaton,GB,1993-02-23T11:17:24,explicabo.js,America/Dominica
Lake Mollyview,GB,1975-02-26T20:30:58,consequuntur.wav,Europe/Vatican
East Ryan,GB,2002-04-19T22:38:52,quaerat.js,Africa/Kigali
Kingport,GB,1978-03-16T13:45:18,delectus.jpeg,Europe/Helsinki
East Vanessa,GB,1987-06-14T03:58:20,ullam.pptx,Europe/Vienna
Staceyberg,GB,2009-12-19T23:36:21,blanditiis.mp4,Africa/Algiers
South Dianeland,GB,2018-07-31T04:40:14,impedit.key,Europe/Podgorica
New Charlie,GB,1980-12-30T16:11:00,enim.mp4,Asia/Karachi
North Tina,GB,2018-10-31T06:26:10,repellendus.mp4,Africa/Dar_es_Salaam
South Robertport,GB,2005-08-09T08:15:29,mollitia.mov,Asia/Aqtobe
Moorebury,GB,1976-06-03T04:57:42,ex.wav,America/Barbados
West Beverleyside,GB,1972-03-21T15:11:21,architecto.pdf,Asia/Oral
North Traceychester,GB,1997-01-04T18:48:26,dicta.json,Pacific/Chatham
Patelmouth,GB,1991-12-19T14:45:29,eius.ppt,Pacific/Tongatapu
Hallshire,GB,1976-12-12T19:15:23,animi.odt,Africa/Porto-Novo
West Anna,GB,1999-07-11T02:28:13,eius.txt,Africa/Algiers
Elliotmouth,GB,1998-06-07T13:56:20,debitis.mp4,Europe/Luxembourg
West Rogerborough,GB,2012-03-10T16:56:49,vitae.flac,Pacific/Palau
Cookshire,GB,2005-12-06T09:34:28,aperiam.png,Africa/Lome
East Katefort,GB,2020-12-25T12:02:04,esse.avi,America/Barbados
East Wendy,GB,1999-02-15T18:02:18,cum.mp3,Asia/Seoul
Hopefurt,GB,1981-01-06T05:09:08,qui.gif,America/Montevideo
Victorside,GB,1992-10-04T01:25:36,animi.tiff,Europe/Vilnius
East Jemma,GB,2020-04-04T20:41:06,aliquid.webm,Europe/Warsaw
Glennbury,GB,1993-11-11T11:42:19,quisquam.tiff,America/Belize
Port Kate,GB,1995-01-05T10:23:34,maiores.mp3,America/Antigua
Joshuaborough,GB,2020-10-09T13:47:28,totam.webm,Asia/Kuwait
South Jemma,GB,2003-06-05T22:19:51,dolore.doc,America/Lima
Shanefort,GB,1996-03-24T09:24:42,facere.pptx,Africa/Porto-Novo
Lake Leahfurt,GB,1988-05-19T04:42:12,temporibus.mp3,Europe/Minsk
Lake Elizabeth,GB,2007-09-04T21:42:17,soluta.mp3,Africa/Algiers
Francisville,GB,1982-12-14T22:46:29,fugiat.doc,Europe/Athens
North Marion,GB,2008-01-27T17:22:39,magnam.jpeg,Europe/Berlin
Careybury,GB,2013-07-27T00:13:07,odit.csv,Africa/Tripoli
Johnsonmouth,GB,1975-01-22T07:38:20,animi.mp3,Africa/Bamako
New Leigh,GB,2022-12-05T07:31:31,eaque.css,Europe/Riga
Davistown,GB,1981-10-11T08:21:55,ratione.csv,America/Antigua
Joneschester,GB,2004-05-26T00:46:59,accusantium.mov,Pacific/Funafuti
East Carlystad,GB,2021-10-26T13:46:00,odit.flac,Asia/Saigon
South Bradleyfort,GB,2019-07-27T19:06:01,laboriosam.wav,Pacific/Fiji
Huntberg,GB,2007-09-27T17:34:26,tenetur.css,America/Nassau
Janicetown,GB,1979-04-28T08:22:50,cumque.mp4,Indian/Mahe
Gerardport,GB,1988-10-02T12:59:26,vel.jpeg,Europe/Tirane
North Sharon,GB,1992-05-05T17:05:41,repellendus.tiff,Europe/Oslo
South Colin,GB,2002-02-14T22:35:06,aspernatur.webm,Africa/Douala
Harrietton,GB,2005-01-09T17:48:25,voluptatem.webm,America/St_Kitts
Port Williammouth,GB,1977-07-12T17:01:02,quo.csv,Pacific/Guadalcanal
Dylanview,GB,2000-06-29T04:29:32,at.js,Asia/Riyadh
Chamberlainborough,GB,2003-11-13T18:33:13,corrupti.tiff,Asia/Thimphu
Lake Sallyview,GB,2018-10-17T07:51:45,vitae.csv,Europe/Minsk
West Clive,GB,1986-04-01T10:50:56,voluptates.mp3,Europe/Riga
East Gailborough,GB,1992-09-02T07:22:26,voluptatum.webm,Europe/Prague
Kingtown,GB,2001-05-03T19:46:48,illum.mov,Asia/Ashgabat
West Jemmaton,GB,1986-12-16T23:24:21,vitae.tiff,Asia/Bangkok
Geraldineton,GB,2001-06-18T17:59:49,ratione.js,Africa/Luanda
New Maureen,GB,1993-06-19T07:04:12,provident.js,Asia/Dhaka
West Carlyview,GB,1977-04-12T14:09:00,velit.pptx,Europe/Tallinn
Lake Diane,GB,2015-08-16T06:18:43,nisi.webm,Europe/Vatican
Woodstad,GB,2002-06-04T16:51:53,possimus.flac,America/Pangnirtung
Port Lyndaberg,GB,1973-05-10T09:06:52,placeat.wav,Pacific/Nauru
Hannahchester,GB,2009-08-05T16:25:16,dolore.mp3,Pacific/Kwajalein
Smithshire,GB,1974-04-09T02:19:00,nobis.pages,Pacific/Tongatapu
South Robinland,GB,1970-11-13T13:27:26,eligendi.avi,Asia/Kabul
Lake Gerald,GB,2005-08-27T15:17:25,sit.png,Africa/Tripoli
Stephensonville,GB,2018-10-23T04:37:07,illo.json,Africa/Niamey
Chadwickbury,GB,1971-09-29T19:31:00,ad.bmp,America/Hermosillo
Port Janice,GB,2000-07-21T20:46:17,a.mov,Pacific/Port_Moresby
Port Ritaland,GB,1974-02-23T05:56:01,ad.json,Asia/Damascus
Jonesville,GB,1975-03-10T12:55:29,temporibus.xlsx,Europe/Riga
West Derekmouth,GB,1994-03-10T17:08:45,fuga.jpeg,America/Dominica
North Wayneshire,GB,1991-03-12T20:02:02,animi.mp3,Asia/Damascus
Rhysborough,GB,1976-05-08T18:20:47,necessitatibus.html,Europe/Prague
Deanton,GB,1978-08-24T20:43:36,ea.pdf,Africa/Sao_Tome
North Victoriaside,GB,2015-11-27T03:11:32,dolore.csv,Africa/Bissau
Lake Terence,GB,1974-08-04T00:42:49,modi.avi,Africa/Ndjamena
West Mark,GB,2007-04-26T07:40:41,quam.xls,America/Belize
Karenbury,GB,2008-04-20T01:13:17,asperiores.key,Europe/Dublin
Port Georgialand,GB,1987-08-07T21:58:46,quod.flac,Asia/Shanghai
Kathrynton,GB,2015-11-21T13:08:30,aut.xlsx,Asia/Novosibirsk
East Gregory,GB,2009-09-08T15:29:19,nam.docx,Asia/Pyongyang
Colinland,GB,1982-12-23T17:33:28,quasi.wav,Africa/Bangui
Mauriceport,GB,1975-09-01T17:37:58,explicabo.doc,Africa/Maputo
Goddardberg,GB,1998-02-15T08:28:49,aperiam.key,Africa/Gaborone
East Christian,GB,1982-02-13T03:53:51,fugit.png,Asia/Baku
Evansside,GB,1977-08-27T12:13:12,magni.gif,Africa/Khartoum
Thomasside,GB,1995-02-21T21:05:07,nostrum.flac,Africa/Ouagadougou
Geoffreyport,GB,1976-02-11T02:37:00,libero.csv,America/Caracas
Taylorside,GB,1994-06-04T13:55:16,reiciendis.wav,Europe/Rome
Murrayview,GB,1988-04-01T11:41:34,ipsam.jpeg,Africa/Bujumbura
Murphyhaven,GB,2012-12-02T20:55:59,commodi.mov,Europe/Athens
Carlland,GB,1991-03-29T07:29:19,dolores.xls,America/Guayaquil
West Robin,GB,2021-01-19T16:27:11,a.css,Atlantic/Cape_Verde
Rogermouth,GB,2020-10-19T21:07:34,laboriosam.mp4,Africa/Sao_Tome
New Amy,GB,1971-07-27T07:43:41,alias.js,Asia/Dili
Port Gregoryhaven,GB,1995-05-25T10:23:57,sapiente.ppt,Asia/Riyadh
Abbieburgh,GB,2007-01-01T03:27:02,deleniti.mp3,Africa/Blantyre
Palmershire,GB,1996-07-15T18:46:54,deleniti.mp3,Pacific/Guadalcanal
Jonesberg,GB,1970-03-02T06:52:21,quam.pdf,Europe/Ljubljana
West Aimeehaven,GB,1971-12-10T18:26:14,quibusdam.jpg,Africa/Brazzaville
West Zoe,GB,1979-07-08T06:08:03,praesentium.odp,America/Asuncion
Graystad,GB,2000-01-18T19:04:27,illo.odp,Africa/Ouagadougou
Fletcherberg,GB,1998-12-29T17:47:16,totam.odt,Asia/Amman
Darrenberg,GB,2015-11-03T09:48:48,quae.wav,America/Managua
South Andrewland,GB,1971-11-09T22:40:45,suscipit.mp4,America/St_Lucia
Hilaryton,GB,1971-02-24T18:41:06,dolorum.jpeg,Atlantic/Reykjavik
East Margaret,GB,2010-04-30T08:50:54,optio.txt,Pacific/Palau
Longtown,GB,1970-09-15T08:04:34,occaecati.pages,Africa/Kampala
New Mohammad,GB,1981-11-17T00:58:27,officia.tiff,Africa/Luanda
Wrighthaven,GB,1973-06-07T22:15:01,deserunt.wav,America/Rainy_River
Port Robin,GB,1998-10-20T06:13:31,perferendis.docx,Europe/San_Marino
New Cheryl,GB,1978-05-17T06:01:25,id.flac,Africa/Algiers
Lake Damian,GB,2005-09-10T01:48:30,natus.flac,Africa/Nairobi
Francistown,GB,1999-10-17T02:56:36,similique.bmp,America/Lima
Jonesmouth,GB,2017-06-13T06:41:11,numquam.webm,Indian/Maldives
North Nigel,GB,2014-07-13T18:34:19,nihil.wav,America/Asuncion
Port Francescaport,GB,1973-11-06T09:35:58,quia.html,Asia/Saigon
Phillipton,GB,1980-08-26T15:23:59,magni.js,Asia/Dubai
Lake Victormouth,GB,1980-12-17T08:02:09,hic.json,Asia/Manila
North Kelly,GB,1977-05-05T01:55:27,cum.mp4,Pacific/Nauru
New Lisa,GB,1998-04-25T16:54:13,eveniet.wav,Asia/Dili
East Ritaberg,GB,2013-08-01T13:45:31,doloremque.mp3,Asia/Choibalsan
East Margaret,GB,1980-07-18T00:30:05,asperiores.png,Africa/Addis_Ababa
Brownmouth,GB,2007-08-11T05:02:07,nihil.mp4,Asia/Almaty
West Derek,GB,1973-03-30T03:26:59,tempora.csv,Pacific/Kosrae
South Neilberg,GB,1996-01-23T15:08:49,ea.gif,Atlantic/Cape_Verde
Wilsontown,GB,1996-05-05T02:23:58,veniam.bmp,Pacific/Fiji
Connorview,GB,2015-12-09T03:45:40,recusandae.avi,Pacific/Palau
West Tracy,GB,1995-04-16T07:53:58,quia.png,America/Port_of_Spain
Jonesview,GB,1980-01-14T00:01:14,commodi.wav,Asia/Jakarta
Jayside,GB,1995-04-17T06:46:54,nihil.css,Africa/Abidjan
Christineborough,GB,1997-12-07T01:39:13,alias.mp4,Europe/Prague
South Phillip,GB,2012-07-02T17:19:58,modi.wav,Europe/Vienna
Dawnmouth,GB,1982-11-18T21:16:58,temporibus.txt,America/Managua
Suzanneberg,GB,2003-10-05T22:02:48,exercitationem.jpg,Europe/Zurich
Millshaven,GB,1972-11-25T09:10:42,pariatur.numbers,Asia/Damascus
Anthonyberg,GB,1986-09-04T03:55:34,quos.pdf,Europe/Belgrade
Rosiestad,GB,1988-10-02T22:47:29,error.mp4,Asia/Choibalsan
Masonhaven,GB,2003-06-12T15:39:58,recusandae.webm,Asia/Choibalsan
North Kayleighfurt,GB,2001-02-28T12:59:15,temporibus.jpg,America/Costa_Rica
Port Ross,GB,1972-10-18T19:20:40,dignissimos.mp3,Africa/Lagos
Kerryton,GB,2006-05-13T09:23:43,ullam.jpg,Africa/Windhoek
Dorothymouth,GB,2007-07-01T21:37:18,exercitationem.wav,Pacific/Nauru
North Stuartville,GB,1978-01-24T16:16:06,iste.webm,America/Guayaquil
North Allan,GB,2014-09-09T14:04:40,a.mp3,Europe/Amsterdam
Lake Billyland,GB,2014-10-19T05:00:02,repudiandae.html,America/Dominica
Batesside,GB,2011-02-21T12:12:01,aspernatur.html,Pacific/Palau
New Arthur,GB,1990-07-22T15:00:05,quidem.pages,Indian/Antananarivo
Armstrongshire,GB,1970-04-15T20:26:51,architecto.png,Asia/Tehran
South Lauraton,GB,2001-01-03T02:28:44,adipisci.js,Europe/Malta
Smithton,GB,1996-11-02T23:12:56,recusandae.xls,America/La_Paz
New Annberg,GB,2019-01-17T03:26:22,perspiciatis.odt,Europe/Vaduz
Normanchester,GB,2010-05-23T10:12:56,voluptas.flac,Africa/Kigali
Pattersonland,GB,2013-10-27T07:43:16,dignissimos.json,Europe/Zagreb
North Mandyfurt,GB,2018-05-17T14:09:14,atque.csv,America/Jamaica
Richardsonton,GB,1992-07-08T10:50:01,dolorum.txt,Asia/Gaza
North Glen,GB,1999-06-28T11:49:00,consectetur.webm,Europe/Istanbul
Port Lindsey,GB,1996-08-28T11:32:53,distinctio.mp4,Asia/Tbilisi
Mandyside,GB,2005-07-09T21:26:21,eveniet.avi,America/Argentina/Mendoza
South Andreahaven,GB,1998-05-02T12:39:04,in.odp,Europe/Riga
West Emma,GB,2017-07-10T12:32:23,delectus.wav,Asia/Vientiane
New Julianbury,GB,1982-08-07T15:30:43,rerum.mp3,Africa/Luanda
New Bradley,GB,1984-06-23T10:53:39,distinctio.json,America/Lima
Swiftville,GB,2020-04-22T06:48:07,reprehenderit.wav,America/Costa_Rica
Smithbury,GB,1992-01-08T15:59:56,impedit.tiff,Europe/Andorra
Murphyville,GB,1995-09-04T01:21:53,dolorem.csv,America/Panama
Elainetown,GB,1987-01-01T03:55:06,qui.jpg,America/Santiago
Lake Keith,GB,2010-02-21T05:28:16,sint.mp4,Atlantic/Cape_Verde
Powellmouth,GB,2017-05-25T21:56:13,dignissimos.ppt,Asia/Aden
Port June,GB,2012-09-03T02:06:08,assumenda.wav,Africa/Niamey
Millstown,GB,2004-08-23T21:58:07,doloremque.mp3,Asia/Bishkek
Lake Gerardland,GB,1997-04-09T15:06:51,culpa.avi,Europe/Athens
Coleport,GB,1979-10-09T14:14:16,unde.png,Africa/Lubumbashi
Port Stephenville,GB,1977-10-28T20:51:44,modi.jpeg,Europe/Malta
Lake Kevin,GB,2009-11-26T23:11:21,numquam.jpg,America/Adak
West Gailside,GB,1972-01-18T17:14:11,consectetur.wav,America/Port_of_Spain
Danielleton,GB,1980-03-05T10:10:14,consequatur.jpg,Africa/Algiers
Harrietburgh,GB,2014-02-08T01:43:06,eos.mp4,Asia/Yekaterinburg
Chloestad,GB,1994-08-01T15:41:33,similique.mp3,Africa/Conakry
Port Mark,GB,2000-04-15T10:49:20,aspernatur.odp,Asia/Damascus
West Hilarymouth,GB,2009-08-22T10:22:20,animi.avi,Asia/Vientiane
Brettbury,GB,1972-09-20T18:46:43,aliquid.mov,Asia/Vientiane
Chanberg,GB,2017-06-12T06:08:07,maxime.odp,Europe/Rome
North Sharonshire,GB,1974-10-28T13:18:34,tenetur.gif,Asia/Tehran
New Mathew,GB,2000-09-27T08:28:54,accusamus.wav,Asia/Damascus
Leslietown,GB,1985-03-12T00:37:03,nemo.gif,Africa/Blantyre
South Graham,GB,1985-04-21T07:15:45,inventore.wav,Africa/Conakry
Blackfurt,GB,2018-05-10T01:43:45,occaecati.html,Atlantic/Reykjavik
Barnesville,GB,2019-02-23T09:45:53,occaecati.webm,Europe/Tirane
Taylorview,GB,1982-12-07T19:06:34,aspernatur.csv,America/Argentina/San_Juan
South Barry,GB,1973-11-18T11:25:34,iste.html,Asia/Bahrain
North Emily,GB,1997-03-18T12:27:59,ad.json,Europe/Dublin
Gerardbury,GB,1972-11-27T14:09:12,molestiae.html,America/Guatemala
Wilkinsonfurt,GB,1974-09-17T11:39:46,provident.flac,Africa/Douala
East Suzanneshire,GB,2012-08-25T23:31:39,eos.css,Africa/Blantyre
Lake Darren,GB,2008-01-26T06:37:01,rem.json,Pacific/Galapagos
Jamesmouth,GB,1987-04-13T12:36:39,nisi.png,Europe/San_Marino
Savagefort,GB,1979-05-24T08:50:45,reiciendis.tiff,America/St_Vincent
McCarthytown,GB,2011-04-21T18:24:57,et.flac,America/Barbados
Lake Georginachester,GB,2008-09-21T08:04:09,aspernatur.webm,Africa/Cairo
Jonathanton,GB,1977-04-16T08:08:44,quas.jpg,Europe/Vaduz
Port Janeburgh,GB,2020-05-15T07:51:59,aut.css,Africa/Freetown
Kimfort,GB,2012-12-02T22:45:28,cumque.webm,Africa/Freetown
East Jasonfurt,GB,2002-07-10T18:14:51,veritatis.webm,America/Asuncion
Bretthaven,GB,1986-09-19T21:51:49,inventore.html,Pacific/Nauru
Robertsmouth,GB,1976-06-19T09:27:24,sit.pdf,Asia/Jerusalem
Youngside,GB,1974-09-15T23:49:29,doloremque.avi,Europe/Vatican
Rickyshire,GB,1986-11-15T18:34:17,facere.csv,Asia/Taipei
New Shanemouth,GB,1976-06-19T00:29:01,laboriosam.css,Asia/Ulaanbaatar
Brownland,GB,2001-12-29T12:49:45,quos.webm,Asia/Dubai
North Jemmaville,GB,1979-05-23T08:26:14,libero.mp3,Asia/Makassar
Patriciatown,GB,1982-11-15T11:04:47,ipsum.odt,Europe/Malta
North Martinchester,GB,1985-05-11T10:11:36,officia.csv,America/Lima
West Philip,GB,2020-05-18T06:09:18,recusandae.webm,Asia/Amman
Cooperville,GB,1994-10-16T17:52:36,praesentium.wav,Asia/Beirut
West Barbara,GB,1990-06-24T18:55:28,laborum.webm,Africa/Bissau
Port Graham,GB,1984-11-11T03:19:41,temporibus.bmp,Africa/Blantyre
South Helenville,GB,1994-05-24T15:32:50,mollitia.png,Africa/Mogadishu
Lake Leonardstad,GB,1971-12-27T21:36:26,vitae.flac,Asia/Bahrain
North Rita,GB,2022-06-06T11:08:11,blanditiis.mp3,Asia/Jerusalem
Richardsonfurt,GB,1996-07-18T02:07:42,iusto.gif,Asia/Kabul
Port Garrymouth,GB,1985-10-29T20:37:50,officia.flac,Europe/Berlin
South Iain,GB,2017-02-02T20:40:49,perspiciatis.avi,Australia/Lindeman
Phillipsmouth,GB,2004-04-09T16:54:08,voluptatem.mp3,America/Panama
Skinnermouth,GB,2009-03-09T19:26:21,occaecati.mp4,Africa/Nouakchott
Wayneland,GB,1997-10-09T00:42:22,quidem.json,Europe/Copenhagen
Rossview,GB,2017-03-21T13:07:47,ipsa.json,America/Paramaribo
Lake Jemmaview,GB,2022-02-21T00:53:10,error.pages,Asia/Baku
South Emilyside,GB,1970-09-19T00:19:07,reprehenderit.flac,America/Grenada
Sinclairmouth,GB,1993-05-03T17:32:39,odit.html,Europe/Bratislava
Bishopview,GB,2017-11-30T23:01:05,ad.mov,Africa/Ouagadougou
North Jamie,GB,1976-05-17T18:12:38,quod.html,Pacific/Nauru
Abbietown,GB,1970-04-06T22:42:16,est.mov,Asia/Oral
New Jordantown,GB,1992-07-04T15:48:31,libero.txt,Asia/Kuching
North Natalie,GB,2007-08-12T10:19:05,tempore.flac,Asia/Dubai
East Elaine,GB,1997-06-29T12:40:50,voluptatem.pdf,America/Antigua
Davisstad,GB,1987-11-24T00:42:30,dolorum.gif,America/Merida
East James,GB,2008-10-11T23:50:47,accusantium.html,Africa/Khartoum
Morrisonland,GB,1988-06-26T20:49:02,blanditiis.html,Asia/Jerusalem
Lawsonmouth,GB,2001-07-22T17:05:50,nam.mov,America/Caracas
New Janetville,GB,1989-08-27T04:12:43,eligendi.js,America/Managua
Kimside,GB,1985-05-15T07:17:04,molestiae.avi,Asia/Ashgabat
New Abigail,GB,1970-02-19T04:30:41,sapiente.html,America/Barbados
Fletcherchester,GB,2012-12-28T22:35:21,corrupti.flac,America/St_Vincent
Shahborough,GB,1985-03-11T20:41:29,nemo.avi,Asia/Bishkek
West Mariafurt,GB,2021-03-23T12:05:22,voluptatum.mp3,Africa/Ouagadougou
Jaynechester,GB,2002-12-04T11:51:36,nostrum.wav,Africa/Accra
Sandersonton,GB,2011-08-01T02:51:48,repellat.pdf,Asia/Dhaka
West Frederickport,GB,2005-12-10T23:44:11,blanditiis.tiff,Africa/Gaborone
South Maureenshire,GB,1971-05-19T11:03:08,quae.xlsx,Asia/Bishkek
South Gary,GB,2016-12-02T01:47:18,voluptates.pdf,Europe/Simferopol
North Samantha,GB,2006-12-05T17:15:50,sint.flac,America/Rio_Branco
Thompsonhaven,GB,1973-06-12T23:28:55,aperiam.tiff,Atlantic/Reykjavik
Sharonview,GB,2022-05-10T09:53:56,blanditiis.webm,Africa/Nairobi
Cameronmouth,GB,1971-11-20T12:15:48,nesciunt.mp4,Asia/Manila
North Jordan,GB,2022-12-15T07:02:03,nam.json,Pacific/Apia
Carolport,GB,2018-10-01T09:38:15,impedit.mov,Europe/Kiev
East Mariemouth,GB,2006-04-11T10:17:45,nesciunt.jpeg,Africa/Bujumbura
West Leanne,GB,2003-10-26T13:48:11,at.gif,Europe/Malta
South Conor,GB,2003-04-14T09:27:44,quia.jpg,Africa/Harare
North Jean,GB,1999-11-30T11:25:44,explicabo.txt,Europe/Dublin
East Angela,GB,1976-05-18T02:38:02,distinctio.gif,Africa/Luanda
West Francis,GB,1994-10-13T11:59:47,iusto.mp4,America/Guatemala
East Roger,GB,1981-01-09T12:36:59,ab.flac,Africa/Casablanca
Holthaven,GB,2011-07-12T18:40:57,excepturi.css,America/Panama
Port Geraldinehaven,GB,1994-06-11T07:09:24,et.png,America/El_Salvador
South Damien,GB,1984-10-17T14:33:52,illum.wav,America/Guatemala
Moranchester,GB,2017-01-09T10:53:11,maxime.png,Europe/Tallinn
Conorfort,GB,1996-12-20T09:56:37,minima.css,Europe/Warsaw
New Richardstad,GB,1984-04-13T21:43:19,corrupti.flac,Europe/Istanbul
New Jeffreystad,GB,1980-12-21T20:53:54,quisquam.numbers,Asia/Aden
Jessicaburgh,GB,1985-06-27T19:16:00,cum.xlsx,Asia/Thimphu
South Bradley,GB,1994-10-08T16:06:11,alias.webm,America/Caracas
South Julianfort,GB,1978-05-05T16:48:50,cumque.bmp,Asia/Baghdad
New Francescatown,GB,2023-06-22T22:48:18,iure.mov,Indian/Antananarivo
Rogertown,GB,2004-12-21T03:43:20,voluptates.webm,America/St_Lucia
Webbstad,GB,1999-02-13T17:41:04,quod.xls,America/Jamaica
Richardsburgh,GB,1984-01-05T07:59:11,ullam.avi,Europe/Luxembourg
Abigailshire,GB,2014-11-25T23:48:22,doloribus.jpg,America/Guatemala
Wallborough,GB,2017-06-07T08:34:40,perferendis.mp4,Pacific/Nauru
East Lynn,GB,2013-06-11T19:16:49,suscipit.flac,Asia/Gaza
Dominicland,GB,1981-08-13T06:05:31,minus.odt,Asia/Damascus
Roymouth,GB,1986-04-19T23:58:22,molestias.avi,Asia/Tehran
North Ruth,GB,1992-07-01T06:50:20,inventore.css,Asia/Dubai
New Robert,GB,2015-10-16T19:14:36,consequatur.mov,Asia/Pyongyang
Gillland,GB,1979-09-26T07:10:30,cupiditate.txt,Europe/Tallinn
West Clive,GB,1978-03-30T17:40:15,culpa.png,Africa/Lubumbashi
East Terrymouth,GB,2008-07-09T13:17:44,explicabo.jpeg,Asia/Riyadh
Valeriemouth,GB,2009-04-14T18:05:18,porro.mov,Australia/Lord_Howe
Daleland,GB,2013-12-17T19:02:33,dolores.css,Africa/Harare
Williamshaven,GB,1978-04-08T09:57:21,cum.webm,Asia/Harbin
Kirstyport,GB,2006-05-15T21:40:41,repellendus.ods,Africa/Tripoli
West Iainmouth,GB,1984-01-12T18:41:21,aspernatur.jpg,Europe/Budapest
South Hannahside,GB,1998-03-16T08:24:34,ratione.flac,Asia/Bahrain
Charlieberg,GB,2000-11-15T13:49:45,porro.wav,Asia/Muscat
New Rebeccaview,GB,1976-04-13T13:35:06,maiores.avi,Africa/Accra
Thomasmouth,GB,1992-07-06T03:33:28,quidem.flac,Asia/Baghdad
Porterfort,GB,2002-03-01T01:16:59,commodi.avi,Europe/Vienna
West Leahshire,GB,2009-01-02T12:15:03,dolor.js,Africa/Lusaka
West Antonyland,GB,1993-06-05T20:57:48,delectus.key,Europe/Zurich
Lake Shannon,GB,2006-12-23T15:38:44,debitis.txt,Asia/Kuching
Davisfurt,GB,2000-11-15T22:41:30,optio.flac,Europe/Samara
New Joannehaven,GB,2005-02-16T02:16:42,nisi.flac,Asia/Phnom_Penh
Port Callumberg,GB,1972-05-15T07:32:44,aperiam.numbers,Asia/Qyzylorda
Archerview,GB,1972-09-24T03:46:35,ut.png,Europe/Bratislava
West Darren,GB,2005-04-22T20:07:36,eveniet.flac,Asia/Qatar
South Reece,GB,1980-05-06T09:54:22,tempore.json,America/Sao_Paulo
Lake Thomas,GB,1988-09-19T05:16:33,culpa.odt,Asia/Oral
West Bernardport,GB,2022-08-02T00:49:02,nihil.html,Asia/Tbilisi
New Mauriceland,GB,1989-10-25T15:43:01,sunt.mp3,Pacific/Apia
Lake Anthonybury,GB,1998-09-03T17:38:11,occaecati.docx,Asia/Tbilisi
Katherineland,GB,1983-11-14T18:15:15,autem.gif,Africa/Tunis
Teresamouth,GB,1993-12-21T05:10:52,hic.wav,Asia/Pyongyang
Thompsonmouth,GB,1980-08-08T07:56:06,aspernatur.webm,America/Caracas
Lake Owenmouth,GB,1998-09-01T03:04:04,ipsa.mp3,America/Panama
New Joyce,GB,1974-12-07T18:47:57,doloremque.pdf,Europe/Zurich
Stevenside,GB,2010-02-20T09:56:02,nam.numbers,America/Costa_Rica
Rogersborough,GB,2003-04-03T21:31:58,perspiciatis.csv,Asia/Dubai
Port Joeburgh,GB,2012-10-21T23:08:21,quod.jpg,Asia/Aden
Harrisstad,GB,2004-01-16T16:09:46,magnam.flac,Europe/Chisinau
Kellyburgh,GB,1987-02-27T00:27:36,doloremque.css,Pacific/Funafuti
South Lucy,GB,2020-02-10T13:24:00,dolor.mp4,Africa/Tripoli
North Charlene,GB,1997-03-22T18:20:00,fuga.avi,Asia/Manila
Port Reece,GB,2004-11-26T02:19:36,reiciendis.mp3,Europe/Vaduz
Colinfort,GB,2018-03-23T04:51:04,odit.mp3,Africa/Bangui
Guyview,GB,2005-08-31T15:12:59,deserunt.webm,Africa/Ndjamena
Johnsonville,GB,2017-12-14T15:37:55,iste.jpeg,Asia/Riyadh
Harrisonview,GB,2003-06-07T07:50:22,modi.doc,Africa/Ndjamena
Katieshire,GB,2008-06-20T22:35:21,doloribus.jpg,Pacific/Palau
Tinafort,GB,2006-05-03T12:11:02,laborum.tiff,America/St_Lucia
North Hugh,GB,1973-06-07T08:30:53,doloremque.txt,America/Port_of_Spain
Tinaport,GB,2022-02-26T16:05:29,id.mp3,Africa/Porto-Novo
Lake Lindamouth,GB,2014-06-16T06:21:17,suscipit.gif,America/Bogota
Francisfort,GB,2020-11-27T20:47:43,assumenda.json,Africa/Windhoek
New Deniston,GB,2004-10-30T22:59:58,blanditiis.xlsx,America/Guatemala
Williamsmouth,GB,1973-09-25T19:04:14,alias.mov,Africa/Cairo
New Lucy,GB,1999-05-12T23:34:11,necessitatibus.avi,America/Asuncion
Carpenterview,GB,2000-07-20T15:15:44,molestiae.bmp,Africa/Sao_Tome
Coleton,GB,2021-07-18T07:04:34,cum.odt,Europe/San_Marino
Jakeville,GB,2005-01-13T15:05:32,perferendis.key,Africa/Bissau
Laurafurt,GB,1987-09-18T09:26:05,unde.wav,Africa/Casablanca
South Kathrynburgh,GB,2017-11-22T02:42:03,dolorem.avi,Africa/Windhoek
West Anthonychester,GB,1992-08-07T13:45:41,incidunt.mp3,Africa/Brazzaville
New Ashleyborough,GB,2014-08-24T23:00:02,repudiandae.mp4,Africa/Addis_Ababa
Priceland,GB,1998-01-16T07:58:11,minima.mp4,Africa/Algiers
South Ronaldside,GB,2011-10-17T19:17:48,expedita.bmp,Europe/Athens
South David,GB,2020-02-01T14:05:43,labore.mp4,Pacific/Tarawa
Powellmouth,GB,2011-06-04T07:23:50,minus.js,Indian/Antananarivo
East Ben,GB,1983-06-06T05:04:02,maxime.odp,Asia/Kuwait
Damianfurt,GB,1977-11-09T09:57:58,ipsam.flac,Europe/Warsaw
South Cheryl,GB,1972-10-11T19:03:52,nobis.js,Asia/Anadyr
Robinsonhaven,GB,1978-06-27T17:54:56,ea.pages,Asia/Katmandu
Ahmedmouth,GB,1985-08-18T12:51:51,velit.xlsx,Europe/Bratislava
West Mohammed,GB,2011-07-21T03:37:02,temporibus.avi,Europe/Budapest
South Maryburgh,GB,2016-10-19T01:31:51,atque.mov,Pacific/Palau
Deborahtown,GB,2023-08-05T13:43:44,quo.webm,Europe/Kaliningrad
Bellfort,GB,2019-05-17T10:30:54,sed.mp4,Asia/Thimphu
West Normanhaven,GB,1984-03-31T01:26:08,alias.txt,Africa/Sao_Tome
Port Neil,GB,2011-07-25T10:08:31,deleniti.mp4,Asia/Manila
Lake Ross,GB,1982-06-08T00:56:01,ea.flac,Africa/Blantyre
Keithfurt,GB,1972-11-28T03:53:21,asperiores.mov,Africa/Lome
Phillipsview,GB,2015-03-30T10:23:01,eos.flac,Africa/Lubumbashi
Whiteville,GB,1975-08-03T13:33:58,autem.numbers,Asia/Bahrain
Georgeport,GB,1988-10-12T05:30:23,eum.avi,Atlantic/Reykjavik
New Maureen,GB,2010-03-10T19:18:38,magnam.ods,Africa/Accra
Pattersonview,GB,2010-07-08T16:46:30,inventore.docx,Asia/Muscat
Lindseyport,GB,1982-11-08T13:19:48,eligendi.pages,Africa/Bamako
Kevinport,GB,1983-11-28T15:29:20,nam.avi,America/Jamaica
Geraldberg,GB,1974-06-17T18:57:52,perferendis.xlsx,Pacific/Port_Moresby
New Diana,GB,1990-08-23T05:25:23,maiores.xlsx,Africa/Ouagadougou
South Samantha,GB,2000-09-06T07:09:24,magni.gif,Europe/Bratislava
Angelahaven,GB,1974-04-19T12:23:37,repellendus.avi,Pacific/Chatham
Joyceport,GB,2022-03-08T07:31:24,illum.numbers,Africa/Porto-Novo
Rogerton,GB,2023-01-29T13:57:14,minima.jpg,Asia/Manila
Marianview,GB,1979-07-25T02:38:48,inventore.odt,Europe/Skopje
Port Timothy,GB,1998-08-20T02:47:34,quod.wav,Indian/Comoro
Cliffordburgh,GB,1980-06-15T23:24:53,aliquam.wav,Europe/Sarajevo
Georgestad,GB,2021-10-27T20:04:36,nulla.mov,Europe/Vaduz
West Arthurfort,GB,2005-11-04T17:19:10,ut.mp3,Europe/Vaduz
Ianberg,GB,2013-03-01T00:39:04,facilis.mov,Indian/Mauritius
Port Benmouth,GB,1975-02-07T05:35:49,officiis.js,Europe/Vilnius
Parkerburgh,GB,2017-05-24T23:26:17,nemo.mp4,Asia/Nicosia
Walkerburgh,GB,1980-01-01T14:51:58,unde.avi,America/Managua
Bradleyfort,GB,1977-07-22T02:07:52,sed.css,Asia/Yerevan
East Dawn,GB,1974-01-04T20:21:31,iure.csv,Africa/Abidjan
Jacksonfurt,GB,1977-11-26T10:43:08,architecto.bmp,Africa/Cairo
New Garryberg,GB,2015-08-30T19:57:14,dolorem.jpg,Europe/Monaco
Knightport,GB,1983-06-09T22:12:15,porro.odt,Europe/Riga
Bethland,GB,2011-06-24T16:03:17,pariatur.csv,America/Tegucigalpa
Fostershire,GB,2006-10-24T23:40:57,facilis.webm,America/Yellowknife
North Dalefurt,GB,2007-09-20T06:49:34,consequuntur.jpeg,America/Paramaribo
Lake Sharon,GB,2013-06-09T21:32:54,labore.ods,Africa/Gaborone
West Thomas,GB,2002-01-08T15:48:47,reiciendis.pptx,Pacific/Efate
South Thomasmouth,GB,1998-12-02T18:33:43,debitis.flac,Asia/Magadan
Bernardport,GB,2021-08-14T16:11:12,officiis.js,America/Merida
New Emilyport,GB,2023-08-02T03:18:06,ullam.pdf,Asia/Manila
Maureenburgh,GB,1972-04-16T02:56:46,officiis.json,Asia/Kuwait
Waynebury,GB,1997-10-13T13:39:43,officiis.txt,America/Lima
Dawsonmouth,GB,1987-03-03T06:39:29,voluptatem.css,America/Grenada
New Lyndaborough,GB,1980-01-07T22:06:57,expedita.css,Europe/Athens
New Mauricemouth,GB,2022-07-15T12:42:53,illum.wav,Africa/Niamey
Lake Pauline,GB,2013-07-12T15:59:48,error.webm,Europe/Zurich
Ashleighland,GB,1994-06-26T17:33:48,mollitia.css,Africa/Casablanca
Randallmouth,GB,1998-04-12T13:35:28,libero.webm,Africa/Casablanca
Port Normanville,GB,2009-10-26T01:59:07,esse.txt,America/Antigua
West Paulfort,GB,1999-11-25T08:58:25,eligendi.png,Europe/Bucharest
Port Brian,GB,2016-12-10T01:13:03,adipisci.key,Europe/Rome
Lauraton,GB,1975-07-09T01:24:43,molestiae.gif,America/El_Salvador
North Chelseabury,GB,2015-09-28T18:31:39,fugiat.docx,Africa/Abidjan
Reecetown,GB,1970-04-08T17:49:13,eius.key,Europe/Vilnius
Malcolmhaven,GB,1999-12-06T13:36:49,expedita.avi,Africa/Tripoli
Lake Kathleenville,GB,2020-06-21T03:35:13,sapiente.xls,Africa/Conakry
Lake Ross,GB,2022-04-01T05:07:53,id.bmp,America/Tegucigalpa
East Naomi,GB,2002-10-12T18:33:27,perspiciatis.mov,Europe/Warsaw
Jenniferfurt,GB,2010-07-14T21:40:59,est.txt,America/Asuncion
Adrianberg,GB,2017-12-26T13:13:45,ipsum.tiff,Africa/Tunis
West Patricia,GB,1988-03-03T05:51:59,vitae.csv,America/Nassau
Josephineport,GB,1993-04-09T22:53:31,sit.wav,Europe/Paris
Wellsborough,GB,2022-02-20T20:00:11,quidem.mp3,Asia/Karachi
Lake Annburgh,GB,1985-05-17T08:48:13,deleniti.wav,Asia/Bahrain
Danielport,GB,1973-10-29T14:58:48,omnis.json,Africa/Ndjamena
Millerchester,GB,2022-12-17T16:47:40,consequatur.csv,Europe/Amsterdam
Hallberg,GB,1998-09-04T12:08:27,eligendi.doc,Europe/Sarajevo
Lake Gareth,GB,2021-09-04T12:47:00,illo.js,America/St_Kitts
New Glen,GB,2009-02-06T20:26:10,praesentium.csv,Africa/Blantyre
Port Guymouth,GB,2023-04-13T14:55:58,ab.pdf,America/Paramaribo
South Marionview,GB,2012-10-22T19:19:28,placeat.mov,Europe/San_Marino
North Rhys,GB,2018-12-02T22:35:57,error.xlsx,Europe/Istanbul
Smithfurt,GB,1980-02-01T20:52:50,omnis.mp3,Africa/Monrovia
South Julia,GB,1996-03-16T03:41:59,aut.flac,America/Argentina/Jujuy
West Carolville,GB,2013-06-16T08:24:39,cumque.ods,America/Asuncion
New Marc,GB,1976-09-24T19:24:02,similique.mov,Europe/Prague
South Angela,GB,2016-12-30T06:49:56,vel.mp3,Asia/Calcutta
North Sandrahaven,GB,2016-07-15T16:15:44,quo.webm,Africa/Algiers
Foxburgh,GB,1988-03-10T01:26:24,adipisci.mp4,Europe/Podgorica
Turnerfurt,GB,1982-04-12T20:42:40,magnam.webm,Asia/Brunei
New Matthew,GB,1992-10-26T00:12:39,quod.mov,America/Hermosillo
New Beverley,GB,2018-03-06T11:51:11,excepturi.mov,America/St_Vincent
West Justin,GB,2009-09-21T02:58:47,veniam.mp3,Europe/Brussels
West Ashleigh,GB,1982-10-26T11:16:05,aliquid.csv,Africa/Addis_Ababa
Helenhaven,GB,2019-04-06T07:11:09,a.flac,Pacific/Galapagos
Kathleenhaven,GB,2001-03-04T10:50:38,aut.webm,America/Argentina/Catamarca
North Lindsey,GB,2018-02-13T07:48:31,sint.gif,Pacific/Tongatapu
North Jennaville,GB,2016-11-19T22:40:53,dolore.csv,Africa/Luanda
Lewisview,GB,1978-05-19T14:58:02,tempora.tiff,Asia/Jerusalem
North Martyn,GB,1998-10-29T18:06:52,quo.jpg,Pacific/Efate
Lake Mohammedbury,GB,1989-02-08T22:34:15,corporis.flac,Africa/Accra
Port Bethanfurt,GB,1979-11-06T17:55:06,accusamus.docx,Asia/Qyzylorda
Lake Maxstad,GB,2018-11-16T15:12:47,delectus.wav,Europe/Ljubljana
Terenceburgh,GB,1994-12-16T23:26:52,sint.wav,Europe/Tallinn
Khanburgh,GB,2003-05-03T10:00:34,eligendi.webm,Africa/Maseru
New Michaeltown,GB,2006-01-21T09:29:36,fugit.gif,Africa/Algiers
Sharpbury,GB,1982-07-05T11:52:43,tenetur.css,Pacific/Tarawa
Port Billy,GB,2000-05-18T04:14:30,nam.xls,Africa/Bujumbura
North Lindseyshire,GB,1979-08-25T10:10:28,reiciendis.mov,Europe/Vatican
Port Shannonville,GB,2001-06-06T12:25:34,libero.png,Africa/Monrovia
Crossmouth,GB,1971-01-30T07:18:13,mollitia.flac,Asia/Dushanbe
North Gerard,GB,1991-07-19T15:57:41,possimus.mp3,Africa/Cairo
Nicolatown,GB,1985-05-02T17:47:59,odit.pptx,Europe/Tallinn
Lake Naomifurt,GB,2008-04-05T00:00:44,voluptate.mov,Africa/Addis_Ababa
East Simon,GB,1999-02-10T00:31:28,quibusdam.flac,Europe/Luxembourg
New Katy,GB,1977-01-14T23:30:27,quos.webm,Africa/Bangui
Fisherfort,GB,1985-04-15T12:58:03,nam.webm,Africa/Lome
Gardinerville,GB,2023-06-05T08:14:17,libero.flac,Africa/Porto-Novo
Bibifort,GB,1999-08-31T09:43:04,itaque.css,Asia/Kamchatka
Gilesside,GB,2014-10-04T02:04:45,velit.gif,Africa/Lagos
North Elliotfort,GB,2013-04-03T19:12:41,facere.mov,Pacific/Kosrae
East Damian,GB,1971-03-31T03:13:19,repellat.csv,Asia/Dubai
Lake Rita,GB,2008-07-08T19:46:12,odio.csv,America/Bogota
Christopherbury,GB,1972-12-24T12:55:06,eveniet.json,Asia/Yerevan
Barrettfurt,GB,1999-03-30T18:14:14,neque.flac,Africa/Niamey
Port William,GB,2020-06-27T23:45:22,mollitia.csv,Asia/Phnom_Penh
Kimton,GB,1996-11-01T19:35:47,tempora.js,Africa/Gaborone
South Duncanhaven,GB,2021-06-24T10:15:04,nam.js,Pacific/Tongatapu
Fullerburgh,GB,2000-01-20T08:08:48,ut.bmp,America/Lima
New Amanda,GB,1977-01-15T20:35:41,cupiditate.key,Asia/Hovd
New Alexanderburgh,GB,1986-10-16T13:09:00,eius.json,Africa/Maputo
Leighview,GB,1972-09-20T19:44:53,excepturi.tiff,Asia/Amman
Gregoryhaven,GB,1996-03-07T04:11:58,natus.wav,Atlantic/Cape_Verde
Smartside,GB,2006-11-30T01:50:34,molestias.js,Asia/Damascus
Connorfurt,GB,1995-02-25T17:57:43,ipsum.wav,America/Antigua
North Jamie,GB,1993-03-10T05:21:38,ad.js,Europe/Chisinau
Leahton,GB,1978-04-30T00:17:06,inventore.csv,Asia/Dhaka
North Rogerburgh,GB,1974-11-04T12:29:13,aliquid.css,Asia/Singapore
East Mary,GB,1993-08-25T11:53:23,delectus.odp,Pacific/Palau
Lewisburgh,GB,1994-07-08T20:13:41,rerum.odt,America/Santiago
Stevenstad,GB,2001-06-15T13:42:25,ea.txt,Pacific/Easter
Janetton,GB,1980-10-23T21:51:20,dolores.gif,Europe/Warsaw
East Rogerland,GB,1979-03-10T19:12:25,iure.xls,Europe/Tirane
Ashleyberg,GB,1970-07-20T17:55:12,doloremque.numbers,America/Guatemala
North Naomiland,GB,2005-11-21T20:13:25,ipsum.json,Africa/Bissau
East Ross,GB,1991-11-04T13:28:08,veritatis.flac,America/Jamaica
Joycemouth,GB,1983-09-30T06:37:30,animi.mp4,Asia/Dili
Brownborough,GB,2004-11-03T17:31:11,aliquam.wav,Africa/Kigali
West Lesley,GB,1994-06-21T11:56:42,corporis.flac,Pacific/Galapagos
New Amandabury,GB,2012-11-03T09:02:55,molestiae.gif,Asia/Rangoon
Seanside,GB,1988-02-08T10:03:21,quod.pdf,America/Guatemala
West Alisonland,GB,2005-04-29T14:09:06,sit.jpeg,Europe/Budapest
North Barry,GB,2010-11-05T13:14:56,repellendus.mov,Asia/Magadan
Traceyton,GB,2017-05-02T23:02:53,similique.mp4,Africa/Brazzaville
East Claireshire,GB,1987-06-27T07:43:06,dolores.key,Africa/Luanda
West Bruceberg,GB,2010-09-08T03:40:32,architecto.js,Africa/Windhoek
North Gavin,GB,2014-05-04T15:03:44,ullam.numbers,America/Mexico_City
Ericshire,GB,1996-12-13T10:30:03,ipsum.gif,Africa/Bamako
Brownburgh,GB,1990-04-10T13:12:10,iure.mp3,Asia/Seoul
East Harrietchester,GB,2012-08-31T22:52:12,ex.mp3,Europe/Zaporozhye
East Benstad,GB,1981-02-23T02:09:27,quod.txt,Europe/Stockholm
Williamsbury,GB,1985-05-01T16:28:28,a.pptx,America/Rankin_Inlet
New Wendyfort,GB,2020-01-23T21:23:08,fugit.txt,Asia/Jerusalem
Littlebury,GB,1986-09-09T09:03:11,nesciunt.flac,Europe/Zurich
Stuartton,GB,1977-07-24T13:34:18,enim.csv,Africa/Mogadishu
East Tonytown,GB,1987-08-13T21:10:14,laborum.gif,Asia/Kabul
New Robinside,GB,1973-01-22T21:16:27,dicta.webm,Europe/Ljubljana
Jonesside,GB,1988-02-19T09:51:21,nemo.gif,America/Argentina/Ushuaia
Hancockburgh,GB,1988-02-25T13:44:28,magni.numbers,Asia/Rangoon
Philiptown,GB,2006-10-24T01:58:45,ratione.flac,Asia/Saigon
East Jade,GB,1975-03-27T12:03:17,nisi.tiff,Africa/Monrovia
Sianburgh,GB,2006-02-16T04:50:36,ut.csv,Africa/Brazzaville
New Keithtown,GB,1974-09-01T04:53:57,tenetur.docx,Pacific/Tongatapu
Hallfort,GB,1984-05-03T04:24:52,molestias.js,Asia/Gaza
Marianfort,GB,2008-11-01T01:57:39,possimus.js,Asia/Riyadh
Port Gail,GB,1971-06-05T14:01:19,esse.html,America/Barbados
Brandonberg,GB,1989-02-26T23:52:43,tempore.ppt,Africa/Malabo
Seanmouth,GB,1987-01-09T23:47:26,enim.html,America/St_Kitts
East Christopher,GB,2010-01-20T00:00:26,ipsam.ppt,Africa/Freetown
Youngland,GB,1994-06-01T13:41:59,mollitia.mp3,Africa/Libreville
Mortonberg,GB,2006-11-12T11:36:11,possimus.pdf,America/Panama
Allenhaven,GB,2000-11-05T15:01:33,enim.flac,America/Santiago
Alanview,GB,2007-04-23T21:18:47,animi.js,Africa/Khartoum
Adamsborough,GB,1977-01-10T22:48:51,reiciendis.bmp,Europe/Monaco
Lake Kathleen,GB,2015-04-17T20:56:12,distinctio.xls,Africa/Harare
Paulinestad,GB,2022-04-18T04:29:39,deleniti.html,Africa/Nouakchott
Williamsstad,GB,1998-01-25T03:05:45,rem.webm,Africa/Casablanca
North Stewart,GB,1988-05-09T08:17:20,nesciunt.avi,Asia/Baku
Wellsborough,GB,1994-05-09T10:21:22,officiis.jpg,Asia/Baku
North Rickyport,GB,2012-03-11T15:36:18,ea.wav,Europe/Copenhagen
South Jodieland,GB,1997-08-28T07:59:07,culpa.avi,Africa/Conakry
Greenstad,GB,2009-07-15T03:59:02,nisi.xls,Africa/Asmera
Carrchester,GB,1992-07-16T05:29:41,reprehenderit.numbers,America/Tegucigalpa
Port Jack,GB,1999-09-01T03:05:20,ratione.png,Europe/Paris
Mohammadview,GB,1990-11-29T03:51:24,delectus.mp3,Asia/Gaza
Wongstad,GB,1990-04-15T09:32:44,et.wav,Africa/Malabo
Rickyburgh,GB,2008-04-19T23:31:25,impedit.mp4,Africa/Djibouti
Hillburgh,GB,1982-04-01T00:55:42,quod.gif,America/Barbados
Leonburgh,GB,1981-05-21T08:47:56,ratione.mp3,Europe/Oslo
West Rebecca,GB,2013-02-16T14:33:00,expedita.mp4,Pacific/Apia
Port Leighland,GB,1974-03-14T12:25:40,quisquam.mov,Europe/Vaduz
Lake Angelafurt,GB,2011-11-14T05:34:52,quibusdam.numbers,Europe/Dublin
Williamsstad,GB,2015-03-26T21:04:28,odit.png,Europe/Bratislava
Norrisburgh,GB,2022-01-13T08:13:29,culpa.wav,Europe/Minsk
Marcushaven,GB,2016-06-28T15:39:05,ullam.numbers,Africa/Johannesburg
Port Ellie,GB,1970-07-08T08:02:56,minima.mov,Europe/San_Marino
Rhysville,GB,1984-07-01T15:08:42,accusamus.json,Asia/Colombo
Lake Howard,GB,1980-11-06T23:40:31,eius.avi,Asia/Bishkek
Williamston,GB,2009-01-21T10:12:09,ab.bmp,Asia/Dhaka
Lake Harriet,GB,1972-04-26T20:37:36,eveniet.mp3,Asia/Jakarta
Williamsonborough,GB,1996-09-14T00:19:09,alias.wav,Africa/Tunis
Gregorybury,GB,1970-04-12T08:23:58,pariatur.numbers,Europe/Oslo
Khanland,GB,2012-05-05T09:07:12,quasi.webm,Africa/Lome
Fletcherhaven,GB,2020-07-23T01:14:28,quibusdam.doc,Asia/Jerusalem
Lake Lorrainemouth,GB,1993-06-09T14:08:35,nam.mp3,Europe/Paris
East Abbie,GB,1988-04-12T04:00:16,libero.json,Africa/Kigali
Joeburgh,GB,2010-06-16T06:04:39,corporis.png,Africa/Maputo
East Aimee,GB,2009-08-26T06:46:00,iste.avi,Asia/Kuching
New Cameron,GB,2021-03-31T00:54:47,minus.flac,Africa/Ouagadougou
Rowemouth,GB,1979-07-23T19:08:03,et.txt,Asia/Baku
Elliottmouth,GB,1980-03-05T15:51:08,sit.json,Asia/Ashgabat
East Stewart,GB,1984-06-04T10:52:24,facilis.tiff,Asia/Bahrain
Bensonview,GB,1990-11-26T01:30:04,aperiam.mp4,Europe/Helsinki
Robinsonfurt,GB,2012-09-18T15:35:16,maxime.avi,Europe/Budapest
Port Shirley,GB,2001-03-07T11:03:02,minima.js,Europe/Luxembourg
Lake Francesca,GB,2015-10-02T02:16:20,quasi.ods,Africa/Nairobi
East Roymouth,GB,1989-10-30T10:03:09,assumenda.wav,Europe/Vienna
Kerryberg,GB,1982-03-13T20:07:10,omnis.ods,Africa/Brazzaville
Owenshire,GB,2001-11-06T01:15:32,suscipit.json,Indian/Maldives
Martinstad,GB,1978-04-22T10:29:37,quae.html,Europe/London
New Garrymouth,GB,2011-05-23T07:06:12,non.css,Asia/Taipei
New Jayne,GB,2004-09-02T16:16:01,non.avi,Asia/Rangoon
Wardmouth,GB,1981-03-02T18:33:32,consequatur.jpeg,Africa/Brazzaville
West Jacquelinetown,GB,1971-05-22T05:05:50,dolores.numbers,Europe/Vaduz
Phillipsport,GB,2010-06-27T04:33:57,modi.jpg,Asia/Beirut
Lake Shane,GB,2003-04-28T14:12:19,quo.json,Asia/Karachi
Barnestown,GB,2014-12-09T07:10:12,impedit.avi,Pacific/Guadalcanal
Nicoleshire,GB,2003-05-12T01:34:31,accusantium.html,Asia/Baghdad
Butlerfurt,GB,1988-06-07T11:12:10,doloribus.txt,Asia/Manila
Stevensville,GB,1979-04-23T20:35:39,labore.csv,America/Santo_Domingo
Saunderston,GB,1999-01-03T00:32:03,nam.flac,Europe/Brussels
Lake Andrea,GB,1995-05-19T01:32:47,dolorum.gif,Europe/Malta
Lake Marion,GB,2012-12-05T22:34:42,quibusdam.json,Asia/Dushanbe
Port Rachael,GB,2003-02-27T07:36:30,facere.bmp,Africa/Lome
New Dianeburgh,GB,1973-08-29T19:38:10,minima.gif,Asia/Dili
Douglasberg,GB,2000-07-07T04:11:25,cupiditate.wav,America/Jamaica
Pamelastad,GB,1989-05-02T00:18:01,modi.bmp,America/Montevideo
North Terence,GB,2006-01-27T16:45:23,nemo.gif,Asia/Kuala_Lumpur
Barbaraburgh,GB,1971-12-22T14:20:44,eligendi.key,America/Guatemala
Leslieburgh,GB,1974-07-06T20:52:49,laborum.mp3,America/Guatemala
Lake Josephberg,GB,1975-02-19T17:55:45,perferendis.doc,Africa/Lusaka
Nicolechester,GB,1981-08-18T00:20:23,repellat.avi,Asia/Magadan
West Tinaburgh,GB,1972-09-05T00:13:28,quis.mp3,Asia/Damascus
Spencerhaven,GB,2016-03-27T05:33:56,impedit.mov,Africa/Ndjamena
North Sophie,GB,2002-05-26T07:00:58,quae.jpg,Europe/Dublin
Warnerport,GB,1970-11-27T16:42:01,illum.tiff,Europe/Tirane
Bakerborough,GB,1996-10-01T08:54:51,doloribus.key,Africa/Asmera
