iso8601,timezone,date,city,random_number,country,latitude,language_name,time,longitude,hostname,bank_country,mac_address,date_time,company,file_name
1974-10-25T06:28:41,America/Yellowknife,1973-04-08,Campbellmouth,205791458,Kazakhstan,29.196461,Thai,17:42:47,-14.670165,laptop-38.shaw.com,GB,ef:7f:2f:83:7c:8a,2004-10-26 10:13:45,Harrison-Woodward,iusto.csv
1976-05-23T00:06:35,America/Montevideo,2015-08-30,Kayleighmouth,0,United Arab Emirates,-83.7192365,Malay,00:59:01,-76.856457,laptop-64.marshall.com,GB,a2:09:37:84:07:d7,1985-09-04 12:20:05,Lee-Jones,iure.wav
1973-04-09T17:46:32,Asia/Dushanbe,2010-02-15,New Bethan,61575609,France,54.183825,Greek,22:35:52,-83.721449,lt-92.weston.org,GB,8a:fc:e6:31:f6:67,2009-01-31 21:46:22,"Taylor, Hughes and Brown",labore.json
1974-03-30T09:42:06,Europe/Dublin,1989-07-30,West Beverley,21,Palau,55.806369,Swati,10:31:33,160.911775,laptop-75.armstrong.com,GB,bc:c8:c6:0e:91:bd,1970-08-17 07:06:20,Martin-Morris,reprehenderit.html
2013-08-28T13:51:09,Europe/Ljubljana,1985-04-30,North Sandra,55059584,Martinique,53.1084975,Korean,06:12:26,18.437161,email-18.bryant.info,GB,46:68:0d:6f:cd:00,1994-06-20 22:14:44,White-Cole,quod.jpg
1993-09-03T17:32:05,Europe/Bucharest,1999-06-15,Jonesmouth,6721,Brazil,20.330542,Welsh,01:45:10,-22.468069,laptop-37.singh.com,GB,0e:af:64:17:c2:a7,1982-06-25 19:40:34,Jackson-Peters,provident.mp3
2006-02-21T03:11:43,Asia/Jerusalem,2002-06-22,Daniellemouth,7,Uruguay,-81.9737885,Marshallese,07:52:54,51.887760,srv-89.barber.com,GB,b9:47:57:b4:ed:b8,2022-03-19 01:45:06,Thomson-Adams,illum.css
2020-09-21T03:05:32,Asia/Urumqi,2002-11-16,West Marilyn,7327,Burundi,-40.365063,Manx,23:20:57,-45.324063,lt-53.frost.com,GB,a4:b4:eb:cb:e1:91,1998-10-15 06:04:47,"Hawkins, Harrison and Jones",doloribus.odt
1997-11-14T16:25:29,Africa/Cairo,1998-07-24,South Samanthahaven,6778,Pitcairn Islands,-83.7493195,Divehi,13:09:09,-135.028676,desktop-76.dawson.biz,GB,ab:84:ee:4a:82:85,1994-07-06 15:09:41,"Begum, Hughes and Price",voluptatibus.html
2016-09-05T04:33:28,Asia/Muscat,2003-03-19,Lake Diana,75154290,Greenland,27.1175115,Church Slavic,04:09:23,-171.026863,lt-54.richards.biz,GB,4f:5f:58:db:54:57,1987-04-01 00:20:19,Jenkins and Sons,itaque.mp3
1996-03-03T15:45:39,America/New_York,2003-02-10,Donaldview,500,Brazil,86.656756,Latin,08:26:26,-37.642633,lt-80.turner.com,GB,0d:d3:ab:77:bf:7a,2015-05-08 05:08:21,Bibi Inc,suscipit.png
2019-07-06T19:13:36,Indian/Maldives,2001-11-15,South Amanda,17766708,Cuba,-38.370745,Dzongkha,13:44:10,59.035864,srv-91.cooper.com,GB,86:f1:2b:25:8f:33,1970-03-24 10:03:00,Roberts-Parker,aperiam.flac
1991-11-10T20:19:49,Africa/Dar_es_Salaam,1991-04-22,Davistown,36306,Korea,-34.7174465,Chuvash,02:33:05,-12.904499,db-39.duffy.com,GB,b0:f6:a2:a6:fd:5a,2001-05-02 13:21:09,Anderson-Simpson,placeat.jpg
1992-01-04T09:39:00,Asia/Baghdad,1970-08-22,New Kirstymouth,95,Christmas Island,-26.550376,Macedonian,00:24:37,-138.529136,db-03.baxter.com,GB,cd:55:b4:64:3c:4a,2003-09-10 19:15:31,"Barnes, Grant and Davies",ut.csv
1975-09-23T09:17:54,Asia/Seoul,1997-07-18,East Francescashire,246,Mongolia,87.604592,Chinese,05:29:39,-168.896417,db-30.simmons-lane.com,GB,94:6c:16:cd:94:83,2002-07-11 20:56:44,Ward-Robinson,quia.gif
2007-05-24T22:42:51,America/Asuncion,1996-03-14,Leeland,20080,Ethiopia,-25.849695,Galician,10:17:59,-137.000223,email-17.evans.com,GB,b2:d3:cf:15:5e:77,1976-02-07 16:31:47,Davey Group,impedit.jpeg
1996-07-21T08:59:26,Africa/Brazzaville,2002-07-16,Lake Antonyhaven,8,Rwanda,-81.473602,Corsican,21:27:01,76.656480,desktop-27.pearson-owen.com,GB,81:25:45:de:9f:2f,2007-12-04 03:55:51,Clark and Sons,ab.css
2012-03-23T05:27:04,Europe/Minsk,2012-02-06,Mauriceshire,793,Russian Federation,-33.0635315,Chinese,18:20:24,-16.916990,laptop-80.jones-gardner.biz,GB,45:54:d7:1f:ad:6b,2014-09-24 11:37:14,"Lyons, Walker and Holt",doloremque.csv
2009-04-13T08:02:13,Asia/Kuwait,2018-12-23,East Gavinshire,5,Czech Republic,-36.098527,Wolof,09:51:13,-60.901660,db-24.lawrence.com,GB,fa:6b:08:f8:f3:ca,1982-03-07 19:08:42,Cox-Thompson,odit.flac
1982-10-03T09:50:29,Europe/Paris,2010-12-04,Wilsonton,5563926,Turks and Caicos Islands,89.141020,Indonesian,20:16:34,136.145370,laptop-06.harris-davies.info,GB,7f:16:79:ad:62:c6,2014-11-12 11:53:52,Gibbons and Sons,reprehenderit.csv
1974-03-23T03:13:08,Africa/Bujumbura,1988-10-15,Lake Josh,988,Mali,-38.026145,Chinese,00:41:29,-172.886257,web-74.smith.com,GB,95:4c:9b:e7:2f:0e,2014-09-16 10:52:21,Watson and Sons,veniam.numbers
1993-06-24T06:32:27,Asia/Saigon,2015-10-07,Annetown,4257235,Poland,37.326427,Uighur,07:00:45,-67.254231,laptop-60.hurst.biz,GB,a5:65:71:a5:8a:f5,2018-02-21 12:43:56,"Hughes, Patel and Graham",culpa.tiff
2018-09-08T14:17:20,Asia/Amman,1987-09-04,Laurachester,8,Seychelles,-12.7217535,Chinese,00:03:51,-88.001765,web-52.wright.org,GB,b6:ad:91:53:2f:cb,1995-06-29 10:01:10,Kaur-Collier,quaerat.jpeg
1986-03-30T09:23:42,Europe/Belgrade,2005-08-15,Marcburgh,6064404,India,17.669314,Ganda,18:48:58,-151.630775,db-69.bailey.com,GB,a8:e9:4e:93:12:f7,2007-08-19 04:34:37,"Robertson, Price and Lynch",saepe.mp4
2005-04-30T01:41:12,Africa/Bangui,2002-11-23,New Dawnborough,25637,Sao Tome and Principe,81.258627,Interlingua,01:45:46,-96.300979,email-63.jackson.co.uk,GB,97:88:c5:72:9a:d7,1970-05-19 05:17:58,Ward PLC,quod.mp4
1971-08-12T00:01:39,America/Guayaquil,2010-10-21,East Philipville,2,Cook Islands,17.5063015,Azerbaijani,15:04:25,14.900022,web-97.price.net,GB,cf:b2:ef:cb:e8:c1,1979-03-11 09:46:20,"Anderson, Wood and Robertson",doloremque.bmp
1984-11-29T21:57:32,Pacific/Truk,1997-11-12,Port Billyshire,1,Dominican Republic,50.1203375,Fulah,17:44:24,-88.703691,email-83.kaur.com,GB,37:2e:d5:7f:31:bc,2000-11-17 13:39:41,Harper and Sons,earum.mp4
1974-05-15T00:19:28,America/Cancun,1997-05-19,South Anne,9767,Uganda,-10.085301,Kalaallisut,20:21:16,-23.863951,srv-96.cook.com,GB,f3:47:49:52:70:65,2007-09-16 20:15:07,Berry-Wyatt,explicabo.html
2012-03-21T23:08:18,Africa/Asmera,2020-04-16,South Dannyberg,776192269,Ecuador,-4.800955,Hebrew,20:18:39,-149.027031,db-09.connolly.com,GB,57:7f:33:c7:86:cb,1996-02-14 22:33:45,Watson Group,non.html
1973-03-31T17:08:38,Asia/Thimphu,1970-05-12,Alexandrafurt,6,Chad,-11.0734115,Finnish,12:30:45,-175.398585,srv-52.storey.com,GB,a0:c4:f4:39:4c:6b,1998-06-19 22:20:56,O'Brien Ltd,nobis.avi
2003-08-20T07:22:52,America/Montevideo,2013-06-15,Douglasberg,849755308,Hong Kong,-12.205552,Bislama,20:47:28,-32.113335,web-31.lloyd.com,GB,21:86:06:db:4b:7f,2019-05-28 14:51:48,Campbell Group,numquam.gif
1985-03-03T06:59:25,Africa/Bissau,2021-08-08,Barkerville,941,Macao,82.3489765,Western Frisian,02:15:35,47.840066,web-60.clark.net,GB,ee:a9:6b:78:05:7d,1970-06-15 05:13:49,"Lewis, Davis and Stewart",aliquam.png
2012-11-07T07:22:09,Europe/Dublin,1989-09-02,Hollieborough,40665,Cyprus,17.1308085,Ukrainian,09:45:37,-159.406695,web-90.parker.info,GB,08:7f:3d:73:26:9f,2012-09-03 05:01:10,Parker-Lewis,nihil.txt
1974-09-06T18:34:38,Africa/Blantyre,1983-11-13,West Jacquelineport,28816,Saint Lucia,32.454184,Lingala,06:02:46,168.759673,laptop-05.chapman-wright.com,GB,36:cb:a9:f0:f0:e0,1988-02-21 05:21:58,Smith and Sons,quaerat.mp3
2015-09-20T01:57:05,Africa/Bangui,1993-01-12,New Mary,392806257,China,75.533351,Herero,23:01:59,10.659482,db-17.cooke.com,GB,53:ac:02:d2:09:fc,1981-12-27 11:11:05,Allen-Holden,at.flac
1979-05-07T13:03:44,Asia/Tehran,1998-04-17,Farmerburgh,16,Solomon Islands,-19.581582,Pali,03:55:34,-7.194583,web-05.watson.com,GB,26:fb:97:63:4d:7c,2006-09-08 17:06:37,Lawrence Inc,perferendis.json
2019-07-04T13:34:25,Asia/Tehran,1982-11-01,South Graham,5170,British Virgin Islands,-1.495352,Tamil,20:20:05,20.446741,web-74.humphries-hardy.biz,GB,bc:2a:11:6e:71:d5,1984-06-08 20:57:14,Johnston-Ball,cupiditate.odp
1996-02-07T06:54:26,America/Guatemala,1988-08-21,New Lucy,575778,Sweden,-40.2425235,Ojibwa,11:56:45,-86.798556,srv-10.perry.com,GB,e0:67:c5:94:40:3f,2000-09-10 00:21:53,"Holmes, Parsons and Griffiths",natus.odt
2015-04-14T10:28:43,America/Port_of_Spain,1994-01-29,New Benjamin,503,Cuba,19.393268,Somali,16:22:44,-110.424617,db-86.shaw.com,GB,0b:f7:de:35:a5:f0,2006-07-27 13:12:07,Shepherd Ltd,rem.gif
1991-08-16T17:16:36,Europe/Stockholm,2020-05-23,West Mathew,139976,Togo,60.578147,Bashkir,22:52:54,47.719990,web-04.pickering-parsons.com,GB,1c:d7:6b:1e:ac:0d,2001-08-06 03:11:13,Rahman-Steele,velit.avi
1999-02-28T06:47:51,Australia/Melbourne,1991-02-07,Jillport,92338,Lesotho,82.139639,Latvian,09:33:35,22.847826,email-65.johnson-hunt.org,GB,6d:9a:64:9d:27:e1,1980-02-21 07:52:13,Cook-Day,labore.pdf
1988-08-29T22:58:25,Africa/Khartoum,2005-12-06,North Bryan,743712,Barbados,-0.966422,Northern Sami,16:11:06,50.428138,db-97.robinson.com,GB,bc:ae:31:72:f5:d7,2009-05-09 15:42:29,Cross Group,unde.js
2013-09-27T19:22:05,Asia/Singapore,1970-06-19,Janiceview,36322200,Taiwan,34.940759,Sardinian,11:42:54,-15.155740,lt-06.williams.com,GB,2d:a3:8c:a1:70:88,1986-03-07 15:30:38,Brown Ltd,atque.mov
2020-11-19T03:09:41,Pacific/Tongatapu,2003-04-11,Leefort,732,Dominica,40.656398,Interlingua,01:31:04,127.467238,srv-77.jackson.com,GB,6e:a5:e7:9e:5a:6c,2008-08-12 06:34:07,Gill PLC,praesentium.tiff
1991-06-27T11:11:50,Africa/Luanda,2005-02-14,Graemeport,99,Zambia,-26.355028,Fijian,09:15:04,-163.796798,desktop-70.smith-hyde.info,GB,f8:de:22:95:7b:1f,2010-11-18 14:17:51,James-Robinson,dolorum.png
2005-09-10T14:18:50,Asia/Katmandu,1998-06-21,Port Hughfurt,736369,Morocco,55.752393,Kanuri,01:35:17,81.099334,srv-85.kelly.com,GB,a0:10:31:77:04:32,1989-01-15 20:28:59,Marshall-Kay,aliquid.csv
2017-02-27T21:03:51,Europe/Warsaw,2014-06-18,Lake Sheila,9069592,Tajikistan,9.2140225,Danish,10:56:46,-160.027734,db-42.mclean-thompson.com,GB,89:68:f3:1a:dd:1b,1982-08-25 16:58:50,Taylor-Byrne,quibusdam.flac
1991-10-30T04:56:25,Asia/Bahrain,2014-02-12,Janiceport,55280,Comoros,-69.7684805,Swati,09:25:21,103.599144,db-15.clark.info,GB,01:44:ee:29:39:92,2001-04-07 10:56:20,Hill PLC,fuga.html
1981-11-01T00:58:11,Indian/Maldives,2008-05-05,Rachelfurt,1,Lesotho,-79.2129115,Luxembourgish,10:46:35,-150.169458,laptop-24.coleman.net,GB,04:45:73:fb:55:c8,2015-09-10 10:57:36,Hall Group,consequatur.flac
2000-07-25T03:33:23,Asia/Seoul,1973-10-08,Slatermouth,8,Netherlands,-75.527486,Belarusian,19:27:23,43.747598,srv-01.white.com,GB,84:df:3d:11:5a:92,2015-03-13 23:45:55,"Davies, Williams and Martin",eaque.ods
2016-01-20T19:18:20,Europe/Bratislava,1971-03-12,Thompsonchester,296,Mexico,66.535088,Turkish,10:06:40,115.207795,desktop-50.sullivan.net,GB,27:5f:cc:8f:7e:5d,2012-03-24 13:05:31,Rogers PLC,facilis.ppt
1986-06-14T03:26:30,America/Asuncion,2020-03-09,Lake Alison,221125,South Africa,40.8215105,Macedonian,05:39:50,32.593215,laptop-46.thomas-perry.com,GB,48:1b:84:14:b6:a7,2011-05-24 12:41:12,Henry Group,vero.mp3
1996-09-09T18:43:12,Pacific/Port_Moresby,1997-10-20,West Jane,8,Christmas Island,-87.3492785,Bosnian,23:37:23,163.909034,lt-11.thompson-bartlett.info,GB,83:40:dd:9f:65:a5,1979-11-29 09:55:48,"Parkinson, Mitchell and Andrews",nam.mov
2020-06-15T00:39:38,Europe/Chisinau,2020-10-25,Huntborough,2,Kiribati,46.2737175,Gaelic,09:29:11,-87.427304,desktop-25.richardson.com,GB,59:45:eb:34:59:6e,1983-12-24 09:02:43,"Hargreaves, Hodgson and Baker",similique.png
1983-03-30T09:19:26,Africa/Maputo,1987-12-25,Kimfurt,74,Belarus,-88.6430065,Tibetan,14:35:52,46.172430,srv-70.west-ahmed.info,GB,f7:a7:ae:3b:f6:04,2021-09-09 17:22:16,Goddard Group,perspiciatis.webm
2017-03-26T11:41:39,Asia/Ashgabat,1995-04-04,Port Kelly,96,Madagascar,-77.4438835,Basque,05:44:21,84.580974,laptop-80.patel.info,GB,e6:4a:56:85:36:d5,1994-04-09 16:06:29,Smith Ltd,rem.avi
2001-01-23T01:27:55,America/Guatemala,1980-07-06,East Susan,55,Burundi,78.271257,Somali,01:04:35,-136.575892,desktop-27.coleman.biz,GB,a1:d6:46:f0:6c:e1,2015-08-10 00:58:14,"Parsons, Patel and Walker",maiores.gif
1988-11-14T14:02:33,Asia/Beirut,1976-03-09,Port Elliemouth,9,Mexico,89.702338,Western Frisian,18:52:19,-120.368697,desktop-46.cameron.org,GB,7b:b1:55:fe:e9:5d,1980-06-24 18:52:14,Edwards-Scott,placeat.wav
1983-06-03T10:58:30,Africa/Nairobi,1998-07-01,Jonesfurt,92314,Guinea-Bissau,49.0238495,Slovenian,05:09:41,-107.588134,laptop-00.scott.com,GB,01:4d:fa:ff:f0:59,2018-12-10 03:05:21,Brown Group,itaque.gif
1970-11-19T13:25:36,America/Antigua,1975-11-07,Reecehaven,473062,Antarctica (the territory South of 60 deg S),-57.6302645,North Ndebele,08:41:16,104.743673,db-10.jackson-shaw.com,GB,20:e3:a9:70:f7:6c,1981-07-20 21:44:58,"Berry, Allen and Phillips",repellendus.js
2021-04-18T23:25:20,Asia/Qatar,1983-10-20,New Edward,14961208,United States of America,72.486326,Bislama,06:53:51,-113.906169,desktop-74.brown.info,GB,92:27:bf:85:28:17,2014-11-22 10:56:23,"Bradley, Sinclair and Clark",libero.pptx
1978-10-03T22:45:16,Africa/Maputo,1971-10-11,East Jasminefort,2786,Christmas Island,-87.191822,Panjabi,21:07:12,49.682223,laptop-82.davidson.com,GB,1d:53:d9:1a:00:06,2004-05-13 11:35:44,Moore-Taylor,voluptatem.flac
1972-07-23T12:04:00,Asia/Baghdad,1970-01-04,East Sheilaside,8732,Puerto Rico,-76.332095,Swati,08:28:30,-100.869276,web-21.pearce-wilson.biz,GB,d4:5a:1f:93:23:4d,2006-05-14 02:17:35,Watts and Sons,ex.jpeg
2023-04-20T01:54:20,America/Bogota,2013-10-05,South Brendamouth,7930395,Heard Island and McDonald Islands,45.916457,Catalan,20:07:17,-70.369366,lt-56.davies.net,GB,95:c3:54:c7:f4:d3,2019-09-25 23:30:06,Thomas Group,repellendus.mov
1996-04-18T05:41:59,Europe/Bucharest,2009-03-13,Woodstad,15,Qatar,42.8259965,Uighur,10:06:57,105.744388,srv-71.alexander.com,GB,9b:d1:dc:af:25:4e,1979-10-23 18:40:20,Rose-Marshall,tempore.flac
2008-06-08T07:38:21,Asia/Shanghai,2008-02-13,Port Amandafurt,108902,Central African Republic,32.905346,Somali,22:33:03,18.082166,web-98.smith-gregory.biz,GB,72:c6:d1:69:b7:8a,1970-10-14 04:15:05,"Goodwin, Nicholls and Davidson",doloribus.webm
2012-08-27T07:54:19,Pacific/Easter,2008-03-23,East Katiechester,305994490,Ghana,-37.563651,Tibetan,08:35:37,123.504782,email-08.johnson-smith.info,GB,4d:e8:f3:a6:b8:8c,1970-10-26 03:23:01,Patterson Inc,nulla.csv
1995-06-19T16:40:35,Africa/Brazzaville,2008-01-24,Port Claire,80595,Togo,-13.4746345,Czech,08:47:36,56.792579,lt-10.smith.net,GB,ea:c8:06:74:6e:c6,2019-06-03 03:42:27,"Cooper, Martin and Davies",laborum.mp4
1974-07-27T06:39:41,Europe/Andorra,1978-08-06,Kieranton,77,Saint Barthelemy,-41.4828095,Kikuyu,22:22:42,7.000846,db-59.harrison.com,GB,87:2d:0a:7b:aa:7d,1977-10-29 15:43:01,Robinson-Hayes,laborum.jpeg
2013-08-08T22:44:49,Asia/Manila,1996-02-29,South Natalie,1753,Burundi,-37.0947435,Marshallese,18:12:38,-127.604844,web-88.stokes.com,GB,5d:24:f4:fa:0f:8f,2004-12-15 20:31:00,Hancock Ltd,vitae.jpeg
2015-11-12T12:31:46,America/Grenada,2020-07-21,South Christineshire,829,Rwanda,-43.436330,Catalan,13:53:06,160.947915,desktop-91.singh-bird.biz,GB,a7:27:61:58:58:61,2020-10-10 17:20:00,Bell LLC,fugiat.mp3
2022-02-26T23:08:45,Europe/Vienna,2014-11-08,Reesfurt,1954066,Qatar,58.2526705,Lao,08:48:35,-161.930359,laptop-26.matthews.com,GB,c7:af:df:80:9a:2c,1994-10-08 11:21:25,Gray-Jackson,magnam.png
2012-04-18T10:07:57,Asia/Singapore,2007-01-03,Jamiemouth,211999,China,-83.602100,Chichewa,14:25:28,72.009351,email-77.cole.co.uk,GB,95:33:03:16:02:7d,1998-09-19 09:28:24,"Black, Jones and Rose",vero.css
1982-06-16T12:07:21,Africa/Brazzaville,2001-08-12,Owensshire,2201298,China,38.7254225,Hausa,14:56:28,-159.187256,web-82.warren-davies.biz,GB,19:d1:56:1f:1e:19,2023-01-26 12:57:06,"Parry, Harrison and Wood",inventore.js
1987-08-19T00:27:42,Europe/Stockholm,2002-01-11,Helenton,7746283,Saint Vincent and the Grenadines,12.8296555,Northern Sami,03:37:07,15.961170,lt-28.potts.info,GB,52:9e:e2:9a:ad:e2,1988-01-14 14:23:00,"Knight, Saunders and Rogers",inventore.css
2011-09-07T01:15:33,Europe/Vilnius,1982-10-23,Wheelerton,4,Sweden,89.2428635,Western Frisian,14:21:51,-162.613989,web-24.thomson-barker.com,GB,66:cb:91:41:ec:0f,2016-07-04 22:18:09,Faulkner Inc,perferendis.mp4
2021-09-22T06:18:24,Asia/Damascus,1976-10-30,Lake Julie,37706,Japan,79.242097,Georgian,20:05:03,-173.615627,web-94.kelly.com,GB,70:a4:c8:93:0e:4f,1978-06-06 16:00:25,Moore Ltd,velit.html
2021-11-18T20:16:19,Africa/Bissau,2001-07-09,North Jordan,622612351,Eritrea,56.1631905,Maltese,16:47:13,80.264694,laptop-33.davis.biz,GB,fb:fb:67:2b:1a:cf,1986-11-22 07:08:32,Williams PLC,quisquam.webm
2020-09-08T20:05:40,Pacific/Tongatapu,2007-12-11,Port Maxchester,9326939,Gabon,38.543017,Ukrainian,07:41:06,100.788115,email-16.baker.org,GB,55:df:25:1f:34:8d,2015-07-06 21:35:52,O'Sullivan-Joyce,dolore.flac
2021-10-04T00:51:48,Europe/Luxembourg,1980-01-27,East Leah,441161,Aruba,66.655623,Hindi,16:27:58,-110.273173,desktop-42.howard.com,GB,cc:5e:1a:f0:04:15,2017-05-28 05:59:21,"Brown, Roberts and Hughes",corporis.mp4
2007-10-12T11:12:55,America/Belize,1983-04-26,Thompsonland,44723,Angola,30.0710395,Telugu,18:51:59,-149.421177,lt-58.hill.com,GB,d9:4a:96:56:9d:d5,1970-06-28 22:59:50,"Burke, Day and Fleming",suscipit.csv
1988-07-05T05:44:07,America/Antigua,1979-03-16,Lake Geoffrey,4534,Kuwait,13.2754485,Oriya,06:07:45,-174.932686,srv-89.cameron-bartlett.com,GB,9c:77:77:40:48:bc,2005-05-17 20:52:47,"Williams, Whittaker and Owens",asperiores.csv
2022-11-21T04:44:10,Africa/Niamey,1976-03-20,Thorpeborough,5,Moldova,-32.750618,Interlingua,21:15:11,131.766501,desktop-74.walsh.com,GB,87:ce:96:a5:fa:f8,2022-09-16 08:33:25,Taylor-Dean,voluptate.webm
2009-09-22T06:13:36,Africa/Lusaka,2019-10-05,Pearsonfurt,3836950,Saint Martin,7.1157465,Afar,11:38:44,-160.756316,web-61.bennett.com,GB,94:fa:5e:65:48:05,2022-12-15 17:22:54,Wells-Parsons,quibusdam.json
2015-10-19T19:51:19,Asia/Yerevan,2003-04-10,Simonville,7158992,South Georgia and the South Sandwich Islands,-14.880897,Norwegian Nynorsk,12:32:30,-72.634786,desktop-09.cooper.co.uk,GB,9d:fb:5e:06:a3:37,2012-10-07 03:42:43,"Craig, Patel and Nicholls",ratione.tiff
1986-07-19T07:49:28,Europe/Madrid,2000-09-26,Louishaven,77248528,Kiribati,-87.920608,Norwegian,08:55:49,140.212821,db-98.holland.com,GB,64:c5:30:c4:ac:00,1978-06-12 12:43:33,Greenwood-Thomas,magni.mov
1974-01-10T23:05:50,America/Los_Angeles,2022-01-11,Port Sallyview,761510,Canada,27.2118485,Esperanto,01:00:58,-63.507891,email-45.price.com,GB,e2:10:11:68:46:f3,1999-02-05 18:03:12,"Holloway, Cooper and Baker",fugiat.png
1980-06-24T05:12:48,Pacific/Efate,1980-07-25,Nicolafort,54,British Virgin Islands,-27.468836,Tibetan,13:58:19,34.161722,lt-05.stewart-gibbs.net,GB,1b:71:4f:8b:d5:cd,1983-05-04 00:46:48,Duncan-Johnson,molestias.ods
2014-09-26T09:28:31,Indian/Mauritius,1983-09-18,Bishopborough,6136,Chad,-1.030906,Bislama,00:02:43,64.250021,desktop-72.williams-williams.org,GB,b1:43:63:86:b5:95,2000-04-05 18:23:52,"Barrett, Gardner and Williams",corrupti.tiff
1987-01-20T22:16:12,America/Costa_Rica,1980-06-25,Reeceside,3989,Uganda,61.724702,Slovenian,08:08:46,105.609820,desktop-01.taylor-robertson.com,GB,12:76:34:18:0c:09,1978-07-20 18:10:04,Bradley-Heath,consequatur.flac
1984-05-10T09:17:53,Africa/Lagos,1971-10-15,Prestontown,6893,Heard Island and McDonald Islands,-37.2928455,Pali,04:00:23,-28.681801,db-88.oliver-cross.info,GB,61:52:81:15:fc:20,1983-04-29 15:03:20,"Stephens, Berry and Fitzgerald",magnam.pages
2014-08-15T06:08:40,Europe/London,1987-10-09,Kieranstad,879924278,Liechtenstein,-11.0215615,Aragonese,07:16:36,99.238925,desktop-98.andrews.com,GB,ab:20:ea:2f:3e:c4,2020-01-26 00:39:19,Barnett Inc,voluptate.wav
1992-06-05T20:30:01,Africa/Maputo,2013-07-06,South Geoffrey,2014582,Myanmar,73.580512,Mongolian,00:06:31,-94.218449,lt-90.hunter-lynch.com,GB,2a:98:28:40:1e:db,2000-02-25 18:50:18,Allen Inc,magni.ods
2006-09-06T17:13:31,Asia/Brunei,2010-11-14,West Katystad,8517,Chile,-13.7482345,Hindi,21:41:38,54.897560,db-92.wright.com,GB,b5:7c:31:b1:32:2a,2022-08-13 18:32:47,Kay-Dawson,labore.csv
1997-03-17T02:04:51,Asia/Kabul,2018-04-07,Geraldinemouth,18,Saudi Arabia,44.9253815,Gujarati,05:23:50,-34.692441,web-86.edwards.com,GB,31:bb:50:3c:77:26,2023-08-27 11:21:58,Vaughan-Henry,beatae.jpeg
1979-09-18T08:35:12,America/Guatemala,1999-05-30,South Harrietmouth,24939339,Sweden,36.4147965,Chinese,21:25:21,-115.759673,desktop-22.phillips-brown.com,GB,3c:ff:6b:f7:6d:1d,1979-02-19 12:17:39,Spencer and Sons,saepe.xls
1972-07-07T06:57:10,Europe/London,1984-04-29,Ameliatown,4228,Kenya,-26.722083,Slovak,18:16:54,170.798785,web-27.marsh.org,GB,99:0d:ef:b0:32:a8,2015-05-28 16:57:21,"Allen, Wilson and James",tenetur.odt
2009-05-29T18:28:35,Asia/Pontianak,2004-04-21,Clarketon,5,Saint Vincent and the Grenadines,57.143814,Armenian,23:01:07,-134.147995,web-56.forster.com,GB,25:94:56:4b:5d:db,1982-06-01 02:37:07,"Ward, Gould and Mitchell",vitae.gif
2016-08-24T12:15:51,Europe/Luxembourg,2005-08-10,Lake Molly,3728994,Equatorial Guinea,-89.452584,Turkish,16:00:44,162.026536,srv-89.jones.biz,GB,ec:3e:ab:5f:1a:95,1981-01-12 01:46:35,Sharp-Mason,quidem.pages
2016-03-30T03:40:43,Europe/Belgrade,2017-02-27,North Clairefurt,812506,Anguilla,47.969208,Basque,04:21:09,104.843447,db-40.hughes.org,GB,7f:d8:3c:88:87:da,2019-06-11 05:40:16,Gough-Begum,error.js
2018-07-12T14:25:23,Asia/Bishkek,2017-03-29,Brownburgh,1396283,Syrian Arab Republic,-27.706896,Albanian,08:41:01,-95.851725,email-54.russell.com,GB,5f:1c:80:7b:5a:20,1974-03-07 04:01:44,Davies-Edwards,earum.avi
2010-01-10T04:51:24,Europe/San_Marino,1977-11-14,Lake Alexfort,581,Portugal,59.7284605,Chinese,15:38:57,-72.958820,email-80.dyer.net,GB,76:9f:8d:ca:b0:57,2000-05-12 12:50:08,"Mellor, Wilson and Cunningham",sequi.odt
2001-08-15T22:11:31,Africa/Kigali,2014-06-16,Scottberg,7,Dominica,64.6212885,Latvian,15:46:17,24.450602,email-52.cartwright.com,GB,7b:91:b5:d4:ad:d5,1976-01-13 01:52:56,Kelly PLC,dolores.mov
2019-05-13T18:56:51,America/Montevideo,1976-01-01,Fletcherhaven,95,Mozambique,1.0517085,Oromo,21:04:52,94.098638,db-14.bates-scott.co.uk,GB,2d:1f:0a:0b:78:73,1971-12-06 13:18:27,Perry and Sons,nemo.json
2000-05-22T14:38:33,Europe/Sofia,2017-07-19,New Stewartburgh,82470,Belize,19.7601945,Chuvash,06:11:48,-143.390309,db-26.bryan-woodward.biz,GB,33:a3:f6:dc:70:99,1982-08-02 01:51:06,"Jones, Dickinson and Day",perspiciatis.png
1993-05-20T08:06:29,Asia/Aden,1985-04-12,Marieborough,8,Somalia,-41.8322985,Navajo,20:03:52,-32.473077,db-16.obrien.org,GB,21:b5:b3:22:65:52,2005-03-31 22:23:38,Clarke Ltd,vero.json
1987-10-05T14:41:45,Africa/Asmera,2005-12-13,Geraldport,189,Morocco,-59.050058,Mongolian,09:30:58,-104.127880,db-18.kelly-richards.com,GB,df:0d:b6:0a:29:a2,1974-05-09 20:41:09,Palmer-Bentley,optio.json
1976-10-08T12:32:36,Pacific/Kwajalein,1979-09-30,Ronaldfurt,442178,Czech Republic,27.9626565,Javanese,12:47:22,-7.689112,lt-40.jones.org,GB,92:f7:24:14:48:a0,1985-04-30 19:53:56,"Brown, Rogers and Burns",accusantium.js
1974-01-22T12:24:15,Europe/Riga,2013-01-30,Johnsonfurt,558,Korea,-19.3293795,Cree,21:37:33,-173.795258,laptop-42.rees.org,GB,f0:21:c7:3c:76:4b,2017-09-09 23:34:00,King-Wilkinson,voluptatem.webm
2005-03-19T22:08:45,Europe/Athens,1991-07-20,Jamieville,450445,Belarus,-76.613923,Twi,22:54:58,-60.991023,laptop-03.reed-mahmood.com,GB,f2:0c:dd:c1:76:93,1973-08-29 07:39:36,Moore Ltd,veritatis.css
1985-06-10T22:45:38,Asia/Samarkand,1989-01-27,South Shane,2374030,France,54.518360,Bashkir,05:57:54,-127.696791,db-38.taylor.com,GB,09:e4:ff:38:f1:a2,2010-09-27 11:26:30,White-Simpson,neque.mp4
2003-06-02T07:41:54,Europe/Oslo,1998-02-04,South Pamelaborough,474840,Turkmenistan,35.8356885,Walloon,20:13:41,2.799554,srv-16.woodward.com,GB,6d:62:c1:6b:1f:7c,2013-11-16 08:18:08,Tomlinson and Sons,enim.tiff
2023-04-24T07:01:12,Europe/Tirane,1998-06-16,Stanleymouth,21,Iceland,-54.5081015,Chinese,04:47:07,-70.755290,db-96.bryan.com,GB,00:0b:1c:18:3a:1b,1973-07-19 23:45:46,"Jennings, Knowles and Stokes",illum.js
1985-08-17T17:36:11,Africa/Brazzaville,2009-08-22,New Natashashire,878850,Mauritania,89.246029,Yoruba,21:48:58,15.244399,email-34.ross.net,GB,d7:04:c3:38:60:7a,1996-01-26 00:05:05,King PLC,nobis.json
1970-05-30T09:47:43,Asia/Tbilisi,1973-07-06,Elliefort,8792787,Haiti,15.5741535,Malagasy,05:48:32,-93.748666,db-58.edwards.com,GB,57:00:40:6f:90:e7,2006-01-10 09:03:28,Dean-Connolly,numquam.mp3
1980-06-08T12:17:08,Africa/Gaborone,1991-05-14,South Adrianberg,34,Anguilla,38.695516,Slovenian,04:08:31,167.774200,email-29.clark.biz,GB,d3:40:31:33:9e:fb,1971-03-02 06:11:59,Murray Ltd,blanditiis.css
2018-01-18T10:00:41,Africa/Johannesburg,1991-04-11,Dalemouth,2,Swaziland,-86.5240985,Bambara,02:28:30,-121.869902,lt-25.wallace-faulkner.com,GB,f4:b3:30:f0:af:c5,1979-10-21 15:44:04,Smith Ltd,laborum.gif
1971-11-17T12:58:15,Asia/Dhaka,2013-05-14,North Danny,6811,Wallis and Futuna,-50.2258665,Indonesian,03:20:45,72.052872,db-82.murphy.biz,GB,80:e2:9e:0f:ea:f5,2011-05-23 05:54:57,Pugh-Lewis,asperiores.mov
1997-09-08T00:21:31,Africa/Luanda,1977-11-08,Jeremyborough,66,Martinique,-44.864985,North Ndebele,09:56:22,63.441433,lt-70.wilkins-edwards.org,GB,eb:50:68:39:b6:58,1979-07-09 08:13:17,Bevan Ltd,quas.flac
1996-10-18T02:13:48,Asia/Seoul,1971-06-30,Amberhaven,153797,Mongolia,26.6538465,Swedish,19:00:45,140.119975,desktop-13.bull.com,GB,da:c2:d4:e8:12:7b,1988-07-05 07:52:44,Kaur-Davis,ipsa.png
2002-12-08T07:45:38,Asia/Dili,1993-05-28,New Ricky,8297613,Burkina Faso,79.8150865,Abkhazian,13:16:29,60.172942,web-59.brown-lewis.org,GB,2f:3e:0d:48:12:de,2012-06-05 13:38:08,Sykes-Gibson,tempora.ods
2004-06-26T09:00:21,Pacific/Apia,1971-06-10,Hollieville,77,Libyan Arab Jamahiriya,-48.557732,Inupiaq,12:18:53,-33.535171,email-21.hunter.org,GB,fe:ac:9f:cd:87:9b,2017-04-13 21:01:54,Brown-Baldwin,provident.wav
2020-10-15T00:34:17,Europe/London,1982-03-22,New Patricia,902569645,Liberia,22.1529955,Rundi,02:43:15,72.124316,email-83.gibson-hewitt.com,GB,10:47:a7:e1:4b:d9,2012-09-23 20:21:52,"Duncan, Smith and Wood",nisi.jpg
1998-12-27T20:59:32,Africa/Cairo,1978-02-21,Mohammedland,728,Samoa,63.8129525,Akan,20:13:50,-94.960672,lt-27.elliott-thompson.biz,GB,fa:19:9e:e6:29:45,1993-10-30 11:32:49,Taylor-Griffiths,odio.webm
2005-11-20T02:19:27,Asia/Beirut,2022-11-02,Wilsonburgh,269545,China,-57.919247,Occitan,13:21:41,-116.396741,desktop-14.armstrong-warren.com,GB,35:91:4d:25:45:63,1977-04-11 00:18:23,"Carter, Cook and Watts",cupiditate.png
1976-11-09T00:03:29,Asia/Brunei,1984-11-21,Stewartchester,13347,Switzerland,50.2532185,Afar,12:22:20,107.821232,lt-65.buckley-holt.com,GB,b8:a4:3f:85:c6:37,2000-04-12 04:38:27,Quinn-Reynolds,amet.csv
2002-08-17T03:18:38,Africa/Bamako,1987-04-15,Barbermouth,64325,Costa Rica,-24.414942,Limburgan,07:47:08,32.384681,email-13.connolly-davidson.net,GB,69:c6:6b:47:01:44,2009-10-09 14:33:11,"Spencer, Bennett and Smith",illum.mov
1995-10-30T14:56:15,America/Asuncion,2010-08-31,Mooreside,19385874,Liechtenstein,-79.4973955,Interlingua,19:25:08,-90.080445,desktop-94.stevens-west.info,GB,d4:74:72:22:69:b8,2016-09-06 07:58:50,"Barrett, Cooper and Harris",expedita.avi
1986-01-21T01:41:03,America/Havana,2022-12-01,Jonesland,85052,Barbados,55.7521135,Serbian,16:10:47,74.870117,email-64.harris.com,GB,f4:e6:30:be:43:e2,1998-04-20 03:32:14,Davis-Bell,inventore.wav
2012-10-07T07:55:12,Africa/Maseru,1999-03-12,New Georgina,98897,Angola,88.459915,Urdu,15:35:34,87.540333,email-24.fowler.com,GB,35:e5:a3:df:c6:98,2003-12-17 04:36:41,"Morgan, O'Brien and Manning",atque.flac
1985-03-08T05:23:32,Asia/Pyongyang,2007-10-15,Francescastad,442,Paraguay,4.7140515,Marshallese,00:07:58,-176.356310,lt-68.day-short.com,GB,de:32:4c:6e:92:ad,1971-01-05 12:09:02,Davies and Sons,omnis.doc
2000-09-22T10:16:40,Pacific/Funafuti,1997-07-10,West Glenn,7,Singapore,32.607639,Luxembourgish,06:45:45,133.945162,db-84.bennett.com,GB,54:9e:7e:7e:f9:82,2008-01-21 06:56:36,"Chapman, Hopkins and Smith",asperiores.key
2005-04-15T08:18:15,Europe/Warsaw,1970-08-06,Damienmouth,9452962,Venezuela,58.6030095,Kazakh,16:50:19,-141.263481,web-39.heath.com,GB,15:2c:82:db:a9:a7,1988-04-17 16:53:48,"Harvey, Baldwin and Cole",debitis.gif
1987-06-12T09:52:57,Pacific/Port_Moresby,1980-07-20,Daviesshire,2420,Vietnam,-74.3980865,Belarusian,09:21:36,-27.832499,web-99.barrett.biz,GB,ef:20:c6:e4:19:06,2017-09-10 05:37:25,Harris-Morgan,repellat.wav
2004-01-27T21:45:51,Europe/Luxembourg,2019-01-20,Burtonfort,4,Nepal,48.0750355,Lingala,10:23:21,133.242817,desktop-55.wright.com,GB,ab:a3:e9:eb:29:7a,1996-04-02 19:34:46,Shaw Group,nobis.jpg
2017-03-09T20:45:58,Africa/Nairobi,1979-03-02,South Anne,45680,Argentina,46.9129795,Thai,23:44:07,-18.897673,srv-70.lewis.com,GB,da:5e:f1:f5:3c:ca,1984-06-18 15:47:42,Hammond-Wood,aut.avi
1971-11-01T10:43:25,Pacific/Kwajalein,1977-06-25,East Sandra,52223474,Guatemala,-64.2885145,Ojibwa,19:05:09,-98.100180,email-90.jackson.com,GB,7f:e8:90:2b:67:6d,1974-05-22 16:48:26,Mason-Williams,sunt.avi
2017-11-26T04:54:36,America/Barbados,2010-05-10,North Glenfurt,1430,Macao,84.870930,Northern Sami,11:15:32,32.184582,web-61.ward-shaw.info,GB,57:78:4b:01:6b:f7,2007-11-25 11:04:11,"Ford, West and Lamb",facere.bmp
2003-06-14T19:32:30,America/Lima,2019-07-05,West Carlland,818,Hungary,-0.1230965,Tatar,02:31:28,32.976803,web-51.simmons.net,GB,6f:b3:cf:5c:8c:86,2007-07-17 08:50:19,Barry-Pearce,officia.png
1972-07-14T05:12:42,Asia/Yerevan,1972-01-04,Jemmaville,26758,Chile,62.2826585,Norwegian,14:09:19,14.854885,db-14.martin.co.uk,GB,25:7a:dd:38:d9:fa,1973-10-01 17:50:59,"Wilkinson, Allen and Gardner",atque.mov
1973-09-09T17:24:09,Africa/Tunis,2014-03-19,Port Georgia,84,Benin,87.924930,Icelandic,02:26:11,50.863703,lt-62.wilson-smith.com,GB,4a:5d:6f:47:33:1c,1984-12-31 23:21:20,"Glover, Harris and Kirby",eaque.key
1989-01-02T18:34:15,Africa/Luanda,1995-06-03,Port Gillianfurt,446,Comoros,-79.903485,Twi,00:55:40,-168.181007,laptop-52.murphy.com,GB,b2:39:c9:bf:69:51,2015-02-08 19:09:26,Miles PLC,veritatis.jpeg
1976-03-03T17:40:45,Europe/San_Marino,1987-03-02,Lorraineview,32898009,Zimbabwe,26.4163965,Kalaallisut,11:56:03,-107.880316,email-57.lynch.net,GB,a3:aa:1e:08:f8:22,1996-12-15 04:53:12,Holden Inc,voluptates.doc
1992-03-22T17:28:03,Asia/Kuwait,1978-02-08,Briggsstad,65828,Taiwan,66.974377,Turkish,20:29:50,-136.190725,srv-83.richardson.biz,GB,10:47:bf:6a:5f:98,1994-06-03 00:31:49,"Khan, Shaw and Scott",iure.ppt
1979-09-28T03:08:48,Europe/Malta,1981-08-29,Terryfurt,70676554,Cambodia,24.728556,Zhuang,15:22:17,127.326243,lt-73.doyle.com,GB,86:84:3e:00:ab:1f,1980-04-05 07:06:48,Smith Group,amet.mp3
2005-03-05T17:26:19,Asia/Dili,1977-09-11,Eleanorfort,89,Panama,-67.720357,Tswana,06:39:20,0.025976,laptop-43.taylor.biz,GB,30:85:51:18:35:59,1996-04-24 07:19:40,White Inc,voluptatem.flac
1981-06-27T10:20:41,Africa/Bangui,1992-03-24,Huntermouth,150260216,Micronesia,89.3089905,Spanish,15:53:19,1.021796,db-37.cunningham-hughes.net,GB,ee:c7:de:55:4a:6b,2003-06-13 14:30:29,Gibson Group,quas.txt
1999-11-29T08:55:12,Europe/Vilnius,1997-12-11,Port Oliverchester,111059223,Montserrat,-15.5969545,Vietnamese,10:24:27,-121.409944,db-83.preston-brown.info,GB,29:ba:b3:0b:c3:ee,1992-02-07 00:46:13,"Gardner, Adams and Taylor",non.doc
1993-10-25T11:28:10,Africa/Niamey,1988-11-09,Port Charlesbury,55372501,Turkey,-19.231237,Irish,05:02:03,-33.039311,db-66.patel-lawrence.com,GB,c5:b6:51:d2:ca:2e,2009-01-07 00:09:51,James Ltd,quod.key
2021-01-17T17:37:12,Asia/Hebron,1986-07-30,Whiteheadport,5,China,85.111820,Romanian,03:08:26,13.649614,laptop-08.williams.com,GB,70:cf:0d:2e:f9:84,2006-11-21 16:21:58,"Smith, Grant and Bolton",facere.xls
1989-09-12T15:35:21,Africa/Kigali,2016-10-04,Carolynland,0,Canada,-81.8020975,Hungarian,21:43:09,-17.109915,db-82.fuller.com,GB,11:77:43:1b:ab:51,2021-06-18 00:16:57,Perry and Sons,dolorem.mp3
2018-01-13T04:55:36,America/Montevideo,1983-11-05,Leighton,935534706,Lao People's Democratic Republic,87.7374105,Hausa,19:28:37,-73.704907,email-64.poole.com,GB,0b:19:7e:e4:97:ec,1970-05-29 00:54:03,Hughes-Price,recusandae.avi
1984-05-17T13:21:26,Europe/Stockholm,1976-10-28,South Sammouth,6,Nicaragua,-62.291583,Afrikaans,07:17:50,0.195832,lt-20.taylor.com,GB,00:bc:6c:02:c4:2b,1976-08-01 14:45:52,Carter-Clarke,temporibus.mp4
2011-12-25T19:14:32,Europe/Berlin,1984-10-01,New Jordan,6711163,Portugal,9.6293795,Luba-Katanga,10:18:10,22.909731,lt-35.parker-jones.com,GB,69:a2:b4:dc:63:7b,2012-08-13 20:23:38,Todd LLC,nesciunt.xlsx
2012-10-16T08:12:42,Asia/Colombo,2021-01-01,Toddstad,7,United States Virgin Islands,-69.2620855,Dutch,00:23:23,9.700934,web-08.white-mills.com,GB,03:0b:2f:9c:9d:49,1983-11-29 15:57:38,Watson-Newton,reiciendis.numbers
1986-05-30T12:40:57,Europe/Warsaw,1974-06-24,West Suzanne,42,Czech Republic,-56.827490,Marshallese,09:23:32,-27.830953,web-61.lee.com,GB,d0:ec:5c:95:71:a9,1973-08-27 17:59:39,Jones Ltd,voluptatibus.js
1972-07-13T22:47:59,Pacific/Galapagos,2002-08-03,Paulineside,6,Egypt,22.291756,Uzbek,02:02:48,-141.293670,db-31.miller-thompson.co.uk,GB,07:8d:2d:7d:9e:e4,1990-08-18 07:26:11,Morris-Kelly,sapiente.png
2014-04-24T00:29:34,Europe/Minsk,2003-04-13,North Luke,1611,Kenya,-46.914960,Korean,18:49:57,-100.689184,db-90.smith-davis.info,GB,32:61:b3:08:f4:46,2016-10-15 18:39:18,"Brady, Cooke and Gordon",assumenda.bmp
2003-04-14T17:16:06,Asia/Damascus,1973-12-26,Hewittberg,916944420,Liechtenstein,0.0808555,Sardinian,10:15:19,29.155720,web-06.wood.info,GB,0f:90:60:a3:55:7a,2014-08-18 02:28:54,"Webb, Howe and Davies",nostrum.png
1997-04-19T00:52:01,Europe/Prague,1989-10-16,Greenport,82437,Cambodia,-4.662778,Quechua,00:24:28,152.593584,desktop-00.payne.biz,GB,02:44:c9:e5:7d:2f,1970-06-25 07:09:03,"Singh, Barnes and Tucker",voluptatum.tiff
1993-09-23T14:14:07,Africa/Dakar,2012-12-30,Lake Anna,129112294,Antigua and Barbuda,-61.320733,Thai,19:52:10,-101.693739,web-57.alexander-ellis.com,GB,81:e2:19:f9:30:26,2017-12-17 00:32:13,Rowley-Jordan,itaque.png
2007-05-01T07:26:57,Europe/Brussels,1974-03-06,Clarkside,26125,Argentina,30.105551,Georgian,21:31:53,35.174028,desktop-88.newton-howard.info,GB,5b:63:c2:db:bd:ff,1975-10-22 10:09:17,Howarth-Duncan,sunt.mp4
2018-02-07T00:01:43,Asia/Dili,1974-07-06,Gavinshire,767,Fiji,-14.816711,Tsonga,08:17:29,118.333396,desktop-67.mcdonald-brookes.com,GB,cd:b1:8a:c9:c0:98,1980-01-19 09:17:37,Brookes LLC,quisquam.pages
1987-03-30T09:34:36,Europe/Tirane,1975-08-20,Robertsbury,8838,Canada,43.5922685,Armenian,22:15:59,-125.184913,srv-62.farmer.com,GB,1a:96:df:fa:c3:fa,1999-11-22 03:57:02,"Swift, Young and Gould",soluta.mp3
2012-01-11T06:39:14,Asia/Manila,2016-04-28,North Francis,8560,Tanzania,-10.913582,Luba-Katanga,13:13:09,23.711909,srv-23.simpson.com,GB,2c:ad:35:b8:bf:8a,2020-01-16 03:25:27,"Smith, Saunders and Evans",quis.flac
2002-08-26T00:44:53,Europe/Amsterdam,2004-08-13,Jenningsfort,3729245,Palestinian Territory,30.748722,Slovenian,06:32:36,55.676903,web-13.haynes-price.co.uk,GB,f3:1d:04:5d:da:1c,2011-03-13 06:31:18,Lee Ltd,error.wav
2006-10-28T04:27:57,Africa/Harare,2017-07-25,Patelmouth,6474982,Estonia,16.9165125,Vietnamese,05:42:18,-93.925172,web-55.arnold.com,GB,90:02:2f:23:18:1b,1984-10-05 11:45:19,Moore-Stevens,perferendis.odp
1970-06-17T03:28:04,Europe/Skopje,2013-06-27,Saundersville,67766150,Saudi Arabia,-13.443355,Ewe,16:04:41,142.342106,web-30.woodward.biz,GB,10:f1:78:25:aa:52,1973-08-29 19:24:46,"Storey, Hodgson and Gibson",odio.txt
1974-05-22T08:09:28,Asia/Riyadh,1998-10-04,Port Ryanton,67,Timor-Leste,-21.3107985,Latvian,16:52:39,-9.205440,lt-17.patel-oliver.com,GB,3c:9d:57:e2:b9:5c,1988-05-11 17:08:23,"Thomas, Lloyd and Hill",voluptate.xlsx
1998-04-18T23:48:29,Africa/Bamako,2021-09-05,Marshallhaven,29,Zimbabwe,-43.4896425,Fulah,21:48:35,66.602278,db-86.thomas.com,GB,a3:a2:42:17:1b:30,2017-02-04 00:29:42,Bevan-Jones,laborum.jpg
1986-05-26T16:17:41,America/Guyana,1971-08-13,East Owenton,37831,North Macedonia,76.3146855,Interlingua,05:47:37,-158.327754,laptop-10.taylor-green.com,GB,82:88:8a:97:6f:63,2011-12-24 04:22:19,Norman-Edwards,quisquam.doc
2007-07-12T04:29:34,Asia/Bangkok,2023-05-20,West Gerard,61789,Trinidad and Tobago,65.324999,Dutch,10:07:57,-123.717832,lt-55.allen.net,GB,42:df:67:f8:d8:f2,1998-08-15 19:16:39,Allen Inc,tempora.json
2016-01-05T06:33:57,Asia/Seoul,2013-03-10,Adamsbury,54,Western Sahara,30.027188,Bulgarian,14:09:03,101.215272,laptop-58.marshall-tucker.biz,GB,24:3d:d3:1c:10:39,1977-04-23 08:56:32,"Hurst, Watson and Jones",aspernatur.ods
1993-07-23T02:35:10,Atlantic/Reykjavik,2010-07-26,Boothburgh,158,Norway,41.4456585,Tajik,10:49:58,165.151099,laptop-34.clark.net,GB,dc:73:07:b4:97:73,1973-10-06 20:59:26,Barrett LLC,illo.key
2020-04-21T04:32:45,Europe/Bratislava,2008-05-05,Lake Bernard,61274073,Jordan,-47.327342,Somali,07:22:27,60.481601,db-56.summers.com,GB,53:75:da:3a:2c:a7,1974-10-24 00:47:56,"Adams, Bell and Jones",magni.jpeg
1980-01-29T15:33:15,Pacific/Easter,1989-03-20,North Frankview,52684,Fiji,-3.802665,Manx,08:10:35,-45.357408,laptop-14.saunders.info,GB,60:7a:4f:8c:72:c6,1972-08-27 20:30:36,"Singh, Hutchinson and Gibbs",perspiciatis.doc
1977-06-20T03:39:53,America/Costa_Rica,1991-02-12,Thompsontown,7743,Brunei Darussalam,81.4028915,Tagalog,18:46:31,-14.826071,email-84.naylor.info,GB,bf:be:21:4a:9c:28,1970-04-15 09:58:48,"Barnes, Green and Hussain",dicta.doc
2007-07-25T10:31:45,Europe/Dublin,2008-11-01,Lake Lydiaberg,3105,Micronesia,-85.7905695,Swedish,05:13:22,36.278674,lt-98.skinner.net,GB,9f:fe:42:c8:b6:26,2007-03-08 12:00:23,Smith-Sims,repellendus.txt
2002-02-11T13:03:19,Europe/Sarajevo,1999-04-15,East Suzanne,7832,Sierra Leone,-59.979151,Venda,00:00:54,77.728640,web-60.baxter-ward.info,GB,2e:f8:04:77:24:7e,2015-03-26 13:42:02,"Bentley, Shepherd and Watts",deserunt.flac
2010-10-30T20:51:38,Asia/Kuwait,2007-10-02,North Elliotview,69174,Angola,-59.1833545,Latvian,06:34:51,128.258471,db-36.baker-johnson.info,GB,a9:d2:87:79:06:f3,1986-04-02 17:55:16,Moore and Sons,inventore.tiff
1981-06-14T01:55:32,Asia/Nicosia,2019-07-12,North Kerry,5284,Trinidad and Tobago,-73.5256555,Mongolian,22:56:24,105.979509,lt-45.bibi-gill.org,GB,80:fb:61:2e:d6:18,1983-08-12 00:06:23,Wilson-Harris,eum.json
1992-02-19T01:05:10,Pacific/Funafuti,2020-07-31,Tinaton,488,Holy See (Vatican City State),-62.540194,Ukrainian,04:20:33,134.066029,email-86.coles.org,GB,e6:d8:c6:f9:15:ba,1971-11-04 16:35:57,Khan-Price,nam.js
1971-03-07T22:07:05,America/Paramaribo,1981-10-09,Foxfort,8,New Caledonia,39.7184385,Slovenian,04:45:11,-86.105985,laptop-16.brown.com,GB,78:a4:25:70:a8:15,1979-01-16 23:21:47,"Mills, Reed and Jones",sunt.wav
2009-09-09T11:50:04,Africa/Accra,1973-12-12,Wayneport,609561356,Ukraine,52.5389145,Chuvash,13:45:16,-7.862100,srv-58.godfrey.com,GB,70:04:bb:57:2a:e2,1989-10-12 21:14:32,"Smith, Weston and Watson",ipsum.flac
1974-01-10T19:30:56,Europe/Paris,2003-10-30,Elliotville,64029218,Niue,-75.9911115,Ndonga,02:37:24,-31.068331,laptop-66.carter.com,GB,94:81:b1:b0:aa:88,2017-01-14 01:52:03,Buckley Ltd,blanditiis.csv
1994-12-22T00:48:06,Asia/Ulaanbaatar,2020-04-19,Judithshire,922149,United States Minor Outlying Islands,10.2312655,Sichuan Yi,19:58:23,122.534405,laptop-09.holland.org,GB,f3:67:0f:3c:71:5b,2003-10-03 02:04:30,Holt-Grant,quisquam.pages
1975-08-14T22:08:26,Pacific/Chatham,1999-02-06,New Paula,66182,Faroe Islands,26.394378,Finnish,16:16:57,98.424311,web-11.wyatt-houghton.com,GB,04:a2:ba:fe:49:38,2012-11-27 12:26:25,Watson Ltd,possimus.jpg
2001-11-03T19:13:52,Pacific/Guadalcanal,1990-10-26,Barkerfort,456735302,Western Sahara,37.330346,Korean,12:51:40,-142.474269,db-67.ward-clements.biz,GB,04:6a:c0:17:a5:37,1995-12-21 20:50:45,Scott-Griffiths,illo.wav
2001-03-29T20:08:25,Africa/Freetown,1970-11-09,Wilsonview,96030357,Malta,-64.8511755,Wolof,01:37:43,-105.458524,desktop-36.richards.com,GB,5a:ca:f2:49:8f:d9,2021-05-18 12:19:58,Anderson and Sons,dolorum.mov
2020-09-20T16:00:56,Europe/Belgrade,1987-10-07,Neilside,69,Niue,36.631728,Faroese,12:12:21,-90.667937,laptop-80.smith-wong.info,GB,00:a9:20:a8:c1:1d,1985-12-14 18:05:48,"Smith, Crawford and Stephens",accusamus.mov
2001-06-03T14:15:00,Pacific/Guadalcanal,1993-02-12,East Claire,19479340,Cayman Islands,60.2866265,Komi,08:46:30,-43.414192,desktop-33.williams.biz,GB,b0:1c:58:d6:3c:fb,2017-12-23 00:57:31,"Mason, Patel and Watson",molestiae.mp3
2014-03-16T15:46:07,Europe/Belgrade,1986-08-12,Marieside,68547,Swaziland,-59.570103,Corsican,09:00:38,162.584102,email-03.blackburn-allen.com,GB,e3:c3:8b:4b:ba:16,1972-10-09 08:58:55,"Smith, Atkinson and Farmer",reiciendis.txt
1975-05-24T10:45:21,Pacific/Kosrae,1987-07-30,South Robert,61152,Guadeloupe,-43.045976,Corsican,02:19:59,52.199541,web-31.mccarthy.biz,GB,ad:2c:66:57:e2:13,2009-11-18 09:20:13,Holden Inc,neque.wav
1970-05-26T17:32:19,Indian/Comoro,2022-08-02,Goddardton,4131844,Congo,7.247188,English,08:45:44,67.545703,desktop-16.marsh.com,GB,3e:b4:e3:4d:46:92,1986-01-14 05:10:28,"Roberts, Fisher and Butler",libero.json
1994-11-20T00:12:02,Pacific/Guadalcanal,1972-04-05,Karlshire,41,Bahamas,1.8504835,Sanskrit,23:30:40,-52.943660,srv-51.sanders.info,GB,80:bc:8c:42:70:be,1998-01-07 03:23:59,Richardson-Nixon,iste.jpg
2016-03-28T00:31:07,Asia/Ashgabat,1987-11-29,East Danielburgh,34129,Solomon Islands,84.094887,Zhuang,12:48:07,162.799908,desktop-19.griffiths.com,GB,0b:26:54:31:83:59,2022-08-05 02:56:17,"Rowley, Butcher and Harris",cum.mov
1993-01-17T23:59:45,Europe/Berlin,2013-12-20,Wallacetown,92573,Denmark,-47.6886325,Sinhala,23:53:00,171.893753,desktop-98.hope.com,GB,98:76:4f:49:08:53,2018-03-25 23:49:39,Woodward-Finch,laudantium.png
1983-04-24T13:02:10,Africa/Bujumbura,1973-09-19,East Carol,89,Central African Republic,-50.4726405,Nepali,03:54:27,167.409360,desktop-16.parkinson.org,GB,78:11:a7:57:2a:ee,1985-05-22 11:24:43,Shaw-Mellor,ducimus.bmp
2000-08-22T01:57:53,Asia/Karachi,1995-04-22,South Gordonburgh,8417919,Hungary,71.358418,Panjabi,14:51:14,118.873085,lt-17.nolan.com,GB,fe:62:c2:03:f6:30,2012-01-17 09:30:50,Kennedy LLC,doloremque.avi
2010-08-07T01:09:08,Asia/Singapore,2000-08-22,Ryanmouth,198480,Ethiopia,39.8966985,Igbo,02:32:31,18.906728,laptop-58.savage.com,GB,d8:7c:77:c8:4d:ba,1984-11-11 16:13:50,"Hayward, Moore and Adams",minima.numbers
2003-05-28T07:08:23,America/Montevideo,1989-12-23,Chamberlainview,521825,Martinique,85.6018595,Inuktitut,23:51:40,166.956221,lt-55.patel.com,GB,69:e1:a7:26:c0:95,2009-05-22 13:53:01,Harris Ltd,repellat.wav
1995-09-22T21:45:49,America/Paramaribo,2018-11-06,East Bethan,379279585,Peru,20.0950415,Corsican,02:56:33,156.535137,srv-68.butler-howard.org,GB,0c:ac:72:2b:27:f6,2006-09-17 11:10:41,"Taylor, Grant and Jennings",quae.flac
2013-02-23T15:18:52,Indian/Maldives,1977-06-10,Fosterport,39740,United States of America,-18.112806,Occitan,10:23:28,133.074953,email-50.henry.biz,GB,81:c1:b7:7c:0a:ed,1972-10-29 11:33:17,Dennis-Hunter,corporis.flac
1995-04-18T14:04:47,Asia/Calcutta,2006-06-08,Storeymouth,990,Algeria,13.381509,Tatar,01:36:17,141.010605,srv-40.baker.org,GB,e8:06:1f:60:78:80,1990-04-12 12:01:01,Wells and Sons,voluptate.avi
1982-12-28T14:13:06,Asia/Beirut,2018-07-05,East Shannon,268,Mozambique,61.9054675,Tswana,00:21:32,31.230714,db-49.lawrence-tyler.com,GB,ef:d8:22:df:f7:1b,2010-07-14 16:24:11,"Saunders, Smith and Roberts",architecto.webm
2004-10-29T02:33:39,Europe/Oslo,1989-04-09,New Lynn,812,Ecuador,-16.9669945,South Ndebele,16:52:19,-44.679945,desktop-96.clark.com,GB,9d:16:cd:3a:3b:a6,1978-01-18 23:18:06,Martin Group,tempora.html
1985-11-05T17:58:23,Asia/Bishkek,1979-08-24,Lake Carole,7,Spain,56.612056,Korean,05:07:32,30.686939,lt-88.reid-davies.com,GB,97:bf:d9:3b:ce:0c,2022-11-23 01:25:17,"Shepherd, Davies and Higgins",necessitatibus.mp3
2008-09-12T19:15:15,Africa/Luanda,1987-09-03,North Jeffreyshire,31722,Maldives,62.4331235,Indonesian,13:14:25,-55.608301,db-40.todd.info,GB,1e:f5:32:5b:d5:45,1999-10-05 11:17:46,"Walton, Evans and King",veritatis.html
1985-12-15T08:38:48,Pacific/Nauru,2008-09-10,East Ashley,9060833,Liberia,-55.3544985,Limburgan,20:11:21,109.332167,srv-97.martin-wright.com,GB,e6:88:84:a9:51:10,2019-02-18 13:01:34,Sinclair Group,laudantium.json
1980-08-13T08:46:46,America/Jamaica,1998-11-07,Lake Francescaville,1321,Yemen,55.088116,Aymara,15:49:10,97.304971,laptop-79.richards.com,GB,02:8d:72:53:91:38,1986-04-18 04:22:29,Fletcher-Bolton,accusamus.mp4
1980-02-13T03:25:32,Asia/Tbilisi,2007-03-28,Port Sandraburgh,475140687,Niger,13.517794,Bihari languages,06:36:14,23.577536,desktop-01.walker.info,GB,ea:fd:8e:36:75:1e,2015-10-19 00:44:18,Smith-Hunt,possimus.tiff
2011-04-15T00:11:57,Africa/Lagos,2016-08-29,Graceside,19562592,El Salvador,52.2259865,Macedonian,00:57:52,73.578030,desktop-88.green.com,GB,dc:32:4e:ef:5a:b7,2018-01-07 22:00:08,Carr Group,ipsam.avi
1986-11-16T02:38:37,Africa/Dakar,1979-06-23,Palmerton,90,Bosnia and Herzegovina,15.2620655,Venda,05:44:44,-108.412854,web-61.thompson-williams.com,GB,02:77:f3:01:dd:44,1992-07-14 12:04:56,Jones-Field,error.mp3
1987-02-09T10:48:56,Asia/Bahrain,2005-09-27,South Francestown,26359207,Australia,-36.038344,Bosnian,20:56:21,73.218117,email-05.patel.info,GB,90:b3:76:41:22:39,2003-02-22 03:27:00,"North, Gibbs and Lee",impedit.json
1993-06-19T19:02:56,Asia/Tashkent,2020-10-23,South Paula,32,Macao,35.1928205,French,20:29:19,129.567773,email-25.stanley.com,GB,98:a1:5c:b6:4f:7a,2000-09-02 06:23:51,"Watts, Walker and Watson",voluptas.flac
2002-07-30T01:57:43,Pacific/Auckland,2006-11-12,Kellyburgh,6866851,Gibraltar,-59.919047,Telugu,18:44:36,108.690459,srv-75.fisher.org,GB,44:68:f4:06:3b:de,1986-01-24 17:15:15,"Dickinson, O'Brien and Horton",illo.gif
1999-04-29T10:03:11,Africa/Windhoek,2005-07-21,Leighside,8720,Estonia,-89.8954355,Arabic,08:13:58,-116.387099,srv-78.dixon-stone.com,GB,2f:12:6e:68:08:fd,2020-12-28 04:24:57,"Wilson, Johnson and Robson",ratione.bmp
2004-09-12T04:44:18,Indian/Comoro,1983-05-21,New Kyle,47171,Kyrgyz Republic,68.395478,Aymara,06:20:21,124.448902,db-22.hayes-james.net,GB,76:d0:7b:f6:86:ae,1980-12-05 05:44:12,"Douglas, Fuller and Davidson",quidem.csv
2010-02-13T03:45:35,Asia/Brunei,1994-04-03,Mossview,4,Reunion,-64.0083305,Telugu,18:56:53,7.259738,email-97.smith.biz,GB,ee:e8:cd:4d:63:28,1985-02-24 19:17:09,Cooper Ltd,dignissimos.bmp
2020-09-26T17:08:50,America/Dominica,2012-01-14,Port Francis,9,Botswana,-53.949785,Turkmen,01:48:10,-90.582265,laptop-97.martin.org,GB,4e:95:d5:97:5f:49,2003-12-15 00:57:42,"Hussain, Stanley and Hayes",placeat.mov
1982-05-08T07:20:04,America/Halifax,2009-12-28,Port Sianborough,343240,Belgium,-60.0708925,Bashkir,18:35:06,-118.233208,email-39.whitehead-king.com,GB,ff:42:85:9b:20:cc,2015-03-07 02:15:05,"Schofield, Parker and Edwards",fuga.mp4
1990-11-17T20:37:25,Africa/Sao_Tome,1988-11-03,East Lesley,38,Italy,-77.444158,Galician,23:20:32,163.973089,laptop-83.smith-newman.com,GB,75:62:66:20:db:81,2018-08-24 04:49:24,Williamson PLC,minus.csv
1977-06-25T20:16:06,Europe/Tallinn,2022-01-25,Emmaborough,943,Cayman Islands,-38.0653095,Luxembourgish,03:24:17,-19.622992,web-65.bennett.com,GB,c6:88:e4:79:15:d0,2020-12-11 05:56:16,Lee-Roberts,culpa.flac
1985-10-05T17:46:55,Asia/Bishkek,2022-10-04,North Mitchellburgh,506605991,Dominica,-74.224622,Fulah,02:23:17,11.670618,web-97.taylor-preston.com,GB,5f:f9:39:d5:8e:9e,1999-11-28 21:14:57,Matthews PLC,a.gif
1971-02-02T18:01:01,Africa/Asmera,2001-04-21,North Beverleyberg,327603,Iceland,-12.537053,Uzbek,18:47:50,-14.768715,web-47.harvey.net,GB,1e:e6:7f:ae:c1:19,2020-12-08 04:25:22,Bray Inc,rem.js
1977-03-17T20:29:00,Asia/Amman,1981-12-09,Begumland,35029,Bosnia and Herzegovina,-27.857049,Bulgarian,19:45:32,-83.940416,db-77.west-martin.biz,GB,61:ad:70:b4:e0:b9,1983-05-27 01:27:58,Parry-Walker,exercitationem.flac
2020-09-08T17:04:17,Europe/Malta,1993-09-15,North Jasonstad,92,Mongolia,6.8060415,Romansh,22:22:10,20.200629,web-10.chapman-morgan.com,GB,1e:fc:63:8c:a3:f5,1994-07-15 03:23:55,"Wright, Pearce and Howell",repudiandae.mov
2010-10-30T22:51:14,America/Guatemala,1999-10-09,Parsonsport,5,Myanmar,76.141657,Vietnamese,06:38:39,113.337105,db-25.evans.com,GB,a8:ef:da:47:2f:b0,1999-09-23 21:59:37,Kemp-Thomas,quisquam.flac
2002-06-28T01:07:43,Asia/Baku,2008-06-05,Port Simonview,19246881,Gabon,6.612052,Bashkir,23:00:48,175.268688,email-11.james.com,GB,74:11:72:d6:20:b0,1997-01-21 16:20:50,Bartlett-Rees,ducimus.txt
2014-12-02T06:16:13,Asia/Seoul,1978-12-19,New Carolynborough,111448307,Turks and Caicos Islands,3.718950,Sango,03:16:42,-5.269109,web-42.ward.com,GB,e5:b4:af:c0:4d:b5,1989-05-29 03:35:54,Ross-Clark,inventore.mp4
1988-02-03T22:28:37,Asia/Seoul,1979-09-10,Brownmouth,8892300,Nigeria,27.104468,Polish,14:14:36,-110.816948,lt-98.hughes-charlton.com,GB,41:39:fa:0e:7e:89,1995-05-28 11:43:28,Bailey-Webb,dolores.mp4
2021-11-09T21:24:44,Africa/Kinshasa,1981-10-27,Bruceborough,674159,Egypt,62.290269,Kashmiri,19:16:39,176.598990,web-58.donnelly.com,GB,78:0a:74:50:05:52,1985-10-07 20:23:18,Moran-Stewart,molestiae.png
2008-01-17T14:12:28,Europe/San_Marino,2000-08-28,North Zoe,8471,France,-11.0821805,Catalan,20:12:17,176.881928,desktop-77.finch.com,GB,d0:bd:1e:4c:9c:46,2004-10-01 05:29:42,Thompson Group,quibusdam.csv
1971-04-11T02:12:06,Europe/Berlin,2017-10-07,Reesmouth,88346,Peru,-42.636377,Croatian,01:08:49,96.019158,web-11.jones-hancock.com,GB,fa:20:b3:45:13:dc,1991-05-19 14:07:43,Brown Ltd,dignissimos.mp3
1997-03-17T12:57:40,Europe/Bucharest,1992-01-31,South Jaketon,328439,Bolivia,41.904477,Tibetan,02:20:15,-161.719889,lt-34.atkinson.biz,GB,8d:4b:0f:6d:a8:ec,2009-05-02 22:19:56,Higgins PLC,quos.pages
1979-12-16T06:25:02,Asia/Phnom_Penh,1991-11-06,Harveystad,91601,Peru,-2.151511,Macedonian,17:02:58,-154.903353,db-16.burke.com,GB,80:a5:80:51:f1:58,2001-03-27 12:25:00,Simpson-Thompson,aliquid.flac
2020-07-01T18:41:24,America/Dawson,1984-11-09,South Janetville,3261567,Cook Islands,18.2080145,Herero,00:30:57,74.165009,laptop-05.connolly-davies.biz,GB,c0:b7:bd:8d:8e:40,2008-03-10 15:22:05,"Connolly, Smith and Boyle",iste.mp3
1978-06-09T00:36:12,Africa/Lome,2010-11-22,Francestown,975,Norfolk Island,56.7697705,Church Slavic,16:15:03,7.850526,web-86.jordan.net,GB,22:25:ea:12:c0:c9,1984-03-07 09:59:54,Roberts-Walker,enim.mov
1970-03-09T02:37:58,Europe/Andorra,1989-06-22,New Nathanport,349,Solomon Islands,87.1023145,Marathi,18:09:32,79.152060,web-74.thompson.com,GB,7f:d4:c1:6e:5c:ad,1988-01-29 10:36:11,Robinson-Lamb,doloremque.ods
1988-02-17T08:31:02,Europe/Tirane,2022-05-20,South Jessicamouth,9,Papua New Guinea,42.889865,Kinyarwanda,03:02:55,-149.574276,db-58.davis.com,GB,62:e5:d8:49:45:84,1983-10-25 01:00:35,"Wilson, Slater and Bailey",officiis.png
1973-03-07T05:40:03,Asia/Ulaanbaatar,1970-02-12,Robertburgh,43089,Saudi Arabia,-69.401533,Zulu,10:14:56,-17.674622,desktop-02.holmes.com,GB,71:a9:a4:18:0c:4a,2004-04-17 03:05:15,Thompson-Thompson,fugit.json
2007-04-03T11:59:11,Pacific/Auckland,2013-02-14,South Darren,5122971,Greece,88.082002,Quechua,16:25:20,167.813577,srv-13.davies.com,GB,27:e2:a9:01:18:60,2000-06-19 19:20:20,"Joyce, Brown and Brady",ullam.avi
2000-03-30T15:56:19,America/Swift_Current,1988-06-17,North Sheilaville,58891,Yemen,-44.5217565,Spanish,12:27:13,-102.776009,email-03.russell.com,GB,85:ec:88:9e:83:30,2019-11-25 01:10:04,Marsh PLC,voluptatem.doc
1976-08-13T03:42:34,America/North_Dakota/New_Salem,1983-07-25,Dixonview,7744,Korea,-54.8983985,Oromo,01:15:30,-80.084912,email-23.roberts.biz,GB,64:67:14:07:51:1a,1991-05-30 11:04:15,"Thornton, Morgan and Hughes",reprehenderit.wav
1972-12-08T14:03:07,Asia/Vientiane,1973-03-03,Stanleyborough,3046314,Philippines,-72.1656265,Hausa,23:02:21,1.174843,laptop-30.dean.com,GB,11:6f:86:58:8f:9b,1973-06-10 06:01:05,Lewis-Gardner,incidunt.pptx
1996-09-18T09:13:14,America/Regina,2017-10-19,Jamiemouth,72493,Greece,37.992098,Twi,04:08:45,70.469454,web-08.oneill.com,GB,6b:be:36:9c:05:d8,1972-10-19 11:20:30,Jones-Walker,impedit.gif
1979-04-12T11:10:56,Pacific/Tongatapu,1993-05-09,Ameliaburgh,22446410,Finland,-5.0795305,Kinyarwanda,15:19:10,-160.806557,email-83.miller-holden.org,GB,d3:bc:cb:65:6c:07,1987-11-09 02:26:16,"Thomas, Reed and King",sapiente.mp3
1990-01-04T23:02:19,Europe/Tallinn,2001-01-26,New Valerieport,3803,Netherlands Antilles,-48.481984,Ndonga,03:31:23,-175.048982,laptop-84.abbott.com,GB,7e:1c:b6:b2:27:37,1992-07-08 18:10:56,Davis Inc,velit.avi
2000-01-31T12:29:57,America/Nome,1995-02-12,East Janiceside,7043,Cameroon,31.240166,Pali,20:01:34,62.449620,laptop-60.barnes.biz,GB,03:6d:95:e1:a1:24,1980-03-28 17:38:08,Oliver-Fry,dignissimos.mp4
1992-07-26T22:18:27,Asia/Dhaka,1974-06-05,Jayville,694502343,South Georgia and the South Sandwich Islands,66.4415035,Urdu,03:30:22,-35.352391,srv-55.smith.co.uk,GB,d1:e6:16:dc:14:d7,1993-10-20 18:22:30,Bolton-Long,sequi.webm
2017-11-15T10:46:29,Africa/Porto-Novo,1971-08-03,Kerryview,1,Tunisia,-72.449412,Gujarati,05:01:49,-41.557557,db-99.barnes-giles.biz,GB,3a:76:ff:e5:44:21,2012-05-26 05:01:24,Johnson-Brown,delectus.xls
2004-05-24T02:39:35,Europe/Lisbon,1983-02-05,Jenkinsburgh,94084,Antigua and Barbuda,-4.921469,Estonian,01:25:21,-108.314916,web-47.owens.com,GB,65:d2:79:52:a6:c5,1998-07-17 02:16:50,"Wilson, Osborne and Booth",vel.bmp
1972-02-18T09:44:00,Asia/Kabul,2009-02-28,Hansonstad,91472759,Liechtenstein,-14.554683,Kurdish,03:36:59,149.476777,srv-10.harper.biz,GB,cb:d4:3d:3b:20:8b,1986-05-01 00:35:51,Sinclair-Chambers,dignissimos.mp4
2004-08-17T21:10:22,Europe/Vilnius,1980-07-04,East Francesview,66,Solomon Islands,67.457814,Vietnamese,18:40:50,79.733476,web-64.read-moore.co.uk,GB,c6:15:c0:3b:42:43,1983-10-14 04:51:17,"Black, Booth and Rose",adipisci.jpeg
2000-06-06T23:08:43,Asia/Seoul,2005-06-15,Alexfort,26,Burkina Faso,-85.3574695,Avestan,12:27:47,-9.912780,lt-72.king.com,GB,50:29:84:82:73:f1,1987-02-12 00:57:16,O'Brien LLC,aliquam.xls
2023-01-07T15:24:32,Africa/Bujumbura,2004-06-11,New Denise,795126,Mongolia,57.3677835,Lithuanian,17:33:28,-43.158414,desktop-07.gallagher.com,GB,75:64:8e:2f:ec:f5,2001-12-27 19:51:26,Bryant-Dunn,optio.js
1989-07-23T06:31:39,Africa/Porto-Novo,1971-02-25,Olivertown,240412249,Burkina Faso,46.6969895,Maltese,00:48:41,107.790962,lt-28.summers.org,GB,15:16:78:cc:d7:95,2017-03-10 08:45:58,Higgins-Hutchinson,qui.ppt
1997-09-24T06:09:56,Pacific/Chatham,1976-02-16,Williamsborough,6058400,Austria,-31.128617,Tahitian,13:42:58,-1.570699,db-82.harris.info,GB,ee:5f:e4:f0:ff:bd,1977-03-30 03:44:26,Brennan LLC,ullam.mp3
1975-12-08T22:02:07,Africa/Kampala,1984-06-25,Lake Ronald,446,Kuwait,-0.8917545,Hausa,23:11:01,-54.316197,email-51.wall.org,GB,5e:70:b3:0f:68:66,1974-12-17 12:54:17,"Lee, Graham and Bennett",rem.jpg
1977-10-05T05:21:30,Pacific/Fiji,2010-02-01,Timothyshire,300,Reunion,-22.812056,Tamil,04:29:08,-80.784049,db-06.walters-reynolds.biz,GB,21:37:0c:1b:a3:f0,1974-08-07 00:46:34,Walker Ltd,incidunt.pptx
2018-02-28T06:44:10,Europe/Monaco,1986-06-29,North Hollyberg,2464525,Cocos (Keeling) Islands,62.7723765,Kinyarwanda,12:14:54,-158.705977,web-13.newton-moore.org,GB,a1:96:29:84:dd:85,2010-02-17 06:10:28,Burton-Farrell,id.gif
1981-10-18T06:35:08,Africa/Algiers,1989-03-15,Port Simonfurt,42,Panama,22.0501475,English,04:44:39,122.626397,db-29.harrison-mcdonald.org,GB,5b:00:09:4b:f8:46,1988-05-01 11:02:25,Brown LLC,excepturi.txt
1978-10-05T22:12:10,Asia/Vientiane,1988-10-26,Davischester,419972,Palestinian Territory,-78.1055565,Hiri Motu,03:56:55,-158.805170,email-69.kelly-baker.com,GB,ec:fa:34:ca:fd:88,2006-06-17 05:26:44,Webb PLC,necessitatibus.flac
1973-04-28T12:54:36,America/Paramaribo,1981-02-23,Aaronland,924676729,French Polynesia,50.239340,Kongo,01:35:53,67.458890,lt-24.smith-briggs.co.uk,GB,8c:9c:d5:e2:4e:78,2017-01-17 17:19:49,Harris-John,rem.html
1974-11-12T08:31:35,Europe/Riga,1980-12-11,South Lindseystad,663213,Bahamas,20.8600705,Lithuanian,04:13:34,-24.486511,db-20.gill.com,GB,6f:05:8d:44:93:4c,2006-09-12 17:46:41,Morris-Ward,nihil.js
1993-03-31T16:23:21,Europe/Podgorica,2008-12-12,West Joycemouth,65,Liechtenstein,-42.682207,Welsh,22:24:31,-9.076589,desktop-53.harris.org,GB,51:dd:5e:39:53:32,2014-03-07 12:59:03,Jones-Elliott,quod.mov
2019-04-16T10:19:00,Africa/Porto-Novo,2008-04-12,Lake Graham,477775032,Hong Kong,49.0307835,South Ndebele,01:19:15,108.127106,db-26.griffin.com,GB,77:05:ca:75:53:56,2017-11-07 08:45:22,"Phillips, Cooper and Burke",aperiam.mp3
2009-01-21T02:20:19,Asia/Tbilisi,1971-08-03,Katyburgh,792652,Mali,-9.0014355,Croatian,10:52:07,173.841831,web-55.king.com,GB,a5:16:c0:32:80:26,1981-10-21 23:41:46,"Foster, Hughes and Kerr",impedit.avi
1991-02-27T06:36:06,Asia/Seoul,1971-03-29,Teresabury,46,Niger,-29.163639,Bashkir,02:41:40,91.239339,srv-20.thompson-berry.org,GB,00:d1:3f:f2:6c:5b,1988-02-01 22:13:15,"Wright, Reid and Holden",enim.css
1982-11-10T21:08:07,Pacific/Ponape,1988-02-19,Lake Scott,26,Kuwait,65.407112,Bambara,16:01:34,-3.760945,lt-05.martin-jones.net,GB,36:1d:fb:4e:6d:e4,1989-06-27 15:52:13,Jones Ltd,optio.mov
2022-05-26T06:34:33,Africa/Mogadishu,2014-12-15,Browntown,42141641,Estonia,-51.9716265,Dutch,07:50:22,-74.751904,laptop-11.barnes.com,GB,fb:e4:35:8c:94:8b,1984-08-29 21:10:09,Rogers and Sons,officiis.png
2020-07-26T04:39:08,Africa/Casablanca,2013-02-26,Guymouth,1,Netherlands,-58.2980695,Malagasy,00:43:11,-50.679466,email-87.smith-riley.com,GB,4f:ce:e6:4f:11:d8,2000-08-25 04:55:45,Curtis LLC,officiis.key
1985-03-07T18:54:55,Europe/Prague,2012-04-08,Janemouth,1633913,French Southern Territories,-59.5864475,Church Slavic,01:42:08,77.968480,db-98.smith-newton.com,GB,2e:67:bc:10:53:63,2021-08-22 09:14:51,Walsh LLC,et.flac
2006-03-20T09:37:36,Europe/London,1996-02-04,Laurashire,142,Guinea-Bissau,-10.9165575,Nauru,15:51:26,19.539928,email-97.williams-williams.com,GB,a4:06:2b:8c:f1:c3,1984-05-05 14:30:58,Clarke-Sanderson,facilis.bmp
2016-05-16T10:46:36,Africa/Harare,1974-06-25,Port Lauren,76258431,Mauritius,-48.0447225,Ojibwa,17:54:00,-127.517000,web-84.cooper-lewis.com,GB,74:5a:2c:6e:41:8e,1988-07-13 06:43:36,Wilson-Walsh,molestiae.webm
2005-03-26T12:26:39,Asia/Hovd,2018-08-29,East Neilport,755673,Swaziland,-55.2400035,Hausa,20:00:24,101.937106,desktop-07.allen-heath.info,GB,46:a6:bc:98:ae:96,2005-02-22 23:47:05,Williams Ltd,possimus.pptx
2018-06-03T18:10:28,Europe/Chisinau,1977-08-10,Port Carl,48,Switzerland,10.0027965,Hiri Motu,17:41:56,-65.816876,srv-19.booth-walters.com,GB,51:3d:69:7d:9e:58,1998-06-16 10:15:31,"Khan, Rose and Greenwood",id.jpeg
1988-05-10T16:03:16,Europe/Budapest,1986-03-04,West June,846,Sri Lanka,44.826577,Uighur,00:26:24,67.850390,email-67.porter.com,GB,98:fe:76:a2:c0:7b,1979-07-04 10:46:36,"Gibson, Matthews and Evans",nam.json
1983-02-05T05:00:13,America/Grenada,1983-01-21,Bradshawview,442235354,North Macedonia,-12.2782625,Romanian,22:43:24,95.820143,laptop-39.collins.com,GB,6c:00:24:67:b1:4c,1977-11-09 17:55:37,"Atkins, Walker and Ward",et.tiff
2004-07-08T22:12:32,Africa/Mbabane,1990-02-27,North Nicola,546,United States Virgin Islands,-38.5088855,Central Khmer,07:38:50,-40.371787,desktop-92.crawford.com,GB,22:a5:2f:92:fb:94,1986-07-10 21:24:59,Charlton-Gould,minima.wav
2007-03-28T02:25:11,Europe/Kiev,2018-11-24,South Guy,88350374,Colombia,-55.9481365,Bosnian,08:03:40,54.423150,lt-78.woods.com,GB,af:85:0a:4d:19:14,1987-02-13 00:10:48,"Lee, Watkins and Ahmed",fugiat.mp4
2008-04-22T17:36:12,Europe/Tirane,1995-11-06,Forsterchester,4427582,Nepal,49.502296,Tonga,21:27:06,-145.479572,laptop-36.cunningham-armstrong.com,GB,61:79:47:3d:55:f4,1973-06-10 03:42:51,Hussain PLC,reprehenderit.json
2017-03-20T20:09:59,America/Guyana,2007-09-17,New Russellport,483398943,Korea,62.8318475,Dutch,21:52:16,174.600000,laptop-57.butcher.info,GB,7c:47:75:1a:a6:93,1972-12-15 01:35:04,Nash and Sons,qui.wav
1970-10-19T19:47:54,Asia/Dushanbe,2002-02-18,Jacksonfort,0,Grenada,-71.789818,Tsonga,15:59:37,-84.365184,srv-92.page.com,GB,44:3a:3f:98:6f:4d,2006-05-08 07:48:18,"Swift, Franklin and Cooper",expedita.wav
1993-11-30T05:30:35,Asia/Baku,2006-06-05,Williamsmouth,702,Egypt,76.900110,Italian,16:08:32,-2.638449,web-23.marsden.com,GB,92:39:1d:49:1d:8c,2016-11-12 04:14:25,Roberts-Stevens,esse.mp4
1975-08-11T04:41:32,Asia/Singapore,2008-11-10,East Lauren,485,Italy,-58.159803,Inupiaq,02:37:58,-34.757504,desktop-27.ellis-williamson.com,GB,7b:b7:34:59:d2:a7,1972-07-11 10:12:07,Hall-King,temporibus.html
1982-12-26T04:23:21,America/St_Lucia,2020-03-16,New Aaron,934,Saint Barthelemy,-7.3343665,Maori,08:53:20,94.718679,web-04.baker.com,GB,1f:52:77:8f:a7:f4,2002-05-09 17:16:42,"Gallagher, Martin and Long",expedita.jpeg
2013-12-15T22:59:09,Africa/Lome,2012-03-10,East Lorraine,811293,Nepal,85.5533205,Ndonga,04:28:28,125.577395,db-13.morris-booth.com,GB,19:7e:8c:00:1c:fb,1998-10-01 13:31:30,"Harper, Adams and Potter",quisquam.avi
1990-11-04T01:21:26,Africa/Luanda,2013-09-09,Ashleyfort,5783793,South Georgia and the South Sandwich Islands,53.0770575,Ojibwa,01:43:00,-63.191629,desktop-53.lyons.net,GB,a7:68:be:30:a6:f2,1981-10-06 23:42:42,Dickinson and Sons,soluta.webm
1999-07-23T10:01:41,Asia/Kuala_Lumpur,1992-12-28,New Mohamed,6,Northern Mariana Islands,-46.4723795,Turkmen,13:43:35,-111.023354,srv-86.griffin.co.uk,GB,b2:0b:02:f8:74:09,1997-07-17 04:31:00,"Webster, Flynn and Griffin",tempore.mov
2016-05-24T23:30:05,Africa/Kigali,1998-12-03,New Jeremy,2855,Mayotte,80.2714225,Fijian,00:24:10,120.696967,web-71.stevens.org,GB,b1:82:e2:19:2b:af,2010-08-28 09:07:04,Duncan-Powell,ullam.bmp
1995-12-25T01:35:56,America/Nassau,2010-04-04,East Frankbury,91112544,North Macedonia,64.075564,Tigrinya,03:19:01,42.497077,lt-30.williams-holmes.net,GB,0d:a9:a4:67:45:66,1981-02-05 15:34:48,Martin and Sons,non.flac
2003-02-20T08:46:44,Asia/Dubai,1992-02-17,West Paige,21727400,Yemen,7.0162305,Xhosa,10:07:51,144.682264,desktop-73.stephens.com,GB,a5:8c:bc:68:fd:0e,1986-05-11 05:32:23,Thorpe-Watson,laboriosam.mp3
1978-09-04T16:55:17,America/St_Kitts,1992-12-25,Ballside,31188,Bulgaria,-44.4376995,Luba-Katanga,07:00:04,138.544475,db-48.harris-lewis.com,GB,cc:f1:71:c4:bd:7a,1993-10-13 04:35:50,Davies LLC,nemo.jpeg
2000-01-02T04:54:31,Pacific/Guadalcanal,2010-05-13,New Andrea,329191529,Moldova,14.1383955,Ndonga,14:37:24,-177.778166,web-45.davies.com,GB,6b:60:05:48:73:b2,2004-01-22 08:14:32,"Nelson, Cameron and Holmes",eaque.mp3
2009-07-22T16:33:43,Africa/Gaborone,2008-11-11,Hayleyport,4,Spain,64.7385395,Georgian,04:54:57,-2.955965,desktop-09.thomson.com,GB,02:2f:c9:6a:39:aa,2021-12-13 08:14:47,Williams LLC,nobis.mp4
2022-05-25T22:37:20,Asia/Kabul,1989-10-27,North Hannahmouth,5364561,Mayotte,-56.503706,Albanian,08:22:20,-12.107503,laptop-60.white-saunders.org,GB,9f:d3:27:3c:ac:0e,2006-10-26 13:21:29,"Hutchinson, James and Horton",distinctio.mp4
1985-07-23T01:04:08,Africa/Libreville,2001-12-04,Anneberg,371,Malta,10.2927895,Panjabi,19:35:08,-96.035146,laptop-05.coleman.com,GB,69:e8:05:19:4e:2d,1983-11-16 05:24:45,Rowe-Page,consectetur.flac
2004-03-29T13:46:41,Europe/Vienna,1980-12-22,Port Tracey,650470374,Guyana,-89.446085,Rundi,10:51:22,-40.850671,srv-32.higgins.com,GB,4a:b4:67:a7:8a:b1,1981-12-19 11:49:44,Hamilton-Harrison,est.gif
2021-10-20T12:45:03,Europe/Chisinau,2004-08-06,Alisonville,36891,Korea,70.721926,Ewe,10:16:47,-140.019555,db-60.robson-burton.org,GB,33:71:c0:e1:d5:0c,1997-08-26 22:43:36,Bailey-Ali,cupiditate.gif
1976-07-29T11:29:20,Africa/Kampala,2021-05-05,Judithland,80646,Belize,-44.376234,Amharic,11:24:06,135.513811,db-30.hall.org,GB,6b:b1:7e:30:d6:14,1991-11-01 06:40:47,Bennett-Frost,quaerat.css
1997-07-25T10:13:27,Asia/Phnom_Penh,1997-10-07,Joanneburgh,6,Poland,18.845254,Walloon,03:02:32,144.307268,srv-88.brown.com,GB,a8:3a:e6:83:13:72,2002-09-14 20:23:29,"Evans, Turnbull and Lawson",voluptates.jpg
1986-04-04T21:53:35,Europe/Belgrade,2014-04-25,North Adrianborough,960157785,French Polynesia,-42.0300675,Urdu,05:26:43,23.820938,laptop-68.owen.com,GB,bf:62:c6:ea:e9:6c,1997-07-06 01:35:50,Brown-Smith,ducimus.flac
2006-12-31T10:30:01,Europe/Budapest,2020-10-26,Lake Conorborough,89054,French Guiana,69.8063515,Navajo,13:23:01,-20.786717,srv-63.williams-jones.com,GB,ef:5b:fc:c6:e2:b6,1986-07-19 21:04:01,"Khan, Lloyd and Quinn",sapiente.jpg
1972-06-09T01:21:52,Africa/Harare,2006-12-06,North Ben,4338,Colombia,-88.169941,Italian,13:27:39,150.730081,desktop-04.parsons-sharp.com,GB,45:3b:33:76:f2:31,1990-11-07 23:38:00,Parry-Palmer,veniam.css
1996-11-11T22:07:45,Asia/Colombo,1979-05-29,Lake Danielle,24390,Niger,75.860648,Sango,08:05:48,2.748145,web-97.chapman-robertson.com,GB,f6:f6:a7:e8:63:80,2015-04-26 18:14:20,"Gray, Sykes and Quinn",nemo.csv
1979-09-25T02:36:30,Europe/Bratislava,1986-03-18,Ellisland,92485,Bosnia and Herzegovina,-28.3104075,Breton,17:40:30,-33.893552,web-90.williamson.com,GB,9b:33:26:4e:5e:59,1990-11-09 23:52:23,Morgan-Burke,molestias.tiff
1981-05-09T10:51:55,Europe/Budapest,1980-03-27,Hazelville,465033793,Lao People's Democratic Republic,34.423762,Cree,04:09:10,81.751809,laptop-76.rose-preston.info,GB,9c:e9:d0:8d:10:9a,1989-09-17 04:21:42,Gill-Berry,doloribus.mp4
2010-04-08T19:17:29,Africa/Abidjan,2014-06-05,Hughtown,25,Trinidad and Tobago,55.403913,Albanian,22:17:23,71.169518,desktop-65.hawkins.co.uk,GB,b3:ff:4b:98:82:fd,2011-12-27 18:54:09,Smith Inc,nam.xls
1988-11-24T13:01:42,Asia/Dubai,2004-02-01,Lake Allanmouth,90424,Dominica,-27.948174,Assamese,21:15:56,-83.384882,srv-27.ferguson.com,GB,fd:a0:55:f0:98:d2,1975-04-06 07:05:00,"Rees, McDonald and Clark",nesciunt.css
2016-05-04T12:49:25,Pacific/Nauru,1997-01-06,Lake Rosemary,1918,Chile,-70.229418,Polish,05:16:58,48.559145,db-48.evans-brown.com,GB,53:5e:11:f4:4c:64,1973-11-15 19:35:57,"Clarke, Chapman and Watson",architecto.mp4
2005-05-22T11:36:08,Australia/Lord_Howe,1978-10-30,South Dannyton,53,Algeria,-36.397799,Avestan,20:05:01,3.565151,web-66.phillips.com,GB,32:3e:9a:8b:67:63,1994-07-31 09:16:48,Harrison-Whitehouse,molestias.wav
1983-05-16T02:29:22,Asia/Manila,2007-06-08,Gordonmouth,2359,Jamaica,72.493969,Tibetan,00:22:51,77.133051,desktop-38.harrison-robinson.biz,GB,c5:c3:7e:6d:6e:4f,1981-08-25 07:50:44,"Black, Walker and Briggs",possimus.js
1985-08-27T21:20:26,Africa/Lome,2013-06-21,New Kenneth,47698,Saint Vincent and the Grenadines,55.2129165,Maltese,21:53:04,-66.168537,email-94.gibson.com,GB,1e:f0:e0:03:7f:4b,1977-03-17 16:18:09,Walker PLC,iste.txt
2018-02-03T07:51:14,Europe/Rome,2014-06-10,Greenmouth,22039565,Finland,-70.1366505,Ojibwa,06:35:57,-114.371132,srv-70.francis.co.uk,GB,cf:71:c2:54:a9:4e,2005-07-31 07:02:44,McLean and Sons,hic.html
2021-03-05T16:50:42,Asia/Baku,2013-06-12,Curtishaven,0,Norfolk Island,-85.801746,Ojibwa,01:28:15,94.222444,laptop-11.hancock.com,GB,64:b1:a5:e3:ec:d2,2018-10-11 09:01:26,Payne-Hayes,facere.pages
1988-04-06T13:45:10,Africa/Blantyre,2012-04-06,Butlerport,655703,Jamaica,-53.3643445,Hindi,13:14:28,-97.022837,desktop-89.adams-heath.biz,GB,87:19:03:0f:ad:94,1971-04-27 22:10:07,"Wong, Sullivan and Fitzgerald",itaque.json
1999-08-29T02:49:46,Africa/Accra,2021-02-01,Natashachester,1617,Zambia,83.4178255,Indonesian,13:44:29,-132.054820,srv-57.berry.com,GB,d0:16:b7:46:38:93,1996-10-05 11:33:34,"Long, Marshall and Johnson",temporibus.mp4
2004-06-19T23:05:41,Asia/Seoul,2004-05-28,Samuelside,5,Tajikistan,81.548610,Ojibwa,19:25:31,-15.005830,email-03.carter-hayes.com,GB,25:6a:24:e0:58:5c,1995-05-31 23:45:53,Knight Inc,illo.docx
1975-06-17T00:10:48,America/Caracas,2010-02-03,Simonfurt,4613551,Yemen,13.019640,Burmese,02:46:59,-162.166663,web-25.ali-newton.org,GB,c6:2d:ba:16:08:f6,1992-04-06 03:28:23,Lowe and Sons,temporibus.mov
2018-06-08T17:31:42,Asia/Pyongyang,2015-02-08,Lake Sophie,54,Mexico,67.737498,Avestan,17:50:35,71.100075,laptop-30.martin-evans.com,GB,11:b1:2f:f9:c3:bc,1978-08-26 00:45:22,Moore-Berry,corporis.css
1995-09-27T21:55:42,Asia/Choibalsan,1989-09-22,East William,61458579,Anguilla,50.368983,Urdu,02:11:01,-0.388634,laptop-57.ahmed.com,GB,b1:20:66:ee:6a:e5,2010-12-06 00:41:10,"Hussain, Robinson and Howell",accusantium.js
2005-01-27T08:26:55,Europe/Vatican,2002-01-13,Lewisberg,348964303,Martinique,38.382421,Maori,13:40:56,-167.283663,web-54.wilson.com,GB,61:cb:3c:f4:99:49,2000-04-28 20:38:03,Khan-Martin,dicta.doc
1997-05-10T00:20:49,Europe/Vaduz,2007-04-06,Juliemouth,2529412,Equatorial Guinea,-48.384381,Portuguese,00:19:28,91.366945,srv-75.hammond-king.com,GB,a8:cf:ec:43:5c:39,1977-07-20 16:35:37,"Taylor, Lamb and Poole",pariatur.wav
1973-06-03T18:05:47,Asia/Kuwait,1974-03-16,Lake Mohammad,282659,Mali,-41.8497255,Rundi,08:48:57,-85.717146,laptop-33.barber-bull.com,GB,41:6b:f7:90:ad:22,2000-02-23 14:07:02,"Stone, Sutton and Morris",praesentium.webm
1974-11-09T07:41:34,America/Belize,1985-12-15,Smithmouth,197025537,Jersey,-33.008998,Aragonese,05:01:39,-22.842913,email-12.moore.com,GB,01:ca:b0:fe:37:a4,1992-02-03 02:55:40,"Griffin, Naylor and Whitehead",itaque.flac
1988-12-11T17:25:39,Africa/Tripoli,1982-02-25,Port Carl,751722782,Congo,-73.4276675,Latin,02:25:29,102.261769,desktop-08.cooper.com,GB,c5:66:8b:11:cf:70,1982-01-12 00:45:01,"Naylor, Thomas and Khan",ducimus.jpg
1971-06-15T06:38:33,Africa/Libreville,2000-01-03,Janetfurt,642366852,Latvia,0.7452625,Belarusian,23:33:05,24.757013,desktop-27.bates.com,GB,64:80:88:c9:11:f1,2003-07-11 00:46:38,"Jones, Mistry and Hughes",fuga.gif
2010-03-09T05:08:48,Asia/Beirut,2014-11-05,East Jenna,586118456,Peru,-33.481102,Swati,23:40:25,-138.156014,desktop-78.thomas.com,GB,3a:b7:02:2f:c1:bf,2006-12-29 05:38:37,Nixon-Martin,quos.ppt
1972-07-05T04:12:48,Asia/Dili,2005-08-22,East Clare,44,Mauritius,-62.7777045,Zhuang,22:38:47,-91.736313,db-21.evans.org,GB,94:dc:3b:24:17:77,2011-10-09 10:30:30,"Cunningham, Dodd and Lowe",ab.xls
1971-08-05T08:02:52,America/Tegucigalpa,1996-09-30,Haywardbury,3,Jamaica,67.1997355,Sinhala,08:03:02,-120.197828,desktop-83.cook.biz,GB,fd:1a:ad:32:d8:b2,1974-07-16 00:29:28,Short and Sons,nostrum.html
2004-03-07T18:56:57,Europe/Amsterdam,1997-07-29,West Julian,1881895,Oman,42.3258285,Estonian,02:21:28,28.841270,db-76.bird-quinn.co.uk,GB,55:d8:59:eb:93:13,1973-03-26 16:04:42,Arnold-Lawson,illo.mov
1993-02-11T01:17:16,Europe/Amsterdam,1996-10-08,Lake Daleland,37155,Haiti,11.5046655,Sichuan Yi,23:02:46,79.205267,email-77.thompson.com,GB,17:eb:1b:33:05:6c,2007-07-21 05:59:55,Stewart Inc,quis.webm
2010-02-21T10:03:48,America/Guatemala,1988-01-08,Khanmouth,472,Togo,-36.424483,Ukrainian,13:22:08,-159.979235,desktop-76.pearce.com,GB,b0:b1:e6:a8:5e:e5,1970-10-25 11:33:03,Lee-Bibi,soluta.webm
1992-12-18T11:02:46,America/Guatemala,1979-03-20,Buckleyhaven,3,French Southern Territories,10.9189845,Hiri Motu,06:11:26,-139.537194,srv-34.summers.org,GB,3d:5d:f4:fc:2e:d5,1987-11-13 10:42:02,"Hawkins, Green and Morton",dolorum.tiff
1992-08-23T15:21:26,Asia/Harbin,1987-03-18,North Gail,217195860,Mozambique,-70.111276,Hindi,12:12:32,-44.977620,lt-10.gibson.co.uk,GB,30:ad:0a:10:ce:5e,2007-06-03 08:57:22,Howell PLC,quasi.txt
1995-10-22T12:07:28,Africa/Bissau,2022-07-02,Ryanfort,388617,South Africa,-65.039157,Lithuanian,01:12:20,-69.386985,email-27.stephenson-evans.biz,GB,37:9c:bd:20:f1:a1,2019-02-23 16:06:01,Stephens and Sons,blanditiis.mov
2006-12-04T05:08:14,Africa/Libreville,1973-01-22,Nicholsonton,884164761,Aruba,16.9621845,Chuvash,06:53:48,-74.323260,db-20.edwards-pearce.biz,GB,3f:e7:de:97:5f:db,2014-11-18 13:47:18,Walker-Evans,optio.css
2005-10-27T04:02:26,America/Jamaica,1984-02-07,Port Pamelaton,2051761,Senegal,79.699150,Sanskrit,22:02:38,-121.781003,email-40.howe.net,GB,7a:30:f1:e2:a0:54,2022-06-22 20:18:25,Davies Ltd,cupiditate.avi
2007-05-24T07:08:23,Asia/Calcutta,1983-04-19,South Charlottechester,55574287,American Samoa,38.611834,Belarusian,23:23:04,77.396037,desktop-70.jones.net,GB,69:26:3b:9f:aa:71,2019-10-11 20:48:22,Hawkins LLC,commodi.json
2020-05-11T06:43:56,Asia/Dubai,2013-07-30,Leonardborough,899182,Philippines,78.506741,Ossetian,00:07:41,178.146956,srv-01.donnelly.com,GB,76:ab:5e:5c:77:5f,1978-01-11 08:32:21,"Craig, Read and Richardson",iure.json
1970-02-18T09:35:41,Asia/Dubai,1998-01-11,Smithbury,138,Finland,-31.336339,Yoruba,00:18:08,-46.356534,desktop-90.lowe.com,GB,21:9d:3f:8a:89:91,2021-06-17 23:47:02,"Brown, Elliott and Thomas",temporibus.jpg
1971-05-07T01:58:25,America/Caracas,2015-05-14,South Charlotte,5,Cape Verde,85.8258055,Lingala,09:48:25,-8.671329,email-33.taylor.co.uk,GB,91:19:5a:17:87:6d,1976-11-21 05:11:31,Bowen LLC,temporibus.xls
1979-04-28T20:19:40,Indian/Comoro,1972-05-03,South Johnstad,5613145,Dominican Republic,-69.947505,Icelandic,19:08:09,-0.483466,desktop-61.foster.com,GB,ba:5f:b1:7e:75:57,1973-04-21 12:01:25,Wright-Carroll,eos.html
2000-03-20T03:18:47,Europe/Zurich,2015-05-28,Lake Damiantown,44343180,Iceland,-7.3795525,North Ndebele,21:26:51,84.128877,laptop-39.richards.com,GB,ee:77:34:87:4f:1e,2001-01-08 10:15:28,Sanders Ltd,occaecati.jpg
2000-05-23T05:49:36,Europe/Skopje,1988-09-24,Gerardshire,353082,Libyan Arab Jamahiriya,-49.5819545,Sanskrit,02:10:20,-128.413647,desktop-34.holt-cameron.com,GB,79:6f:37:2b:70:3c,1988-12-30 18:51:10,"Saunders, Kay and Mills",quasi.gif
2014-05-04T20:44:34,Europe/Vaduz,1973-10-07,Joneshaven,61,Latvia,65.238738,Bashkir,16:09:22,72.719991,srv-36.gardner-bell.org,GB,58:f8:19:de:32:85,1992-12-01 03:14:03,Hall-Jones,expedita.flac
1989-02-17T20:14:48,America/Denver,2009-08-05,Port Janet,58868,Lesotho,-37.687297,Kikuyu,08:20:41,-20.851737,desktop-72.clarke.biz,GB,ac:8a:b2:8a:db:9c,1984-07-06 11:49:33,Smith Ltd,aperiam.txt
2001-05-23T03:59:57,Pacific/Guadalcanal,1971-12-05,East Anthonyfort,8717171,Heard Island and McDonald Islands,31.0437135,Zulu,16:25:36,166.325698,web-11.whitehouse.com,GB,54:03:67:c5:62:d0,1994-06-23 18:26:31,Wood and Sons,dolorem.json
1990-01-16T00:06:35,Europe/Stockholm,1975-05-25,South Denisside,5136,French Southern Territories,-31.200033,Finnish,16:50:42,-118.911725,desktop-26.gardner.com,GB,d9:44:63:43:cc:8e,1975-06-08 16:30:53,Frost-Singh,incidunt.bmp
2001-04-26T10:56:42,Europe/Athens,2014-11-28,East Paige,33,Italy,61.765524,German,05:47:13,78.707673,lt-45.webster.com,GB,ab:36:0f:9d:71:44,2010-05-02 14:21:02,Kemp and Sons,quae.bmp
2007-06-12T04:44:17,Europe/Paris,1973-02-27,North Dianaside,9,Holy See (Vatican City State),-53.6906545,Faroese,04:07:19,-72.449766,srv-20.richardson-armstrong.info,GB,ff:99:99:74:d3:a9,2002-04-24 16:46:48,Perry Inc,mollitia.jpg
2009-06-08T10:15:21,Australia/Hobart,1990-05-12,Donnellybury,42690912,Azerbaijan,-46.915905,Kalaallisut,17:34:09,101.044962,web-49.watkins.info,GB,07:af:18:43:3f:3a,1973-09-12 15:28:01,Davies-Young,quas.avi
1984-12-05T21:45:48,America/St_Lucia,2008-10-26,North Brettmouth,7887,Saint Helena,-59.321865,Persian,15:20:16,-162.632557,laptop-26.harrison.net,GB,9e:47:10:3d:9d:da,1970-07-09 11:25:19,"Pearce, Howe and Webster",accusantium.pdf
1971-06-07T18:50:25,Europe/Simferopol,2017-09-27,West Natalie,8798,Armenia,39.938100,Croatian,04:24:03,-140.419872,db-49.lewis.info,GB,2e:fa:59:9d:4c:51,2016-08-20 07:56:47,Brooks Ltd,itaque.wav
2011-09-26T02:32:54,Africa/Nairobi,2015-12-25,Ingramberg,5,Guadeloupe,58.6254295,Tigrinya,16:13:31,51.880061,lt-23.davies.info,GB,c3:b5:b4:da:b7:8d,2023-08-03 07:57:29,"Evans, Taylor and Winter",laudantium.bmp
2005-04-01T04:32:59,Asia/Harbin,2005-05-02,Eleanorside,20630,Guyana,-78.1556735,Malay,19:10:31,126.578538,laptop-44.wood.com,GB,5d:ba:0f:dc:e4:27,1983-11-02 05:16:53,Howard-Davies,aut.json
1990-11-13T01:48:30,America/Guyana,1970-02-19,Turnerstad,201,Myanmar,-74.2010385,Bashkir,08:32:18,5.259015,email-19.ellis.com,GB,81:bd:44:1d:5d:e7,1998-07-10 13:36:48,"West, Jones and Hussain",sunt.jpeg
1983-12-20T17:28:00,Africa/Bangui,1974-01-23,West Edwardburgh,3,Pitcairn Islands,-12.2416045,Tigrinya,18:57:15,152.017604,desktop-77.jenkins.com,GB,9d:ad:c4:ae:d0:ad,2022-02-13 22:38:29,"Reed, Owen and Williams",ea.pptx
1997-07-19T23:52:02,Africa/Banjul,2018-03-02,Hooperton,4400571,Vanuatu,-6.4114425,Yoruba,02:28:10,-79.995460,srv-27.marshall.biz,GB,bd:15:b2:9b:2c:08,1973-01-13 01:47:18,Harrison Group,enim.tiff
1976-08-04T23:48:04,Europe/Vatican,1990-12-30,Vanessatown,90535303,Moldova,-14.9947915,Finnish,16:18:10,161.761815,email-42.harvey-power.com,GB,a5:19:c1:7c:12:05,1999-10-14 05:02:03,"Evans, Hartley and Hall",aliquam.js
1988-12-17T17:47:57,Pacific/Palau,1994-03-20,South Tom,7593004,Marshall Islands,-12.598646,Interlingua,21:08:05,156.538822,lt-78.jones.co.uk,GB,17:7c:b2:7b:d8:b6,1992-11-13 20:22:36,Willis-Moss,quibusdam.txt
2005-11-24T00:53:53,America/Lima,2006-03-05,Lake Stephaniefurt,792330050,Madagascar,26.660331,Kikuyu,18:52:23,-85.541603,email-07.clark.com,GB,c1:24:04:20:37:b6,2002-01-10 13:53:12,Phillips-Wilkinson,ut.wav
2008-12-24T00:44:34,Europe/Vatican,2023-06-22,Andrewburgh,6,Sudan,-24.125883,Tahitian,21:15:05,-128.889794,lt-41.hilton-owen.com,GB,63:b6:6c:e5:d1:de,2014-02-23 04:51:39,Tyler-Osborne,nostrum.flac
2004-01-24T09:50:01,Africa/Maputo,1990-08-30,West Jennifer,48,Comoros,7.992910,Gaelic,13:51:22,124.287551,laptop-13.dodd-jones.net,GB,e7:d0:9e:d6:56:4c,1986-04-12 10:14:47,Stevens-Jenkins,aliquam.avi
2014-11-03T08:40:51,Europe/Podgorica,2020-10-03,North Ellie,5,Kazakhstan,33.446177,Burmese,00:01:34,45.063483,db-47.jenkins.com,GB,1f:eb:f2:32:fc:e9,1979-01-27 20:09:14,"Whitehead, Hill and Smith",dolor.flac
2005-08-02T12:12:28,Africa/Gaborone,1985-08-06,Christineton,1564,Azerbaijan,-63.2864315,"Sotho, Southern",11:35:55,-61.531345,laptop-50.evans.co.uk,GB,ac:ca:c1:03:7c:97,2017-01-05 00:26:30,Khan-Moran,aperiam.pptx
2020-10-04T02:12:59,Africa/Mogadishu,2015-02-08,Paulland,34,Colombia,-47.0176445,Kazakh,20:35:49,-50.491279,db-43.wade.com,GB,0d:e6:4a:0d:ed:90,1990-12-24 23:31:31,"Jones, Cooper and Barrett",doloremque.avi
1984-02-17T21:04:37,Europe/Budapest,1974-07-10,Hussainview,0,Serbia,-60.1377025,Limburgan,14:07:50,25.577971,email-73.bennett-foster.net,GB,f4:c9:29:f1:7b:45,1974-06-09 21:01:50,Martin-McKenzie,tempore.bmp
2004-06-09T13:09:00,Asia/Pyongyang,1976-09-08,South Emilyville,634,Micronesia,62.8531725,Kannada,20:29:39,-90.015449,web-00.stone.co.uk,GB,d3:56:e1:cd:42:1d,1993-01-06 05:27:42,Warren-Pollard,quas.wav
1991-04-27T16:46:43,Europe/Madrid,1986-06-29,North Brandonbury,2607335,Liechtenstein,39.9188225,Chinese,20:29:39,-167.382204,email-66.ward.com,GB,da:0a:52:7e:88:bc,1984-03-04 00:58:24,"Mason, Richards and Cox",reprehenderit.odp
1978-03-23T19:44:13,Africa/Abidjan,2005-10-05,West Clare,1165105,Sierra Leone,-0.0851305,Bengali,14:35:25,-6.954057,email-86.stewart.com,GB,ae:d9:d9:6f:db:fd,1972-07-30 08:31:33,"Turner, Jones and Cook",sunt.bmp
2001-03-23T14:22:36,Africa/Windhoek,2006-07-19,Lake Aaronmouth,94495,Solomon Islands,-85.218464,Samoan,04:32:32,112.105395,web-96.cox.org,GB,15:15:ee:9e:67:6f,2023-02-02 10:16:47,"Russell, Patterson and Bevan",autem.ods
1981-11-17T21:11:40,Africa/Luanda,2013-09-22,North Dianatown,6704907,French Polynesia,36.8626795,Herero,04:43:24,61.412946,email-28.carter.com,GB,45:76:ae:4f:76:6e,2019-04-15 17:59:59,Brown-Sutton,natus.flac
2020-09-23T02:56:23,Asia/Beirut,1986-09-12,West Denis,53413,Bermuda,-84.132183,Bislama,22:09:57,-62.082118,srv-84.taylor.com,GB,9c:a1:df:0c:1d:ed,1985-08-11 09:47:12,Williams-Miller,aspernatur.txt
2008-07-31T18:25:03,Asia/Muscat,2014-04-24,Hazelberg,9,Benin,-19.507326,Hebrew,11:18:01,-58.223648,db-75.brown.org,GB,f5:1b:f1:77:03:d5,1994-12-22 09:27:24,Adams Inc,in.mov
2017-09-26T04:05:03,Europe/Simferopol,1986-06-18,South Charlottehaven,71,Netherlands Antilles,21.7272455,"Sotho, Southern",03:55:28,-49.963600,db-50.fletcher.com,GB,bd:d0:d5:b8:32:b7,1978-09-20 14:11:23,Ali LLC,nihil.pptx
2018-10-11T01:07:04,Africa/Addis_Ababa,2023-04-14,Catherineborough,115,Equatorial Guinea,23.5041055,Dutch,07:33:47,-70.780956,web-00.freeman-khan.info,GB,cd:22:6d:6a:3b:91,2010-09-06 01:36:33,"Francis, Price and Lamb",quasi.jpg
1980-12-24T23:47:42,Africa/Lome,2000-09-21,New Ritamouth,6798786,Nicaragua,-60.964962,Interlingua,11:24:21,147.252979,desktop-38.morrison.info,GB,e7:04:69:4d:53:d3,1974-02-13 02:28:27,Duffy Inc,id.bmp
1997-06-09T14:44:41,Africa/Malabo,1970-06-08,North Karl,3,British Virgin Islands,12.0580395,Chechen,08:45:03,174.698970,desktop-43.walker.com,GB,61:e8:00:e4:42:57,2022-03-29 03:48:13,Martin and Sons,earum.txt
2008-03-20T05:30:44,Europe/Vatican,1982-07-19,Port Denis,21916974,Aruba,-80.8315025,Mongolian,15:03:52,103.500968,desktop-57.white.net,GB,ac:da:4b:c0:6e:47,1991-01-27 14:01:25,McLean-Buckley,natus.xls
2000-01-26T02:49:23,America/Costa_Rica,1992-07-12,Danielsmouth,701,Benin,-15.540810,Kikuyu,19:00:51,139.293572,db-04.james.org,GB,eb:33:9d:77:91:5d,1984-10-22 18:54:17,Armstrong PLC,asperiores.jpeg
1975-02-15T00:00:52,Indian/Mahe,2003-05-05,South Annette,0,Holy See (Vatican City State),72.647559,Sichuan Yi,15:52:11,-72.970269,lt-25.iqbal-blake.net,GB,28:91:1d:9c:b7:53,1994-08-03 03:36:35,"Phillips, May and O'Donnell",debitis.txt
1977-02-09T13:00:23,Pacific/Apia,1999-06-27,Normanton,53,Cape Verde,35.8702065,Chichewa,06:39:23,130.336954,web-31.browne.com,GB,24:4e:62:b0:d8:f9,1973-11-21 19:36:46,Hawkins PLC,fugiat.avi
1985-04-24T05:46:10,Africa/Mogadishu,2014-01-02,Kevinland,78260,Aruba,-77.163982,Burmese,12:05:47,114.736988,laptop-79.white-kerr.org,GB,3c:14:c7:e9:61:bc,2016-11-25 06:31:07,Collins Ltd,earum.doc
2002-03-28T10:50:03,Europe/Belgrade,2008-10-22,East Lydia,18214274,Senegal,-12.186575,Pali,12:24:52,-67.657572,laptop-44.jones-bennett.com,GB,ef:9b:b7:cb:d7:e6,1971-08-07 21:25:27,Vincent and Sons,quae.avi
2003-04-11T10:53:03,Africa/Conakry,2002-12-18,Collinston,5814,Burundi,54.8323635,Kuanyama,05:29:45,-88.076745,laptop-15.simmons.net,GB,99:4a:28:6b:c4:85,1981-04-29 21:51:36,Barber and Sons,similique.xlsx
1988-08-04T17:01:55,Asia/Yerevan,1977-12-21,Kimberleymouth,20310703,Martinique,-82.348914,Italian,18:00:22,116.158635,srv-18.richards.co.uk,GB,10:9a:ce:7e:b0:c8,1987-07-24 14:34:46,Noble PLC,placeat.png
2014-04-20T15:40:14,Asia/Colombo,2023-07-13,Lake Hugh,484500688,Guatemala,60.104425,Lao,14:16:55,171.986025,db-49.taylor.co.uk,GB,e2:14:34:ad:be:7a,2003-06-02 08:30:46,Clayton-Campbell,nostrum.png
1976-02-20T15:42:36,Europe/London,2023-03-04,North Hannahstad,6,United Arab Emirates,24.453424,Cornish,12:28:03,-176.512097,srv-86.hobbs.co.uk,GB,df:25:19:f8:52:46,2009-08-03 16:21:10,Cook PLC,quasi.csv
2005-01-18T15:04:37,Pacific/Nauru,2002-04-26,West Kimberley,9,Peru,-1.1760845,Tsonga,21:01:02,29.100259,srv-94.watson.com,GB,3b:4f:87:ab:f1:8e,1988-09-11 02:09:00,"Ward, Jones and Davis",vitae.key
2015-01-10T11:46:40,America/Belize,1986-04-08,Byrnehaven,86982290,Antarctica (the territory South of 60 deg S),59.203503,Kongo,18:12:36,-143.091773,email-44.lee-jackson.com,GB,31:ec:0d:49:e8:99,1990-03-15 00:09:58,"Harvey, Shaw and Jones",minima.webm
2000-09-12T01:47:27,Asia/Taipei,1976-01-16,South Alexanderview,26076844,Iran,-36.254356,Assamese,20:14:17,-120.326007,email-89.dean.org,GB,54:58:82:95:b7:c5,1995-03-01 10:28:45,Brown PLC,ipsam.html
2003-03-11T22:31:04,Africa/Freetown,1997-02-19,East Deniseside,747,Greenland,-3.7646465,Persian,20:54:52,172.972392,srv-02.day.info,GB,ae:39:80:2a:29:3d,1988-04-07 19:10:54,"Howells, Wells and Stewart",repudiandae.tiff
1995-05-11T03:21:55,Africa/Bamako,1977-01-21,Jacobside,306057548,Germany,4.803108,Northern Sami,10:29:28,51.578208,lt-34.palmer-smith.info,GB,c8:f9:65:57:ff:17,1995-03-19 11:38:24,"Thompson, Smith and Robinson",optio.flac
2001-10-06T22:12:21,Africa/Accra,1982-01-06,Pagechester,5,Mozambique,-44.863954,Swedish,19:55:53,54.486006,web-96.pearson-lewis.com,GB,40:40:c6:43:36:8e,1988-10-28 06:19:09,"Wright, Roberts and Bray",eum.json
1972-01-19T06:34:56,Europe/Andorra,1987-10-13,Claremouth,72894541,Wallis and Futuna,-24.2794475,Chechen,09:22:33,125.939720,lt-75.quinn.info,GB,b0:24:b7:d4:51:80,2010-01-10 20:31:56,"Turner, Patterson and Bishop",quibusdam.pdf
2019-01-22T16:31:47,Asia/Kuala_Lumpur,2007-11-22,South Owenview,34458,Guinea,62.5062575,Oriya,13:51:28,-176.189175,web-98.osborne.net,GB,bb:14:9b:ee:b6:d7,1974-03-01 20:27:19,Rhodes Inc,labore.wav
2018-06-11T03:49:06,Asia/Tokyo,2008-07-13,Gordonshire,3844771,Sudan,-38.621325,Manx,03:07:26,-168.459292,web-55.bennett.co.uk,GB,13:97:ea:5f:c9:24,2020-10-07 16:31:14,Simpson-Wilkinson,accusantium.mov
1977-02-15T19:14:36,Europe/Budapest,1981-03-01,Jasonshire,897,Saint Lucia,-10.968688,Ojibwa,17:31:46,101.519922,srv-70.evans-cooke.info,GB,5a:39:b8:17:da:3d,2012-06-17 09:30:34,Young-Smith,possimus.mov
1996-03-16T15:24:50,Europe/Ljubljana,2006-11-17,Port Mandy,42004702,Falkland Islands (Malvinas),5.876934,Oromo,00:33:42,-74.407421,web-52.davies.com,GB,09:49:d1:33:25:c3,2008-06-15 00:57:04,Harris LLC,dicta.txt
1989-11-14T19:03:03,Europe/Rome,1981-04-17,Millerton,62,United Arab Emirates,71.856353,Uighur,21:35:33,-107.950678,web-26.wilson.com,GB,b4:7a:5c:ce:7f:a2,2001-07-19 16:21:38,Brooks-Clarke,eum.xlsx
2020-08-11T19:07:40,Europe/Vienna,1994-02-01,East Frederick,828301586,Guadeloupe,74.8937305,Marathi,14:29:44,77.995089,db-15.parker.com,GB,c2:21:31:e8:26:22,1993-07-15 08:18:12,"Gordon, Newman and Ferguson",quidem.tiff
1983-08-07T08:28:02,Asia/Katmandu,2000-04-06,East Caroleland,2,Bhutan,-36.2577575,Nepali,02:30:27,-93.138692,web-66.simpson.com,GB,28:35:8c:05:e1:43,2017-11-14 01:19:16,"Pritchard, Parkinson and Fraser",similique.jpeg
1995-04-25T23:21:48,America/Nassau,1977-06-19,New Valerieville,649,Bangladesh,-15.096472,Luba-Katanga,09:47:00,-125.554767,lt-31.mills-hughes.com,GB,86:21:6f:a9:e5:9d,1990-05-29 21:42:05,Davies-Thomas,porro.html
2011-06-25T02:26:54,Pacific/Fiji,2018-03-10,Port Eric,461970141,Togo,86.935593,Latin,22:53:20,-80.088037,desktop-45.davis-lee.org,GB,c4:37:9d:fe:73:0f,2021-07-07 04:51:25,"Stone, Woods and Bull",incidunt.png
1970-05-07T01:53:04,Europe/Vienna,2014-07-18,Danielleborough,459,Saint Kitts and Nevis,-85.850885,Gaelic,07:33:02,133.357143,srv-64.lewis-hill.co.uk,GB,e6:41:ad:82:92:18,1984-10-25 08:19:10,Bryant and Sons,veniam.avi
2019-12-22T04:17:25,America/St_Kitts,1982-11-11,Lake Rosieton,9,United States of America,-11.9637875,Finnish,05:49:57,178.980325,lt-95.hill.com,GB,c8:3a:bf:bc:fe:c8,1997-03-05 04:00:34,Parkinson-Warner,eligendi.webm
2014-11-11T07:42:04,America/Jamaica,1981-07-02,South Donnafurt,378071,Reunion,-34.7416005,Latin,08:14:42,163.926056,db-10.harvey.com,GB,de:91:e2:50:3a:e8,1991-01-12 10:51:13,"Walton, Turner and Hart",in.gif
2013-01-09T06:20:38,America/La_Paz,1979-05-24,Port Lynne,9,Cocos (Keeling) Islands,-11.224498,Romanian,11:28:16,118.738795,db-39.bennett.biz,GB,17:e8:a4:56:64:a7,1976-09-27 16:59:57,"Wright, Phillips and Kent",voluptas.avi
1983-11-20T17:07:31,America/Havana,1982-10-13,West Suzannemouth,2,Mayotte,40.171009,Samoan,15:48:05,101.205227,desktop-51.bryant.co.uk,GB,ed:52:03:2f:9e:f0,1984-12-27 14:51:02,Cooper-Mitchell,non.jpg
1989-10-05T22:17:26,Europe/Lisbon,2005-11-06,Lake Rachel,8492418,American Samoa,-47.8247855,Central Khmer,12:09:06,90.283340,desktop-77.mccarthy.com,GB,f0:ca:d2:eb:13:75,1998-10-30 02:08:17,Bailey-Crawford,provident.xlsx
1986-03-22T16:23:13,Africa/Cairo,2009-01-16,North Sallytown,4,Portugal,-17.3533515,Abkhazian,03:20:23,-134.073830,web-84.turner.com,GB,f4:7f:96:38:1f:8b,1985-03-14 01:13:35,"Booth, Owen and Carter",veritatis.pages
1983-07-26T11:35:25,Asia/Brunei,1990-04-29,Leeborough,180838021,Peru,52.2592155,Gaelic,14:29:11,114.611661,web-82.heath.com,GB,19:d1:b7:54:0a:56,1975-07-30 23:09:28,King-Moss,aliquid.csv
1996-09-18T12:43:26,America/Hermosillo,1994-12-30,West Liamborough,87,Sao Tome and Principe,-33.262920,Irish,14:19:34,-109.993674,lt-39.butler.com,GB,6b:61:dd:41:e2:ec,1998-09-14 07:52:24,Chan Group,quo.js
1980-06-16T05:30:38,Africa/Libreville,2021-07-18,New Donnastad,302,Saudi Arabia,76.615014,Telugu,10:44:53,-95.580228,laptop-08.bailey.com,GB,a2:b1:8b:31:34:79,1990-02-16 08:28:53,"Goddard, Davies and Smith",nam.mp4
1994-02-28T16:35:45,Asia/Kamchatka,1979-04-04,Ianport,82,Belarus,59.1604325,Afrikaans,02:01:30,93.330340,db-77.watson-taylor.net,GB,62:29:88:a6:1b:c6,1984-03-14 13:29:16,"Bond, Williams and Martin",reprehenderit.png
1971-05-18T14:20:23,Europe/Zagreb,2005-10-06,Elliottmouth,7289,Angola,-15.321695,French,05:39:27,103.354802,srv-30.francis.info,GB,61:51:77:4c:e4:11,1979-09-11 19:12:11,Norton-Hall,repudiandae.txt
2020-09-30T03:14:04,Asia/Bishkek,1976-01-27,Murphytown,504,British Indian Ocean Territory (Chagos Archipelago),-56.8539825,Haitian,15:55:21,-152.616980,laptop-92.bryant.com,GB,da:e4:15:ec:a4:fd,1984-08-27 02:18:14,McLean-Williams,ea.csv
1987-07-09T03:52:52,Asia/Riyadh,1988-01-10,Scottberg,59,Honduras,8.824378,Javanese,22:53:44,128.821869,laptop-48.williamson-shaw.co.uk,GB,28:27:c0:22:e9:0f,1992-05-08 20:41:00,Ryan LLC,eligendi.mp4
1985-02-24T19:37:57,Africa/Maseru,2016-04-02,West Frances,695502902,Egypt,3.405695,Turkmen,08:42:46,113.677440,email-71.atkinson.com,GB,8e:f4:1c:ce:e4:aa,2018-12-23 09:34:01,Day-Robertson,numquam.doc
1997-01-06T20:47:29,Pacific/Palau,1971-08-15,East Pamelaport,90,Tuvalu,-71.710973,Aragonese,11:40:22,-11.964178,desktop-78.newman.co.uk,GB,e6:88:50:55:b1:8f,1971-02-05 16:32:05,Rowley PLC,facere.flac
2019-05-15T05:02:09,Africa/Maputo,1986-09-25,Lake Kimmouth,528,Puerto Rico,-41.1825395,Javanese,13:54:45,-6.619868,srv-20.hunt.biz,GB,ce:a1:d4:72:f1:0a,1984-06-08 02:51:29,Allan-Walters,debitis.odt
2019-07-01T04:59:38,Asia/Katmandu,2022-09-09,New Benjamin,1700,Liberia,74.858054,Croatian,16:50:30,-36.916370,web-89.cox.com,GB,71:d0:5d:de:f2:29,1989-09-21 20:35:05,"Osborne, Rees and Hancock",incidunt.mp4
2002-07-30T14:58:01,Indian/Mauritius,1991-11-14,Nicolabury,55173817,Cote d'Ivoire,87.298786,Irish,01:07:19,145.318887,laptop-74.reid.co.uk,GB,12:59:50:68:2b:6d,1999-03-17 08:43:40,Butler-Hunt,rerum.avi
1984-09-06T05:09:45,Asia/Amman,1998-05-11,North Kerry,14821059,Benin,-61.438170,Georgian,10:26:46,108.415862,db-08.harding.co.uk,GB,4d:81:61:31:34:f9,2008-08-14 13:52:22,Flynn Ltd,officiis.js
2004-03-09T09:41:24,Asia/Tehran,1975-09-24,Catherinechester,6065,Zambia,66.877427,Corsican,10:42:32,-129.739376,db-18.thornton.org,GB,ba:a6:63:47:b9:e0,2021-06-14 18:56:17,Kay-Patel,aliquid.avi
2015-09-17T10:22:00,Africa/Malabo,1985-06-03,South Jordan,1492485,Aruba,4.7658205,Sundanese,07:04:21,-162.563618,desktop-28.wood.org,GB,7a:10:25:c6:c3:eb,1979-12-11 13:01:30,Anderson LLC,maiores.gif
2014-09-22T12:46:18,Africa/Bujumbura,1981-11-26,Port Lindaside,0,Norfolk Island,-4.9926885,Uzbek,18:38:40,-34.022119,desktop-99.patel.com,GB,74:2d:a8:85:3c:c2,2002-03-03 01:30:01,"Thompson, Daniels and Stevens",vitae.mp3
2001-07-25T13:28:40,Asia/Taipei,1978-12-23,Williambury,81474890,Guadeloupe,-51.720952,Lithuanian,20:22:05,-136.388924,email-03.martin.co.uk,GB,b7:1f:a3:ea:12:c9,1974-03-27 01:03:56,"White, Rogers and Kelly",sequi.numbers
1974-06-01T03:06:46,Europe/Vatican,1993-12-02,Kathleentown,539272146,Mexico,65.667893,Persian,21:47:20,-155.008897,srv-35.hughes.com,GB,0a:ca:6a:fa:e0:8b,1997-09-19 09:39:13,Baker-Porter,numquam.mp4
1980-07-28T11:36:53,Pacific/Tongatapu,1973-10-19,Coxshire,9749707,Benin,-51.933914,Inupiaq,23:07:13,-160.837172,web-49.turner-watts.com,GB,8e:0e:69:fb:b5:41,1978-10-04 19:10:28,Taylor Inc,accusantium.wav
1973-03-26T16:29:12,Asia/Kabul,1980-10-16,East Annettebury,688753,Cayman Islands,31.664452,Javanese,09:31:09,-38.154508,email-19.knight.info,GB,23:b5:ec:9b:38:ae,2015-11-18 13:37:43,"Johnson, Robinson and Jones",quidem.mp4
1971-10-17T15:42:53,Africa/Harare,2004-09-17,Scottburgh,904165,Sri Lanka,-29.2066985,Lao,15:54:38,-100.522536,laptop-53.king.com,GB,2e:93:84:60:ab:ae,1999-01-16 05:58:26,Stevenson-Davis,ex.jpg
2003-09-29T13:39:53,Pacific/Fiji,2009-10-24,South Conorton,97683,Comoros,-55.0497125,Latvian,16:10:33,95.829156,web-44.green.com,GB,9e:3d:09:86:e4:9a,1994-03-25 06:37:25,Taylor-Hooper,quia.html
2017-05-17T14:37:59,Pacific/Palau,1994-11-26,Port Karenshire,24121,Dominican Republic,3.3243455,Tahitian,13:41:44,75.227857,lt-97.shaw.com,GB,c9:1d:63:17:59:c4,1975-06-09 06:21:50,Morgan Group,ducimus.jpeg
2019-04-29T01:47:35,Pacific/Nauru,2006-03-06,Cherylberg,68,Vietnam,-73.9445075,Kazakh,20:16:11,28.786502,email-54.kelly-hunt.com,GB,09:3f:09:a9:7a:dd,1999-02-03 13:33:37,Rice-Wallace,dolorem.avi
1993-04-27T16:34:57,Europe/Riga,2001-06-06,South Carlberg,112599,Holy See (Vatican City State),-48.443069,Afrikaans,05:55:41,104.929054,desktop-98.parry-walsh.info,GB,b0:cc:b2:8a:af:42,2014-03-08 17:03:20,"Riley, Parker and Morton",error.bmp
1992-09-03T15:55:18,Asia/Ashgabat,2005-01-20,Lake Joyceshire,884844,Palau,-50.8513695,Walloon,06:39:22,3.410369,db-59.taylor.net,GB,87:5c:36:49:7f:06,1974-02-16 20:04:49,Oliver and Sons,accusamus.mp3
1982-06-04T22:56:31,Europe/Oslo,1972-12-03,Taylorfurt,2341,Andorra,8.194769,Sichuan Yi,07:27:16,-134.878668,email-71.rose.com,GB,0e:4b:a0:78:ad:aa,1987-12-25 16:38:30,"Carter, Daniels and Osborne",sapiente.wav
2018-04-22T19:03:45,America/Nassau,1971-05-07,Millerstad,63,Gabon,67.209644,Basque,02:33:25,-146.109746,email-56.mccarthy.com,GB,a8:11:e4:c8:1c:18,1976-08-27 19:31:56,"Fry, Francis and Ball",blanditiis.mp4
2007-07-23T07:36:21,Pacific/Port_Moresby,1996-10-10,West Jacobberg,86037,Cape Verde,43.6914215,Igbo,08:05:36,0.975176,laptop-09.barry-patterson.co.uk,GB,ae:06:f7:77:48:e5,1978-05-25 12:57:02,Cook Inc,culpa.avi
1976-12-25T20:53:21,America/Guatemala,2014-07-22,Willisfurt,470543,New Zealand,-3.455311,Amharic,10:37:24,-115.224230,laptop-84.graham.biz,GB,4e:a8:81:d5:32:c5,1970-02-06 18:34:17,"Cartwright, Allen and Davey",distinctio.js
2023-02-12T03:18:13,Africa/Addis_Ababa,1982-09-21,West Julianville,55675,Tonga,23.3991925,Sinhala,03:50:10,-35.440857,lt-71.lewis-hopkins.com,GB,69:8a:d8:6f:ab:2d,1986-06-09 00:37:12,Hanson LLC,sit.mov
2014-12-02T01:21:57,Asia/Jayapura,2001-07-21,Shaneport,408695198,Madagascar,5.371221,Turkish,05:13:59,-175.529931,email-55.jones.com,GB,a3:2c:50:de:86:d7,1981-10-25 17:58:23,"Jones, Henderson and Parry",inventore.mp3
