city,random_number,hostname,pricetag,bank_country,latitude,date,timezone,country,mac_address,iso8601,longitude,file_name,language_name,language_code,company,time
Smithstad,18161,lt-86.wall-sims.com,"$53,392.08",GB,-84.982919,1974-12-05,Pacific/Fiji,South Georgia and the South Sandwich Islands,31:e3:1f:e1:78:89,1993-01-04T20:31:47,130.634399,optio.mp3,Malagasy,oc,Young Group,11:07:20
Walkerburgh,6988358,email-91.norman.com,"$6,466.16",GB,-38.4308055,1973-04-04,America/Guyana,British Virgin Islands,ca:dd:3b:68:96:7f,2008-01-12T04:51:56,13.409401,accusantium.js,Bihari languages,zh,Davies Ltd,18:46:08
Evansfort,1,db-79.kennedy-evans.com,"$49,637.90",GB,22.941626,1986-10-06,Asia/Almaty,Canada,e5:f8:7b:cd:db:7a,1974-04-02T12:38:04,132.878011,soluta.mp3,Urdu,tn,"Hamilton, Morris and Arnold",08:44:22
Fionaport,504757,desktop-83.gordon.biz,$31.59,GB,-47.7996335,1977-04-06,Africa/Mogadishu,Timor-Leste,e8:5e:43:3a:b4:40,2017-07-21T23:54:16,-134.403553,et.mp3,Yoruba,af,Howard-Hewitt,15:27:13
North Christinemouth,608,lt-38.joyce-hudson.com,"$6,032.68",GB,-1.5366795,2013-02-07,Pacific/Nauru,Qatar,4a:f2:0c:9a:1e:72,1993-11-10T23:30:41,23.704256,nobis.odp,Irish,ru,"Stewart, Taylor and Barry",02:01:11
North Toby,1,srv-34.little.net,"$3,250.13",GB,39.597527,1986-10-01,Africa/Tripoli,British Indian Ocean Territory (Chagos Archipelago),12:bc:3b:37:2b:29,1989-11-24T06:46:22,91.341344,fuga.wav,Tsonga,it,Rose Inc,23:11:59
Port Craig,461694,email-68.williams.com,$28.82,GB,42.2793835,1998-04-17,Africa/Blantyre,Guam,eb:ae:97:1c:90:11,2009-03-17T15:24:34,-64.041571,id.mp3,Marshallese,or,"Moore, Lees and Osborne",16:58:00
Lynnechester,391554,email-95.adams-carpenter.org,$8.31,GB,9.4315755,2014-12-28,Europe/Monaco,Poland,e2:07:f9:cd:95:36,1974-05-25T08:02:52,68.276905,rem.webm,French,sc,Wood PLC,11:59:08
Lake Georgia,930898489,laptop-46.jenkins-ahmed.com,$623.88,GB,-75.467219,1991-12-16,America/St_Vincent,Tokelau,fc:0d:71:46:8b:3b,2010-10-03T05:19:36,11.528790,consequatur.avi,Gaelic,raj,"Thomas, Gardner and Heath",01:45:59
Port Ellie,461,srv-37.macdonald.biz,$687.56,GB,2.442808,2000-05-23,Africa/Casablanca,Jordan,e5:f5:10:b4:58:a0,1991-07-16T16:59:53,-32.549632,minus.odp,Central Khmer,tn,Roberts-Crawford,09:10:29
O'Donnellside,564,srv-90.lee.com,$510.51,GB,-72.842700,2018-03-26,Pacific/Galapagos,Senegal,17:43:e7:7e:97:d9,2023-06-22T11:45:35,83.428364,eos.wav,Pushto,gl,"Akhtar, McDonald and Walsh",10:02:00
South Barbaramouth,83832,lt-36.burrows-patel.com,$810.01,GB,40.505991,1993-11-13,Europe/Riga,Sierra Leone,74:2e:87:3a:4d:53,2006-02-18T18:31:59,-86.612890,ullam.wav,South Ndebele,da,Ahmed-Lee,02:20:59
Thomaschester,2042,lt-00.brooks.com,"$25,984.74",GB,-74.1680685,1993-08-24,Africa/Nairobi,Bosnia and Herzegovina,df:80:a8:2c:2d:0c,1973-06-21T06:04:21,110.492072,blanditiis.xlsx,Turkmen,or,"Miller, Goodwin and Jones",14:41:20
Port Caroline,26581,lt-52.byrne.info,$657.41,GB,77.5890655,1974-05-02,Asia/Manila,Netherlands Antilles,c1:af:78:e0:0a:ca,2017-01-17T23:20:32,36.371151,eaque.wav,Croatian,km,Barnes Group,02:26:08
South Stewart,529579805,lt-89.jordan-hope.info,"$69,277.40",GB,-33.8928645,1981-11-13,America/Chihuahua,Greece,a8:3e:be:fd:11:ca,2017-08-01T16:32:33,82.639808,qui.mov,North Ndebele,ik,Mills Inc,14:46:22
Joneshaven,7095,desktop-39.noble-alexander.com,$48.37,GB,-14.379511,1987-04-29,America/Antigua,Austria,c3:32:78:93:5b:f1,1974-06-20T05:21:16,163.571145,ad.html,Kashmiri,nan,Craig-Hill,03:46:00
Fisherton,594,laptop-42.warren-allen.net,"$39,209.23",GB,89.047658,2020-07-18,Europe/Helsinki,Sri Lanka,70:f5:af:42:f0:31,1976-01-23T15:25:04,62.123214,vero.png,Nauru,eo,Barnes Ltd,00:45:51
Alexandershire,25,srv-07.law-allen.com,"$28,138.77",GB,28.588528,1998-06-26,Europe/Tirane,Puerto Rico,98:41:d5:60:90:6a,1990-02-12T00:18:58,-83.944611,blanditiis.tiff,Czech,unm,"Jennings, Lane and Dennis",00:01:46
Jennaburgh,60797702,db-39.shah.net,$627.13,GB,65.580643,2013-10-17,Europe/Andorra,Tanzania,73:5e:bf:40:32:9f,2012-06-28T06:37:20,169.425405,ab.png,Panjabi,ckb,Shaw Inc,07:35:27
Stephensonview,92,web-07.mason.com,"$8,274.50",GB,68.9665445,1982-08-17,Europe/Skopje,Peru,f5:4f:80:93:04:e3,1999-02-22T04:05:12,-70.429801,beatae.avi,Burmese,be,Dale-Williams,09:04:12
Robertburgh,980,email-55.reynolds.com,$688.82,GB,-43.015266,2019-05-05,Asia/Kuching,Guyana,2c:1c:0e:4f:e2:59,2001-01-02T07:22:35,-110.814350,incidunt.json,Macedonian,fy,Taylor Group,20:47:11
Stanleyfurt,6935610,db-17.hodgson.biz,$884.11,GB,59.2297625,1992-09-09,Africa/Ceuta,Cook Islands,65:75:53:07:2a:1f,2016-05-17T12:43:18,139.082681,hic.json,Aragonese,it,"Marsh, Mitchell and Kay",14:03:57
West Francesville,6,srv-59.wright-carpenter.org,$42.80,GB,68.862474,2014-02-24,Indian/Comoro,Christmas Island,0f:17:f1:e8:3c:f7,1978-11-26T13:11:29,-54.948207,in.bmp,Navajo,ik,Roberts Inc,20:04:22
Lewisbury,67486855,lt-40.roberts.net,$719.38,GB,45.895198,1998-09-29,Europe/Helsinki,Somalia,29:7c:82:16:0e:42,2013-12-05T03:23:12,-104.895803,ducimus.mp4,Italian,lt,Ryan-Jackson,14:58:35
Benjaminshire,5584,email-88.bond-bull.com,"$5,485.89",GB,-9.476678,1970-01-08,Asia/Muscat,Cambodia,41:7e:4d:86:2d:41,2019-05-21T13:58:09,-120.598091,itaque.jpeg,Chamorro,cmn,"Craig, Francis and Rowe",16:55:27
East Gary,2,db-74.nicholls.co.uk,$70.07,GB,77.6810715,2023-05-18,Europe/Vilnius,United Kingdom,65:0f:07:83:22:19,2009-01-12T04:25:32,-26.985104,explicabo.flac,Ganda,raj,"King, Singh and Stone",22:20:33
South Hayleytown,1473,email-82.evans.com,"$18,154.18",GB,-0.414275,1995-12-29,Africa/Porto-Novo,Saint Pierre and Miquelon,47:ab:24:f5:2c:ee,1997-07-10T03:57:19,-99.406621,voluptatem.mov,Latvian,ckb,Ryan LLC,03:17:09
South Barbaraview,144380129,laptop-95.tomlinson.com,$22.47,GB,26.504810,2011-07-03,Pacific/Guadalcanal,France,ef:85:78:cb:47:47,1997-12-27T14:32:16,144.684919,assumenda.csv,Zhuang,sid,"Dodd, Robson and Scott",01:20:19
Connorside,35,web-61.james.com,"$73,202.26",GB,43.086984,1970-09-28,Asia/Thimphu,Cuba,0c:ea:51:f6:be:41,2018-08-27T10:04:51,157.852549,voluptatum.ods,Ewe,ja,"Dobson, Mitchell and Morton",10:37:04
Quinnborough,3102028,desktop-01.smith.com,$22.14,GB,52.9177165,1972-09-21,Africa/Harare,Cape Verde,af:4d:e3:7d:7d:f0,2003-09-13T00:49:55,141.900524,culpa.odt,Greek,mai,Dixon-Yates,08:27:15
South Stanleychester,41976151,db-83.todd.com,"$2,582.11",GB,-62.6375415,1986-02-22,Europe/Malta,Ecuador,aa:1a:4b:fc:f2:80,1989-04-30T16:56:05,-58.783962,minima.flac,Bihari languages,ve,Young Group,15:00:35
Port Catherine,86201,email-19.blackburn-harris.org,$2.24,GB,56.6110995,1972-05-30,Asia/Singapore,Switzerland,5e:d5:fa:a5:7e:c2,2005-06-23T19:38:10,153.683553,cumque.xls,Fulah,kn,Henry Group,10:55:03
Lake George,25,laptop-11.wood-reeves.com,$16.45,GB,-21.7913065,1997-02-02,America/Santo_Domingo,Brunei Darussalam,98:fd:0b:60:96:61,1992-05-18T02:27:53,68.451884,nesciunt.gif,Sardinian,ber,Smith-Hill,03:25:08
Jonesland,9,db-28.parkinson.com,$3.38,GB,65.284340,1993-12-14,Asia/Taipei,Greece,37:c6:7d:f7:99:c0,2020-06-04T16:06:42,164.360556,unde.mp3,Inuktitut,hu,Barnes-Turner,17:32:19
Lake Chelsea,7,laptop-62.harrison-robinson.info,"$54,942.90",GB,53.8752215,2011-02-01,Europe/London,Poland,a6:4d:ef:de:15:6e,2018-03-25T20:09:30,140.678470,nostrum.mp4,Swedish,fr,Parsons-Lucas,18:25:51
Peterton,7,web-17.bibi.com,"$47,624.79",GB,-17.6484905,1977-04-10,Africa/Luanda,Mongolia,d8:9c:d1:2e:c5:01,1974-07-09T01:38:49,-72.633522,iste.html,Inupiaq,fil,"Cox, Chapman and Johnson",22:07:53
Lake Rogershire,430841,lt-54.field-ward.net,$6.11,GB,-22.0877205,1971-11-13,Europe/Minsk,Saint Vincent and the Grenadines,ca:6c:d7:66:aa:5b,1994-04-30T15:48:51,-155.802102,culpa.jpg,Latvian,tg,Atkinson-Murphy,15:28:18
Hicksshire,622679,lt-93.smith.com,"$4,041.87",GB,7.2082745,1983-06-13,Africa/Freetown,Turkmenistan,30:75:d2:88:19:a2,2019-01-01T04:09:39,-62.709512,nihil.pdf,Central Khmer,ga,Thompson-Gill,09:15:57
Port Staceyville,7397,email-80.fisher-williams.biz,$210.35,GB,-77.0430125,2019-07-11,Africa/Addis_Ababa,Mozambique,05:38:e1:01:21:3b,1990-10-28T22:06:39,-45.982797,recusandae.mp4,Swahili,cv,Howe Inc,00:03:27
New Carol,447,email-85.peacock.info,$75.60,GB,25.2654125,1990-09-18,Europe/Luxembourg,Bermuda,ef:4f:22:aa:3d:44,2001-01-27T00:47:18,-142.102045,similique.txt,Bislama,cy,Joyce-Parker,14:30:59
Millschester,21,lt-50.ryan-williams.info,"$2,585.50",GB,33.082052,2021-04-14,Europe/Zurich,Sweden,3f:8e:1b:59:d1:20,2021-06-02T00:03:15,89.698229,corrupti.css,Sinhala,it,Sharpe Group,07:16:27
Barryville,108,web-66.lee.com,$499.94,GB,-58.1561505,1984-03-14,Pacific/Guadalcanal,Costa Rica,5c:89:db:e7:c2:24,1978-01-18T23:17:21,-49.045241,blanditiis.mp4,Lithuanian,yi,Jones PLC,01:42:10
Lake Robert,3559034,web-86.boyle.info,$87.86,GB,-83.5874845,2018-08-04,America/El_Salvador,Mexico,59:e6:cd:49:5a:50,1998-08-11T23:59:40,12.629136,libero.odp,Samoan,kl,"Swift, Mellor and Foster",18:50:13
Port Gordonshire,35380308,srv-78.smith-bray.com,"$72,966.14",GB,39.271090,1970-09-11,Africa/Banjul,Barbados,dc:01:2a:44:28:51,2013-09-19T07:19:13,2.414520,odit.pages,Rundi,et,Potter-Buckley,04:26:39
Garyburgh,64,web-37.potts.com,$30.27,GB,-39.691286,1970-06-29,Pacific/Kwajalein,Norfolk Island,3a:b6:7b:77:be:84,1996-06-02T07:00:51,175.619085,facere.css,Japanese,lt,Mitchell-Holland,04:03:46
North Kerryshire,1,web-59.thomas.biz,"$81,214.23",GB,41.7050345,1999-12-18,Africa/Dakar,Afghanistan,ac:0a:ab:fe:49:8c,2011-07-15T16:58:06,-104.865328,libero.mp4,Avestan,om,"Potter, Jarvis and Joyce",04:57:57
New Holly,876,lt-50.riley-blackburn.com,"$61,669.63",GB,29.4658695,2023-01-23,Europe/San_Marino,Indonesia,79:8c:2d:07:dd:87,1984-02-17T01:15:44,55.812106,delectus.mp4,Oriya,en,Dawson-Bryan,18:57:01
Teresabury,442549352,email-91.khan.info,"$9,862.36",GB,88.788807,1986-08-25,Asia/Riyadh,Seychelles,e5:99:9d:15:f2:a4,1978-02-08T16:13:10,32.415277,veniam.mp3,Arabic,fil,"Carter, Booth and Miller",16:05:28
Port Antony,473241,email-21.tomlinson.co.uk,$0.92,GB,22.8590235,2008-05-09,Europe/Helsinki,Aruba,7b:b4:b9:5a:53:95,1990-06-22T09:28:40,14.169638,mollitia.css,Cornish,yi,"Shaw, Hayward and Richards",06:45:01
Doddview,10973652,laptop-38.brown.co.uk,$37.13,GB,85.522493,2006-08-13,Africa/Malabo,Barbados,25:fd:e5:5e:c4:ef,2020-07-17T21:17:03,64.339214,numquam.js,Chechen,zu,Forster-Myers,12:39:52
Reesstad,4755118,lt-29.edwards-hicks.com,"$98,788.04",GB,-25.1328595,1995-08-30,Africa/Conakry,Cocos (Keeling) Islands,49:fa:96:e5:1b:5c,1983-07-02T16:55:23,-139.766948,aliquam.tiff,Irish,tig,"Miller, Miller and White",04:11:37
South Traceyside,757838,srv-62.stevens-duncan.net,$2.80,GB,67.0139065,1970-01-30,America/Shiprock,Andorra,a6:f4:fe:8e:f8:98,1992-12-26T20:13:21,89.299207,laborum.bmp,Tigrinya,mi,Howarth-Russell,16:32:10
West Hazelfort,561158,lt-64.skinner.net,"$7,432.49",GB,-18.976010,1993-04-24,Europe/Skopje,Argentina,ee:df:99:2f:1f:9c,2021-10-09T15:54:05,19.194094,maxime.flac,Marshallese,iu,"Lloyd, Jones and Chambers",04:17:35
South Ricky,4,web-89.walters.net,"$51,413.93",GB,-8.0132685,1973-06-01,Africa/Conakry,Brunei Darussalam,53:b6:84:0a:80:59,2018-12-18T07:42:54,-11.990382,voluptate.mp4,Hiri Motu,hi,Butler-Stevenson,03:25:37
Leeport,788900,db-69.knight-rhodes.com,$3.09,GB,69.292830,1972-10-04,Africa/Windhoek,Gambia,cc:70:42:15:09:34,1994-04-27T00:09:30,94.367927,at.jpeg,Italian,hu,"Hilton, Hussain and Lee",15:16:29
Michaelchester,5,db-04.baker.com,$599.92,GB,37.881523,1986-12-07,Africa/Windhoek,Czech Republic,6c:b3:ea:c3:e7:0d,1984-11-06T10:58:17,-139.332789,nemo.jpg,Italian,bg,James-Thompson,21:55:41
Petersbury,347,laptop-21.carpenter.biz,"$2,808.45",GB,26.072560,1979-05-31,Indian/Antananarivo,Svalbard & Jan Mayen Islands,f4:c1:ed:f3:1f:ba,2007-06-19T18:34:27,-4.095436,sed.css,Romanian,bem,Rogers-Martin,11:34:13
South Samuel,8,lt-31.kaur.com,"$8,377.37",GB,-8.721444,1974-03-05,Africa/Libreville,Chad,23:ed:03:f7:7c:46,2006-12-08T08:32:48,-22.823431,explicabo.avi,Persian,tk,"Richardson, Rogers and Fox",19:01:03
Ashleyborough,86956,desktop-71.manning-adams.com,$567.26,GB,1.2455755,2013-04-09,Africa/Brazzaville,Malawi,2c:53:2d:09:2c:6e,2018-12-22T22:25:32,38.283896,provident.pptx,Bashkir,ps,"Gibson, Johnson and Baker",18:55:44
North Angelaton,84,db-37.jackson-mitchell.org,"$6,081.87",GB,20.2941505,2005-02-01,America/Araguaina,Cayman Islands,93:9f:53:d1:4d:ea,1992-01-20T00:56:07,66.761729,ex.json,Ojibwa,da,"White, Burton and Howard",17:27:19
Alexandrafurt,4383,laptop-77.walker.org,$85.10,GB,-17.287478,2018-09-06,Europe/Prague,Tunisia,ba:36:e9:df:71:36,2000-06-15T22:33:10,-88.957529,nostrum.csv,Lingala,th,Jones-Ali,13:48:15
West Tonystad,89115,lt-20.hopkins.com,$27.23,GB,4.8129465,1989-06-20,Africa/Dakar,Cayman Islands,1d:88:4a:36:4b:85,1989-05-27T11:59:48,-33.870112,quo.doc,Yiddish,ro,Jones-Hart,03:34:37
South Benjamin,441025177,email-48.harris-morgan.org,"$53,535.89",GB,-76.6096615,1998-12-04,Australia/Lindeman,Tuvalu,82:15:25:50:22:82,1972-12-20T18:12:25,-174.767892,quod.flac,Ukrainian,kk,Wilson-Evans,05:11:45
South Alexandraside,225,email-10.brown-taylor.biz,$8.21,GB,1.371586,2019-09-28,Europe/Vatican,South Africa,a5:b9:75:95:b8:08,1983-06-06T06:59:40,9.853183,modi.json,Xhosa,cv,Porter-Davies,13:21:51
New Martinfurt,5878204,lt-73.jones-anderson.biz,$71.50,GB,8.506980,1994-09-03,Europe/Prague,Saint Vincent and the Grenadines,5c:b1:9e:21:27:7f,1990-02-08T22:49:30,43.675817,et.html,Portuguese,is,Spencer PLC,13:37:06
Sandrastad,5,desktop-95.smith-kirby.info,$5.96,GB,-46.674204,2008-12-09,Asia/Katmandu,South Africa,18:2f:28:ca:db:d4,1986-01-17T14:11:40,42.833753,voluptates.tiff,Bosnian,ht,"Lewis, Carter and Daniels",07:31:13
North Abbieland,53008,srv-77.coleman.net,$8.69,GB,-60.0848775,2005-11-03,Pacific/Apia,India,b9:5a:ef:dd:d0:53,2012-07-23T03:21:26,-13.247774,optio.flac,Walloon,ka,"Carter, Griffin and Singh",20:40:46
South Jill,611,web-45.jones.org,$10.99,GB,-18.6085215,2012-04-14,Asia/Kuala_Lumpur,Hungary,ce:09:c2:54:6a:9a,1987-07-11T21:17:50,-14.984521,ipsam.avi,Yiddish,cs,Walsh-Smith,19:33:44
Hollyberg,30,db-83.connolly.com,$3.81,GB,77.785105,2017-05-02,Africa/Bangui,Bulgaria,dc:92:78:5c:ca:4a,1997-02-28T13:16:38,178.703092,in.mov,Kinyarwanda,es,Barker-Sutton,05:49:48
East Richard,444210843,srv-73.jenkins.com,"$7,478.28",GB,48.197534,1988-05-24,Asia/Muscat,British Virgin Islands,9e:25:57:89:7d:f6,1979-12-13T22:16:00,3.981037,dolorum.csv,Kashmiri,nso,Ross and Sons,03:49:20
East Mariefurt,243580,db-44.bennett.biz,$20.81,GB,12.5879445,2008-08-17,Africa/Sao_Tome,Congo,7f:84:66:6b:e0:64,2016-08-24T22:20:06,-32.076945,laboriosam.js,Occitan,sr,"Buckley, Begum and Martin",00:01:36
West Oliverport,1,laptop-21.hunter.biz,"$35,473.05",GB,65.9659475,1998-03-19,Asia/Tashkent,Thailand,fa:60:ba:da:e6:fd,1992-07-30T02:05:32,166.410173,doloribus.bmp,Mongolian,gu,"Clarke, Cooper and Reed",09:08:05
Lake Jacqueline,7888,web-10.barnes.com,$42.27,GB,57.066692,2008-09-13,Asia/Ulaanbaatar,Pitcairn Islands,f0:b2:b9:17:fc:de,2023-07-10T13:13:08,56.331933,quibusdam.tiff,Greek,mr,Jones Inc,01:30:32
Port Abbiemouth,1,laptop-92.anderson.com,$88.96,GB,65.645534,2009-06-29,Pacific/Funafuti,Niue,7a:ef:f2:0e:cb:56,1988-09-20T11:01:37,140.784388,accusamus.flac,Albanian,yo,Collins PLC,06:12:17
Joannafort,333,lt-09.bell-wilson.com,"$3,289.45",GB,43.2121125,1973-02-04,Europe/Warsaw,Zambia,76:5a:ca:63:cf:9f,1974-04-05T16:09:01,-32.129012,facilis.docx,Danish,nds,Banks Ltd,21:05:57
Johnsonton,583709,email-77.richardson.com,"$4,522.37",GB,9.4653005,1972-10-23,America/Paramaribo,French Polynesia,8a:16:b0:39:54:91,1994-12-13T14:57:03,-161.638485,blanditiis.js,Malay,se,Richards-Oliver,02:22:47
Taylorhaven,441605037,lt-60.barnes-oliver.com,"$9,518.76",GB,8.2786905,1998-04-02,America/Santiago,Mexico,11:ec:1b:88:04:98,1982-03-14T09:11:08,-22.462245,explicabo.webm,Irish,mni,Collins and Sons,14:23:13
North Joannabury,96429,web-82.turner.org,$7.64,GB,10.617097,2017-10-24,Africa/Douala,Saint Barthelemy,87:02:fe:04:8f:40,1974-09-26T00:58:12,130.635423,eaque.gif,Lingala,kk,Bevan Group,20:51:00
East Jayne,201096,db-67.morley-wright.com,$7.39,GB,5.030024,1982-04-21,Asia/Ashgabat,Egypt,b2:c3:97:3c:62:a8,1977-09-26T03:14:24,-153.971748,repellat.html,Chinese,shs,Saunders-Jones,17:29:06
Wardhaven,9461,srv-31.bennett-phillips.info,$5.80,GB,-54.228635,1974-03-23,Europe/Vienna,Suriname,39:23:e3:af:cb:9e,2021-01-31T19:00:14,76.728851,neque.css,Slovak,szl,"Kemp, Patel and Jones",08:38:16
West George,39497,db-37.jenkins-bruce.com,$172.69,GB,41.921884,1972-01-30,Asia/Jerusalem,India,5c:db:04:b9:91:91,2007-12-21T01:51:24,33.303938,esse.mp4,Yoruba,crh,Hopkins Group,06:26:42
Rowleyville,804144,desktop-00.ahmed-blake.co.uk,$175.93,GB,44.7639325,1970-04-23,Europe/Brussels,Holy See (Vatican City State),67:70:c9:14:ed:bd,1975-03-08T22:52:11,148.986278,nesciunt.png,Gaelic,fy,"James, Bowen and Conway",11:29:35
Sandramouth,61,lt-89.frost-hardy.com,$4.52,GB,44.3302065,1979-05-08,Asia/Aqtau,Cyprus,1c:60:35:f4:35:40,2016-03-25T09:28:28,112.168350,velit.tiff,Ndonga,lo,Howarth-Abbott,16:00:52
New Tony,58205,email-28.davis-jones.com,$710.78,GB,-22.568457,1971-08-01,Europe/Monaco,Wallis and Futuna,90:da:98:37:d2:a1,2020-11-05T18:48:15,-111.588842,impedit.mp4,Guarani,ayc,Mason-Edwards,01:32:07
Lake Adrianstad,14240,lt-24.wallis.com,$89.55,GB,16.968220,2006-11-18,Europe/Dublin,Bolivia,f0:a4:86:4d:16:7f,1978-01-23T04:49:37,149.825427,hic.js,Hindi,ro,Green-Miah,18:00:44
Lukeborough,8644711,lt-52.doyle.com,$307.89,GB,85.951899,1992-09-12,Africa/Libreville,Saint Lucia,32:8c:2e:43:51:80,1991-10-31T05:17:28,8.712291,voluptatem.wav,Esperanto,eu,"Clark, Rose and Matthews",19:18:13
Damianfurt,31847477,srv-07.hodgson.com,$784.88,GB,-28.703107,2009-07-17,America/Bogota,Sweden,a6:2e:02:66:54:61,1992-01-14T13:03:18,-24.199596,itaque.mp4,Interlingua,ms,Bell-West,08:00:40
Ellisland,670254,lt-99.fox.com,$4.79,GB,40.624035,1992-01-04,Pacific/Kwajalein,Hungary,57:18:d4:69:35:c2,1987-10-26T07:56:22,31.201974,cupiditate.numbers,Aymara,nn,Harrison-Brooks,09:53:39
East Seanfort,0,email-36.begum.com,$7.80,GB,55.653286,2022-05-22,Asia/Amman,Congo,29:a8:3c:86:ba:26,1998-04-20T02:06:26,67.666481,quisquam.ods,Ukrainian,ce,Singh LLC,09:23:29
Burnsshire,21854165,srv-00.griffiths.com,$701.68,GB,-38.8141415,1983-05-12,Europe/Monaco,Romania,6a:80:b4:90:6b:ae,2015-09-29T09:50:39,83.899178,dolore.numbers,Tahitian,gez,"Jones, Ferguson and Davis",19:59:20
Kevinfurt,7,email-63.nicholls.org,"$1,994.90",GB,-41.0795005,2016-04-11,Africa/Monrovia,Chad,d0:2e:89:c7:3b:73,1980-09-12T20:38:01,127.461513,eaque.csv,Swedish,ta,Scott-Lee,23:46:23
Colinland,537495,db-46.godfrey.com,$29.22,GB,-72.2794135,1987-12-03,Asia/Rangoon,United Arab Emirates,26:e7:a5:bf:68:35,1998-10-23T06:46:59,-156.045825,officiis.js,Navajo,mt,Pugh-Rogers,02:08:35
Carpenterfort,18918,lt-91.booth-simpson.com,$6.40,GB,-37.312076,2022-06-22,America/Bogota,Niger,1f:2b:75:98:31:ee,2017-05-18T09:24:23,-15.185083,laboriosam.css,Galician,kw,Walker-Arnold,12:47:25
North Gracetown,7708,srv-07.faulkner.com,$7.88,GB,18.5377715,1992-08-16,Australia/Hobart,Holy See (Vatican City State),78:1d:79:f1:e9:aa,1991-04-20T02:22:25,68.614984,cum.jpeg,Uzbek,os,Morris-White,09:10:31
Mauricestad,4526033,lt-73.green.net,"$1,312.15",GB,61.0982655,1995-01-10,Pacific/Guadalcanal,Saint Pierre and Miquelon,18:63:da:96:7c:cc,2008-02-13T04:56:24,-59.618647,rem.wav,Aymara,hu,Gray-Phillips,02:23:52
New Jeffreyton,0,web-79.barnes.com,"$8,282.41",GB,35.706305,2015-06-30,Asia/Damascus,Korea,80:0d:19:26:58:af,1987-07-20T14:59:51,131.948840,porro.ppt,Slovak,gu,"Lawson, Evans and Garner",21:59:25
Hudsonton,212907,desktop-48.ashton.com,$7.73,GB,50.1426795,2005-07-08,Europe/Budapest,Liberia,f8:75:6a:37:9d:48,2017-02-23T08:27:45,83.258424,quas.flac,Latin,mhr,"Robinson, Morrison and Booth",00:16:57
Matthewsbury,7933,desktop-49.wood.net,$7.68,GB,87.1327715,1985-02-28,Asia/Tokyo,Guinea-Bissau,0e:22:09:be:f6:db,1980-03-01T06:51:15,-24.434548,est.avi,Kanuri,ug,Berry Inc,07:02:43
Michaelchester,195699380,laptop-10.skinner.org,"$23,950.66",GB,61.3948625,2008-08-10,Africa/Libreville,Honduras,19:ee:c3:12:42:a0,1991-03-22T12:21:36,93.029059,laboriosam.key,Basque,ko,Davies-Rahman,03:32:51
Lake Kerry,4843,laptop-79.marsh.org,$46.30,GB,81.0082355,1975-01-27,Asia/Shanghai,Tokelau,87:c9:bb:ec:52:d1,2000-07-19T17:20:24,-113.784905,facere.wav,Breton,lij,Taylor Inc,08:59:54
Jennaville,1910942,email-41.page.co.uk,"$9,777.65",GB,-38.671624,1995-11-04,America/Port_of_Spain,Mauritania,48:21:5f:8f:7e:20,1984-03-12T10:50:53,-2.763276,earum.webm,Czech,vi,Thomas and Sons,03:55:47
West Irene,22756,lt-29.jones-watson.net,"$78,900.55",GB,-38.0975655,2010-07-03,Asia/Beirut,Korea,b1:df:86:54:f1:7c,1985-01-24T16:41:54,151.373389,illo.css,Malay,ur,Hunt Ltd,08:45:50
Kieranside,597851727,lt-65.watkins-sharpe.org,$420.25,GB,-24.011895,2008-03-30,America/Barbados,Morocco,fc:b8:39:f8:9f:fd,1990-02-05T22:13:36,-171.198863,dolorem.key,South Ndebele,zh,"Parker, Allen and Reynolds",20:47:49
East Shaneberg,4,laptop-60.hughes.net,$123.73,GB,-79.1439315,2019-09-26,America/St_Kitts,Kenya,55:49:3a:9c:2c:4e,1992-05-06T06:39:26,48.085863,dolores.webm,Kazakh,ht,"Johnston, Bell and Farrell",08:37:27
Lesleystad,6,laptop-64.patel-roberts.net,$67.71,GB,24.622538,1978-05-11,Asia/Tbilisi,Hong Kong,2b:ad:6f:1d:c2:a7,2000-01-22T10:58:20,18.572995,in.mp3,Urdu,bg,"Miller, Ellis and Davidson",15:37:31
Pritchardchester,5439280,web-44.gilbert-wall.info,"$4,785.30",GB,-76.296833,2016-05-14,Africa/Dar_es_Salaam,Mexico,71:52:9f:b6:44:8d,1988-04-26T19:55:55,83.921420,eveniet.jpg,Ganda,szl,Clark-Heath,18:34:34
Mitchellberg,695396703,laptop-65.fletcher-buckley.info,"$15,983.26",GB,-2.929567,1972-05-14,Africa/Tunis,Martinique,17:06:d1:6a:dd:92,2011-05-31T13:14:58,139.897356,natus.bmp,Divehi,bhb,Cox-Holland,20:24:13
Bryanview,39515490,srv-12.davies.co.uk,"$3,788.08",GB,-41.9517185,1999-07-28,Asia/Amman,Cook Islands,3c:ea:5c:a2:b0:d0,2001-01-24T16:28:08,-1.547399,deleniti.png,Tatar,brx,"Begum, Davies and Taylor",20:17:21
Martynmouth,52584,desktop-99.jones.co.uk,$3.92,GB,52.073785,1988-04-05,America/Belize,American Samoa,b9:9c:9c:7d:3b:8c,2009-06-14T10:08:15,147.135734,libero.jpeg,French,hr,"Stephens, Collins and Baxter",18:47:48
Brownville,120310,db-20.patel.com,$869.50,GB,-20.497460,1997-03-31,Europe/London,South Africa,af:d7:7e:77:72:6a,2020-07-17T00:50:43,-133.932192,sequi.flac,Tonga,kl,Thomas-O'Neill,21:25:44
Port Jacob,92684205,laptop-27.walsh.com,"$3,361.49",GB,4.392322,1988-05-24,America/Guatemala,Algeria,11:12:65:8e:7a:4d,2022-02-17T05:02:34,-19.350197,ad.txt,Irish,ln,Jackson Inc,05:41:23
Walkerborough,743426701,web-11.vaughan-chambers.com,$363.60,GB,-5.8165275,1981-11-12,Asia/Ashgabat,Martinique,05:f8:69:77:b2:9b,1977-09-18T06:22:14,38.933059,quas.json,Sichuan Yi,an,"Williams, Lewis and Knight",14:18:42
Marcport,522,web-28.knowles.org,$7.88,GB,23.0642745,2016-12-13,Asia/Bahrain,Jordan,a1:7a:f4:3e:cb:46,1994-07-28T00:01:28,17.919776,eum.tiff,Irish,bem,Cooke Ltd,15:17:37
Wheelerborough,1120,web-95.summers.biz,$21.86,GB,34.9807315,2002-07-28,America/Antigua,Saint Lucia,52:97:11:0d:33:d2,1971-06-21T04:30:27,80.157106,nam.webm,Guarani,sr,Barber and Sons,04:22:34
Scottland,8,laptop-26.walton-webster.com,$997.47,GB,-44.568787,1979-03-28,Europe/Luxembourg,Montserrat,fa:61:24:65:f1:cb,2004-12-10T19:47:40,37.222496,voluptates.doc,Interlingue,wal,"McCarthy, Wilkinson and Graham",00:14:40
New Kathleen,159,web-50.page-carroll.net,"$2,977.46",GB,-40.8631305,2019-08-21,Pacific/Guadalcanal,Ethiopia,8a:ed:ac:b5:9f:85,1983-02-26T10:04:19,61.285962,reiciendis.xlsx,German,sc,"Smith, Rahman and Collins",18:53:16
New Douglastown,8,lt-29.bailey.net,"$4,809.09",GB,60.4297785,1984-08-21,Asia/Hebron,Congo,82:05:d1:aa:98:b7,2004-07-10T12:46:38,-29.922393,libero.flac,Herero,hu,"Whitehead, Price and Wilson",14:03:49
South Alex,695,lt-47.harper.info,$9.19,GB,-89.6146865,1988-05-06,Europe/Oslo,Bhutan,4e:b5:f0:9a:f6:38,1970-12-01T05:56:51,74.359881,excepturi.docx,Albanian,da,"Wilson, Pearson and Wright",20:36:12
Daviesland,8,srv-40.baker-king.com,$68.44,GB,-6.233135,2008-10-29,Africa/Bangui,Dominica,75:22:ca:01:d1:16,2012-11-19T22:59:19,123.062335,unde.jpeg,Bihari languages,lt,Parker PLC,10:16:06
North Neilchester,252551,db-02.bird.com,"$7,259.88",GB,-28.3935645,1970-12-23,Africa/Djibouti,Finland,28:51:66:5d:57:69,2019-06-02T15:06:09,5.612083,laudantium.json,Bosnian,is,Harding-Reid,21:04:31
North Stephen,557455527,laptop-40.parker-richardson.com,$32.54,GB,-38.1819255,2001-01-06,Europe/Rome,Spain,21:92:f0:f3:b8:68,2007-10-29T12:32:26,-175.467434,molestiae.jpg,Hindi,et,"Goodwin, Wood and Wood",07:58:41
Khantown,8,desktop-02.hartley-wilson.biz,$934.14,GB,46.1949635,1975-08-07,Pacific/Funafuti,Kuwait,34:c9:8f:2d:b9:b5,1999-07-07T13:21:27,45.619682,voluptate.ppt,Hungarian,kn,"Hanson, Davies and Martin",11:54:08
Clarkemouth,40,desktop-15.jones.org,$510.52,GB,-3.650916,1974-09-18,Africa/Banjul,Cyprus,bb:7b:1b:67:f3:9a,1994-07-08T19:43:07,0.082826,dolore.bmp,Uighur,ms,"Smith, Jones and Collins",14:00:40
South Irene,4143,desktop-89.griffiths.net,"$7,108.34",GB,-15.162196,1989-06-27,Asia/Beirut,Kyrgyz Republic,e5:86:d4:4a:d8:8d,1970-08-21T01:26:36,63.965534,voluptate.html,Ndonga,eo,Dixon-Parkin,00:53:40
East Dylan,0,lt-10.wright.org,$383.11,GB,11.3709685,2008-08-22,Africa/Addis_Ababa,Togo,36:9f:4e:12:d7:92,2021-06-23T04:25:31,0.483179,quam.avi,Bashkir,ber,Byrne Group,14:25:21
Graemechester,674269,desktop-75.sharpe.com,"$34,927.47",GB,72.489313,2017-07-18,Pacific/Galapagos,Netherlands,4d:a1:36:a2:6f:ef,2003-07-13T01:09:33,-47.266666,tempora.mp3,Marshallese,my,Moran-Davies,13:10:37
South Robin,9790711,db-08.perry-bradley.org,"$2,425.12",GB,9.2524685,2018-09-18,Africa/Dar_es_Salaam,Dominican Republic,5a:63:d7:ba:65:3e,1972-08-05T19:55:27,157.584621,et.mp4,French,ky,"Tomlinson, Thompson and French",05:53:35
Russellland,28343,db-27.carter-russell.com,$8.51,GB,-35.495588,1978-04-09,Europe/Bucharest,Austria,cd:c9:a6:81:4b:07,1981-02-14T11:45:06,62.007833,distinctio.bmp,Ndonga,nl,King-Mann,18:10:47
Port Annmouth,27985,srv-11.baker.com,$997.96,GB,61.0242975,1998-11-11,Pacific/Palau,Uganda,35:dc:1b:77:75:9a,2021-11-13T13:25:06,-3.615120,ratione.csv,Chichewa,am,Harris PLC,06:09:45
Begumville,916725,db-66.smith.com,"$74,392.75",GB,85.9160985,2019-11-17,America/Guatemala,Jordan,96:5b:47:9f:db:42,1984-05-10T19:10:56,114.579296,deleniti.wav,Quechua,uk,Roberts and Sons,22:17:35
Port Rebecca,6,email-84.chandler-carter.biz,"$82,441.41",GB,-39.915799,2008-08-04,Africa/Ndjamena,American Samoa,e9:1b:75:9b:1f:d3,1971-03-04T11:41:26,-131.443506,recusandae.pages,Sardinian,ik,"Conway, Williams and Green",22:01:46
Georginaland,813603,email-56.field.com,$1.03,GB,83.1590125,2011-08-16,America/Asuncion,Greenland,7b:7a:5d:77:13:a8,1995-12-04T20:02:58,-82.309724,earum.css,Nauru,ro,Williams Group,00:11:17
South Charlottemouth,97476,srv-30.spencer.info,"$89,205.98",GB,74.891813,1971-12-10,America/Costa_Rica,French Guiana,50:60:f4:dd:ee:fe,2001-11-16T20:07:13,-150.628451,labore.pdf,Wolof,hr,"Pearson, Rogers and McLean",12:36:01
Nathanview,9,srv-41.davis.com,$21.23,GB,82.7288175,1976-11-26,Europe/Skopje,Norfolk Island,c0:70:59:33:f5:5b,2018-03-14T04:52:40,-169.087367,necessitatibus.gif,Russian,bho,Holden Inc,16:39:02
Cliveside,850310,desktop-08.norman-mahmood.com,"$9,768.47",GB,15.600303,2011-07-31,Europe/Brussels,Faroe Islands,dd:1b:72:97:44:8a,1977-01-02T23:23:52,-36.529349,ipsum.tiff,Luxembourgish,mn,Lynch LLC,04:07:42
South Shannonhaven,89466,db-76.moore.org,$9.52,GB,75.3423005,1977-10-23,Europe/Vatican,Heard Island and McDonald Islands,36:bf:8d:75:6d:a6,2005-08-09T22:11:58,65.774714,laborum.ods,Afar,mai,Allen Inc,10:59:24
Port Guy,7628827,email-75.taylor.com,$0.07,GB,20.5665975,2016-05-07,Africa/Malabo,Congo,e4:0c:07:dc:a2:f0,2002-04-01T20:39:00,-76.886453,odit.csv,Bosnian,bem,"Thomas, Kennedy and Osborne",07:18:53
Angelaland,5183,web-82.johnson.com,"$29,949.83",GB,-7.8585655,2009-05-09,Africa/Tripoli,Algeria,64:f8:d3:73:2a:eb,1988-09-14T07:56:58,111.177333,molestiae.tiff,Tonga,ar,Brown Group,02:06:26
Yvonnehaven,0,web-41.miller-shepherd.biz,$961.53,GB,42.197969,2012-07-27,Africa/Bamako,Sudan,41:13:c3:32:8b:6e,2019-09-12T15:48:23,146.775131,ea.wav,Occitan,el,Thomson-Clark,21:55:59
Charlottebury,196428037,email-59.browne.co.uk,"$70,625.70",GB,3.2969725,1970-03-18,America/Jamaica,Wallis and Futuna,32:ba:f6:51:46:49,1987-04-06T09:17:50,-64.646776,est.txt,Chichewa,hak,Goddard and Sons,05:38:00
East Annetteland,813,desktop-77.reid.biz,$97.68,GB,-72.622410,1981-10-01,Africa/Addis_Ababa,Libyan Arab Jamahiriya,5d:13:a8:ea:10:c8,2016-07-28T16:37:40,78.456494,deserunt.jpeg,Somali,raj,Jones Group,13:29:16
Gerardchester,7179788,laptop-75.ahmed.net,"$2,584.19",GB,-35.638458,1985-03-27,Asia/Dili,North Macedonia,cf:2e:31:a9:d3:15,1981-10-21T16:05:42,-149.018962,provident.webm,Sardinian,be,Watson Ltd,20:43:04
Williamshaven,745,laptop-43.smith.com,"$5,434.59",GB,-73.326413,2011-03-03,Europe/Budapest,South Georgia and the South Sandwich Islands,14:06:54:b1:cc:65,2022-08-07T08:13:30,3.971691,consequatur.mp3,Aragonese,raj,"Lambert, Lowe and Smith",18:55:33
East Teresa,119482914,email-34.howarth.biz,"$9,966.33",GB,2.915602,1975-09-05,Africa/Khartoum,Tokelau,8b:82:f4:e8:b5:6d,1972-10-17T14:49:01,178.197863,facilis.js,Korean,pap,Scott LLC,10:00:33
Trevorville,54009567,lt-29.burrows-leonard.com,$6.49,GB,84.9151355,2011-11-11,Asia/Brunei,Belgium,38:89:07:34:bf:2e,2017-07-05T11:32:46,-8.415309,soluta.gif,Igbo,ka,Holmes Inc,15:18:09
Wilkinsside,19024,srv-24.clark.com,"$3,629.11",GB,-1.051750,2008-04-16,Africa/Libreville,Anguilla,4f:92:2d:d9:56:2e,1974-05-10T05:06:54,111.820793,nobis.mov,Malay,wa,Wilkinson-Sanderson,23:39:16
West Zoe,24566653,desktop-94.wallace.net,$735.82,GB,-73.772353,2003-12-11,America/La_Paz,Antarctica (the territory South of 60 deg S),a4:b6:b0:81:36:cb,2001-09-15T07:38:43,72.178073,vero.mp4,Chinese,sl,Green-Watson,00:17:10
Smithmouth,226196,laptop-46.parry-rogers.co.uk,"$59,385.05",GB,-11.716567,1983-10-21,Africa/Windhoek,Fiji,d4:7b:32:58:e9:f7,1974-06-13T17:03:47,32.756975,ipsa.gif,Macedonian,lo,"Jones, Byrne and Sykes",23:16:20
Margaretside,1341473,web-88.harris.com,$17.27,GB,4.7872125,2005-01-04,America/Belize,Saint Martin,0d:b1:c8:9b:b5:1f,1995-02-07T14:26:27,143.549588,voluptate.mov,Sardinian,ro,Cooper Ltd,11:05:24
Allenport,2983299,web-13.roberts.com,$74.82,GB,-84.619124,1988-06-15,Africa/Windhoek,Gibraltar,1b:18:c2:77:5a:20,1975-01-19T19:55:57,-129.325232,a.js,Tibetan,km,Hunt-Scott,23:18:01
Holmeshaven,5,email-68.vaughan.org,$81.18,GB,-82.4933785,1992-09-11,America/Guyana,Falkland Islands (Malvinas),da:6f:9c:4e:19:72,1997-04-01T12:06:38,-20.010840,vel.mp3,Igbo,be,"Hussain, Wood and Shaw",13:02:06
Lake Stuart,14,desktop-23.ford-bates.com,$5.80,GB,-15.8809945,1980-12-05,Asia/Vientiane,Tuvalu,6f:5a:c5:55:81:6d,1979-10-15T18:14:43,-86.575047,alias.xls,Gaelic,fur,"Taylor, Khan and Giles",12:02:32
Bryanmouth,27189,lt-82.grant-johnson.co.uk,"$7,616.51",GB,-16.3951865,1974-09-06,America/Grenada,Slovakia (Slovak Republic),40:c4:3e:4e:44:e6,2009-03-21T13:38:07,-61.440482,eligendi.wav,Macedonian,tr,Marshall-Thompson,11:57:43
East Damienborough,7730,email-88.roberts.com,$2.56,GB,-36.042899,2004-10-13,America/Managua,Luxembourg,6d:30:6a:70:bb:c5,2013-11-11T14:21:00,-19.225483,explicabo.docx,Igbo,ne,"Davis, Robinson and Leach",16:21:20
Allenview,485,lt-08.robinson.net,$3.24,GB,84.299508,1970-06-26,Pacific/Fiji,Wallis and Futuna,cb:96:cf:89:7f:27,2018-05-25T08:56:56,5.831145,laudantium.gif,Chechen,kk,John Group,16:33:03
North Judithborough,520183532,desktop-95.miller.biz,"$55,112.64",GB,-74.6798075,1996-12-08,Asia/Tehran,Heard Island and McDonald Islands,f8:d8:4c:24:91:ac,1997-07-06T11:44:11,-144.702099,nihil.mp4,Xhosa,sid,Lowe-Jones,04:41:38
Johnstonside,46441,web-56.miller-parker.com,$0.99,GB,-65.718240,1970-08-08,Africa/Abidjan,Ireland,a8:e5:05:93:dc:22,1995-09-15T03:40:27,-157.769473,nulla.jpeg,Afrikaans,ca,Nash-Hughes,20:22:18
North Gerard,63665162,email-45.james-reid.com,$869.53,GB,-71.8670445,1998-07-16,Asia/Saigon,Cote d'Ivoire,2b:bd:f7:79:5c:68,2001-12-19T05:09:37,176.430150,provident.json,Lao,csb,Cox-Ford,06:05:51
Barryside,29,laptop-55.price.net,"$4,319.76",GB,82.326345,1987-08-05,Asia/Vladivostok,Armenia,f8:48:36:52:3e:44,1994-03-26T07:40:40,-36.684213,ipsum.wav,Avestan,br,Oliver-Hutchinson,09:11:50
Port Garethton,55,db-64.brooks-clarke.com,"$8,829.45",GB,4.116938,2011-06-12,Asia/Bishkek,Uganda,8d:ed:22:24:88:a7,1984-06-11T06:01:10,57.005584,nostrum.ods,Abkhazian,hy,Stewart and Sons,08:53:56
North Carolineshire,156,web-08.brown.com,$8.79,GB,-7.4787475,1981-04-17,Africa/Ceuta,Somalia,6c:a0:77:8f:c7:23,1977-09-30T11:45:24,-113.429271,reprehenderit.mp3,Tagalog,yo,"Butcher, Patel and Moore",19:01:47
Johnsonland,7870,laptop-05.rees-green.org,$699.60,GB,54.4643825,1999-10-12,America/Barbados,Tonga,ed:08:65:9c:6e:4e,2019-05-06T17:07:14,147.882363,fugiat.wav,Swedish,tn,Norton Inc,11:02:13
Geraldineburgh,5,email-53.webb.com,$326.90,GB,-0.1885825,1999-10-12,Africa/Nairobi,Hong Kong,12:a1:90:6d:f9:40,1971-01-13T07:47:42,-41.619233,iusto.js,Spanish,vi,Jackson-Simpson,13:00:46
Joneshaven,25,laptop-14.williams.biz,$3.62,GB,46.5051525,1991-11-22,Europe/Sofia,Mayotte,1a:b5:a1:06:47:38,1978-08-25T07:42:41,-67.460235,alias.pptx,Assamese,ar,Robinson-Dixon,21:11:56
New Danielleshire,5830,db-17.griffiths.info,"$92,403.84",GB,10.030788,2014-12-16,Africa/Lagos,Bouvet Island (Bouvetoya),a1:3d:ba:51:9b:79,1970-09-27T15:40:11,130.623368,ex.ods,Armenian,pl,Wilson PLC,23:52:23
Fordville,29,email-89.davies.com,$44.09,GB,37.0511385,1999-04-12,Africa/Tunis,Eritrea,fa:a9:5f:4b:69:2f,1992-07-26T19:08:36,92.393471,consequatur.wav,Central Khmer,pt,Woods-Turner,06:31:35
Anthonyshire,7,lt-61.brooks-rice.com,"$25,241.35",GB,-23.073371,1983-01-08,Europe/Zagreb,American Samoa,9e:30:eb:14:89:db,1989-04-03T10:33:24,-166.606169,possimus.pdf,Ndonga,shs,Davidson Inc,09:52:16
Evansshire,31,web-84.lee.com,$9.71,GB,37.107538,2007-01-21,Africa/Libreville,Oman,47:95:f3:e2:70:67,1983-01-20T17:12:05,147.742375,omnis.flac,"Sotho, Southern",is,Brown-Fletcher,06:29:15
Port Mohammadshire,212449233,desktop-89.roberts.co.uk,"$9,355.82",GB,-66.0577085,2013-08-07,Europe/Prague,Swaziland,4d:b7:3a:1b:e2:25,2003-06-24T02:51:42,42.248008,ut.html,Georgian,ru,Lawson-Simmons,01:47:07
North Sambury,23594,srv-65.nash-wood.com,$5.62,GB,-79.129746,1976-07-29,Asia/Krasnoyarsk,Tanzania,61:b1:4b:96:c6:04,1979-03-08T00:23:55,-45.760913,officia.tiff,Irish,or,Burrows PLC,22:24:54
Johnsonshire,52006,lt-22.baldwin.biz,$26.05,GB,-74.052422,1992-05-25,Africa/Douala,Palau,1c:f3:9e:59:20:63,1983-06-11T15:00:47,-26.389118,magnam.html,Venda,hi,"Francis, Gardner and Hayes",07:49:55
Port Leon,4388,lt-66.wells-baxter.org,$807.67,GB,40.310695,1971-01-14,America/El_Salvador,Uganda,f7:6e:eb:2d:58:a7,1996-05-11T21:37:34,116.478282,facilis.html,Hungarian,dv,Williams LLC,08:16:54
Whittakerborough,17627088,lt-12.bell-russell.com,"$1,567.54",GB,-58.309574,1983-12-13,Asia/Pyongyang,Congo,93:4a:21:42:ef:f9,1985-06-14T22:18:39,-147.702151,quas.tiff,Navajo,cs,Hopkins LLC,04:24:51
O'Neillville,24452,srv-01.clark-bruce.org,"$38,482.00",GB,-31.6499475,2015-02-20,Asia/Colombo,Guinea,cd:bf:e3:98:ec:86,1994-01-24T15:07:30,-52.808153,nam.numbers,Bislama,nds,"Curtis, Henry and Slater",20:11:51
Harrisonland,4149275,desktop-91.wells.co.uk,"$9,519.55",GB,86.6341315,1979-12-23,Asia/Bahrain,Cuba,89:81:ec:56:b5:88,1999-02-15T16:20:42,111.186543,aliquid.png,Sinhala,pap,Hussain-Jones,17:34:36
Hallburgh,6,db-36.turner.com,"$20,143.27",GB,74.1060205,2001-05-23,Atlantic/Reykjavik,Iran,e6:88:4e:32:37:2b,1994-09-06T21:06:16,-103.820540,eum.webm,Assamese,sid,"Morris, Harrison and Hamilton",07:56:19
Rosemaryfurt,2,email-21.collier-miller.info,"$53,544.15",GB,-70.5676585,2004-01-11,Africa/Lome,Barbados,2f:32:ac:56:f2:e8,1985-11-03T20:57:26,174.343414,numquam.mov,Latin,sk,Baxter Inc,09:18:27
Ameliahaven,1,desktop-00.finch-moore.com,"$7,145.63",GB,13.501268,2015-11-21,Asia/Karachi,Oman,73:3f:b4:a1:82:a5,2014-09-13T13:59:42,-10.073297,aliquam.txt,Amharic,ru,Cook Group,12:18:50
Port Gillian,9687,email-55.brown.com,$22.16,GB,-56.211869,1993-12-27,Asia/Beirut,Somalia,51:48:3c:74:30:9f,2007-11-29T11:17:35,26.192928,nam.json,Haitian,mk,Godfrey LLC,17:21:55
Stewartburgh,10280724,srv-07.williams.com,$5.70,GB,-27.3349605,1999-02-12,Europe/Monaco,Micronesia,34:c4:9b:8b:2d:fb,2007-06-10T04:09:00,28.384054,odit.jpeg,Interlingue,tcy,Scott-Thompson,18:57:18
West Jamieberg,796865918,srv-15.mahmood-young.info,$3.83,GB,26.475150,1971-12-07,Asia/Ashgabat,Singapore,2b:fe:1f:8e:19:c1,2003-09-24T04:27:07,124.100800,aut.docx,Marshallese,the,"Pearson, Bates and Atkinson",12:06:11
Wrightland,4845,lt-86.davies.biz,$919.68,GB,-86.6879265,1989-09-08,America/Bogota,Peru,17:68:7f:5b:9c:94,2010-05-19T14:36:19,-35.743047,doloribus.json,Divehi,sk,Connor-Johnson,03:56:06
North Rebecca,96451208,web-94.payne.com,"$4,899.56",GB,-65.4613565,1973-08-07,Europe/Ljubljana,Norfolk Island,93:01:9a:e4:af:8c,1973-04-26T09:55:07,55.650570,sit.mp4,Icelandic,sid,O'Brien-Bennett,00:32:07
Valerieview,4,desktop-63.ali.co.uk,$13.04,GB,4.453113,2006-09-20,Asia/Aqtobe,Netherlands Antilles,ac:61:86:99:e5:07,1987-03-17T01:59:19,-100.059483,maxime.mp3,Chichewa,it,Patterson-Wood,21:18:00
Port Jay,505,laptop-86.hughes.co.uk,$44.25,GB,-60.6119695,2010-07-27,Indian/Mahe,Turkmenistan,72:6c:5c:91:80:04,1971-04-02T10:22:01,-122.757430,placeat.mov,Belarusian,mn,Johnson Inc,08:17:37
South Gareth,296479854,laptop-66.smith-walters.com,"$2,405.33",GB,50.694798,1997-04-16,Africa/Bangui,Turks and Caicos Islands,9c:c7:37:c9:e5:a1,2010-06-04T12:40:22,14.411958,doloremque.webm,Komi,ru,"Lloyd, Green and Newman",12:23:52
North Seanfort,54,web-73.bailey.com,"$6,704.75",GB,40.5601885,2018-11-28,Atlantic/Cape_Verde,Chad,d1:50:50:e9:c4:95,1985-05-08T09:35:14,126.694531,quae.jpeg,Gaelic,so,Barnes-Turner,08:12:51
Annchester,73528,lt-34.ward-smith.com,"$61,975.85",GB,-4.3146515,1972-08-26,Asia/Beirut,Cyprus,8e:0c:4d:96:54:0d,1991-03-10T12:21:51,-71.936310,ducimus.jpg,Basque,fr,Gregory LLC,05:29:15
Eileenmouth,5,laptop-95.barry-page.biz,"$7,978.08",GB,60.134591,2001-04-24,Europe/Monaco,Saint Pierre and Miquelon,46:40:98:44:24:8d,2000-12-24T09:46:30,36.467847,sapiente.png,Sichuan Yi,am,Campbell-Morgan,17:42:37
Port Carly,822038,laptop-92.king-webster.org,$3.32,GB,-38.5966865,1989-03-17,Africa/Libreville,Guinea-Bissau,c5:53:a7:c8:33:0e,1987-08-27T19:27:07,-46.020714,eum.ppt,Georgian,crh,"Cook, Pugh and O'Connor",20:05:57
West Connorshire,891,email-99.thomas.net,"$56,113.09",GB,66.013289,1974-06-23,Africa/Abidjan,French Southern Territories,9c:cb:fd:45:ef:77,1972-02-13T14:56:59,37.783518,pariatur.mov,Hebrew,lzh,Akhtar Inc,12:16:31
Mooreburgh,9864,email-47.butler-smith.co.uk,"$73,781.97",GB,-33.8597645,1984-07-10,Asia/Amman,Montserrat,3a:c3:f3:8a:34:e2,2020-05-12T02:27:06,-45.217689,eveniet.html,Belarusian,gez,Shah PLC,13:26:04
Carolynmouth,1,web-57.clarke.org,"$5,045.79",GB,22.065898,1989-06-25,Pacific/Guadalcanal,Slovenia,cb:3e:04:b5:ef:03,1983-03-04T21:08:25,-38.709771,aut.flac,Telugu,nr,"Edwards, Garner and Johnson",11:20:30
Leonardview,0,lt-15.robinson.co.uk,"$2,289.42",GB,-40.1700505,1998-05-01,Africa/Cairo,Kuwait,ab:fe:4a:79:33:6e,1982-01-27T10:14:33,-141.770182,iusto.wav,Tamil,be,"Holmes, Burton and Wade",18:34:46
Kaurmouth,3,db-07.richards-mitchell.co.uk,"$32,262.24",GB,-49.152442,1990-06-02,Europe/Tirane,American Samoa,a0:2d:08:0d:9a:56,2020-11-13T15:03:48,-156.555199,consequatur.pages,Komi,shs,Webb Inc,03:12:05
West Vanessa,187260986,srv-51.wilson-rogers.co.uk,$40.95,GB,-79.2237215,1991-07-21,Africa/Nairobi,Kyrgyz Republic,9a:ef:b6:fd:9f:9e,2001-12-27T03:39:27,121.310227,id.flac,Inupiaq,lv,"Gregory, May and Lloyd",04:51:25
North Robert,5154,db-18.edwards.info,$61.04,GB,76.5827665,1999-07-07,Indian/Antananarivo,Comoros,54:37:80:76:2b:29,2011-10-31T23:35:14,-73.761703,maiores.html,Tahitian,tig,Watts-Hurst,11:54:07
East Beverley,3,lt-60.powell.com,"$41,671.25",GB,-21.6623465,1983-06-24,Europe/Bratislava,Comoros,30:26:93:d5:2a:8b,1992-11-19T06:45:41,125.414839,ipsam.mp3,Telugu,nb,"Price, Hancock and Kelly",03:34:53
Harveyland,67870,srv-13.rahman.net,$980.96,GB,15.7376935,1988-06-13,Africa/Bujumbura,Pakistan,53:8f:9a:44:c4:da,2012-01-28T11:11:18,-44.919860,autem.bmp,Catalan,shs,"Allen, Johnson and Barnes",20:21:57
Port Lesleyport,62764,lt-91.young-sims.com,"$6,288.06",GB,42.8765225,1992-09-01,Africa/Maseru,Greenland,80:17:a6:4d:54:90,1979-02-21T16:25:08,-152.602860,voluptatibus.json,Welsh,doi,Barton PLC,05:44:27
Blackborough,4283692,email-84.dean.biz,"$53,346.35",GB,88.5537115,1994-10-22,Africa/Douala,Uruguay,89:9f:f8:fe:fc:2a,2023-03-07T22:40:11,28.466072,tempore.css,Lithuanian,kok,Morris and Sons,05:57:44
Lake Thomasshire,3921234,laptop-59.dale.com,$4.63,GB,43.329611,2019-01-05,Asia/Riyadh,Cape Verde,c7:98:fe:24:85:d8,1976-03-13T22:18:39,-94.042403,tempora.gif,Ukrainian,lzh,"Khan, Webb and Powell",14:33:18
East Ameliahaven,7781220,email-88.talbot.com,"$7,964.77",GB,-67.0949135,1984-07-13,Africa/Accra,Lithuania,2d:8d:18:ff:5c:d9,2006-02-10T02:10:39,85.419134,voluptatem.xls,Avestan,oc,"Richardson, Mitchell and Wilkinson",14:11:53
Ryanside,5,desktop-80.chapman-vincent.com,"$28,786.17",GB,42.229126,1992-02-04,Africa/Bujumbura,Central African Republic,e7:f5:d5:94:ec:44,2012-02-14T08:48:35,-8.452462,dolorum.odp,Korean,tk,"Smith, Lynch and Davies",12:26:56
Kirstyfurt,1168,db-13.mclean-hill.co.uk,"$31,870.09",GB,80.7301785,1972-04-08,Africa/Bissau,Romania,ef:c1:69:73:44:9b,2007-09-11T09:17:36,-18.961825,totam.flac,Panjabi,niu,Hayes-James,16:28:57
Farmerfort,514,lt-56.hughes.com,$3.96,GB,-23.141554,2012-07-12,Africa/Harare,Portugal,50:56:48:21:b8:26,2012-12-17T20:23:28,59.351261,eveniet.avi,Chuvash,mhr,"Scott, Cook and Morris",12:22:56
Smithshire,15,desktop-00.walton-randall.org,$21.26,GB,-22.831438,1970-10-14,Europe/Vienna,Eritrea,13:26:45:03:f4:cf,2005-08-10T18:33:56,170.334027,ab.mp3,Corsican,be,Ahmed-Cunningham,09:48:24
Natalieland,812613,laptop-64.owen.com,$439.48,GB,83.545302,2022-05-19,Africa/Khartoum,Nepal,3b:59:ac:1b:ce:0b,1984-12-28T09:05:24,-55.947344,eveniet.xls,Swahili,ru,"Wright, Dunn and Jones",02:52:19
Wadefort,69352,web-69.taylor.net,"$6,497.00",GB,-34.680444,2008-01-08,Africa/Bissau,Iceland,36:94:ad:c2:90:fa,1988-11-14T19:42:56,100.438115,iste.webm,Serbian,gd,Miller-Jones,03:20:46
New Garethland,76717,lt-13.jones-fletcher.co.uk,"$69,918.57",GB,64.797591,1998-07-02,Pacific/Tongatapu,Eritrea,58:93:e5:03:56:1f,1993-01-07T03:04:10,81.633606,assumenda.json,Chuvash,tl,"Cooper, Gray and Baker",02:36:38
Edwardsstad,72462790,laptop-55.barber.com,"$6,522.19",GB,-5.0600905,2011-12-17,Atlantic/Cape_Verde,Heard Island and McDonald Islands,5c:51:18:9f:43:7d,2000-06-26T01:09:36,137.575517,dignissimos.mp3,Bambara,yi,"Bishop, Ball and Potts",10:39:04
Ingrambury,927897754,email-34.lyons.com,$925.50,GB,-49.6664425,2006-02-17,Australia/Darwin,Tanzania,1f:20:83:74:e3:1c,2012-04-06T20:55:25,-0.193559,repudiandae.flac,Italian,csb,Cook PLC,23:49:55
East Nathan,580,laptop-67.jennings.com,$86.12,GB,-5.612925,1985-01-17,Europe/Bucharest,Lebanon,8a:7f:da:b3:b7:d8,1984-09-29T14:04:22,-22.358634,enim.wav,Spanish,tig,"Bryant, Blackburn and Price",15:42:48
New Jacquelineville,18088,lt-30.pope.com,$572.54,GB,-33.4636995,2016-05-14,Asia/Tokyo,Singapore,6b:a7:e6:e2:13:43,2001-11-29T08:57:13,25.757500,repellendus.xlsx,Ganda,mni,Ford Ltd,10:43:11
Geraldshire,655604,laptop-98.wilson.biz,"$28,188.03",GB,-34.5302915,1992-01-15,Pacific/Port_Moresby,Vietnam,2c:ac:a5:07:dd:6a,1972-05-11T09:28:37,63.135711,illo.flac,Vietnamese,hak,Brooks Group,03:36:40
Barryton,78542,laptop-71.simpson.com,$25.06,GB,23.0668695,2021-09-28,Pacific/Enderbury,Cote d'Ivoire,73:d7:c5:2b:f6:f4,2016-11-15T21:06:52,87.272676,laboriosam.mp4,Yoruba,szl,Graham and Sons,12:56:58
Longport,5080069,web-88.baker-powell.net,$53.47,GB,-71.5886905,2016-03-01,Europe/San_Marino,Cameroon,32:5e:08:c3:12:fd,2013-07-18T08:00:15,-25.343493,officia.wav,Bosnian,ak,Evans-Pearson,03:02:05
Evansland,10514768,desktop-62.howells.com,"$19,386.77",GB,9.6288085,2010-12-07,America/Belize,Slovakia (Slovak Republic),cb:df:e7:78:cf:6e,2006-01-08T13:44:20,95.504618,facere.mp4,Herero,kn,Rees-Austin,16:57:04
Port Edwardfort,101,email-48.connor.com,"$6,258.35",GB,-9.9312355,2003-10-04,Asia/Pyongyang,Tokelau,02:6f:af:4c:43:75,1977-03-28T23:33:42,-101.196786,quae.wav,Ganda,ar,Davis and Sons,11:34:24
Lindaborough,4,srv-71.burgess-bevan.com,$19.32,GB,63.961497,1970-01-04,Europe/Zagreb,Malta,b7:34:06:da:2d:14,1978-06-02T17:44:16,-144.653876,a.mp4,Marathi,sl,"Duffy, Hicks and Barnett",10:20:57
Williamsberg,818,db-20.bibi-holt.net,"$4,955.12",GB,-6.692838,1975-03-13,Asia/Seoul,Cayman Islands,a8:e3:e2:4d:6c:6a,1975-07-02T08:31:58,134.396437,beatae.tiff,Cree,ka,Jones-Wright,04:21:33
Baileybury,1,laptop-93.davies.net,$135.86,GB,4.1082075,1994-08-03,Europe/Skopje,Brunei Darussalam,86:c9:81:65:6c:fb,1998-10-26T07:59:25,-134.674488,id.flac,Zulu,mag,Robinson-Hooper,17:51:47
Lake Trevorfort,3,web-64.green.com,$8.23,GB,10.087487,2005-10-17,America/Lima,Bouvet Island (Bouvetoya),36:1d:a8:f0:f1:14,1998-03-29T16:54:05,175.231855,ducimus.mp3,Abkhazian,kok,Sheppard PLC,03:40:42
New Justinview,47061434,desktop-53.jones.com,"$9,779.44",GB,17.9711445,2009-10-06,America/Montevideo,Vietnam,47:1e:08:3d:2f:e1,2013-03-26T20:43:20,134.351576,aliquid.jpeg,Oriya,lb,Rogers-Kelly,02:33:01
Port Nicole,887,laptop-94.mann-kay.net,$8.80,GB,-13.3308995,2018-04-01,America/Port_of_Spain,Croatia,39:a2:84:79:46:28,2021-06-14T06:25:38,-151.988268,quas.tiff,Tatar,be,Barry-Potts,10:10:17
Coopermouth,79076,db-16.marsden-elliott.biz,$51.75,GB,63.488110,2010-04-04,Europe/Brussels,Tuvalu,66:9d:71:9d:6b:29,1972-10-20T00:27:48,-10.512703,dolorem.docx,Interlingua,ml,"Hall, Bond and Miller",20:35:46
Danielmouth,65850,web-43.cooper.com,"$5,334.91",GB,-44.789161,2019-11-13,Africa/Porto-Novo,Somalia,5a:00:f5:7a:79:d6,1990-07-01T15:30:23,-138.045931,animi.json,Belarusian,sa,"Chadwick, Smith and Jones",09:36:39
New Karl,7784,laptop-72.nicholls-garner.info,$804.37,GB,45.9358135,1973-11-17,Asia/Dushanbe,Spain,83:27:20:60:3a:52,1976-01-29T23:00:57,159.769748,laborum.webm,Fijian,bo,Martin Ltd,02:19:10
Patrickbury,844855,laptop-47.richards.com,$67.62,GB,16.9412075,1972-03-14,America/Antigua,Yemen,a5:ce:76:45:e3:2f,2008-09-17T13:19:26,165.118071,in.odt,Portuguese,nl,"Daly, Sanderson and Lambert",22:41:00
Rogermouth,85,lt-44.matthews.com,"$65,162.94",GB,-62.648452,2023-08-21,Europe/Minsk,Svalbard & Jan Mayen Islands,da:1b:dc:25:c1:c1,1986-01-01T09:50:08,123.659028,dolor.json,Burmese,st,Sullivan Group,18:20:18
North Adrianport,71767579,srv-46.elliott-webb.com,$8.44,GB,18.9955035,1980-03-08,Pacific/Funafuti,Egypt,24:bd:28:1d:56:77,1976-07-08T19:48:08,167.629406,pariatur.flac,Kashmiri,he,Roberts PLC,16:47:08
Maureenstad,52,email-02.jarvis-norman.com,$371.57,GB,-7.3905425,2008-02-15,Africa/Maputo,Palau,59:56:2e:9e:c2:81,2003-03-03T08:05:01,-91.422869,tempora.pdf,Turkish,is,Kirk-Collier,10:59:49
Kaurside,373371167,lt-27.bailey.co.uk,"$16,859.01",GB,14.308582,1999-09-28,America/Guayaquil,Slovenia,9d:91:7b:53:72:94,1982-05-03T10:32:43,-145.957947,perspiciatis.webm,Ewe,lb,"Holmes, Fletcher and Graham",23:39:46
Jonesshire,715799067,db-32.atkins.com,"$15,978.40",GB,56.570537,1974-08-10,Europe/Tallinn,Finland,7f:2c:c4:ef:f6:4a,2003-04-30T22:08:58,-149.642675,modi.flac,Yiddish,sk,Harris PLC,07:26:53
Wardmouth,20162,web-85.jones.co.uk,$3.96,GB,66.580422,2011-08-18,America/La_Paz,Syrian Arab Republic,2f:dd:fd:26:62:07,1972-02-25T20:40:02,75.535672,ipsam.mp4,Walloon,am,Davidson-Turner,20:15:47
Jadetown,428125,web-22.norman.com,$784.70,GB,1.9621975,1979-05-23,Africa/Nouakchott,Saint Kitts and Nevis,aa:72:cb:2f:37:ca,1988-07-29T04:39:02,-86.808143,blanditiis.jpg,Dutch,lg,Ferguson-Rogers,16:15:06
North Mohammadfort,68045,db-35.king.com,$20.83,GB,27.888103,1983-12-20,America/Bogota,Barbados,c5:80:63:86:0a:97,1989-07-03T10:55:26,-80.286304,atque.mp3,Ido,nso,"Williams, Murphy and Robinson",02:19:38
Frederickfurt,1569,db-33.jenkins.info,"$51,608.33",GB,-79.1971845,2019-12-30,Indian/Maldives,Christmas Island,62:0b:b4:23:a4:88,1970-10-12T19:32:03,-151.481212,facere.webm,Tajik,cmn,Johnston Inc,03:42:37
Port Darren,9549,desktop-84.dean.org,"$67,963.74",GB,71.0099115,2011-10-26,Africa/Nairobi,Venezuela,20:27:37:39:77:1b,2017-09-28T13:37:46,-60.909480,expedita.numbers,Azerbaijani,zh,Rice Ltd,03:33:56
Gregorychester,760827,srv-38.brown-coleman.com,$92.47,GB,-5.234892,1978-03-07,Europe/Minsk,Malawi,6e:91:2b:c6:94:bf,2002-08-20T18:43:17,69.114174,nisi.avi,Swahili,nb,"Ball, Holmes and Sullivan",04:52:28
Grantstad,403847,srv-49.johnson.com,$402.55,GB,11.595798,1972-06-20,America/El_Salvador,Australia,98:c1:b0:d5:dc:b7,2008-12-18T05:57:30,-79.657021,aliquam.html,Yiddish,de,Patel-Greenwood,15:19:30
Ritabury,2,email-86.forster.com,$9.43,GB,35.6170175,1982-11-21,Asia/Dili,Haiti,14:7c:36:87:02:23,1992-08-19T19:14:22,116.546263,dolorum.mp3,Arabic,as,Young-Thomas,21:48:27
Rachaelshire,361927356,db-37.barnett.com,$11.51,GB,87.0959145,2019-01-26,Africa/Freetown,Slovenia,34:58:62:d6:b9:33,2018-07-27T10:59:57,44.444991,vero.odt,Sango,gu,Nash-Miller,00:40:58
Fletcherborough,3,web-99.murray.com,$1.44,GB,-49.467054,2022-08-11,Africa/Tripoli,Northern Mariana Islands,49:2e:2d:93:73:e9,1976-04-20T09:56:42,-122.983762,voluptas.flac,Sinhala,et,Lloyd-Bennett,13:53:29
North Duncantown,8,lt-40.cooke.info,$55.86,GB,85.4996595,1999-02-26,America/Montevideo,Greenland,23:9c:b7:83:29:97,1993-02-26T01:34:13,-26.929816,dignissimos.tiff,Panjabi,sid,"Tomlinson, Coleman and Yates",13:48:26
East Kellyview,4374,srv-04.hill.net,"$8,944.63",GB,25.675529,1977-04-07,America/St_Vincent,Montserrat,1b:bd:7a:f4:2d:d2,1998-05-22T22:37:36,-62.487780,voluptatibus.css,Uzbek,lo,Myers PLC,23:30:02
Suttonbury,243937614,desktop-26.garner.info,$72.15,GB,45.557596,2002-04-17,Africa/Djibouti,Korea,e8:1d:b8:ae:31:3d,2009-01-23T00:25:15,139.108372,nihil.avi,Persian,lg,Foster and Sons,20:39:13
Hollieview,785,srv-89.jackson.com,$38.87,GB,-62.0879415,1984-01-06,Europe/Zagreb,Romania,c1:c7:58:c2:94:77,1995-12-13T05:57:09,-45.311572,libero.mp4,Interlingua,bg,Ward-Fowler,00:14:48
Fosterfurt,1,laptop-16.lawrence-roberts.info,$3.80,GB,-55.2864595,2004-07-11,Asia/Aden,Nauru,60:1b:85:b9:b1:eb,2015-07-24T18:00:04,-52.769053,repellendus.webm,Central Khmer,uz,Potts and Sons,00:37:13
Harriettown,1294221,web-15.lawrence.com,$69.90,GB,57.696163,1997-01-04,Asia/Dili,Jamaica,ad:d4:97:bb:25:a6,2023-04-17T03:58:29,-88.213369,natus.flac,Italian,doi,"Pritchard, Holt and Davies",12:26:20
East Louisehaven,33,srv-75.nolan-nolan.com,"$4,682.36",GB,7.1090915,1989-12-24,Pacific/Tongatapu,Korea,d7:39:0b:d6:b0:28,2006-10-17T21:47:05,-167.150184,mollitia.docx,Sindhi,sr,McCarthy Ltd,16:55:09
Alanshire,2993,web-56.adams-nelson.com,$630.80,GB,-82.2197715,1999-02-23,Asia/Singapore,Romania,0a:ce:2c:7a:bf:f9,1977-06-25T21:30:22,162.904394,eligendi.css,Pushto,dv,O'Neill Ltd,14:16:35
Leachview,418728445,web-78.simpson.biz,"$86,018.27",GB,62.1379435,2013-12-06,Pacific/Guadalcanal,Marshall Islands,fb:a2:5a:8f:f1:58,2013-11-30T10:33:22,23.487264,praesentium.tiff,Occitan,sid,Anderson LLC,15:25:03
New Gordon,31700054,desktop-08.dale.co.uk,"$5,447.93",GB,0.9635645,1988-04-18,Europe/Athens,Vietnam,78:66:a1:34:6a:b5,1976-07-30T19:58:58,-16.871977,dolor.png,Maltese,tl,"Simmons, Preston and Simmons",10:31:25
Lake Gailbury,943513,laptop-00.smith.com,$28.39,GB,-19.336834,1981-03-08,Europe/Rome,Bosnia and Herzegovina,5a:6e:70:73:ec:20,1983-04-20T15:45:38,-20.734068,iure.avi,Kikuyu,ar,"Barber, Davies and Nash",01:15:42
North Henryfort,3778,email-60.hudson.com,"$7,743.66",GB,60.423022,2015-05-21,Europe/Athens,Saudi Arabia,f7:01:80:18:2c:d1,2005-07-13T09:50:41,-53.229348,odio.mp3,Sardinian,fy,"Owen, Saunders and Clark",10:35:16
South Jake,1,laptop-80.foster.com,$97.36,GB,-43.524206,2007-06-20,Europe/Oslo,United Kingdom,54:f0:4a:a9:82:01,2019-05-13T01:14:09,-42.146172,eligendi.docx,Central Khmer,bhb,Rose-Cook,21:58:29
Powerburgh,503,laptop-56.ali-williams.com,"$4,575.72",GB,87.104263,2009-09-02,Africa/Ndjamena,Burkina Faso,0f:c7:eb:0f:78:2f,2020-10-06T00:26:30,-176.094920,autem.mp3,German,gd,Smith-Patel,15:43:39
Wardport,995748604,db-55.chan-howard.org,$493.14,GB,-70.7499885,2003-06-22,Asia/Aden,Estonia,fa:41:a9:2a:c2:8a,2006-04-12T20:17:36,-6.678988,quasi.mp4,Afar,lzh,"Marshall, Burgess and Morris",18:08:31
North Bethanyhaven,256934,laptop-32.rees-hilton.com,"$2,550.58",GB,30.875601,2014-06-16,Pacific/Palau,Saint Pierre and Miquelon,f4:86:f9:21:07:dc,1985-05-22T12:08:47,-24.385448,praesentium.html,Georgian,id,"Owens, Hughes and Singh",22:29:47
Masonborough,4275,laptop-16.scott.biz,$357.50,GB,-34.107237,1988-04-22,Europe/Ljubljana,Philippines,2c:2d:0a:ca:59:f9,1991-01-20T17:36:20,114.774393,veritatis.xls,Mongolian,af,"Garner, Cook and Thomas",15:44:26
Katherinefurt,37642049,web-73.campbell.biz,"$7,417.21",GB,48.657857,2012-01-11,Australia/Brisbane,Fiji,30:c3:20:5a:80:26,2011-08-21T02:34:08,-9.881577,cupiditate.png,Hebrew,id,Wallis Group,18:26:49
Lewisville,3461,lt-18.rice.net,"$64,435.50",GB,-10.887994,2000-11-15,Europe/Budapest,Brazil,c8:c2:ad:2f:c6:f3,1977-01-14T14:09:21,108.441921,accusantium.flac,Estonian,lg,Robinson Group,09:31:19
Lake Yvonne,0,laptop-15.baker-robinson.com,$587.11,GB,-60.1464905,1982-04-17,Europe/Oslo,Vietnam,61:ce:e2:b4:d7:93,1983-03-19T03:39:52,-15.753345,iste.flac,Serbian,byn,"Jones, Pearce and Brown",02:57:56
Lake Bethantown,66628,laptop-41.davis.com,"$9,042.90",GB,43.769412,2008-09-08,America/Guyana,Guyana,a6:49:9e:9d:c9:8f,2014-10-18T10:26:41,-111.548305,consectetur.pages,Finnish,wal,Davies-Quinn,02:12:45
North Sarah,4237,web-16.martin.net,"$7,414.47",GB,23.5112295,1979-10-08,Africa/Dar_es_Salaam,Finland,c0:28:9c:51:ba:57,2008-03-07T04:43:37,32.792540,magnam.ppt,Basque,sl,Thorpe-Ball,10:49:30
Coxmouth,98526946,srv-61.whitehead.com,"$32,957.05",GB,18.1181585,2016-05-07,Asia/Tashkent,North Macedonia,4f:3f:c4:03:42:76,2003-10-09T06:02:11,7.866615,maiores.csv,Zulu,dz,Parkes-Riley,08:13:26
Webbview,9948,laptop-79.thorpe.net,"$3,734.58",GB,35.082254,2021-03-08,Africa/Windhoek,Trinidad and Tobago,aa:e7:ed:85:4f:59,1997-02-02T06:22:31,-159.056105,voluptate.js,Slovenian,the,"Connor, Bell and Schofield",20:18:31
Lake Bruceport,68728,db-21.power.com,"$3,920.34",GB,-48.0451325,2006-09-06,Europe/Amsterdam,Congo,b2:2d:4b:10:6b:f8,1980-02-14T19:04:09,-171.115276,tenetur.mov,Kashmiri,cy,West Inc,15:16:48
Benjaminland,94,srv-11.perkins-jones.com,$9.58,GB,67.853829,2020-03-19,Pacific/Auckland,Japan,64:70:04:c3:c8:6a,2011-04-13T00:04:28,132.651995,voluptate.html,Limburgan,mg,Lewis LLC,14:32:44
Port Victor,897,laptop-77.price-stevens.info,$611.78,GB,74.7740405,2020-10-11,Africa/Addis_Ababa,Swaziland,66:5e:7d:54:c6:11,2004-05-13T01:13:23,-64.297710,doloremque.mov,French,bg,Howard LLC,00:26:31
West Frederickside,341152,lt-48.campbell.com,$8.52,GB,-22.6227915,2019-06-10,America/Bogota,Svalbard & Jan Mayen Islands,ff:f0:3e:84:66:66,1978-11-15T09:40:51,73.134196,quisquam.png,Zulu,shs,"Chapman, Evans and Elliott",04:55:59
Lake Heather,1,srv-14.bennett.co.uk,"$27,020.58",GB,85.670247,2004-02-18,America/Dominica,Singapore,32:0b:a4:9f:6d:99,1983-10-12T10:32:16,-87.948664,dolor.css,Persian,km,Allan-Fisher,23:56:08
South Max,6,db-15.james.com,"$1,223.07",GB,-27.3234565,2020-11-08,Asia/Dushanbe,Faroe Islands,db:16:ae:e7:5b:b1,2002-11-12T14:56:06,13.139287,cum.key,German,ti,"Summers, Smith and Franklin",04:33:51
Bellchester,3223576,web-05.walker.com,$440.89,GB,59.2790065,2005-09-05,Europe/Oslo,Ethiopia,8f:a0:ff:cb:dc:99,2013-06-20T19:53:34,17.597713,iusto.webm,Tsonga,nb,Foster PLC,16:38:31
Sheilaport,9240067,web-11.mitchell.com,"$61,910.83",GB,-64.210095,2002-01-31,Indian/Mauritius,Congo,99:c0:b1:dd:12:41,1988-11-09T07:06:58,155.357267,sapiente.pptx,Swedish,bho,"Ahmed, Lord and Houghton",22:59:57
Port Christophershire,880675951,lt-68.potts-johnson.com,$7.75,GB,-26.678344,1990-05-28,Asia/Urumqi,Mali,f6:b2:2e:0f:76:0b,2011-11-16T11:34:32,-26.802662,magnam.key,Albanian,lo,Swift-Price,00:06:40
Johnsonchester,279,srv-61.evans.co.uk,"$1,405.93",GB,7.0582035,2003-08-26,Asia/Kuala_Lumpur,Heard Island and McDonald Islands,b3:38:8f:8f:25:13,2007-09-04T07:12:40,131.344301,dolorem.txt,Zhuang,mai,"Armstrong, Davis and Williamson",21:37:22
Joanneland,180590517,db-12.andrews-williams.com,"$93,391.97",GB,-76.548803,2002-07-02,Europe/Oslo,Uganda,83:c9:40:96:12:db,2010-12-30T20:30:27,-104.290467,veritatis.mp3,Slovak,szl,Lee and Sons,02:58:21
Hiltonview,67736,lt-72.whitehead-cooper.com,$89.84,GB,-43.837701,2022-11-20,Europe/Zaporozhye,Bolivia,e5:3d:1e:84:09:3f,1993-05-03T11:33:45,170.764657,corrupti.csv,Ewe,sw,Jones LLC,13:48:49
Victoriaborough,120442,srv-15.may.com,$46.00,GB,-72.8803115,1994-05-15,Asia/Jerusalem,Wallis and Futuna,a1:3d:7e:97:b3:2e,1988-02-16T17:19:36,79.584490,sunt.mp4,Panjabi,ts,Holt Ltd,04:27:58
Hallport,95020895,laptop-38.talbot.org,$878.39,GB,-86.7443475,1990-07-16,Africa/Ouagadougou,Seychelles,fe:7b:90:45:c6:ca,2015-12-01T18:53:50,53.398297,harum.webm,Tajik,lo,"Stone, O'Sullivan and Barton",17:48:11
West Sallyburgh,8,srv-23.wade.info,"$7,257.08",GB,80.247694,1990-09-16,America/Dominica,United States Minor Outlying Islands,e2:48:2a:83:a6:d2,1980-04-22T07:28:00,-26.513009,quas.mov,Azerbaijani,nds,Robson-Foster,03:46:33
Aarontown,686794949,email-67.walker.com,"$6,457.38",GB,12.3891885,1973-06-13,Asia/Dushanbe,Malaysia,95:1c:57:ce:fd:6c,1997-07-23T20:45:56,-68.187770,ut.mov,Norwegian,csb,Brady-Middleton,01:07:55
Kerryhaven,4550,desktop-17.johnson.com,$3.25,GB,11.941244,1981-04-03,America/Monterrey,Martinique,b5:c2:0d:5a:af:f0,1985-11-21T22:39:57,-74.627582,minima.jpeg,Kashmiri,ja,Scott-Phillips,04:49:29
Nigelbury,28,lt-39.knight.com,$88.29,GB,70.134038,2004-04-01,Africa/Mogadishu,Poland,30:a2:aa:22:39:b8,2023-05-10T23:38:14,174.527721,nihil.xlsx,Inupiaq,csb,Newman-Banks,13:47:50
Port Patricia,319715,laptop-07.lambert-lee.com,"$94,172.30",GB,2.821030,2016-04-29,America/Tegucigalpa,Wallis and Futuna,b1:b3:f0:16:0b:e9,1997-08-25T23:45:11,-97.811166,harum.jpeg,Dzongkha,mt,Wood Group,10:47:45
South Margaret,598,email-69.lane-begum.info,$429.76,GB,-2.139578,2008-06-05,America/Montevideo,Montserrat,5e:53:1b:bd:f4:a8,2004-06-19T17:18:25,-124.089737,placeat.html,Cornish,ka,"Williams, Herbert and Rowe",10:23:57
Jillport,1218346,srv-28.roberts.biz,"$76,141.40",GB,-16.3732405,1987-03-26,America/St_Lucia,Greenland,1a:7e:60:10:5a:28,2008-12-20T23:29:07,119.831337,necessitatibus.webm,Basque,lt,Mellor and Sons,17:12:27
Holmesbury,80,desktop-74.morgan.co.uk,"$87,874.51",GB,46.3781645,2008-03-06,Europe/London,Niger,de:f0:e7:11:a0:71,2010-10-28T08:02:33,-90.693379,quia.mp3,Tibetan,sa,Hunt-Newman,23:19:15
