date,city,pricetag,date_time,hostname,iso8601,timezone,file_name,bank_country,latitude,mac_address,language_code,time
1998-06-29,Deggendorf,"40,96 €",1988-01-21 14:02:25,web-12.kruschwitz.de,2000-12-14T20:38:09,Africa/Ndjamena,nämlich.mp4,DE,38.4884885,a5:51:35:90:d1:35,fy,05:55:23
2023-01-12,Burgdorf,"33,45 €",1999-12-09 00:17:51,db-02.kobelt.de,2007-01-06T17:48:40,America/Costa_Rica,nehmen.pdf,DE,22.305806,71:d6:ad:ff:c4:47,csb,17:30:29
1985-07-14,Grafenau,"8,21 €",2003-06-15 15:37:20,email-62.kreusel.de,2001-08-13T19:34:48,Asia/Amman,plötzlich.wav,DE,52.0929875,62:22:a1:84:11:78,ko,17:26:09
1972-12-24,Suhl,"84.924,84 €",2021-01-28 11:54:53,email-53.koehler.com,2019-11-18T05:08:51,Africa/Djibouti,Tag.jpeg,DE,75.1321235,af:b8:a5:00:da:f3,byn,02:08:16
2012-10-13,Vechta,"3,71 €",2015-04-08 21:06:18,db-77.doehn.de,1982-09-11T03:28:12,Asia/Damascus,fahren.mov,DE,85.717185,3c:8d:14:00:d3:d9,bho,18:24:11
1972-03-03,Cuxhaven,"463,07 €",1986-05-23 16:22:28,email-85.fiebig.org,2006-08-11T02:54:38,Pacific/Nauru,klettern.png,DE,51.187318,bf:ec:84:b9:4e:51,nso,15:21:31
2004-12-22,Düren,"2,97 €",1974-08-03 06:22:40,db-28.raedel.net,1988-01-19T06:42:26,Asia/Urumqi,wie.mp4,DE,81.5845205,12:02:c5:e5:f5:5a,af,04:17:07
2014-07-09,Herford,"1.733,70 €",2004-07-03 09:41:48,laptop-65.geisler.de,1972-05-16T03:06:16,Asia/Oral,schwarz.pdf,DE,-61.4959515,72:58:57:db:ed:de,ts,08:47:26
1974-05-29,Zossen,"2.750,46 €",1993-09-14 08:25:48,srv-68.eberth.de,1986-02-11T16:21:17,Indian/Mahe,ob.png,DE,27.6749715,55:89:5c:ae:49:6a,gez,10:23:43
1998-05-31,Güstrow,"18,76 €",2003-11-26 01:31:12,desktop-79.atzler.de,1992-09-21T06:03:56,Africa/Niamey,sehen.jpeg,DE,-62.7470135,fe:21:5b:58:4a:3c,ve,07:16:05
1995-09-04,Vechta,"52.119,97 €",2007-07-08 09:10:56,db-36.stiebitz.de,2019-09-10T04:43:36,Africa/Gaborone,setzen.flac,DE,-56.3176965,55:59:b2:da:ff:ca,my,02:20:06
2023-01-06,Witzenhausen,"10.047,17 €",2014-07-07 23:08:52,desktop-08.binner.com,1978-07-13T02:24:28,Europe/Warsaw,liegen.wav,DE,16.503518,5c:08:b5:1d:9b:d6,fi,12:57:13
1978-02-21,Bad Kreuznach,"63.177,07 €",2021-10-16 10:54:13,laptop-18.bruder.com,1983-09-23T00:09:54,Africa/Windhoek,reiten.mp3,DE,-36.1376655,3c:28:45:b0:24:86,ts,01:16:15
1988-10-29,Husum,"6.804,97 €",2017-12-04 05:21:48,web-91.stiffel.de,1995-11-14T10:43:33,Europe/Oslo,dich.avi,DE,-11.9475365,d2:a5:61:ab:62:e4,wae,20:19:28
2009-12-18,Rosenheim,"64,12 €",1993-04-16 16:46:17,srv-51.ullrich.net,2016-02-04T02:48:55,Africa/Ouagadougou,Herr.flac,DE,69.158818,e4:d3:70:ee:b0:51,hu,11:32:20
2014-01-12,Bad Kreuznach,"5,12 €",1995-03-13 21:54:47,web-93.drub.net,1976-06-23T16:46:00,Africa/Lagos,ins.json,DE,-66.789089,c1:6c:ea:19:5a:13,mn,23:05:08
1997-12-30,Konstanz,"50,71 €",1983-06-09 23:38:43,laptop-88.reinhardt.com,1987-11-26T15:19:59,Asia/Colombo,Fuß.pages,DE,45.832935,18:af:d0:05:dd:c8,mhr,08:14:19
2020-11-26,Waldmünchen,"757,10 €",1977-01-14 21:16:46,email-29.loeffler.de,2000-04-11T05:56:25,Europe/Minsk,bringen.wav,DE,-21.588295,a1:92:73:00:e3:f0,mi,22:56:01
2012-07-05,Bergzabern,"71.926,36 €",1999-07-26 18:51:18,lt-20.dobes.org,2019-10-03T08:49:55,America/Port_of_Spain,böse.wav,DE,0.233514,28:d6:67:6d:8e:86,hr,02:56:27
1979-09-05,Bernburg,"5,21 €",2002-05-22 21:20:48,laptop-55.rohleder.de,1995-07-18T06:07:39,Africa/Douala,Junge.css,DE,63.0091325,18:3b:47:7a:4d:f0,ve,00:47:43
2017-03-25,Hünfeld,"19,65 €",2019-07-31 15:26:25,laptop-79.kuehnert.com,2015-08-02T23:55:35,Asia/Kashgar,warten.gif,DE,-33.7993805,7d:e7:ab:44:ad:6b,ca,09:52:31
1972-07-27,Husum,"71,85 €",1971-08-23 07:47:56,desktop-42.bolander.com,2002-04-03T00:48:02,America/La_Paz,zehn.jpg,DE,72.9247725,c0:46:9b:30:18:f3,az,03:55:55
1973-12-21,Hohenmölsen,"45.620,97 €",1998-05-03 21:50:33,email-90.ritter.com,1978-02-20T23:04:53,America/Indiana/Petersburg,es.bmp,DE,-83.0912515,29:55:14:47:ad:8e,lg,17:14:43
2022-09-06,Rostock,"904,67 €",2018-06-14 16:14:53,laptop-72.zahn.de,2007-12-05T08:00:25,Asia/Calcutta,das.flac,DE,10.755579,fb:4b:cc:93:cb:b5,ln,08:01:15
1977-12-08,Mainburg,"3.375,63 €",1998-12-07 03:00:21,email-34.baerer.de,2016-05-19T10:53:47,Asia/Kabul,Finger.jpeg,DE,34.864224,4a:2b:de:e7:d9:8c,da,17:41:25
2020-08-27,Passau,"456,27 €",2003-01-27 01:27:53,laptop-64.gorlitz.net,2016-11-02T02:38:55,Africa/Windhoek,acht.flac,DE,-27.245928,1c:22:6d:1b:0d:5d,bs,23:01:25
2006-04-26,Kehl,"7.088,30 €",1977-08-17 05:02:15,laptop-32.zahn.com,2011-10-06T23:01:12,America/Guayaquil,Uhr.flac,DE,-81.0456805,6e:9c:d4:3c:78:af,om,17:45:53
1993-06-20,Hansestadttralsund,"96,74 €",2002-05-01 01:22:21,desktop-13.sontag.de,1990-04-19T14:15:41,Asia/Kashgar,Wort.txt,DE,79.7423295,dd:1d:b1:f4:0c:02,dz,22:07:11
2020-09-05,Eisenberg,"82.364,79 €",2023-02-17 09:11:18,laptop-18.seip.com,1991-06-23T12:46:43,Europe/Prague,letzte.ppt,DE,83.9297685,fb:ce:91:c4:71:12,sq,08:49:48
2006-09-21,Hohenmölsen,"8.987,98 €",1976-12-02 00:09:46,db-45.weinhold.de,1988-09-17T10:17:56,America/Santo_Domingo,gar.jpg,DE,69.534702,dd:f6:3e:8c:12:6a,ml,09:46:48
2023-05-12,Gunzenhausen,"56,01 €",1989-09-16 14:40:58,laptop-42.caspar.com,2014-06-13T06:56:19,Europe/Tallinn,leise.tiff,DE,-42.948368,51:f0:6f:b3:30:dc,crh,17:08:33
2000-04-06,Weimar,"6,96 €",1989-11-23 16:22:48,web-66.zahn.de,1994-08-19T01:19:53,Asia/Yerevan,Fenster.wav,DE,-12.419835,1f:d4:ed:fa:78:12,sk,01:03:47
1977-03-17,Witzenhausen,"45.376,60 €",1984-07-22 16:20:09,web-88.winkler.com,1972-11-14T00:29:55,Europe/Riga,ist.webm,DE,10.437385,d3:b5:19:58:32:25,fur,05:26:38
2003-06-30,Greiz,"8,94 €",1992-06-26 23:48:53,laptop-53.nohlmans.de,1996-02-04T18:26:39,Indian/Mauritius,mögen.tiff,DE,-25.566283,ff:3b:b2:00:6d:5b,hi,12:20:52
2015-02-01,Meiningen,"40,44 €",1971-12-23 13:59:23,email-08.oestrovsky.com,2022-02-12T19:39:19,Asia/Kabul,liegen.ods,DE,-31.2917845,94:df:1b:75:ba:7b,vi,03:02:18
2009-05-22,Lörrach,"60.333,94 €",1984-06-05 11:06:51,db-35.kensy.de,1988-07-27T06:29:07,Asia/Kuala_Lumpur,arbeiten.flac,DE,-89.394920,55:f2:82:59:44:fa,crh,09:43:20
1974-01-06,Burgdorf,"4.893,53 €",1998-04-21 00:38:29,email-75.schinke.de,2019-12-13T14:50:55,Africa/Conakry,Geschichte.gif,DE,68.5731615,b1:18:ff:15:21:15,gd,20:35:06
1971-08-27,Bad Kissingen,"5,51 €",2019-06-06 17:22:58,laptop-73.keudel.net,1986-12-16T10:31:41,Europe/San_Marino,stellen.mp3,DE,-40.9553945,aa:f1:7b:eb:13:bb,it,04:38:43
1993-06-22,Sangerhausen,"50.567,12 €",2017-12-19 15:28:26,lt-19.birnbaum.de,2013-08-08T22:05:24,Asia/Calcutta,erst.mp4,DE,42.079973,af:fa:db:9c:d4:70,hy,04:18:53
2012-12-16,Güstrow,"5,62 €",2004-04-09 23:56:33,db-38.poelitz.de,1989-09-22T17:02:14,America/Jamaica,laut.bmp,DE,-64.3860545,48:2d:a5:c4:73:e4,da,17:20:39
1977-01-06,Bützow,"79.361,79 €",2002-04-03 05:16:02,web-79.jaehn.net,2022-06-11T20:17:20,Asia/Gaza,schnell.webm,DE,17.064318,a1:96:06:f3:d4:81,tg,02:12:05
1993-03-30,Fürstenfeldbruck,"0,23 €",1999-12-04 22:28:16,lt-34.drewes.de,2010-04-27T00:01:07,America/Grenada,oft.flac,DE,39.419277,85:9d:cd:e9:4e:aa,szl,23:58:41
2015-12-26,Nördlingen,"64.088,23 €",1996-07-03 12:57:48,email-97.siering.net,2004-03-29T07:27:02,Asia/Dhaka,bin.mp4,DE,31.9514245,75:03:70:ac:8b:24,sv,10:32:43
2004-03-19,Staffelstein,"3.448,88 €",1985-02-04 03:27:14,email-66.trubin.net,2005-01-25T12:26:05,Asia/Muscat,warten.webm,DE,23.5232535,08:99:6c:8d:f5:5f,dz,16:45:54
2000-12-07,Waldmünchen,"97,57 €",1991-09-07 10:26:23,lt-60.kabus.org,1976-04-03T10:45:27,America/St_Vincent,Freund.webm,DE,25.3662505,0f:64:59:5d:52:32,aa,17:20:43
2015-06-19,Germersheim,"8,75 €",2014-12-25 02:16:58,web-03.raedel.com,1975-11-11T20:34:38,Africa/Malabo,Eltern.html,DE,-83.6171435,c2:f1:34:5c:0b:81,uk,04:47:47
1982-10-17,Magdeburg,"358,40 €",1988-04-26 22:39:51,srv-74.warmer.org,1979-04-15T18:33:46,America/Lima,Polizei.webm,DE,41.7282855,39:1d:61:8c:ff:cd,hu,21:24:53
1995-02-09,Beeskow,"783,27 €",2015-11-09 14:18:40,db-19.hornig.net,1983-05-03T15:24:02,Europe/Helsinki,im.odp,DE,-73.809288,b0:8d:9e:74:1b:d1,tcy,08:21:22
2022-11-27,Eisenach,"19,94 €",2003-01-15 10:15:44,email-52.van.com,1995-08-07T15:47:38,Asia/Riyadh,wir.bmp,DE,-62.747430,a7:da:4b:54:94:c2,et,07:06:38
2017-09-25,Konstanz,"463,55 €",2006-12-19 01:19:45,srv-62.pergande.com,1975-02-24T18:11:05,Europe/Copenhagen,rufen.mp3,DE,-44.2308995,e4:60:01:7a:40:98,mni,09:45:43
2022-08-10,Rockenhausen,"13.612,42 €",2007-11-16 00:52:24,srv-17.koester.com,1997-02-04T12:40:40,Asia/Ashgabat,rot.wav,DE,-82.9371065,b5:2c:49:cc:67:92,kl,19:48:17
1990-11-23,Hamburg,"58,73 €",2022-10-26 05:34:32,laptop-78.speer.de,2010-06-26T12:29:41,Asia/Ashgabat,Katze.webm,DE,3.5172255,28:3a:8d:93:78:15,cs,21:34:51
2006-09-19,Hannoversch Münden,"35.169,35 €",2008-12-08 22:56:00,desktop-74.beer.com,2014-05-27T17:26:14,Europe/London,Minute.docx,DE,-50.1922925,8f:b1:38:48:e1:e5,yue,07:20:10
2011-05-25,Germersheim,"7,71 €",2010-06-21 05:16:22,web-63.eckbauer.de,1980-07-24T15:07:39,Europe/Zurich,fünf.gif,DE,43.8498675,3a:6c:e9:e4:5f:9a,hr,12:44:56
2004-06-09,Biedenkopf,"1.702,28 €",1970-03-02 02:04:39,lt-51.rosemann.org,1976-08-23T05:32:00,America/Montevideo,unser.flac,DE,56.5963915,4e:a9:7c:35:ac:86,os,15:39:09
1984-12-11,Haldensleben,"3,43 €",1990-06-02 06:53:36,web-55.drubin.net,1990-04-24T13:26:41,Asia/Phnom_Penh,Spaß.webm,DE,20.0273005,92:b8:63:2b:7c:b2,km,03:51:00
1975-01-24,Husum,"503,91 €",1990-06-22 07:30:00,desktop-49.mentzel.de,2012-08-26T00:40:56,Pacific/Majuro,wichtig.flac,DE,-42.9446105,e5:5a:ab:ee:f0:2e,mag,14:31:14
2016-11-16,Erfurt,"4.157,31 €",1983-02-01 21:00:46,srv-65.thanel.de,2009-02-28T06:13:36,Europe/Helsinki,Baum.mp3,DE,-48.3963465,07:87:0f:b7:33:36,pap,13:44:54
2021-11-01,Grafenau,"40,21 €",2020-02-01 09:42:19,lt-24.henk.de,1999-04-05T09:22:14,Africa/Kampala,Polizei.webm,DE,-59.960672,f6:8f:18:24:66:ee,my,10:51:06
2010-02-16,Mühldorf am Inn,"5.232,52 €",1979-09-15 10:12:07,desktop-46.schuster.org,2006-02-20T22:43:19,Africa/Ndjamena,aus.wav,DE,-72.101811,a0:2a:8c:90:0b:7f,mt,20:23:53
2010-09-13,Bischofswerda,"8.313,66 €",1975-12-28 19:15:58,desktop-37.ruppert.de,1996-05-03T12:51:52,Asia/Baghdad,zurück.ppt,DE,68.236620,b5:7c:b4:f3:93:4e,wa,23:17:15
2009-06-10,Herzberg,"6,22 €",2004-10-07 07:50:27,desktop-75.roerricht.com,2007-04-16T22:12:21,Asia/Kuwait,schnell.wav,DE,22.174352,0f:b6:79:7a:6a:54,fi,09:25:06
2004-12-06,Steinfurt,"16.943,67 €",2009-02-02 11:39:28,web-39.atzler.de,2021-11-29T19:57:54,Europe/Tallinn,Zeitung.pptx,DE,-77.995227,98:fc:e3:9a:05:a4,ak,12:03:00
1984-09-19,Celle,"98,74 €",1999-10-25 21:34:42,email-32.roehrdanz.com,1975-06-08T01:41:59,Europe/Dublin,bald.doc,DE,-35.770041,0c:d6:46:7c:97:5a,om,14:42:43
2010-01-22,Kelheim,"87.862,00 €",1970-11-20 11:38:42,email-75.stiffel.de,1971-03-18T16:33:43,Indian/Mahe,vier.avi,DE,9.4068335,04:b9:0a:a6:b7:9f,vi,08:32:39
2014-12-04,Kitzingen,"39,25 €",2006-07-19 22:13:57,laptop-71.eberhardt.de,2004-02-02T09:26:05,Africa/Harare,Schüler.ppt,DE,14.068929,48:e1:21:f1:22:0a,kl,17:53:19
1975-12-12,Kyritz,"2.667,60 €",2006-01-31 10:03:49,web-08.barkholz.org,1984-01-08T14:47:30,Europe/Vilnius,Schwester.webm,DE,21.973982,d9:3d:4f:88:c0:a1,lzh,08:05:35
1979-10-09,Parsberg,"44.576,47 €",2009-02-20 14:35:23,web-15.juncken.com,1986-04-16T06:58:28,Africa/Mogadishu,erschrecken.mp3,DE,-78.7940195,b6:88:03:4a:36:a8,nso,12:01:27
2017-12-09,Grimma,"15,59 €",1995-09-25 10:31:22,laptop-06.renner.de,2016-05-26T04:41:54,Europe/Istanbul,glücklich.mp4,DE,-50.8102895,35:c3:32:90:fc:ec,cs,13:07:38
2007-05-08,Merseburg,"17,35 €",1987-10-10 22:16:25,lt-34.zahn.de,1996-02-01T20:24:42,Africa/Addis_Ababa,springen.avi,DE,-41.879815,5d:06:61:d8:c8:0c,tig,21:49:37
1975-11-08,Witzenhausen,"50,95 €",1980-07-14 02:00:45,email-74.ring.de,1970-07-08T01:23:04,Africa/Algiers,dich.css,DE,88.4094405,b6:87:6d:51:32:d6,km,18:25:50
1980-03-21,Burglengenfeld,"4.232,51 €",2006-06-06 03:48:53,lt-23.killer.org,2017-09-11T05:03:05,Atlantic/Reykjavik,Blume.bmp,DE,28.099638,2d:a4:a0:7c:ae:83,ga,09:04:29
2006-08-26,Bogen,"25.700,91 €",2015-11-24 21:44:26,srv-12.zaenker.de,1981-04-24T10:07:43,Pacific/Nauru,Teller.txt,DE,63.4315945,50:61:aa:92:ca:1b,bs,22:00:27
2010-03-17,Scheinfeld,"21.303,97 €",2022-10-18 02:05:00,web-60.bohnbach.de,1980-01-26T17:35:48,America/Costa_Rica,mögen.bmp,DE,23.3225795,64:5b:3f:ac:74:b1,tl,08:34:10
1982-04-24,Brilon,"235,54 €",1980-10-04 08:50:03,desktop-71.peukert.de,1997-03-25T14:18:47,Asia/Tashkent,grün.flac,DE,-16.5782885,c1:2b:5e:7f:20:ad,fo,15:38:55
1985-08-26,Kötzting,"52.580,42 €",2023-01-20 17:00:33,laptop-95.gute.com,2023-07-18T21:46:21,Pacific/Efate,was.webm,DE,-1.1001545,ce:10:af:57:d3:4e,bn,07:52:11
2000-07-04,Anklam,"30.825,15 €",1997-03-18 19:09:11,email-52.davids.de,2019-08-04T22:12:41,America/Tegucigalpa,sein.png,DE,-53.574493,e1:3d:64:01:91:f6,bho,19:09:08
2007-07-13,Ebersberg,"872,69 €",2022-08-09 17:54:54,email-03.mans.com,2002-04-27T00:19:54,Africa/Khartoum,heiß.tiff,DE,-49.6720285,09:fa:8e:57:a9:73,te,01:50:40
2016-10-05,Bautzen,"7.478,43 €",1981-07-14 09:49:11,lt-20.hettner.de,1972-04-13T16:45:46,Africa/Lagos,Boden.mp4,DE,-58.2138495,35:c5:c7:c5:c4:ec,ne,14:23:14
2002-02-17,Wolmirstedt,"653,49 €",1981-08-28 20:23:18,web-26.doerr.com,1998-02-20T15:32:55,Europe/San_Marino,hoch.tiff,DE,-78.450422,65:4f:7e:2b:51:0d,fil,05:03:39
1972-08-06,Mallersdorf,"71.467,92 €",2002-07-11 18:31:23,srv-89.mueller.com,1982-01-15T19:44:09,America/Nassau,Stadt.json,DE,10.4113195,3f:b7:7d:40:3f:f6,brx,23:28:37
2001-04-05,Main-Höchst,"5,55 €",2002-02-26 19:21:27,laptop-31.hornig.org,1976-10-11T18:59:45,America/St_Vincent,Himmel.txt,DE,-43.507216,6b:ff:2f:f0:19:14,kok,03:53:14
1999-10-01,Ahaus,"7.280,60 €",1989-10-01 22:10:17,email-84.stey.net,2011-06-19T14:36:04,Africa/Sao_Tome,lieb.mp4,DE,-49.7181965,9f:28:12:7c:c7:7d,ar,00:45:21
1981-01-08,Schwarzenberg,"68.244,95 €",1975-04-14 19:50:07,desktop-26.bluemel.de,2023-03-02T09:57:33,Africa/Kinshasa,Licht.mp3,DE,-80.223789,83:b2:4d:77:7a:18,ug,05:21:23
1982-07-09,Vechta,"36,52 €",2012-02-04 06:20:58,lt-95.jacob.de,1981-06-25T14:52:44,Africa/Accra,schauen.wav,DE,-83.708845,22:f8:26:b2:22:99,en,19:25:09
1993-09-04,Werdau,"4,43 €",2001-10-13 23:34:51,email-68.werner.de,2021-11-03T15:06:34,Africa/Accra,plötzlich.odt,DE,-47.1623905,bd:53:26:d3:9a:fd,nan,03:01:34
2017-02-01,Hersbruck,"5.508,21 €",2005-04-07 03:42:43,srv-87.tintzmann.de,2018-11-08T08:10:18,Europe/Sofia,da.pages,DE,76.396957,e9:65:e2:55:30:9b,tg,22:43:55
2019-08-29,Flöha,"6.448,22 €",2010-05-06 06:27:49,web-93.ruppert.de,1993-05-12T17:30:19,Africa/Accra,endlich.doc,DE,-56.079855,9b:c5:41:07:72:ff,ml,18:40:02
1971-08-22,Monschau,"1,03 €",1985-09-30 06:14:41,db-72.zimmer.de,1996-04-10T07:46:28,Europe/Paris,seit.avi,DE,-68.228806,b7:dd:39:96:d0:02,wal,11:54:30
2020-12-29,Eutin,"6.936,17 €",2019-10-27 20:34:19,email-10.boerner.com,2005-01-26T22:39:06,Asia/Muscat,unter.ppt,DE,51.7559285,fa:66:ba:4d:62:22,li,13:24:12
1973-12-21,Karlsruhe,"19,01 €",1976-03-06 11:29:30,desktop-34.zahn.de,1988-12-25T03:17:24,Atlantic/Madeira,Vogel.wav,DE,38.643764,81:b6:b3:e0:8f:82,or,23:32:08
1986-10-19,Hohenmölsen,"15.449,86 €",2018-04-11 08:33:48,db-93.koch.com,2011-05-06T10:23:29,Asia/Bangkok,da.txt,DE,43.1074245,b0:56:0f:df:ac:13,ha,03:36:02
2009-11-04,Zeulenroda,"30.181,96 €",2015-10-19 11:31:01,laptop-94.weiss.com,2005-10-28T03:22:19,Africa/Malabo,Herz.ods,DE,30.1226745,fc:36:26:ae:5a:d0,fil,18:30:04
2020-07-29,Hoyerswerda,"3,80 €",1999-08-29 10:25:11,db-34.fliegner.net,1994-06-29T23:10:41,America/Santo_Domingo,legen.bmp,DE,85.593052,0e:56:6d:1c:bc:d0,ce,15:39:45
2020-12-14,Bad Kreuznach,"171,30 €",1972-01-25 18:33:06,laptop-92.ebert.com,1999-03-08T11:21:09,Asia/Dhaka,natürlich.css,DE,65.017588,f2:8e:91:b7:6e:fb,ht,18:34:53
1981-08-20,Bamberg,"4,50 €",2010-01-29 12:49:47,db-59.winkler.de,2018-04-05T20:50:56,Europe/Zurich,ihm.flac,DE,-88.715674,da:c7:f3:0a:be:3a,kok,02:43:53
2008-12-08,Luckenwalde,"2,74 €",1978-07-03 19:13:25,srv-26.jockel.org,1983-12-08T15:08:53,Europe/Oslo,Platz.bmp,DE,40.8994255,6f:db:94:5e:67:54,quz,17:51:56
1985-12-20,Potsdam,"29,66 €",2016-01-21 02:35:33,srv-89.preiss.de,1995-12-26T13:51:55,Asia/Shanghai,Küche.js,DE,6.2068475,3f:07:9e:4c:2d:cd,sw,01:10:34
2009-12-27,Bützow,"4.360,20 €",1983-09-20 01:38:03,srv-17.killer.com,2021-07-26T05:51:07,Asia/Pyongyang,Bauer.gif,DE,-11.5170965,1f:4a:da:53:6c:40,iw,06:00:40
2002-04-03,Neuruppin,"1.952,63 €",2012-10-30 00:27:56,desktop-54.benthin.net,2004-02-12T13:00:06,Africa/Windhoek,oben.mp3,DE,-67.6424785,b4:bc:88:0d:62:bf,gez,13:19:34
2000-08-21,Bischofswerda,"6.606,07 €",2007-11-19 19:18:20,desktop-92.grein.org,2005-06-23T09:16:50,Asia/Amman,holen.png,DE,32.850914,e9:9f:b5:27:64:b2,pap,04:46:40
1996-04-29,Wolmirstedt,"6.467,29 €",1993-03-08 23:44:39,email-45.bien.de,2000-10-14T01:19:25,Africa/Kigali,wahr.css,DE,-23.7681105,d8:47:5e:9c:0b:bf,zh,23:16:18
2010-07-24,Saarlouis,"9.185,27 €",2019-07-17 21:21:28,web-60.seifert.com,1990-08-15T02:14:09,Asia/Colombo,Mädchen.wav,DE,-13.319890,00:0a:a3:e6:fc:00,lv,02:43:02
1988-05-17,Altentreptow,"89,08 €",1993-06-17 00:50:37,web-16.ernst.net,1975-04-15T18:56:50,Europe/Andorra,Sommer.mov,DE,64.0338095,59:3e:66:92:3c:c7,lij,07:53:03
1997-01-26,Hünfeld,"6.359,84 €",2007-03-10 14:46:42,db-81.schmidtke.com,1995-12-01T07:23:17,Europe/Vatican,laut.webm,DE,67.776831,78:20:4b:2b:63:6a,om,21:01:33
2006-01-14,Pritzwalk,"119,37 €",2012-12-03 16:06:13,srv-52.heydrich.com,1971-03-31T05:25:58,Europe/Helsinki,Zeit.mov,DE,72.355667,39:c5:42:0e:32:c1,ckb,03:09:31
2008-12-10,Wanzleben,"4.397,10 €",1979-05-07 10:39:36,srv-61.ullrich.org,1995-12-30T13:42:58,Africa/Harare,Klasse.js,DE,84.2762185,83:e2:a3:c1:30:b3,bs,17:44:33
1975-07-27,Pritzwalk,"34,59 €",2003-07-25 12:22:22,email-82.bruder.de,1999-12-08T08:18:05,Asia/Dushanbe,gegen.avi,DE,-67.006040,8a:9d:e8:87:97:fa,ve,02:41:53
1976-12-22,Augsburg,"63.803,90 €",2007-09-06 23:46:16,web-53.hauffer.de,2008-05-06T16:03:44,America/Argentina/Ushuaia,zurück.bmp,DE,33.702773,54:14:c3:93:e1:4d,ta,01:48:47
1998-05-03,Rostock,"78.513,21 €",1977-04-28 02:33:56,lt-88.huebel.de,1997-10-18T23:49:26,Pacific/Galapagos,lesen.txt,DE,-41.2926185,40:53:20:a6:c9:59,ln,16:15:54
2016-08-16,Darmstadt,"56,70 €",2013-10-06 22:39:02,db-85.juncken.de,2019-04-29T14:30:44,Europe/Paris,schon.mov,DE,-27.312056,b0:f8:50:14:3a:46,en,18:43:34
2010-11-24,Ravensburg,"46,43 €",1971-03-17 13:32:54,srv-42.rohleder.de,2002-08-19T12:26:32,Africa/Asmera,Fenster.mov,DE,15.1993625,f9:41:5b:63:f3:12,eu,09:28:14
2011-05-01,Gräfenhainichen,"27,84 €",2018-11-16 17:49:30,srv-58.schenk.com,2003-02-23T19:44:16,Africa/Dar_es_Salaam,tragen.tiff,DE,0.7640565,0d:59:53:2b:e1:14,hi,20:40:46
2019-05-31,Malchin,"83,87 €",2022-07-16 03:35:16,web-38.junck.com,2003-10-20T15:15:04,Asia/Almaty,alt.csv,DE,-42.8943915,65:69:da:1d:c4:05,as,04:20:02
2012-07-10,Bischofswerda,"9,87 €",1987-10-26 07:44:02,email-20.butte.com,2001-05-22T01:01:24,Pacific/Nauru,die.txt,DE,66.9264345,98:25:1a:5e:a4:17,af,09:05:04
1994-12-30,Döbeln,"5.803,24 €",1979-01-20 19:01:06,db-08.kaul.com,1985-03-13T15:59:40,Asia/Jerusalem,Garten.webm,DE,4.181852,a5:5f:33:45:d6:a2,kk,02:34:30
1976-02-17,Schwäbisch Gmünd,"2,82 €",2003-11-17 02:03:49,email-90.stoll.com,2015-11-22T14:42:20,Africa/Cairo,krank.wav,DE,30.1291245,78:5a:44:37:c7:85,sr,13:27:39
2021-06-08,Gelnhausen,"61.464,99 €",2021-12-03 05:20:06,web-29.fischer.de,2017-01-21T17:56:03,America/St_Lucia,wie.numbers,DE,57.683915,69:35:ec:6e:fc:90,fr,01:21:53
2007-07-14,Düren,"58,57 €",2005-03-08 01:49:41,desktop-06.davids.com,1982-08-28T20:46:51,Europe/Vienna,lustig.mov,DE,-69.2626465,dc:2a:59:52:6a:a4,xh,18:43:13
2010-11-10,Staßfurt,"962,85 €",1981-01-23 14:27:28,lt-34.graf.de,2011-07-30T15:47:47,America/Havana,Monat.jpeg,DE,10.1705575,48:72:17:a9:b9:c9,ve,15:32:16
1985-07-28,Wunsiedel,"71,30 €",1978-06-30 08:59:44,db-32.albers.de,1977-08-24T11:44:49,Europe/Uzhgorod,böse.webm,DE,-43.189151,aa:00:db:a4:ff:0c,sq,17:35:43
1972-04-27,Schlüchtern,"2,48 €",2018-01-05 05:54:39,db-78.geisler.de,2018-06-29T16:08:07,Asia/Karachi,nicht.avi,DE,46.672255,3e:19:a7:cd:de:bb,it,16:41:37
1973-11-12,Schweinfurt,"6,57 €",1988-12-26 11:55:38,email-58.pohl.com,2001-03-03T15:51:30,Asia/Hovd,andere.mp4,DE,-1.8129345,2e:66:fd:cc:8d:6c,fi,05:42:03
2013-03-08,Eisleben,"4,39 €",2022-11-20 10:28:04,db-87.heidrich.de,1971-06-02T19:04:56,Asia/Kuala_Lumpur,Sonne.avi,DE,-83.203021,0d:87:e4:8c:4a:32,ia,07:42:53
1991-12-07,Kitzingen,"1,30 €",1981-11-03 16:08:39,web-65.kitzmann.de,2012-04-07T21:24:47,America/La_Paz,bin.pages,DE,69.108423,85:0f:36:cc:3e:ac,kok,02:45:14
1976-06-21,Kemnath,"90,98 €",1990-04-09 09:13:01,laptop-08.barkholz.com,2000-05-02T07:05:28,Asia/Dushanbe,Monate.json,DE,-77.974053,b8:53:35:2c:85:e4,ru,01:42:50
1986-07-06,Hannover,"2.968,73 €",2011-02-22 19:06:47,lt-75.mosemann.de,1998-08-08T11:11:23,Asia/Baghdad,drei.csv,DE,73.019113,a6:e6:df:4b:31:a5,tn,15:51:48
2014-10-28,Erfurt,"10,72 €",2019-04-17 12:19:22,srv-27.flantz.de,2020-05-31T04:35:33,Europe/Rome,Eis.key,DE,-87.2114995,00:9b:7f:a6:12:80,tig,00:30:14
2008-12-08,Warendorf,"92.219,90 €",2004-09-03 06:09:45,db-92.stiffel.net,1986-01-08T01:58:13,America/Barbados,Schnee.flac,DE,-10.4311705,c5:a7:10:57:81:42,id,18:14:26
1970-12-16,Main-Höchst,"5,24 €",1981-12-22 22:46:35,db-48.roskoth.com,2022-03-09T07:26:55,Pacific/Majuro,lustig.png,DE,-20.8583025,24:1d:d0:a4:6f:1d,aa,19:06:26
1987-01-13,Ebern,"36,38 €",1982-04-09 13:39:00,laptop-76.saeuberlich.com,1971-02-16T15:18:30,Africa/Tunis,weinen.flac,DE,42.0655205,69:e0:65:63:fa:88,byn,21:33:04
2006-02-17,Teterow,"56,59 €",1982-08-27 08:21:05,lt-66.kaul.com,2023-01-17T13:48:07,Europe/Madrid,Bauer.ppt,DE,29.001768,4a:e5:87:e2:c9:ef,et,19:34:33
2022-06-21,Brandenburg,"9,43 €",1997-04-04 03:15:09,web-16.siering.net,1985-03-09T14:27:54,Africa/Dakar,für.flac,DE,-55.2300105,94:19:ac:9f:75:08,tr,22:41:22
2009-10-09,Klötze,"390,21 €",2010-08-13 19:41:43,lt-23.misicher.com,1996-12-20T01:11:14,Europe/Dublin,lernen.wav,DE,53.6810935,38:eb:2d:3b:59:8f,lo,13:59:36
1978-05-04,Hainichen,"7.923,08 €",1982-09-08 11:59:48,web-10.mude.de,1970-04-26T23:29:31,America/Caracas,also.xls,DE,-34.718694,59:e4:50:d2:34:c8,szl,19:47:28
2010-04-20,Erbisdorf,"771,15 €",1976-07-17 11:34:52,web-60.schinke.com,1995-02-21T05:07:00,America/Guatemala,Boden.pages,DE,57.9728275,b3:2c:0c:30:07:95,st,16:27:09
1990-05-29,Deggendorf,"44.678,82 €",1989-12-08 21:07:04,srv-57.riehl.com,1972-12-19T12:37:31,Africa/Tripoli,dumm.css,DE,29.679745,62:ce:9a:0c:40:fe,be,13:39:46
1986-11-10,Eutin,"7.229,15 €",1999-08-25 09:07:32,web-64.birnbaum.de,2009-02-11T10:52:04,Africa/Kigali,mal.wav,DE,22.8403705,be:a7:4d:d2:4d:29,nan,12:11:11
2013-03-14,Kitzingen,"68,65 €",1977-06-14 00:36:45,laptop-77.gotthard.net,2013-11-27T20:12:30,Indian/Mauritius,los.js,DE,-55.916425,ae:8c:c9:88:04:51,dv,10:37:57
1974-12-23,Bayreuth,"941,99 €",1977-10-24 01:32:27,lt-72.kuhl.com,1992-01-02T01:34:33,Europe/Vatican,unter.mp4,DE,12.057015,85:9b:31:f4:69:6c,dv,21:00:21
2019-12-26,Delitzsch,"4.602,81 €",1998-06-06 08:11:52,lt-77.rudolph.de,1989-10-24T03:50:23,Asia/Calcutta,her.mp3,DE,-22.893923,99:09:57:12:10:d4,eo,06:59:44
1982-07-24,Lüdenscheid,"75.388,54 €",2023-08-15 04:26:18,srv-26.mies.de,1998-11-20T07:27:50,America/Lima,dick.webm,DE,10.551096,f0:22:6c:83:6c:00,et,17:38:55
2014-08-10,Pfaffenhofen an der Ilm,"9.498,12 €",2011-03-29 14:40:01,lt-89.eberhardt.com,2010-06-11T00:19:07,America/Guyana,gehen.flac,DE,-72.536837,e6:12:6a:1a:b7:6c,nr,01:41:26
1991-01-13,Havelberg,"773,76 €",2021-02-02 03:25:00,lt-55.drewes.com,2018-04-23T04:03:07,Europe/Malta,leise.jpg,DE,-77.8156055,d8:37:91:8a:93:d6,crh,09:48:44
1983-05-12,Bogen,"4.617,17 €",1973-03-01 02:28:49,srv-87.ortmann.com,2015-05-31T23:28:57,Asia/Aden,Brot.webm,DE,-27.3805395,33:05:f3:08:31:51,ug,10:13:31
2004-10-27,Hofgeismar,"449,24 €",1999-12-23 08:48:17,lt-53.hertrampf.org,1981-09-04T14:09:06,Africa/Tunis,nämlich.avi,DE,-57.5069015,0c:8b:c9:2f:ff:65,ht,14:15:14
2004-10-26,Duderstadt,"23,90 €",2018-08-25 12:58:45,lt-64.hamann.org,1996-01-10T05:52:42,Asia/Kuching,bringen.mp4,DE,-42.4665725,46:f9:6f:ba:29:b7,nb,17:15:38
2009-09-10,Herzberg,"2.138,47 €",2011-08-27 15:11:58,lt-86.hentschel.com,1984-10-18T00:40:04,Asia/Beirut,das.wav,DE,-14.517060,86:3a:9e:82:b4:c3,ro,16:41:51
2022-09-17,Schleiz,"11.872,11 €",2008-02-18 09:33:19,email-72.kaester.de,1996-05-15T05:17:37,America/Bogota,Weg.odp,DE,78.240892,e0:19:d0:3a:ec:67,yue,16:27:05
2013-02-21,Rothenburg ob der Tauber,"725,68 €",2019-01-14 10:50:11,laptop-04.liebelt.org,1990-05-05T12:35:16,Pacific/Kosrae,drehen.xlsx,DE,-29.6604595,ab:f3:81:54:1d:3c,af,06:40:16
2021-11-25,Heinsberg,"2.536,57 €",1998-04-25 09:54:02,lt-18.raedel.org,2014-06-15T09:07:23,Europe/Bratislava,Ball.bmp,DE,-38.763485,5d:25:32:55:f1:65,mn,18:55:20
1996-08-24,Rothenburg ob der Tauber,"94,09 €",2009-05-27 18:43:14,desktop-08.kobelt.de,2021-05-25T08:28:58,Europe/Brussels,Tür.webm,DE,-61.432863,78:e7:06:83:e2:af,yue,05:20:37
2009-07-28,Gelnhausen,"6,81 €",1979-06-22 22:36:32,srv-75.weinhold.org,1975-01-27T01:19:54,Asia/Qatar,neun.txt,DE,-49.072641,3c:71:7c:f3:65:e9,ka,03:53:37
1989-04-07,Neuruppin,"76,94 €",2017-09-23 07:51:46,desktop-49.froehlich.org,2009-03-01T22:40:45,Europe/Vienna,Ball.xls,DE,-0.3102845,1f:ed:a7:01:ed:dd,lo,01:34:47
1987-11-01,Northeim,"225,53 €",1985-06-04 02:57:02,db-77.zirme.de,1999-05-05T22:54:11,Asia/Kuala_Lumpur,holen.jpeg,DE,64.1271265,f9:2f:91:61:92:47,as,20:57:38
1993-07-28,Klötze,"77.040,38 €",1977-05-22 03:58:04,srv-06.mude.com,2016-01-30T03:04:21,Asia/Hovd,nächste.png,DE,83.0868985,c4:74:aa:9f:44:dc,dz,19:39:33
1999-10-11,Rochlitz,"938,34 €",2019-11-02 12:56:06,desktop-72.stumpf.com,1972-09-24T00:28:03,Africa/Maseru,arbeiten.gif,DE,61.9215375,b3:73:3a:fb:3d:93,iu,17:22:57
1987-04-18,Flöha,"80,62 €",2005-02-16 20:32:06,lt-01.bender.com,1974-08-12T23:37:47,Europe/Uzhgorod,packen.json,DE,-80.868675,87:3e:b5:f2:75:bb,mg,09:32:34
1978-08-21,Fulda,"0,03 €",1974-09-12 12:42:33,lt-50.etzler.org,1997-05-28T11:23:16,Asia/Seoul,selbst.mov,DE,81.712024,a2:c7:96:3f:37:dd,zh,18:10:46
2000-05-25,Aachen,"564,31 €",2022-01-20 11:51:26,lt-63.winkler.com,2013-03-21T10:47:37,Asia/Brunei,bringen.xlsx,DE,74.744137,8f:9a:76:dd:14:f6,iw,10:05:44
1975-05-07,Northeim,"4,21 €",1976-04-08 00:46:17,srv-00.ditschlerin.com,1971-08-05T01:54:17,Europe/Ljubljana,Stein.mp3,DE,71.236659,81:d4:9c:e9:bf:00,zh,04:21:56
2020-02-24,Hersbruck,"51,22 €",1975-11-25 12:06:21,desktop-11.kabus.com,1972-04-28T14:35:51,Asia/Dubai,wieder.avi,DE,15.680610,0e:96:1c:92:24:0c,mn,02:19:26
1978-09-06,Hoyerswerda,"82.104,43 €",1979-07-28 20:37:19,desktop-92.baerer.de,2018-12-29T08:20:43,America/Santo_Domingo,Welt.xls,DE,3.471653,22:a0:f0:1d:30:d9,hr,00:31:54
2021-05-20,Hoyerswerda,"78.966,21 €",2003-03-18 18:41:09,laptop-66.walter.com,2013-09-05T01:44:16,Europe/Monaco,fährt.flac,DE,64.457168,9c:bc:73:f5:a2:44,ht,12:52:09
1999-02-15,Aschaffenburg,"91,53 €",1979-04-30 16:58:20,desktop-68.anders.de,1995-03-22T06:21:13,Africa/Blantyre,denken.gif,DE,-9.585986,ad:6f:51:83:da:5f,raj,14:47:39
2002-01-08,Zschopau,"5.824,28 €",2021-09-17 14:29:50,web-03.rudolph.org,2015-05-29T09:42:13,Asia/Ashgabat,fest.pages,DE,7.1331385,db:b0:e5:62:e4:52,cv,17:30:14
2016-04-09,Wismar,"538,05 €",2002-10-08 23:01:50,desktop-07.barkholz.com,2021-07-09T05:29:19,Asia/Jerusalem,dafür.json,DE,-50.730677,38:f7:2d:c4:22:f4,gv,13:36:45
2015-06-30,Neu-Ulm,"790,42 €",1994-08-06 05:24:40,email-31.benthin.de,1996-08-09T23:55:10,Africa/Abidjan,machen.mp3,DE,-80.441378,78:7f:76:c9:5e:6d,uk,07:28:57
2001-12-01,Rottweil,"134,30 €",2008-02-29 07:59:32,laptop-74.eimer.com,1988-08-10T09:04:46,Pacific/Nauru,doch.json,DE,-79.0904165,b8:3f:15:4b:cc:99,tl,05:21:44
1994-07-05,Melle,"34.701,29 €",1976-06-08 14:26:19,web-71.boucsein.de,1997-06-15T16:08:53,Africa/Lubumbashi,müssen.txt,DE,-82.3278405,23:1b:35:ed:ff:a3,cs,15:55:03
1974-05-13,Riesa,"99.240,12 €",2020-03-30 19:48:46,desktop-65.doerr.de,1999-11-01T06:36:48,Europe/Amsterdam,ihm.key,DE,74.8478835,66:cc:f9:e0:d1:39,id,03:08:27
1991-02-16,Bitterfeld,"6.972,48 €",1981-03-28 08:45:29,web-48.bolnbach.de,2010-10-08T22:54:16,Africa/Bissau,sehr.odt,DE,75.3995535,fe:65:fa:f1:dd:2e,tcy,21:24:10
2015-10-16,Staffelstein,"6.546,32 €",2001-09-09 00:40:43,lt-65.schuchhardt.org,2012-05-29T22:26:28,Africa/Malabo,fragen.avi,DE,-42.960262,1d:9a:74:bd:fa:de,cmn,04:49:10
1973-02-04,Main-Höchst,"3,77 €",2012-10-17 02:40:21,web-10.stiebitz.com,2013-05-05T16:10:31,Pacific/Chatham,etwas.pdf,DE,-60.1998525,63:8c:b9:b6:80:8e,mhr,15:02:51
2007-02-07,Uelzen,"41.840,19 €",1982-02-10 22:26:27,email-96.groettner.net,2005-03-17T20:37:52,Asia/Riyadh,dumm.mp3,DE,-52.1330095,75:6c:49:b6:ed:f9,sw,01:32:08
2014-04-02,Ebersberg,"55.890,67 €",1977-03-29 09:12:42,db-49.trueb.com,2004-05-26T09:46:50,Africa/Asmera,fest.mp3,DE,19.444074,3a:59:13:8b:26:56,ar,20:54:58
2005-09-21,Zschopau,"696,48 €",2019-12-16 11:57:00,web-69.karge.org,2006-11-21T03:31:22,Africa/Cairo,schaffen.js,DE,46.4761085,c5:a0:17:c1:e0:35,ne,01:18:15
1970-07-30,Geldern,"3.124,28 €",1988-05-26 03:19:20,db-72.steckel.com,2014-02-27T13:52:59,America/Lima,vielleicht.webm,DE,1.562013,96:69:66:b4:de:2d,om,23:16:55
2017-02-11,Recklinghausen,"3.869,80 €",2013-07-01 08:09:51,srv-34.rudolph.com,1990-11-27T17:00:53,Asia/Dubai,Lehrer.bmp,DE,81.4789855,14:ae:cd:a6:49:eb,gd,03:19:52
2010-07-23,Nördlingen,"8.078,29 €",2008-12-05 12:26:08,lt-15.gutknecht.net,1977-11-07T22:11:55,America/Tegucigalpa,ist.json,DE,-71.4312935,d3:79:7d:82:53:22,af,08:24:22
2016-03-25,Osterburg,"71,14 €",1981-01-14 10:15:19,lt-86.klotz.com,1995-04-23T14:49:45,America/Asuncion,Wissen.jpg,DE,-17.2752165,1c:b2:1a:13:c9:34,mni,06:55:35
1989-11-13,Bad Liebenwerda,"339,73 €",2011-12-05 04:14:45,lt-54.stiebitz.net,2015-09-06T14:47:25,Asia/Nicosia,um.numbers,DE,69.7147475,36:04:aa:45:0b:9a,dz,21:24:07
2000-07-21,Gadebusch,"40.358,96 €",2012-08-11 21:52:32,desktop-96.kroker.org,2002-04-15T14:28:46,Asia/Singapore,erst.bmp,DE,-48.812671,08:83:c6:2b:1d:dc,ms,18:12:36
1986-04-17,Gunzenhausen,"752,97 €",2023-01-01 06:59:14,web-97.klemm.com,2008-02-28T01:06:07,Indian/Mahe,braun.csv,DE,-66.428739,69:1a:5f:62:6f:50,cy,14:51:05
1971-01-22,Fallingbostel,"3,61 €",1976-04-27 04:50:48,db-60.fliegner.de,2013-05-06T15:18:22,Asia/Qatar,man.js,DE,-65.531629,20:28:c7:da:cd:ad,zu,23:48:09
1975-07-20,Burglengenfeld,"7,66 €",1979-10-09 18:10:58,db-88.textor.de,2006-06-28T18:09:29,Europe/Copenhagen,warm.gif,DE,-2.7426335,cb:66:12:0b:5c:ac,mk,14:13:41
1986-08-11,Genthin,"6,94 €",1976-12-17 13:43:50,lt-25.trubin.de,1993-03-13T04:25:51,Africa/Lubumbashi,Schüler.txt,DE,-77.597059,0a:3f:90:f3:2e:73,hu,05:33:52
2021-08-25,Gardelegen,"2,34 €",1977-04-30 23:07:54,lt-34.gute.net,1984-02-21T20:21:12,Africa/Bujumbura,stark.wav,DE,-13.499232,56:42:62:c8:18:70,tl,05:05:39
1987-04-19,Gerolzhofen,"10,19 €",1970-08-05 23:14:26,laptop-27.wirth.com,2019-11-30T17:39:48,Pacific/Easter,zu.flac,DE,8.419206,94:7a:cf:6d:3a:cb,hr,09:24:54
1998-04-16,Grimmen,"20,44 €",2005-07-10 23:30:37,lt-66.adolph.de,2014-12-12T01:59:01,America/Barbados,können.json,DE,-22.701663,e5:22:c7:6a:e8:31,cy,04:00:14
1985-08-26,Altentreptow,"25.570,22 €",1982-07-16 06:02:19,lt-89.zimmer.org,2004-12-14T05:05:22,Europe/Chisinau,schlimm.bmp,DE,-47.1103395,ca:1f:47:5e:e4:45,byn,12:56:36
1989-07-02,Aachen,"84,71 €",1994-11-14 15:04:55,db-37.froehlich.com,2022-12-06T23:57:45,Asia/Kuala_Lumpur,ob.webm,DE,-56.653231,dd:b4:ec:ee:90:74,gu,16:09:27
2004-01-27,Cuxhaven,"35,35 €",2012-10-07 23:21:20,email-04.stahr.de,1983-12-11T04:00:48,Asia/Dushanbe,dann.mp3,DE,75.9153145,8d:2a:5b:06:5c:1a,ku,11:21:16
1977-03-22,Ahaus,"496,14 €",1984-11-15 03:11:04,db-85.trommler.com,1978-05-28T13:08:05,America/Chihuahua,mehr.tiff,DE,-54.7319175,6c:f8:ff:ac:73:c3,hi,14:11:42
1989-04-06,Sulzbach-Rosenberg,"3.186,89 €",1997-07-10 09:23:41,lt-13.jessel.de,1979-10-02T08:54:07,Asia/Phnom_Penh,ich.avi,DE,-19.299699,4c:51:15:b2:ff:a6,ro,17:13:33
2000-06-09,Weimar,"68,92 €",1983-02-21 18:31:10,desktop-56.ziegert.de,1985-10-08T11:09:04,Asia/Yerevan,beide.pptx,DE,54.993450,f0:16:5d:10:57:1f,de,01:16:09
2016-03-10,Erbisdorf,"0,63 €",2003-10-30 09:27:45,email-00.beier.de,2004-06-24T07:34:14,America/La_Paz,hier.png,DE,-20.418389,e0:b4:b9:12:96:ec,crh,03:34:56
1989-10-18,Gotha,"73.415,21 €",2022-11-11 13:45:40,web-00.finke.com,1994-08-14T02:22:30,Europe/Paris,neun.xlsx,DE,-66.827842,7f:d5:d3:93:92:6c,gd,01:12:46
2002-09-12,Greifswald,"16,34 €",2018-09-20 07:23:25,desktop-83.hoelzenbecher.com,2013-07-20T20:01:57,Asia/Samarkand,fährt.mp3,DE,-78.8651425,34:f3:db:ce:66:db,ber,14:23:46
1972-02-22,Duderstadt,"10,66 €",1991-01-30 08:09:31,web-96.koester.com,2006-03-27T11:37:07,Atlantic/Reykjavik,wichtig.wav,DE,24.0007175,fd:98:0f:ae:7e:14,crh,11:28:08
1998-04-14,Teterow,"34,19 €",1983-06-09 00:04:40,db-59.bolander.com,1988-09-22T00:35:05,Africa/Luanda,was.xls,DE,-77.7440505,9a:37:92:44:6b:bb,ve,22:26:07
2012-12-20,Hansestadttralsund,"8.789,28 €",1975-04-26 08:59:06,desktop-95.haenel.com,2015-06-07T22:13:35,Pacific/Kosrae,los.mp3,DE,-53.262761,c3:e9:67:0e:6c:0b,cs,20:35:25
1986-01-16,Saulgau,"45,98 €",1991-08-09 21:48:53,desktop-64.binner.de,2004-11-21T00:32:20,Asia/Calcutta,endlich.avi,DE,-59.0136225,de:4a:2d:e7:6c:b2,wal,02:03:36
1993-10-13,Gütersloh,"7.702,20 €",2014-10-18 17:58:34,db-29.salz.de,1982-06-01T00:52:35,Africa/Nouakchott,gehen.mp3,DE,73.352219,68:8e:f8:cd:1d:24,tcy,08:37:01
2015-09-10,Mainburg,"27,64 €",1972-11-21 05:43:22,lt-03.jaekel.com,2014-12-23T14:06:57,Asia/Saigon,scheinen.wav,DE,-27.919464,7e:10:a6:ed:55:fe,ber,08:16:43
1994-10-22,Jülich,"492,89 €",2008-10-14 19:31:32,lt-93.briemer.de,1979-04-06T06:39:12,America/St_Kitts,groß.png,DE,60.0497535,f8:45:c5:20:4f:28,ak,10:00:46
