pricetag,date_time,file_name,city,bank_country,mac_address,hostname,time,language_code,timezone,date,language_name,company,country
$8.29,2004-12-06 02:01:14,id.wav,Annatown,GB,91:06:d1:0d:bd:75,db-21.brown.com,13:31:07,sk,Europe/Vilnius,2006-06-09,Italian,Simpson and Sons,Greece
$6.98,1987-12-02 21:46:51,nesciunt.mov,Iainchester,GB,8a:a7:ef:b0:71:c6,srv-82.chapman.org,15:43:37,yo,Pacific/Kosrae,1975-09-11,Maltese,Butler-Dunn,Paraguay
"$43,748.54",1970-07-06 04:58:29,esse.mp3,Eleanorchester,GB,32:03:fa:d7:8c:c9,email-11.riley-morrison.biz,16:58:26,mn,Africa/Asmera,1979-02-22,Marshallese,Allen-Evans,Argentina
$798.22,1972-05-03 07:38:50,totam.flac,Jodiechester,GB,1a:08:60:dd:93:1d,db-49.mitchell.net,03:40:54,ayc,Europe/Brussels,2009-07-04,Haitian,Jones Inc,Saint Helena
$500.93,2000-01-22 16:05:53,veniam.png,Port Cliffordstad,GB,53:e9:7c:e2:e2:b3,email-47.wright.com,01:58:38,sat,Asia/Bishkek,1970-11-15,Welsh,Gibbons-Fitzgerald,Poland
"$1,187.26",2007-07-20 06:27:02,commodi.flac,East Connor,GB,43:a2:db:3d:16:3c,srv-18.taylor-blake.com,13:16:23,ia,Africa/Douala,1985-10-17,Cornish,Smith-Field,Indonesia
"$2,615.49",1984-08-11 20:27:34,possimus.jpeg,Johnsonside,GB,6a:0b:38:95:4b:03,srv-35.williams.com,00:13:14,kl,Africa/Sao_Tome,2018-10-31,South Ndebele,"Williams, Fisher and Mills",Iceland
$181.57,1978-08-02 06:44:31,perspiciatis.mov,Smithhaven,GB,76:04:f2:6b:42:df,srv-12.evans.com,10:24:28,is,Europe/Amsterdam,1980-04-06,Romansh,Jordan Inc,Turkmenistan
"$51,371.25",1975-11-05 15:58:48,incidunt.png,West Dominic,GB,55:16:db:63:9d:9f,desktop-35.griffin.com,11:21:00,sk,Asia/Katmandu,2007-12-16,Georgian,"Vincent, Robinson and Gray",Iceland
$4.02,2003-11-26 16:13:04,cupiditate.jpeg,Archermouth,GB,ea:90:75:d0:48:40,web-88.nixon.org,17:39:07,ff,Asia/Yerevan,1993-05-24,Quechua,Hayes Ltd,Belarus
"$77,604.98",1982-10-19 08:27:04,aliquid.bmp,Karlbury,GB,7d:19:c6:fd:82:37,db-09.johnson-rowe.info,13:13:07,bem,America/Lima,2020-10-29,French,Jordan-Hunter,China
$8.86,2019-08-17 08:06:37,possimus.webm,Powellfurt,GB,89:28:7b:6f:ab:8d,web-47.ellis-king.net,03:24:48,si,Africa/Douala,2008-07-28,Lithuanian,Rees and Sons,Cote d'Ivoire
$642.58,1971-04-19 15:57:25,inventore.mov,Carlystad,GB,e3:90:d0:86:2d:9b,srv-72.smith.com,08:55:37,et,America/Argentina/Mendoza,2022-07-18,Kuanyama,"Cooper, Crawford and Moore",Paraguay
$86.42,1991-06-29 18:03:39,voluptatibus.jpeg,Sinclairland,GB,5e:35:f3:59:f9:4c,email-65.parkinson-shepherd.co.uk,11:35:58,kn,Asia/Tashkent,2004-02-12,Bengali,Brown-Rogers,Austria
$80.44,2017-06-27 15:42:42,eligendi.mp3,East Bethany,GB,1c:71:bf:61:af:4d,db-84.murray-lee.biz,02:09:21,mni,Europe/Riga,1972-12-19,Belarusian,Reynolds-Cox,Paraguay
$455.13,1977-04-20 00:06:24,totam.tiff,Leighside,GB,b3:e0:d1:c2:cb:fc,laptop-63.hayward-marsden.info,15:16:33,sa,Europe/Berlin,2008-12-02,Afrikaans,Smith-Carter,Sweden
"$9,033.64",2008-03-27 23:56:33,aut.gif,South Malcolm,GB,ae:1d:44:31:1a:4c,db-70.winter-harris.co.uk,21:32:50,gv,Africa/Addis_Ababa,2013-05-30,Somali,Bray-Davis,Singapore
$99.94,2000-11-18 10:00:03,cum.xls,South Juliafurt,GB,43:a9:d4:bf:6e:81,desktop-64.hutchinson-field.com,10:48:38,sr,America/Tegucigalpa,2015-06-24,Akan,"Potter, Rowley and Smith",Congo
"$8,518.83",2018-01-08 11:07:51,quo.json,West Graeme,GB,0f:f8:7e:6b:e8:a8,desktop-24.macdonald.com,08:58:49,br,Africa/Gaborone,2011-03-17,Serbian,Banks-Bishop,Slovakia (Slovak Republic)
"$54,602.77",1996-12-13 02:00:29,natus.css,West Hughview,GB,80:39:0f:00:db:83,srv-03.hobbs.com,04:53:28,ve,Europe/Helsinki,2006-09-28,Komi,"Evans, Watkins and Thompson",Uganda
$180.05,1997-10-12 17:06:08,quo.pages,Houghtonchester,GB,66:fc:96:4b:ea:b3,email-66.murphy.com,12:02:33,ast,America/Guayaquil,1972-07-20,Interlingue,Carter and Sons,Northern Mariana Islands
$746.65,2020-08-09 06:51:43,delectus.odp,Paigefort,GB,1e:a7:fc:6e:de:94,desktop-61.thompson.biz,17:02:58,ts,Indian/Antananarivo,2019-08-24,Chamorro,Jones-Taylor,France
$2.29,2010-11-12 04:48:53,vel.mp3,South Francesville,GB,9b:b6:97:26:2d:39,email-37.baldwin.com,06:09:52,rw,Europe/Athens,2003-01-05,Western Frisian,Bell and Sons,Gambia
"$35,045.03",2009-04-22 06:35:01,nesciunt.numbers,Jillmouth,GB,87:a2:87:68:cb:d4,db-90.curtis.com,12:13:25,kk,Australia/Broken_Hill,1970-04-17,Macedonian,"Morgan, Adams and Clark",Yemen
$79.16,1977-05-22 16:39:25,autem.csv,Leechester,GB,0c:d4:f4:e5:bf:f5,db-42.singh.com,04:34:35,yo,Pacific/Guadalcanal,1971-03-05,Limburgan,Lee-Marshall,Norway
$93.02,1980-11-01 20:42:09,fugiat.jpeg,South Aaron,GB,dc:06:32:f5:21:1f,lt-25.anderson.org,03:16:23,or,Pacific/Funafuti,1995-11-10,Kazakh,Bradley PLC,Bouvet Island (Bouvetoya)
"$9,077.16",2018-03-11 19:18:49,commodi.txt,Turnerport,GB,5a:64:98:2f:87:54,web-73.jones-cooke.net,11:32:52,ar,Asia/Manila,1971-10-04,Sardinian,King LLC,Congo
$50.55,1986-01-11 14:01:20,laudantium.xls,Amyborough,GB,73:d2:60:79:77:57,laptop-00.simpson.net,16:40:27,nan,Africa/Libreville,2015-12-31,Aragonese,Evans Inc,Niue
$705.00,1986-03-26 17:58:28,labore.docx,Ashleighhaven,GB,0e:fe:cc:33:01:da,srv-74.knight.com,08:18:59,szl,America/Bahia,2011-03-07,Hausa,Jones Inc,Bhutan
$7.06,1988-10-14 00:47:13,officiis.flac,Port Katychester,GB,7f:15:d6:30:2e:fc,email-28.miah-jones.com,03:31:08,fy,Africa/Lusaka,1976-01-14,Cornish,Allen Inc,Senegal
$95.69,1979-01-12 10:44:57,aspernatur.doc,Port Philip,GB,c3:01:4b:15:84:be,db-44.mills-taylor.com,18:56:28,tcy,Asia/Rangoon,2001-09-22,Armenian,Powell PLC,Saint Kitts and Nevis
"$8,140.76",1970-06-07 15:41:05,minus.mp3,North Alexandra,GB,e0:77:f1:0d:17:af,db-77.lawson.info,07:26:31,sr,Europe/Monaco,1988-04-17,Quechua,Rowe and Sons,Mongolia
$2.23,2004-10-17 15:05:27,sed.flac,Deanport,GB,3a:3a:ce:7e:36:99,srv-19.sutton-stewart.com,03:18:55,ak,Pacific/Efate,1976-10-11,Icelandic,Berry-Lowe,Spain
"$2,731.03",2008-03-17 08:26:49,voluptate.gif,Dalyside,GB,40:09:c4:e4:79:d9,lt-56.thomas.com,08:31:40,pl,Europe/Budapest,1973-05-06,Catalan,May-Robson,Iraq
"$9,788.69",1985-09-29 01:21:31,reprehenderit.gif,Port Lesleychester,GB,e2:ee:74:65:2f:5b,desktop-29.hughes.com,12:40:23,kn,Africa/Conakry,1975-04-05,Cornish,Saunders Group,Trinidad and Tobago
"$58,432.37",1984-05-15 13:12:12,mollitia.txt,Leachberg,GB,97:e3:b2:46:aa:8d,srv-80.brown.com,08:16:24,he,Europe/Athens,2001-06-11,Kalaallisut,"Jenkins, Robinson and Brown",Burundi
"$18,164.95",1980-07-31 18:16:01,soluta.ods,Sullivanland,GB,33:19:88:75:4f:e9,lt-48.fry.com,18:14:03,sl,America/Araguaina,2018-08-18,Sango,Parker Group,Falkland Islands (Malvinas)
$16.00,1993-07-21 03:38:59,labore.mp3,Conorbury,GB,58:52:0a:78:5a:54,email-70.hall-miller.com,04:04:33,ti,Africa/Accra,1983-07-14,Chuvash,Thomson PLC,Cambodia
$2.32,1978-05-27 20:48:27,cumque.json,Port Valeriestad,GB,93:67:05:e7:45:49,laptop-00.birch.com,18:21:28,nan,Indian/Mahe,1996-10-29,Kannada,Evans-Evans,Equatorial Guinea
$37.75,2016-03-24 21:20:32,eligendi.jpeg,Tobybury,GB,c0:41:88:39:38:20,lt-83.hughes-brown.net,05:14:43,bem,Africa/Douala,2005-04-09,Corsican,Thompson Ltd,Kuwait
$534.95,1993-09-18 00:38:42,repellendus.css,New Garryshire,GB,78:8a:3d:25:b2:da,lt-06.smith-marshall.com,23:49:20,or,Africa/Casablanca,1992-07-08,Bambara,Robinson PLC,Australia
$90.69,1980-12-20 10:31:59,quia.flac,North Jeanborough,GB,d9:d8:ab:73:bc:51,email-95.barnett-kirby.com,00:52:13,ha,Europe/London,1984-04-15,Belarusian,Ellis-Richards,Poland
"$2,928.92",1992-10-15 22:35:07,quam.txt,Deborahbury,GB,a8:15:b1:24:a6:e2,laptop-11.lee.com,07:31:38,csb,Europe/Tirane,2015-10-01,Sanskrit,Morris-Edwards,Angola
"$2,010.45",1972-06-06 10:41:12,at.txt,Nichollsburgh,GB,0e:48:f2:ec:99:ab,laptop-66.greenwood.com,10:15:36,hi,America/Indiana/Indianapolis,2010-05-19,Mongolian,"Cooke, Alexander and Thompson",Guinea-Bissau
$7.65,1987-07-22 11:44:15,assumenda.flac,New Elliott,GB,e3:c5:ac:19:74:e9,db-59.bell-wilson.com,22:13:57,ja,America/Argentina/Jujuy,1987-02-12,Yiddish,Nelson Ltd,Sri Lanka
"$6,075.19",1975-01-31 15:02:46,possimus.html,Cookfort,GB,f0:9b:5e:12:de:b3,srv-78.thomas-roberts.co.uk,19:03:38,mn,Europe/Ljubljana,2002-03-11,Galician,"Jones, Jones and King",Samoa
$44.23,2000-05-05 23:56:17,neque.jpeg,East Ross,GB,7e:0c:f2:0b:f4:c0,laptop-73.adams.com,21:59:04,wae,Europe/Paris,1979-09-09,Belarusian,"Jones, Franklin and Moore",San Marino
"$70,865.83",1995-03-28 19:24:46,accusantium.png,Dianehaven,GB,69:12:0f:38:33:f7,email-62.sykes.com,09:39:57,ss,Africa/Casablanca,2002-04-03,Burmese,Finch PLC,Bahrain
"$2,928.86",1974-08-23 11:32:56,fuga.webm,Walkertown,GB,2b:cf:c8:97:c0:d7,db-57.leach.com,01:47:59,szl,Asia/Samarkand,2002-04-10,Italian,Wilson LLC,Mali
$71.62,1992-05-08 06:21:12,minima.ppt,Port Daniel,GB,f1:cf:fc:96:11:6e,web-37.barry.org,07:50:26,tig,America/Montevideo,2011-01-07,Basque,"Briggs, Yates and Pope",Isle of Man
"$3,295.39",2023-06-02 17:06:30,recusandae.flac,Ryanside,GB,5d:d0:3d:f4:eb:86,lt-65.kelly.biz,11:55:43,kw,Africa/Freetown,1975-10-07,Pali,"Roberts, Rose and Day",Malaysia
$5.50,1975-05-02 14:51:28,reiciendis.mp3,Port Sandramouth,GB,61:64:99:e6:4b:8e,laptop-81.reid.org,16:49:54,mg,Asia/Phnom_Penh,2006-04-14,Xhosa,Williams PLC,Spain
$97.95,2005-10-02 11:55:26,maiores.js,Archerton,GB,c8:6e:41:06:fd:8c,db-96.hale-myers.biz,15:57:48,fi,Asia/Dushanbe,1976-10-06,Urdu,"Baker, Brown and Moore",Turkmenistan
$575.12,1989-10-13 21:04:58,corrupti.csv,Julieton,GB,c4:39:e0:1c:aa:7d,lt-62.stone-adams.com,06:03:43,my,Pacific/Auckland,1989-08-29,Belarusian,Russell-Clarke,Gambia
"$5,635.74",2022-10-08 20:29:30,officiis.txt,Mitchellstad,GB,84:f0:57:85:b5:63,email-84.cooper-davies.com,14:30:06,fy,Pacific/Kwajalein,1974-08-29,Sango,"Walsh, Vincent and Davies",Central African Republic
$22.94,1976-10-11 05:07:31,reprehenderit.js,Hussainfurt,GB,2a:df:2e:b5:78:c3,desktop-50.davies.com,02:34:37,ast,Africa/Maseru,1973-11-24,Danish,"Smith, Richards and Smith",Congo
$212.88,2002-02-28 11:50:21,sit.mp4,North Cliffordstad,GB,89:db:a5:8b:f2:05,db-99.hall-watson.org,12:12:36,hr,Europe/Chisinau,1999-04-14,Panjabi,Arnold Inc,Ecuador
$75.85,2010-09-15 05:19:00,iusto.webm,Daveymouth,GB,1c:01:9f:8d:24:ff,db-19.andrews-clarke.biz,01:01:08,ur,Indian/Antananarivo,2020-11-15,English,Smith Group,Albania
$77.19,1977-01-26 01:35:25,adipisci.pptx,Shahside,GB,f7:62:47:1e:a2:44,lt-18.ward.com,21:08:58,tig,Africa/Dakar,1992-04-16,Tigrinya,"Robinson, Stone and Martin",San Marino
$891.23,2009-09-07 09:49:28,repudiandae.png,Abbieshire,GB,02:08:00:74:8f:9b,srv-35.webster.net,14:23:05,an,Pacific/Fiji,1990-10-08,Corsican,Harding Group,Lao People's Democratic Republic
$5.19,1984-03-04 17:20:06,repudiandae.json,Seantown,GB,6a:a4:fa:98:d7:39,web-03.giles.info,23:04:16,sid,America/Barbados,1978-09-10,Assamese,"Gray, Cameron and Carey",Cape Verde
$70.38,1978-12-06 00:57:26,atque.webm,Lake Tony,GB,13:73:2b:b3:34:b3,laptop-86.kaur.com,07:51:50,sq,Africa/Brazzaville,1989-01-23,Russian,"Dixon, Davies and Watts",Saint Lucia
"$2,433.04",2006-09-12 08:00:25,quis.xlsx,South Davidport,GB,6b:f1:94:b4:68:87,desktop-55.naylor.com,01:57:10,ar,Atlantic/Cape_Verde,1983-10-20,Hiri Motu,Parker LLC,Bosnia and Herzegovina
$622.92,2009-03-19 17:27:06,impedit.mp3,Bethanymouth,GB,90:45:da:93:9f:65,laptop-09.wright.com,22:51:13,bo,Asia/Baku,1996-02-27,Avestan,Khan LLC,Sierra Leone
"$3,531.34",2010-08-04 21:59:51,vitae.tiff,Dominicborough,GB,98:5b:dd:4f:92:71,email-67.poole-barnett.com,07:04:20,or,Africa/Banjul,1972-08-24,Bulgarian,McDonald and Sons,Gabon
$61.11,1982-08-11 07:48:02,voluptatum.mp4,Malcolmview,GB,2c:9d:06:61:40:81,web-48.horton.org,07:10:46,uk,Asia/Kamchatka,2023-01-11,Chechen,Read-Chamberlain,Sao Tome and Principe
$98.09,2016-04-19 10:23:22,eum.bmp,East Graeme,GB,eb:2a:57:60:71:3a,web-03.jones-james.com,17:38:47,fil,Africa/Bangui,1971-09-25,Romanian,"Sharp, Jordan and Patel",Pakistan
$54.63,2002-05-19 23:24:33,doloremque.css,Watkinsfurt,GB,e4:c3:19:43:a3:55,db-11.wood.com,19:18:17,om,Asia/Aden,2016-03-09,South Ndebele,"Harvey, Andrews and Whitehead",Iraq
$36.05,2022-03-21 00:41:19,modi.mp3,Lake Sophieville,GB,3b:9b:ff:e3:82:3d,desktop-90.johnson-edwards.org,12:19:14,af,Africa/Casablanca,1970-02-25,Sichuan Yi,Birch-Hunter,Cape Verde
$9.08,2023-07-24 04:06:24,ex.webm,Claireshire,GB,ff:71:f7:d3:ad:0f,laptop-44.welch.info,14:24:38,mni,Africa/Lusaka,1986-12-19,Kazakh,Peters Inc,Ukraine
"$9,259.43",1997-06-21 03:59:16,distinctio.mp3,Clarkechester,GB,f5:1e:fd:3c:23:5c,srv-91.griffiths-evans.biz,21:56:40,kl,Africa/Bujumbura,1971-10-10,Kuanyama,Giles and Sons,Palestinian Territory
$245.43,1991-07-23 07:23:08,tenetur.mp4,Jeffreyfurt,GB,d6:89:7e:28:9a:8a,db-12.walker.com,18:13:51,ps,Europe/Belgrade,2002-04-08,Yoruba,Blake-Murphy,Indonesia
$939.82,2017-09-13 03:17:08,dolore.numbers,New Tracy,GB,5d:9c:c6:52:2a:d7,srv-44.taylor-richardson.info,20:52:46,ff,Africa/Tripoli,1993-10-03,Azerbaijani,Mitchell PLC,Turkmenistan
"$12,800.41",1983-02-09 17:06:28,consectetur.txt,Lake Bethanfort,GB,57:ec:b2:60:1b:bb,desktop-14.cartwright.info,00:18:19,ky,Asia/Karachi,1986-06-27,Swedish,Jackson and Sons,Israel
"$40,981.61",1993-03-08 11:54:47,rerum.pdf,Port Ronald,GB,88:70:15:68:3f:e0,srv-71.roberts.co.uk,04:07:24,ur,Asia/Hovd,1998-12-29,Sinhala,"Bennett, Rhodes and Begum",Botswana
$855.45,1998-08-12 10:47:19,corporis.mp4,West Norman,GB,af:a6:f8:f1:4d:51,web-45.obrien-day.com,14:56:54,gv,Europe/Stockholm,2010-06-15,Chechen,Jones Ltd,Andorra
"$70,463.00",2022-12-12 12:47:56,consequuntur.jpeg,East Lisatown,GB,0d:ca:8a:55:2a:13,email-09.lloyd-walker.co.uk,18:30:06,the,Atlantic/Cape_Verde,2004-01-10,Breton,"Law, Vincent and May",Ghana
"$1,904.28",1988-06-13 03:27:46,facere.bmp,Hannahton,GB,75:f6:fe:17:b2:13,lt-24.kennedy.com,21:27:12,ber,Asia/Amman,1995-01-20,Hebrew,Smart Group,Greenland
"$4,681.69",1991-12-15 22:41:33,libero.wav,Joehaven,GB,c1:d8:28:42:fd:0a,desktop-53.parsons.com,15:56:15,crh,Europe/Budapest,1971-09-30,Assamese,"Pritchard, Evans and Murphy",Maldives
$1.41,2007-03-18 15:07:17,ea.flac,Iainville,GB,e9:36:1d:ce:75:95,laptop-46.winter.org,17:19:58,kk,America/St_Kitts,1992-12-09,Tonga,Palmer and Sons,Grenada
"$51,956.95",2022-06-23 18:21:30,illo.avi,Holtfort,GB,8e:e4:e1:9a:56:47,laptop-19.williams.com,02:40:28,ca,Africa/Mbabane,2020-03-13,Kanuri,Cooper PLC,Saint Martin
$464.28,1970-06-14 07:47:19,quas.pptx,Jakeview,GB,96:8f:85:23:a3:b7,lt-58.hall-murphy.biz,15:15:08,ps,Africa/Luanda,1996-11-28,Tonga,Farmer-Alexander,Dominican Republic
"$89,819.84",2001-09-29 05:44:48,consequatur.tiff,South Katie,GB,4f:99:bf:a7:8b:cc,lt-34.hammond-robinson.org,06:25:36,doi,Indian/Mahe,2022-07-14,Tswana,Martin Group,Barbados
"$75,972.84",1989-05-04 17:13:26,ipsum.txt,Leachborough,GB,4a:d9:21:1d:0e:83,email-17.hewitt.com,04:19:08,km,America/Asuncion,2001-03-07,German,Simpson and Sons,Yemen
"$17,927.38",1995-06-22 03:12:15,quis.mp3,Stephentown,GB,be:92:6b:6d:cf:89,lt-09.vaughan.com,17:24:29,fur,Asia/Rangoon,2011-11-03,Kurdish,Curtis-Hunt,United States Virgin Islands
"$71,861.47",1995-07-19 08:02:34,accusamus.avi,Samuelport,GB,6d:4c:23:9f:38:99,email-60.wade.biz,04:14:58,kk,Indian/Antananarivo,1981-04-11,Nepali,"Hall, Blake and Evans",Trinidad and Tobago
$32.80,1990-03-05 12:49:14,labore.js,Mitchellmouth,GB,bb:21:fd:e2:6a:29,desktop-89.dixon.com,14:30:53,cy,Africa/Gaborone,1999-09-24,Samoan,"Giles, Buckley and Mason",Swaziland
$86.32,1978-10-02 00:43:05,aliquam.mp4,Greenberg,GB,c2:30:8a:9d:d4:c6,email-07.miller.info,09:57:33,ca,America/Barbados,1980-09-25,Telugu,"French, Thomson and Hardy",Jersey
"$27,682.12",1996-11-22 22:40:31,ducimus.csv,Potterfurt,GB,1f:c4:d5:5b:94:43,db-85.brennan-cooper.com,20:26:03,mk,Pacific/Guadalcanal,2000-07-26,Dzongkha,"Wilkinson, Walker and Cox",Germany
"$23,167.67",2023-01-01 10:24:59,voluptatibus.mp4,Heathburgh,GB,cc:6b:36:4f:aa:e8,db-41.hargreaves.com,03:51:22,de,Europe/Lisbon,2019-11-13,Bislama,"Allen, Wilson and Newman",Colombia
"$53,615.03",1986-06-21 05:31:07,blanditiis.mov,Jayneborough,GB,ac:25:05:c1:ef:84,web-53.austin-scott.com,08:11:43,gez,Asia/Singapore,2011-02-14,Malay,Lowe Inc,Bhutan
"$58,532.50",2017-09-22 20:40:04,amet.mp3,Port Lewis,GB,f1:ad:8d:6e:17:8c,desktop-24.wilkinson.net,00:19:44,nb,Africa/Asmera,1993-06-28,Icelandic,Webb-Carr,United Kingdom
$87.64,1983-03-05 22:57:13,deleniti.wav,Burnsfurt,GB,d6:16:78:fd:bf:1b,lt-41.bates.com,10:13:41,os,Europe/Vienna,1981-06-29,Bihari languages,Smith LLC,Christmas Island
$27.32,2019-06-29 03:02:24,molestias.avi,South Denise,GB,a0:44:86:b2:28:f6,lt-38.daly.net,05:47:54,ig,Asia/Kuching,1983-09-25,Slovak,Wilson-Smith,Guatemala
$2.68,1990-03-19 18:53:28,temporibus.avi,North Garyville,GB,de:68:8d:c2:35:b2,laptop-06.robinson-dean.biz,03:18:44,lzh,Europe/Istanbul,2000-05-04,Chinese,"Taylor, Kaur and Griffiths",Maldives
$810.07,1995-03-02 06:24:11,est.flac,Kerryton,GB,23:8d:aa:a5:e5:1a,email-60.middleton.net,17:26:38,kw,Asia/Manila,1986-07-21,Latvian,Ryan Ltd,Micronesia
"$99,799.56",1991-04-22 19:44:57,corporis.json,Barkerborough,GB,11:ee:ca:64:fb:5c,lt-34.evans.info,12:04:48,om,Indian/Comoro,2008-03-20,Western Frisian,Whittaker LLC,Guam
$96.84,2018-11-16 01:31:33,deleniti.webm,O'Connorstad,GB,d9:2b:bd:04:fa:36,srv-90.hall-mistry.com,02:38:22,fy,Europe/Bucharest,2003-08-14,Tamil,"Holmes, Young and Cooke",Canada
"$8,468.93",2014-03-22 06:46:04,ea.xlsx,Singhland,GB,c2:91:b3:ec:24:2a,db-43.blake.net,18:32:48,nn,Africa/Cairo,1975-07-24,Malayalam,Bates Group,Christmas Island
"$9,725.94",1987-03-08 02:42:26,fugiat.png,Tobyberg,GB,0b:32:7b:b3:73:45,srv-58.hughes.info,07:46:57,ga,Asia/Calcutta,2006-03-22,Ewe,"Owen, Bond and Burgess",Saint Kitts and Nevis
$709.75,1989-12-29 19:12:04,voluptatum.png,New Judithport,GB,d3:16:24:eb:d2:59,laptop-32.lowe-dunn.org,16:18:23,sa,Asia/Riyadh,2011-02-11,Nepali,"Reed, Smith and Powell",Korea
$63.82,1973-09-06 13:48:37,fugiat.avi,Johnfort,GB,dc:d8:ad:67:ce:9c,email-77.williams.com,20:39:21,mi,Europe/Bratislava,1979-07-15,Hiri Motu,Moran Ltd,Denmark
"$40,669.04",2011-10-22 12:17:58,dolorem.webm,Suzanneburgh,GB,64:e6:42:28:cd:21,db-71.perry-knight.com,10:48:46,sat,Pacific/Efate,1989-12-09,Ndonga,"Kelly, Miles and Price",Dominica
$679.77,1994-05-20 10:02:06,labore.bmp,Malcolmshire,GB,b1:4e:ff:a8:dc:f0,web-83.dean-houghton.com,04:19:57,ig,Europe/Helsinki,2014-03-22,Belarusian,Fitzgerald PLC,Cayman Islands
"$77,792.33",2003-08-14 12:12:15,ipsa.mp4,East Damianfurt,GB,61:04:97:28:44:f1,laptop-06.hobbs.com,23:21:00,hsb,Africa/Libreville,2022-06-24,Hindi,"Burton, Law and Jordan",Cyprus
$221.18,1980-11-15 17:17:21,libero.jpg,Reeceshire,GB,43:f2:4a:2d:ce:16,srv-62.dean.org,23:16:44,li,Europe/Vienna,2009-02-15,Kashmiri,Davies-Slater,Rwanda
"$1,410.02",1987-09-30 02:13:45,beatae.webm,New Nicolemouth,GB,e2:dd:9e:8f:1a:7e,lt-39.black-lloyd.net,16:37:14,ik,Africa/Kigali,1984-06-20,Aymara,Lee-Banks,Tonga
$685.22,1978-06-24 18:18:12,vero.pdf,Smithmouth,GB,81:96:1e:d3:09:67,web-12.booth-chadwick.com,00:09:47,ve,Africa/Mbabane,1999-09-16,Slovenian,"Smith, Holmes and Gilbert",Sierra Leone
"$32,501.73",1992-12-03 05:34:02,quia.mov,Brookesfurt,GB,77:79:f1:7b:96:61,web-36.green-brennan.com,04:29:03,fr,America/Bogota,2005-10-13,Wolof,Gilbert and Sons,Gambia
"$5,329.08",2009-07-27 03:48:00,libero.mp3,Port Ryan,GB,44:37:f4:4d:c6:a6,desktop-50.shaw.co.uk,10:47:11,vi,Pacific/Tongatapu,1999-05-07,Latvian,"James, Marshall and Evans",Tanzania
"$9,453.91",1985-10-15 21:28:42,similique.xlsx,Port Leonmouth,GB,51:ab:37:44:dc:44,laptop-03.wall.com,02:08:41,pt,Africa/Cairo,1977-02-22,Western Frisian,"Smith, Cook and Perry",Albania
"$16,092.89",2004-11-20 06:44:17,perspiciatis.txt,Dawnmouth,GB,cb:32:26:94:b0:18,lt-52.morris-parker.co.uk,04:01:07,ru,Europe/Oslo,2003-12-26,Occitan,Martin-Oliver,Norway
$18.47,2006-07-19 01:06:07,commodi.bmp,New Kayleigh,GB,5f:08:79:8b:5d:43,lt-65.jenkins-robinson.com,22:25:44,ss,Pacific/Truk,1996-03-09,Romanian,Ali-Coles,Moldova
"$6,967.49",1998-03-16 18:23:19,delectus.json,Lake Sally,GB,5d:e5:2d:28:81:62,lt-73.reynolds.com,08:52:54,sa,America/Panama,2001-09-01,Russian,"Gardner, Booth and Brennan",Albania
$10.16,1983-10-12 04:11:13,dolor.pages,Russellberg,GB,96:e9:19:ee:1d:b9,laptop-18.fraser.com,04:51:33,lo,America/El_Salvador,1985-09-22,Turkmen,"Wilson, Lane and Allen",Cayman Islands
"$3,636.65",1991-09-25 21:59:34,tenetur.mp3,Lake Harryborough,GB,18:93:da:e0:98:eb,email-32.goddard-elliott.com,22:03:11,unm,Africa/Sao_Tome,2014-12-20,Sichuan Yi,Henderson-Smith,Portugal
$48.03,2010-06-28 06:06:42,excepturi.docx,Brownbury,GB,05:cb:19:3c:64:18,lt-19.potter.com,09:42:58,mn,America/St_Lucia,1977-09-09,Portuguese,Bond-Phillips,Mozambique
$5.48,1976-10-08 06:23:02,minima.bmp,Marybury,GB,28:55:cc:b9:d2:2f,srv-78.bailey-farmer.org,17:32:19,de,America/Atikokan,2021-01-07,Welsh,"Hamilton, Smith and Smith",Ethiopia
$5.39,1971-06-01 01:32:14,incidunt.key,Joeltown,GB,5e:2e:33:15:11:1d,web-21.jackson-green.co.uk,06:04:34,pap,Africa/Tripoli,2007-12-10,Fulah,Smith-Brown,Lao People's Democratic Republic
"$4,581.88",2000-09-11 05:53:10,animi.mp3,Kentton,GB,e8:ce:41:3e:9a:f0,lt-37.harvey.com,08:05:18,az,Africa/Dakar,1996-02-10,Wolof,Dunn Inc,South Georgia and the South Sandwich Islands
"$3,789.29",2020-03-29 17:48:51,minima.mp4,North Alexandra,GB,2c:65:d0:b4:db:db,lt-33.carroll.org,17:34:17,mt,Asia/Riyadh,1983-10-22,Tigrinya,"Sutton, Kaur and Thomas",Djibouti
"$30,818.23",1984-11-24 05:36:05,occaecati.mp4,Julianchester,GB,d3:9c:6e:39:90:c7,web-37.saunders.com,20:56:38,ca,Pacific/Fiji,2011-05-03,Chechen,Dixon Ltd,Saint Kitts and Nevis
"$91,165.08",2021-02-26 00:53:26,odit.json,West Kyleville,GB,df:30:8b:05:f8:69,db-64.mitchell.com,18:20:36,bg,America/Guyana,2007-11-03,Tswana,Thomas Ltd,Senegal
$59.96,2001-07-30 12:56:16,iste.webm,Barkerland,GB,fb:03:79:9b:47:84,lt-29.evans.net,03:03:14,nds,Europe/Vatican,1983-12-03,Romanian,Riley-Gray,Singapore
$5.97,1979-09-21 00:40:36,iste.jpg,Hardingtown,GB,00:c9:90:e0:ff:68,db-28.jones.com,21:39:21,si,Africa/Mogadishu,2002-02-14,Tatar,Greenwood LLC,Turkey
"$27,673.98",2015-05-11 22:28:56,laudantium.jpg,West Kieran,GB,c4:1a:d0:be:5a:2d,desktop-99.white-oliver.com,23:24:27,sr,Asia/Thimphu,1982-04-22,Portuguese,"Evans, Green and Burgess",Qatar
"$4,527.44",1977-10-15 02:31:59,incidunt.css,Shawport,GB,6c:cc:49:1c:1c:a7,web-61.holmes.biz,05:09:56,hr,Africa/Banjul,1981-08-16,Hiri Motu,"Fleming, Smith and Woodward",Cuba
$4.93,1985-06-14 20:26:41,culpa.tiff,Evansmouth,GB,dd:07:ab:60:12:a5,laptop-49.fitzgerald.com,16:51:21,af,Asia/Qatar,1979-01-22,Kurdish,Jones Group,Vanuatu
$4.78,1997-03-15 21:28:04,fugit.avi,Lake Tobytown,GB,57:b3:9a:dc:2c:9c,desktop-47.graham-atkinson.biz,09:17:18,ug,Africa/Bamako,1996-02-21,Sanskrit,Murphy and Sons,Kazakhstan
$4.16,1983-02-12 13:51:02,accusamus.css,Martinview,GB,1f:b8:b9:af:09:07,email-44.quinn.info,18:09:55,pa,Asia/Jerusalem,1986-09-10,Bashkir,Sykes-Davis,Pitcairn Islands
$23.56,1988-09-29 05:02:35,sapiente.csv,East Leonardville,GB,6c:99:b6:9e:6b:ff,db-05.kaur.org,02:14:34,apn,Asia/Pyongyang,1989-01-26,Romanian,"White, Kaur and Kaur",Algeria
"$12,878.78",1994-11-06 06:05:13,nihil.pdf,Jacquelinemouth,GB,ed:88:1a:b1:bb:52,email-46.evans.com,20:02:21,ps,Asia/Karachi,2011-05-28,Tonga,"White, Metcalfe and Dickinson",Azerbaijan
$7.11,2002-05-17 03:28:44,quidem.txt,Watsonfurt,GB,90:d5:57:61:96:69,laptop-73.singh.com,05:00:55,hu,Europe/Sarajevo,1980-05-16,Kongo,Barker-Iqbal,Paraguay
$286.72,1986-05-22 20:43:39,fuga.flac,Owenside,GB,d4:e8:da:7a:54:53,email-41.graham.info,10:30:51,tn,Asia/Saigon,2008-05-23,Burmese,Phillips PLC,Mongolia
"$73,423.79",2009-11-22 10:13:05,quibusdam.doc,South Deborahside,GB,b7:99:48:ea:9c:76,email-04.morgan.biz,00:26:54,cs,America/Santo_Domingo,2006-05-12,Finnish,"Lee, Harris and Lowe",Cote d'Ivoire
$471.12,1981-02-01 14:19:04,fugiat.mov,Amyshire,GB,8e:29:5d:33:aa:99,db-51.dawson-quinn.com,10:34:00,am,America/Guatemala,1987-02-22,Kashmiri,Pickering-Thompson,Sweden
"$7,588.57",2004-10-21 00:57:58,molestiae.flac,New William,GB,0e:11:61:7f:d8:c9,desktop-37.bradley.com,18:12:36,uk,America/Rainy_River,1997-09-01,Kinyarwanda,"Townsend, Thompson and Bruce",Bangladesh
$51.02,2005-10-31 08:25:04,nulla.pdf,New Maria,GB,b7:7f:e9:30:7b:d1,srv-69.obrien-white.info,14:22:23,lb,Asia/Magadan,1995-04-06,Navajo,"Patel, Walker and Edwards",Guinea
"$44,995.62",2013-06-26 20:21:12,ex.tiff,South Leonard,GB,1e:03:8f:ad:88:af,email-36.norris-johnson.com,18:44:18,he,Europe/Tallinn,1983-04-24,Bislama,"Knight, Baker and George",Tajikistan
$28.89,2013-02-01 01:56:07,eaque.xlsx,Port Eric,GB,87:af:59:b6:1e:a5,email-08.mann.biz,16:45:20,bhb,Europe/Copenhagen,2003-01-03,Urdu,Welch-Moore,Mali
$974.84,2011-06-21 14:48:07,neque.avi,Careyfort,GB,f2:61:b6:93:54:dd,lt-50.clarke-jones.com,23:40:36,ff,Asia/Bishkek,2014-01-08,Northern Sami,"Parker, Barton and Weston",Niue
$515.13,1985-05-12 05:14:58,sed.mp3,Powellview,GB,c7:29:a6:27:ae:12,desktop-68.ross-davis.info,03:21:41,nso,America/Managua,1984-09-21,Wolof,Gardner Inc,Seychelles
"$40,183.20",1978-02-08 22:35:19,amet.mov,West Jordan,GB,dd:33:6b:90:02:18,laptop-77.obrien-little.net,19:17:39,tt,Africa/Sao_Tome,2001-01-26,Wolof,"Harris, Knight and Anderson",Peru
"$9,672.39",1990-07-13 14:28:01,sit.txt,Watsontown,GB,9f:72:51:ed:c5:20,laptop-90.brown.com,02:45:46,hak,Asia/Tbilisi,1971-10-19,Telugu,Taylor LLC,Nicaragua
$492.78,2020-11-27 06:22:57,odit.mp4,North Annetteburgh,GB,a4:0f:be:a7:11:fb,srv-85.johnson.info,05:28:56,niu,Europe/Tirane,1975-05-07,Spanish,Ahmed and Sons,Haiti
$37.53,1975-01-11 22:14:00,inventore.docx,West Leighchester,GB,82:e7:b5:84:1a:71,db-35.singh-ball.com,11:27:10,an,Asia/Karachi,2008-07-18,Welsh,Carpenter-Leonard,Guam
"$78,171.58",1976-05-11 06:36:15,deleniti.xls,East Annshire,GB,60:21:25:a2:5b:16,lt-73.robinson.com,07:27:26,mi,Europe/Monaco,1987-10-22,Walloon,Brooks-Walsh,Guernsey
"$52,662.96",1989-04-16 01:18:52,officia.wav,Whiteton,GB,ab:bd:7c:cf:34:7a,web-64.cooper.org,04:34:50,ks,America/Caracas,2005-08-17,Slovak,Hewitt Ltd,Cook Islands
$0.10,2007-02-19 14:22:49,placeat.webm,Griffithstown,GB,4f:59:c0:da:6c:b6,web-95.griffiths-davies.com,04:12:52,bg,Africa/Niamey,1981-11-25,Somali,Murphy-Dixon,Tokelau
$5.75,1989-03-10 02:30:58,a.webm,Port Mathewton,GB,91:87:e9:ba:b7:0b,db-62.hooper.com,07:33:23,oc,America/Argentina/La_Rioja,1972-05-28,Haitian,"Bennett, Grant and Thomson",Cambodia
"$9,601.83",2002-08-15 17:04:52,iste.wav,Christianfort,GB,e5:7b:6d:4b:bc:db,db-86.mitchell.com,19:37:41,bs,Africa/Bangui,2002-02-15,Ukrainian,O'Neill-Jones,Christmas Island
$851.30,1971-08-23 16:03:23,quisquam.docx,Lake Dylanburgh,GB,55:31:00:37:79:e4,desktop-51.williams.com,12:00:41,el,Asia/Dubai,2008-11-17,Faroese,Ball and Sons,Nigeria
$130.54,1974-07-15 05:05:46,eius.json,South Ashleighchester,GB,61:ca:2d:2f:dc:6a,srv-42.woods.com,14:17:49,ps,Africa/Djibouti,1978-10-28,Western Frisian,Ford-Evans,Hungary
"$4,061.79",2015-04-08 21:45:43,sunt.xls,East Anthonyfort,GB,fc:f6:6a:24:1f:48,srv-42.young.org,09:07:04,sd,Europe/Berlin,2003-07-14,Romanian,Collins PLC,Saint Helena
"$81,834.64",1979-12-26 12:25:29,atque.tiff,Careyland,GB,82:46:7f:1b:20:1f,db-01.robson-obrien.com,05:21:45,lzh,Asia/Katmandu,1993-07-09,Hiri Motu,"Edwards, Richards and Jones",United States of America
"$3,307.21",1993-09-28 21:00:19,suscipit.mp3,Wallacefurt,GB,94:b5:f7:3a:ab:16,srv-51.palmer.info,10:34:54,ig,America/Asuncion,1984-12-02,Finnish,"Doherty, Bennett and Patel",Eritrea
$98.47,1999-04-26 04:03:20,incidunt.js,Lake Jemmashire,GB,1b:cd:95:fb:fe:08,lt-01.jones.co.uk,00:43:23,kn,Africa/Monrovia,1989-02-02,Quechua,Day LLC,Latvia
$7.25,2019-07-13 17:26:29,nemo.flac,Danielburgh,GB,54:8c:8d:5a:a9:6e,srv-93.coles.com,13:39:43,tk,Africa/Accra,1998-02-05,Turkish,Hill Group,New Caledonia
"$4,562.44",2011-06-16 12:54:24,repellat.mp4,Maureenberg,GB,94:97:34:53:bb:0f,srv-20.taylor.com,07:54:38,sc,Africa/Douala,1993-01-21,Urdu,Lewis-Brown,Saint Helena
$203.41,1973-11-01 00:44:18,ipsum.wav,Morrisland,GB,82:f4:be:61:e9:fa,desktop-86.moore.info,11:31:48,be,Europe/Tirane,2006-09-16,Lingala,"Holmes, Bates and Harris",Nauru
"$98,712.43",1997-06-03 16:33:34,molestias.ppt,South Graeme,GB,44:77:78:93:e3:02,laptop-06.jackson.com,05:20:27,fil,Africa/Freetown,1985-06-17,Chichewa,"Parsons, Bell and Morris",Poland
$202.13,2015-03-07 04:11:02,voluptas.avi,Port Adrianburgh,GB,65:83:71:aa:ad:3e,lt-61.wyatt.co.uk,12:24:17,nb,Africa/Lusaka,2012-05-19,Malay,"Martin, Bradley and Williams",Palestinian Territory
$1.74,1990-11-02 14:26:18,harum.webm,Leemouth,GB,0c:59:ae:cc:5a:2b,lt-37.naylor-bradley.com,21:40:58,xh,Europe/Belgrade,2012-06-07,Pushto,Walters-Holden,South Africa
$582.37,2008-10-14 20:30:15,culpa.avi,New Tina,GB,ac:eb:28:43:7c:fd,laptop-56.greenwood-evans.org,17:40:27,zh,Europe/Malta,1997-10-03,South Ndebele,Williamson-Singh,Grenada
"$17,419.05",2006-03-18 12:24:03,aperiam.mp3,Ronaldfort,GB,58:92:09:66:41:e3,laptop-97.cook.com,06:28:13,ne,Africa/Lome,2014-06-27,Swati,Howard-Berry,Iraq
$8.49,1983-05-18 08:37:23,sit.wav,Burgessberg,GB,2d:f2:f7:0e:73:0a,desktop-47.heath-wright.info,15:16:42,li,Africa/Douala,1971-05-13,Marshallese,Baker LLC,Dominica
$61.41,2022-08-04 00:28:35,commodi.mp3,Patelton,GB,38:3f:a9:cd:82:a7,db-73.wheeler.info,06:48:10,kn,America/Jamaica,2022-08-27,Lingala,"Ferguson, Barker and Jones",Myanmar
$501.13,2006-06-01 13:28:48,at.gif,Hillside,GB,a4:b4:e9:54:bb:4c,laptop-36.warren.com,14:32:40,pt,America/Barbados,1989-06-11,Hebrew,Vincent LLC,Bouvet Island (Bouvetoya)
"$8,311.27",2022-11-29 13:59:12,eos.gif,East Sammouth,GB,f2:db:91:07:cc:52,web-38.jackson.com,07:34:21,sk,Asia/Thimphu,1985-07-18,Divehi,Davidson-Roberts,Mauritania
$8.53,2001-07-15 05:12:23,veritatis.bmp,Bennettside,GB,f7:21:eb:27:f4:e8,srv-86.hopkins.net,12:36:47,af,Pacific/Apia,1998-10-12,Zulu,"O'Sullivan, Ahmed and Ford",Croatia
"$49,239.13",2015-01-27 16:40:15,reiciendis.odp,West Joe,GB,74:81:fe:94:0b:18,srv-73.hicks.com,04:06:16,nb,Europe/Podgorica,1995-03-06,Western Frisian,"Watson, Griffin and Jones",Myanmar
"$99,102.01",1993-02-08 21:03:16,quisquam.txt,South Jayville,GB,09:a4:3e:f3:be:be,web-84.harrison.net,11:46:13,mai,Asia/Colombo,2011-10-05,Swahili,Sanderson-West,Cyprus
$647.03,1972-06-17 03:40:57,magni.jpeg,Terrychester,GB,41:84:7e:b5:36:85,web-83.thompson.biz,12:16:01,az,Africa/Porto-Novo,2016-11-13,Chechen,Clarke-Clarke,Guyana
"$1,853.59",1999-01-16 08:08:58,veritatis.odt,West Adam,GB,af:83:90:ba:40:78,db-04.williams-day.co.uk,05:53:39,sr,Asia/Thimphu,2008-06-13,Kuanyama,Hill Group,Uruguay
"$6,663.73",1987-10-25 02:20:58,a.mp4,Williamston,GB,0f:3c:75:26:81:6e,lt-69.smith.com,13:29:05,gl,Asia/Choibalsan,1997-04-03,Sindhi,"Hayes, Williams and Gardiner",Uzbekistan
"$28,957.67",1985-04-23 20:44:52,animi.wav,East Jenna,GB,71:b6:9e:02:cd:7e,laptop-35.hanson.com,17:34:39,ha,Africa/Lagos,1976-07-25,Akan,Williams Group,Paraguay
$8.00,2019-08-17 08:59:59,placeat.mp3,East Steven,GB,eb:bc:c9:95:c9:9e,desktop-57.wood-evans.com,19:09:40,ia,Pacific/Palau,1997-05-26,Xhosa,Woodward-Simpson,Seychelles
$3.49,2016-04-05 02:10:56,ipsa.bmp,Taylorfurt,GB,ac:d4:01:ab:45:8d,srv-30.smith.com,22:34:00,fr,Asia/Phnom_Penh,2020-07-16,Arabic,"Baker, Brown and Rose",Bahamas
$537.80,1994-07-15 11:08:36,necessitatibus.flac,Rahmanmouth,GB,61:e1:93:5f:38:2e,desktop-63.burton.org,09:55:24,ff,Africa/Dakar,2015-08-30,Haitian,Murphy LLC,Brazil
$304.05,2005-07-08 11:09:21,placeat.doc,Kennedyfort,GB,8a:0a:a1:c1:17:a5,web-27.richardson.org,00:08:22,id,Europe/Brussels,1997-09-05,Tagalog,"Richardson, Greenwood and Anderson",Venezuela
"$72,018.61",1994-05-26 10:27:04,ullam.tiff,North Vanessa,GB,e7:5d:4f:71:06:9f,srv-14.berry-wilson.com,02:13:46,km,America/Belize,1990-07-01,Uzbek,Kelly-Schofield,Equatorial Guinea
$22.98,1971-11-08 14:12:58,voluptatum.gif,Conorside,GB,a4:c2:fc:3a:75:53,email-44.morris.com,00:18:34,sv,Pacific/Funafuti,2012-04-03,Basque,Smith and Sons,Argentina
$2.48,1971-06-26 05:38:15,dolorem.png,Perryberg,GB,68:bb:b4:4a:78:b5,laptop-18.kay.com,04:59:24,ln,Asia/Phnom_Penh,1978-10-14,Chamorro,"Newton, Carter and Summers",Denmark
"$8,661.30",1972-10-03 23:55:10,vel.jpg,Deborahborough,GB,07:e0:41:c9:01:4e,email-88.andrews.net,15:06:21,pap,Pacific/Guadalcanal,1990-01-21,Malagasy,"Dixon, Davies and Powell",Georgia
$597.42,1983-08-16 04:50:08,pariatur.js,Port Elizabethtown,GB,6b:5f:ca:f0:cf:57,desktop-69.brown.com,08:48:05,my,Africa/Bissau,1982-11-22,Sichuan Yi,"Thompson, Howell and Bennett",Dominica
$20.95,2017-07-31 17:19:07,voluptatum.flac,Whiteland,GB,91:27:0b:82:13:7a,laptop-72.jones-hewitt.info,23:10:40,mi,Europe/Warsaw,1977-11-09,Kanuri,James-Tomlinson,Mauritius
"$1,677.10",2007-09-26 01:38:04,dicta.flac,East John,GB,69:ab:62:8d:97:96,email-88.williams.com,14:35:55,it,Asia/Samarkand,1986-08-30,Gujarati,"Patel, Miah and Fry",American Samoa
$404.75,1977-07-03 06:53:23,eum.docx,North Roy,GB,cb:f5:06:a5:bd:d8,laptop-52.jones.info,17:51:58,unm,Atlantic/Canary,1999-05-31,Ganda,Moore and Sons,Latvia
$89.42,1992-04-03 19:05:58,itaque.pptx,Williamsborough,GB,20:b7:0c:09:a9:d2,email-88.marshall.org,18:42:07,wa,America/Managua,1986-11-08,Nepali,"Ahmed, Mitchell and Richardson",Liechtenstein
"$23,766.15",2018-11-03 11:20:23,eius.csv,West Valeriemouth,GB,5a:90:79:74:ea:ac,desktop-29.owen-taylor.com,21:08:50,os,Europe/Tallinn,2010-09-29,Malay,"Simpson, Harris and Moore",Samoa
"$5,282.19",1991-10-25 20:04:09,consectetur.key,Port Vanessa,GB,4d:9e:2f:f3:14:f6,db-73.kirby.org,11:01:30,xh,America/St_Kitts,1973-10-28,Malay,Gibbs-Thomas,Nepal
$9.47,1995-02-19 04:33:07,perspiciatis.mov,Edwardshaven,GB,9a:b4:78:4f:0a:d3,db-74.blake.com,03:50:08,xh,America/Costa_Rica,2002-11-08,Shona,Lane-Page,Kazakhstan
$979.31,1991-04-15 02:03:06,est.webm,Lake Caroleville,GB,15:a9:e6:02:cf:85,email-61.taylor-carter.com,20:26:46,en,Africa/Dakar,1998-09-21,Welsh,"Carter, Kirk and Weston",French Southern Territories
"$31,357.68",2022-07-08 21:04:32,earum.html,Metcalfebury,GB,79:52:ec:0f:d6:25,lt-91.knight.net,16:46:04,or,Pacific/Chatham,1991-09-16,Chuvash,Peacock PLC,Estonia
$234.77,1996-09-01 17:15:48,ipsa.tiff,West Thomas,GB,65:7a:95:72:04:f0,laptop-15.lynch.org,17:23:07,li,Europe/London,2008-12-13,Hausa,Riley Inc,Palestinian Territory
"$10,154.11",1978-07-17 01:29:01,dicta.mp3,Gracehaven,GB,94:98:df:d3:41:37,web-23.patterson.org,15:16:46,fr,Africa/Dar_es_Salaam,1987-03-16,Nepali,Jennings-Price,Palestinian Territory
$75.25,2011-01-12 08:54:12,voluptatum.js,Port Lorrainemouth,GB,8c:7e:bf:19:91:ff,web-54.lloyd.org,19:57:31,kl,America/Asuncion,2019-09-29,Oriya,"O'Brien, Smith and Clarke",Belarus
"$57,554.09",2017-01-31 07:10:37,dolore.mov,Natalieland,GB,a9:49:16:fa:54:51,email-19.hill.biz,15:29:38,fy,Africa/Ceuta,1980-02-05,Navajo,Simmons and Sons,Madagascar
"$85,754.18",1994-07-25 07:18:21,id.webm,Annbury,GB,ce:0b:ff:21:8a:9b,email-50.smith.com,08:17:19,da,America/Havana,1994-08-22,Zulu,Lewis and Sons,Turkmenistan
$79.47,2007-09-28 00:11:32,tenetur.webm,Thomasberg,GB,8e:f4:8c:56:d4:f1,email-02.moran-austin.co.uk,01:18:22,byn,Africa/Monrovia,2010-11-11,Russian,Scott-Godfrey,Nigeria
"$4,457.78",2012-01-11 00:54:14,at.jpg,Louiseview,GB,c3:b5:cb:bd:3b:4b,lt-84.newman.co.uk,18:01:59,ar,Africa/Tunis,1983-06-17,Macedonian,"Baker, Harper and Davies",French Guiana
$436.55,1998-08-02 01:25:58,necessitatibus.pages,West Chloe,GB,38:5a:4f:a0:f3:01,desktop-77.murray.info,23:49:34,tk,Europe/Stockholm,1993-03-27,Chichewa,Miah-Watson,Saint Martin
"$1,695.25",2018-05-14 09:36:21,quas.webm,East Adambury,GB,5e:8d:14:3a:e1:08,web-52.wright-allen.biz,19:15:48,ve,Asia/Tokyo,2020-02-28,Kirghiz,Watson-Davies,Palestinian Territory
$8.22,1970-07-22 06:17:31,quisquam.mp3,Port Paigechester,GB,98:82:ef:5d:d9:d8,laptop-09.wells.com,03:01:37,az,Africa/Tunis,2019-11-05,Romansh,Jones LLC,Palau
$335.05,2013-07-18 20:29:25,cum.mp3,Lake Angela,GB,d0:f7:08:5d:bc:ab,lt-02.jones.com,19:57:12,kk,Europe/Budapest,2014-05-14,Church Slavic,"Parkes, Brown and Moore",Turkmenistan
"$1,329.37",1996-11-24 13:00:42,vel.flac,South Carolinefurt,GB,49:66:d8:05:83:aa,db-55.williams.info,20:27:14,ti,Asia/Calcutta,2012-04-30,Croatian,Armstrong and Sons,Norfolk Island
"$33,239.51",2023-08-07 06:35:31,blanditiis.pdf,Marcusmouth,GB,d1:1a:87:48:45:41,web-31.phillips-john.com,19:26:03,byn,Africa/Libreville,2004-03-09,Ewe,"Singh, Smith and Miller",Guinea
"$2,379.69",2003-12-22 23:20:57,similique.jpeg,Marychester,GB,3d:7f:0e:2e:f2:14,desktop-68.scott-newton.com,05:58:24,ga,Asia/Ashgabat,1992-09-11,Sichuan Yi,"Brown, Hall and Morgan",Dominica
$16.93,1974-12-10 09:19:05,quis.flac,Kathleenbury,GB,a5:6f:cc:ea:cf:a2,email-95.mistry-bull.com,11:58:06,ms,Pacific/Guadalcanal,2012-06-06,Swati,Middleton-Buckley,Uruguay
$82.81,2008-03-09 08:54:17,officiis.pptx,South Jeanview,GB,b9:2f:5c:c4:78:9f,web-01.evans.com,15:40:01,cy,Asia/Yerevan,1992-07-13,Tamil,Gregory-Robinson,Gabon
"$20,231.81",1971-02-17 12:11:55,quasi.txt,North Jasonside,GB,ba:2f:f1:c0:83:95,db-12.howell-bruce.com,12:05:37,ti,Asia/Ulaanbaatar,2013-08-18,Ndonga,Higgins-Grant,United Kingdom
$997.15,1990-07-22 00:53:49,quod.bmp,New Deborahbury,GB,4e:71:18:b6:33:00,desktop-48.bray.info,13:24:15,lb,Asia/Damascus,1981-01-20,Tonga,Thomas-Clarke,Marshall Islands
"$13,619.98",1983-11-07 08:47:31,perspiciatis.odt,Greenwoodtown,GB,a1:2a:65:3c:65:e4,laptop-91.walker.com,06:14:48,ug,Africa/Mogadishu,1997-01-30,Finnish,Sanders PLC,Angola
$66.35,2005-01-21 18:32:24,repellat.jpeg,Port Rebecca,GB,c9:77:de:85:7d:f9,db-91.jones.org,18:32:20,ts,America/Phoenix,1988-01-22,Basque,"Hyde, Edwards and Walker",Germany
$570.69,1987-02-15 12:58:12,dolorum.xlsx,North Frederickview,GB,9e:ff:cc:f1:c8:1f,srv-47.dyer.org,09:02:13,fr,Asia/Dili,2010-12-25,Gaelic,Green-Lee,Netherlands
"$17,251.17",2000-03-19 07:07:27,excepturi.pptx,Williamsshire,GB,a2:27:ce:74:5d:d7,lt-16.adams.com,12:19:43,apn,Europe/Zurich,2009-10-13,Kashmiri,Smith Group,Afghanistan
$658.96,1988-12-25 15:34:19,at.avi,Brownburgh,GB,d8:f0:b1:7f:61:74,web-69.chambers-rhodes.org,16:45:35,pap,Asia/Phnom_Penh,1991-10-13,Swedish,"Harris, Douglas and Gregory",Spain
$8.41,1970-03-31 17:32:15,eligendi.flac,New Nataliebury,GB,60:fd:d8:12:7a:b7,email-03.watts.org,00:23:53,gu,Asia/Manila,2012-05-13,Norwegian,"Barry, Rees and Hamilton",Hungary
"$6,442.01",1996-04-11 04:39:13,veritatis.wav,New Colinton,GB,d7:ea:6e:49:f7:47,srv-92.austin.info,00:23:27,es,Asia/Manila,2009-07-06,Croatian,Morris-Knight,Maldives
"$50,365.57",1982-12-26 17:16:15,inventore.js,Patrickborough,GB,7b:80:56:07:e1:33,db-07.morris.com,17:49:16,ps,Africa/Accra,1996-11-08,Chinese,"Bartlett, Hardy and Bentley",Serbia
$132.07,2007-05-18 09:16:35,esse.mov,Jenningsfurt,GB,8c:5a:c3:e8:fa:a7,laptop-22.wilson.co.uk,12:28:52,mai,Europe/Paris,1986-06-29,Xhosa,"Alexander, Murphy and Simpson",Armenia
"$98,885.80",2013-02-23 23:23:34,aliquam.wav,Collinston,GB,29:0a:cc:ad:c6:cd,desktop-04.iqbal.org,12:01:52,si,Pacific/Enderbury,2009-10-10,Avestan,Powell Ltd,United States of America
"$42,037.56",2021-01-21 03:53:08,excepturi.js,Kathleenport,GB,56:b1:9f:50:10:3d,web-30.hutchinson-young.co.uk,06:45:02,ta,Europe/Riga,1984-08-19,Gujarati,Jenkins Inc,Netherlands
$797.98,2002-01-25 12:40:16,ducimus.txt,Kaurtown,GB,8c:d7:85:36:b6:e6,laptop-56.harrison.biz,12:36:06,eu,Africa/Windhoek,1992-03-13,Sindhi,"Mills, Coles and Pearce",Indonesia
$31.97,2005-02-01 01:01:40,eligendi.jpg,Port Kimberley,GB,f6:89:ce:e5:f1:4b,web-77.ford.co.uk,20:53:40,hsb,America/Port_of_Spain,1982-02-24,Basque,Phillips-Harrison,Tuvalu
"$9,720.40",1975-02-08 12:38:12,beatae.wav,East Annafort,GB,b2:d7:1f:ae:dc:31,laptop-84.williams.com,09:46:32,fo,America/Lima,2012-06-11,Komi,"Marsden, Ahmed and Smith",Northern Mariana Islands
$8.29,1992-07-17 14:38:22,officia.mp3,Lake Jaystad,GB,82:32:45:cf:56:d5,web-91.vaughan.info,01:39:59,mag,Europe/San_Marino,2009-04-17,Xhosa,"Schofield, Davies and Birch",Oman
"$93,933.84",1991-08-24 07:43:32,recusandae.csv,New Francesca,GB,26:7a:88:bd:1e:a5,lt-62.morris-curtis.co.uk,09:42:35,af,Indian/Maldives,2013-01-28,Cree,"Parker, Ward and Haynes",Norfolk Island
$14.19,1982-09-06 07:09:29,quaerat.doc,North Russellland,GB,14:14:da:46:16:ff,email-03.robinson.com,16:48:40,csb,Pacific/Port_Moresby,1970-10-30,Herero,"Rogers, Short and Porter",Heard Island and McDonald Islands
"$96,557.15",1991-03-07 06:40:28,mollitia.bmp,Lake Conor,GB,78:41:49:10:a9:61,srv-54.cunningham.com,06:50:25,cs,Asia/Dubai,2001-01-15,Greek,"Cartwright, Hartley and Allen",Zambia
"$4,550.97",2010-10-25 20:48:10,dolorum.xls,Quinnfurt,GB,52:c8:e5:72:c6:7d,email-56.peacock.com,12:31:25,mg,Asia/Muscat,1977-05-19,Uighur,"Martin, Riley and Davies",Bouvet Island (Bouvetoya)
$6.52,1976-12-15 16:49:17,delectus.webm,Kellyshire,GB,76:54:72:c7:da:79,web-42.randall.com,07:38:41,lij,Africa/Johannesburg,1992-05-04,Komi,Archer and Sons,Hong Kong
"$8,935.56",1999-11-16 16:24:55,omnis.json,Lake Alexanderstad,GB,a1:17:31:e0:d7:fc,web-10.mitchell.biz,04:47:04,wo,Asia/Jerusalem,2014-11-24,Fulah,Stevens-Simpson,Benin
"$6,449.05",1988-03-17 13:36:47,vel.webm,Port Oliverstad,GB,88:00:52:ec:d9:9e,lt-06.thomson.com,15:12:52,lzh,Africa/Luanda,2008-06-12,Komi,"Marsh, Poole and Carr",Chile
"$42,847.41",1983-05-05 19:46:39,explicabo.wav,Port Kieran,GB,f6:4f:7f:1b:97:3b,db-90.moss-barnes.com,17:26:39,the,Europe/Rome,1993-01-22,Western Frisian,Whittaker-Jenkins,Saint Pierre and Miquelon
"$7,185.58",2013-02-26 01:05:57,nostrum.json,New Charles,GB,0c:e3:78:dc:88:2c,lt-99.lane.co.uk,18:14:26,wae,Europe/London,1985-10-26,Urdu,Buckley and Sons,Germany
"$8,039.29",1980-06-10 02:13:49,quia.avi,East Amandamouth,GB,63:34:35:63:c8:9d,lt-50.fisher.info,19:43:03,eu,Africa/Maputo,1986-03-10,Zulu,Gill Group,Cameroon
$86.12,1986-12-06 06:59:37,distinctio.mp4,Hughfurt,GB,4a:92:8a:62:64:35,db-83.johnson-richardson.com,19:01:51,ky,Africa/Ceuta,2009-08-28,French,O'Sullivan and Sons,Isle of Man
$0.47,1998-10-27 07:36:09,quis.ppt,Annburgh,GB,fc:d3:a6:d5:8c:22,db-14.johnson.com,17:02:43,bg,Africa/Algiers,1991-08-22,Xhosa,King Group,Honduras
$545.38,1993-01-09 14:16:52,aliquid.avi,South Beverleyport,GB,66:3d:0e:71:d0:dc,web-66.jackson.biz,03:49:19,hr,America/Antigua,2014-02-19,Occitan,Sanders Group,Madagascar
$67.36,1971-01-10 19:55:01,nam.gif,Stevensburgh,GB,57:f0:10:03:c9:58,email-32.evans-wade.com,16:14:26,wal,Pacific/Palau,1988-04-25,Oromo,Kemp PLC,Liechtenstein
$4.75,1989-09-18 21:36:24,architecto.avi,Charlieshire,GB,32:6a:33:da:ac:20,email-93.russell.com,18:06:18,tig,Indian/Mauritius,1981-12-30,Czech,"King, Brown and Power",Trinidad and Tobago
"$99,320.11",1995-08-14 13:24:23,eveniet.html,East Shannonborough,GB,ad:d5:48:17:a5:00,desktop-53.powell.com,09:34:14,an,Asia/Pontianak,2003-05-14,Japanese,Jenkins-Harris,Faroe Islands
"$35,059.72",1984-12-08 07:18:21,voluptatibus.mp3,Robertsmouth,GB,87:a9:c1:5a:a0:c1,web-90.wilkinson.info,17:44:52,nan,Europe/Zagreb,1978-09-30,Tamil,Grant Ltd,Dominican Republic
$950.03,1998-12-01 23:51:21,officia.pages,Port Hazel,GB,65:5e:97:3a:40:ab,srv-51.hicks.com,13:17:16,ks,Africa/Brazzaville,2019-04-05,Oriya,Wilson Group,Haiti
$2.07,1983-01-09 19:27:03,tenetur.odt,Douglasmouth,GB,ed:14:a0:5e:e9:a4,lt-05.farmer.com,18:08:26,ayc,Pacific/Palau,1989-04-28,Sundanese,Boyle-Lewis,Macao
$6.38,2010-05-06 21:12:53,officia.gif,Howardburgh,GB,c7:88:57:89:78:48,lt-98.mann-brown.com,12:52:31,tig,Asia/Seoul,1990-04-10,Burmese,"Taylor, Harding and Henry",Seychelles
"$2,039.42",1997-06-20 22:38:25,non.xls,Francisland,GB,f1:fd:0d:09:9e:94,db-62.reid.com,05:54:55,pap,Europe/Bucharest,1986-02-10,Wolof,Brown PLC,Guyana
$8.50,2019-05-19 16:14:58,accusantium.mp3,Wilsonfort,GB,74:4f:0c:29:d0:dd,desktop-17.adams.net,15:30:22,ml,Asia/Bishkek,2000-08-17,Limburgan,Jordan Inc,Saint Pierre and Miquelon
$16.42,2007-12-21 18:44:51,magni.flac,South Thomas,GB,03:62:35:37:f8:3f,db-74.craig.org,04:49:49,yue,Asia/Karachi,1982-07-30,Chinese,Harvey PLC,Estonia
$819.40,1987-02-24 22:55:03,dolorum.txt,Bowenport,GB,8c:60:d9:44:7c:cf,db-73.oconnor-thomas.co.uk,01:52:46,ak,America/Guatemala,1971-06-11,Russian,"Sheppard, Watkins and Reynolds",Canada
$0.56,1981-05-21 00:24:05,id.wav,Benton,GB,34:4f:07:4c:7b:78,srv-20.jones.info,10:14:49,nan,Indian/Maldives,2012-07-18,Herero,Middleton Group,Venezuela
$92.86,1973-11-25 21:47:31,pariatur.xlsx,West Carole,GB,ea:89:a3:c1:32:dd,db-21.gardiner.biz,20:07:56,yue,Europe/Budapest,1982-04-19,Swahili,"Leonard, Holland and Mason",Botswana
$78.27,1987-11-11 04:24:21,porro.jpeg,West Rhys,GB,72:17:81:55:f5:80,desktop-50.smith.biz,01:35:15,tig,Asia/Baghdad,2003-05-25,Akan,"Wilson, Tucker and Pearson",San Marino
$604.55,1998-07-20 16:09:02,aut.txt,North Franceschester,GB,30:1e:ac:95:99:76,laptop-08.atkinson.com,21:36:39,sat,Asia/Jayapura,1999-08-17,Latin,Harris PLC,Cambodia
$839.60,1981-07-07 08:57:27,error.numbers,Allenbury,GB,4f:c4:29:a2:79:21,srv-32.wright.com,13:23:04,pl,Europe/Copenhagen,1976-05-30,Luba-Katanga,Hughes-Jones,Pakistan
"$50,382.89",1991-10-25 22:47:26,quibusdam.jpeg,Murphyport,GB,0a:e9:35:ec:72:79,db-95.white.com,10:49:40,it,America/Nome,1984-09-28,Gaelic,Robinson LLC,Paraguay
"$94,856.40",2018-10-23 08:09:03,quisquam.mp4,Port Lewis,GB,bd:cb:bb:a7:ad:09,lt-96.fletcher-jones.com,00:27:08,nds,America/Havana,1979-07-04,Herero,Barrett-Bird,Seychelles
"$9,771.99",2010-12-29 00:04:28,accusantium.avi,Karenberg,GB,f9:26:f7:a8:c0:9c,lt-22.coleman-hilton.biz,07:55:49,ff,Africa/Tunis,1975-01-05,English,"Brown, Bell and Hodgson",Saint Vincent and the Grenadines
$440.25,1982-07-09 03:50:24,minus.jpg,East Emmafurt,GB,66:94:9c:db:80:4e,srv-75.green.com,03:43:22,mt,Africa/Asmera,2023-03-14,Latvian,"Bates, Mahmood and Roberts",Malta
$0.82,1995-10-09 12:19:43,laborum.png,East Sambury,GB,6c:44:e8:7d:9b:95,lt-93.obrien.com,18:04:33,lo,Africa/Libreville,2000-11-18,Tigrinya,Williams PLC,Pakistan
"$4,977.05",1984-04-29 01:15:48,enim.mov,Christinechester,GB,4d:18:7c:52:db:a3,desktop-09.hilton.net,11:48:57,lo,Africa/Kinshasa,2019-06-03,Fijian,Taylor-Carpenter,Luxembourg
$51.12,1994-09-11 22:33:01,impedit.json,New Liam,GB,f0:6e:1e:30:0e:68,lt-52.williams.com,06:55:47,wae,Asia/Muscat,2008-01-28,Igbo,Brown-Hill,Cape Verde
$98.82,2011-03-12 20:38:34,illum.jpeg,Beverleyland,GB,2e:9b:ec:97:ee:f7,web-96.elliott.org,04:51:37,sv,Asia/Yerevan,2015-12-06,Croatian,Brown-Palmer,Tanzania
$5.09,2012-01-11 05:59:02,repudiandae.txt,Fieldside,GB,08:9b:9c:f2:fa:14,desktop-32.martin.com,19:07:45,ak,Asia/Vientiane,1978-12-09,Ewe,Mills Group,Austria
"$2,864.58",2007-05-09 16:59:00,reiciendis.css,South Brandon,GB,24:bd:11:5e:62:c1,desktop-10.smith.net,11:52:49,cs,America/Phoenix,2009-10-11,Haitian,"Wilson, Smith and Dixon",British Virgin Islands
"$4,465.96",1977-07-01 05:12:39,minima.mp3,Lake Katie,GB,3f:b6:e3:36:1f:eb,email-95.bailey.net,03:27:18,lv,Asia/Tbilisi,2020-11-23,Macedonian,Webster-Webb,French Southern Territories
"$49,109.31",2016-12-05 12:21:39,reprehenderit.mov,Baldwinview,GB,3f:48:a1:dd:58:2a,lt-78.brown-lee.org,07:08:20,si,Asia/Bahrain,2011-07-23,Xhosa,"Warner, Phillips and Roberts",Malta
"$15,475.67",1982-01-02 00:48:25,modi.odt,North Roy,GB,04:2b:0f:cd:76:f8,db-25.obrien.co.uk,18:11:42,gv,Europe/Madrid,1996-05-14,German,Simpson and Sons,Chad
"$6,558.23",2014-04-20 11:38:07,similique.jpg,East Iainborough,GB,79:13:fc:6d:82:df,email-88.roberts-lord.com,14:09:35,uk,Africa/Douala,1989-10-08,Haitian,"Davies, Fletcher and Patel",Eritrea
"$13,257.44",1970-12-31 04:05:23,amet.avi,Curtisberg,GB,c4:b4:4f:95:f3:a0,laptop-37.jones-graham.biz,04:06:12,ug,Asia/Damascus,1982-08-31,Kanuri,"Smith, Birch and Coles",Iceland
"$7,605.97",2008-11-07 20:06:03,voluptas.key,New Vanessa,GB,80:56:1e:e1:44:c5,srv-05.clark.com,00:22:42,tg,Asia/Tashkent,2010-03-14,Interlingua,"Williams, Johnson and Lucas",Costa Rica
"$3,206.08",1977-09-24 02:57:19,nostrum.json,East Richardmouth,GB,f4:de:31:12:d4:50,email-26.booth-hutchinson.com,22:36:49,kw,America/Antigua,2019-10-04,Maltese,"Jones, West and Macdonald",Denmark
"$9,986.01",1992-10-16 17:33:44,facere.json,Lewisside,GB,77:be:82:75:ed:54,db-27.jenkins.info,17:49:11,kl,Africa/Gaborone,2018-02-09,Sardinian,"Curtis, Alexander and Whittaker",Lesotho
"$67,601.00",1973-10-22 04:36:41,sunt.flac,Skinnerville,GB,e1:d7:86:d8:90:24,web-91.murray.info,07:01:58,gd,Asia/Phnom_Penh,1986-03-07,Finnish,Buckley PLC,Swaziland
$834.10,1999-01-02 02:03:42,optio.flac,New Antony,GB,cd:30:1a:ae:f1:f3,email-05.parker.org,06:37:52,vi,America/Belize,1989-04-04,Oromo,Lyons-Carr,Slovakia (Slovak Republic)
"$57,009.01",1983-10-21 23:15:47,a.mov,North Lewiston,GB,08:d2:ab:25:14:ea,email-50.smith.com,03:18:51,nr,Europe/Stockholm,2007-06-30,Uzbek,Sharpe-Thompson,Hungary
"$15,156.72",2008-10-29 01:53:11,magni.bmp,North Dennis,GB,46:bd:7b:54:a8:5d,laptop-87.lewis-wilson.info,11:36:51,ur,Europe/Malta,1988-03-25,Ewe,Ward-Hardy,Isle of Man
"$8,599.49",1986-10-31 08:37:56,consectetur.flac,North Dawn,GB,ea:10:56:76:95:a4,email-38.taylor.biz,00:44:04,az,Africa/Bissau,2009-05-17,Walloon,Hyde Ltd,Kazakhstan
$690.70,1977-04-07 11:48:03,maiores.flac,Lake Garethberg,GB,86:54:36:ef:90:68,desktop-10.tomlinson-howe.org,01:58:21,sq,Europe/Stockholm,2000-03-13,Telugu,Bradley-Williams,Pakistan
"$95,772.19",2021-04-27 21:44:34,laborum.json,Holdenburgh,GB,64:e5:8c:6d:ac:19,email-19.blake-thomas.com,12:24:52,mhr,America/Costa_Rica,1984-01-11,Chamorro,Brown Inc,Korea
"$8,946.23",1993-01-11 03:21:48,nemo.flac,Leeland,GB,65:0c:9d:dc:65:29,srv-47.clark.com,23:47:32,et,Asia/Tbilisi,1973-07-29,Tajik,Brookes PLC,Pakistan
"$3,264.01",2019-04-08 17:52:15,quae.json,Anthonystad,GB,c1:74:a6:bb:16:0b,db-84.kaur.org,19:49:02,kk,Africa/Tunis,2015-03-08,Kurdish,Freeman Ltd,Denmark
"$2,640.06",2003-01-08 15:37:51,explicabo.tiff,Wardbury,GB,6f:af:b8:ff:45:56,srv-55.powell.com,01:54:15,st,Europe/London,1975-03-02,Malagasy,Lee-Nicholls,Aruba
$10.54,1983-05-30 05:25:15,rerum.webm,Pamelaview,GB,f8:39:f2:d5:61:fb,db-57.williams-tyler.biz,12:40:02,cv,Europe/Riga,2022-01-03,Manx,"Sutton, Wade and Burrows",Bulgaria
$5.87,2002-12-08 17:38:08,aperiam.doc,Lake Ritamouth,GB,80:08:74:3d:ea:47,laptop-94.robinson-adams.info,21:37:21,ka,Africa/Lusaka,1999-12-13,Kinyarwanda,Richardson-Quinn,Sierra Leone
$714.94,2021-12-25 17:45:31,ea.jpeg,Kieranview,GB,5d:98:95:4c:a7:8f,desktop-46.hill-price.com,07:48:18,tn,Asia/Seoul,1979-07-17,Panjabi,"Walton, Martin and Haynes",Belarus
"$4,683.55",2018-12-31 20:52:40,excepturi.wav,North Nigel,GB,6a:9d:08:11:a8:6e,lt-87.harding-grant.com,23:20:25,dz,Asia/Tbilisi,1999-02-15,Yiddish,"Walker, Davies and Mills",Lebanon
$394.85,1988-10-27 09:51:15,sequi.wav,South Billy,GB,57:50:bc:9a:b3:6d,email-09.curtis.com,01:26:29,ur,Indian/Comoro,1983-05-08,Zhuang,"Brown, Saunders and Griffin",Zambia
$5.66,2001-09-03 17:25:20,praesentium.avi,Johnstonfort,GB,97:86:e4:22:93:91,laptop-09.garner.com,20:22:25,bn,Asia/Brunei,2001-03-10,Kannada,"Hill, Dyer and Hyde",Lithuania
"$92,946.70",1993-04-05 10:57:09,vel.mov,West Tobyport,GB,cb:24:73:9d:50:31,srv-19.jones.org,05:29:56,nds,Asia/Kuwait,2004-12-28,Dutch,"Parkinson, Little and Adams",Norway
$62.60,2005-12-26 02:21:51,illo.txt,Lake Amychester,GB,12:f2:a7:8f:04:6c,email-11.knight-allen.com,07:27:15,sc,America/Havana,1971-08-06,Ganda,Godfrey Group,Belgium
"$73,200.79",2020-10-20 08:07:22,laudantium.xlsx,Port Robert,GB,b6:f6:92:eb:dc:e9,db-66.khan.net,15:17:41,hi,Europe/Monaco,1987-06-23,Burmese,"White, Morley and Noble",Nauru
"$1,112.84",1986-12-17 16:21:14,voluptates.webm,Hannahmouth,GB,aa:78:5d:da:4d:1d,laptop-16.shaw-henderson.co.uk,15:18:23,dz,Africa/Mbabane,2016-09-04,Sichuan Yi,Fraser Inc,Bahrain
"$4,551.51",1985-02-18 13:56:41,dolore.mp3,Parkerbury,GB,68:ab:ab:24:d3:16,db-48.sanders.com,05:48:10,hu,Pacific/Auckland,1981-02-21,Turkish,Jones-Thomas,Afghanistan
"$19,157.58",1995-02-01 12:39:23,laborum.mp4,Mitchellberg,GB,b3:51:fe:0a:d4:fb,desktop-93.jackson.com,19:15:42,mr,Indian/Comoro,1973-06-10,Kongo,"Brown, Bowen and Hall",Panama
"$7,551.01",2016-03-29 11:46:16,voluptas.js,Kellymouth,GB,ea:f9:66:05:9c:9f,email-42.patel-hodgson.net,18:20:24,ln,Asia/Calcutta,2007-03-01,Western Frisian,Baker LLC,Poland
"$6,212.68",2018-10-19 06:02:49,quas.mov,East Brett,GB,8b:67:3a:3b:1e:c5,laptop-12.evans-gibbons.org,05:05:06,ak,Africa/Conakry,1985-02-02,Sardinian,Grant-Thomas,Anguilla
"$24,408.79",1984-07-18 15:49:50,quia.tiff,South Mohamedport,GB,5e:8b:fa:fa:34:fc,web-76.bradley-field.biz,06:27:30,ja,Africa/Asmera,2021-05-28,Sindhi,"Andrews, Harding and Moore",Iran
$6.24,1987-03-07 16:10:17,iure.flac,New Marian,GB,5f:80:ea:bc:97:ae,lt-15.webster.biz,14:15:53,cy,America/Nassau,2010-04-29,Abkhazian,Gregory-Walton,France
$1.67,2008-09-06 00:34:51,autem.flac,West Georgiastad,GB,5b:69:ce:bb:d2:38,db-72.stewart-curtis.com,15:57:56,tg,Europe/Zagreb,2004-04-04,Azerbaijani,Jones-Haynes,Sierra Leone
$949.96,1993-07-06 08:19:30,eum.xls,North Emmaton,GB,54:d8:ec:0e:ca:d8,srv-94.hughes.co.uk,06:41:22,crh,Africa/Niamey,1982-08-02,Afar,Griffin and Sons,Guam
$10.72,2006-08-12 22:36:39,totam.gif,Morganside,GB,d6:c7:13:3b:da:44,db-22.williams.com,12:11:48,sd,America/Santo_Domingo,2009-11-01,Zulu,Ahmed-Green,Bahamas
$864.16,1984-07-05 09:19:07,voluptatem.json,Port Douglas,GB,bd:f8:6f:a3:c0:0e,laptop-79.wall.co.uk,21:53:59,ml,Asia/Katmandu,1980-04-26,Cree,Cooper-Cross,Christmas Island
"$20,925.47",1984-03-26 23:24:41,atque.mov,Hillchester,GB,bb:85:d5:c8:9f:d9,email-29.foster-green.org,12:38:56,ss,Asia/Tbilisi,1998-01-02,Ukrainian,Bradshaw-Hill,Svalbard & Jan Mayen Islands
"$50,427.11",2008-12-16 14:26:08,sequi.css,New Henrystad,GB,12:45:0b:d7:9c:7c,srv-04.holland.net,18:01:03,oc,Pacific/Tongatapu,2018-12-04,Gaelic,"Power, Lambert and Hardy",Russian Federation
$959.26,2001-06-25 05:31:09,ipsam.mov,Careyberg,GB,de:47:4b:5c:8d:d6,email-12.phillips-baker.net,21:12:32,gu,Asia/Qatar,1976-05-31,Luba-Katanga,"Sullivan, Little and Sanders",Saint Martin
$2.74,1996-10-06 23:07:56,minus.flac,Alexandrashire,GB,6b:3a:44:59:17:1b,srv-74.anderson.info,14:42:13,gv,Asia/Bishkek,1989-10-30,Ganda,Jones Ltd,Guernsey
"$82,091.57",1977-09-20 12:59:30,voluptas.tiff,Smithfurt,GB,bf:f3:11:4f:f4:f9,laptop-15.brown.com,14:04:33,st,Asia/Samarkand,1982-08-05,Chichewa,Walker Ltd,Tonga
"$54,917.84",1972-09-14 02:47:01,repellat.avi,Robertsmouth,GB,92:4f:f4:35:ab:ab,desktop-40.hall.co.uk,14:54:24,eo,Asia/Calcutta,1983-04-24,Tahitian,Chapman Ltd,Moldova
$5.06,2002-02-14 05:50:16,vel.webm,Dianeport,GB,17:4a:dd:76:9b:64,web-65.murphy.co.uk,09:59:02,tcy,Asia/Kuala_Lumpur,2019-08-10,Marathi,"Holloway, Brown and Williamson",Montenegro
$3.39,1990-05-16 10:10:59,aut.avi,Joanville,GB,b0:b6:92:6b:9c:c7,email-92.smith-burton.org,01:00:59,he,Asia/Singapore,1983-02-09,North Ndebele,Stokes PLC,Montenegro
"$34,002.87",1984-12-25 10:52:39,laborum.flac,Walshbury,GB,34:7e:28:b0:9c:a9,db-17.begum-ellis.info,20:04:39,pt,Asia/Riyadh,2002-06-28,Navajo,"Carroll, Woodward and Roberts",Antigua and Barbuda
$5.36,2017-10-26 14:13:13,incidunt.html,South Leannemouth,GB,ae:cc:7c:60:78:1c,lt-61.wilson.com,20:48:59,ku,Asia/Karachi,1986-03-21,Hebrew,"Green, Carr and Thorpe",Mayotte
$37.03,1976-04-16 12:47:24,maxime.html,North Samanthaburgh,GB,8f:c4:c4:6c:c2:51,email-14.farrell.com,04:38:20,ar,Australia/Adelaide,1986-01-23,Avestan,"Adams, Clayton and Johnson",Netherlands Antilles
$105.65,1972-08-21 05:56:57,alias.mov,Wayneport,GB,3c:f4:bc:86:68:4a,email-04.allen.com,22:01:29,so,America/Grenada,1979-10-26,Bengali,Baker LLC,Myanmar
"$64,479.00",1997-12-16 19:09:01,ut.css,Whiteton,GB,91:15:ef:62:92:f8,email-01.burgess-watts.com,02:07:20,tk,Asia/Phnom_Penh,1978-03-16,Uighur,Saunders Inc,Croatia
"$9,263.15",1972-12-07 04:45:28,ex.jpg,Tomlinsonland,GB,70:60:ee:0f:aa:cf,email-25.mccarthy.com,20:45:11,sat,Pacific/Tongatapu,2007-04-09,Twi,"Stewart, Savage and Miller",Sri Lanka
$5.60,2016-11-10 18:27:25,temporibus.bmp,Lake Samantha,GB,e3:99:b2:77:85:01,srv-24.fuller.net,22:49:48,hu,Europe/Paris,2019-12-08,Tahitian,Middleton Inc,Oman
$10.49,2010-02-09 17:27:27,atque.avi,Fostertown,GB,74:3a:cb:db:23:b4,lt-36.morgan-lloyd.com,15:27:19,ko,Africa/Libreville,1974-03-27,Kanuri,"Ward, O'Sullivan and Barnes",Jamaica
