<?xml version="1.0" encoding="UTF-8"?>
<clients>
    
    <client id="1">
        <firstname>Adam</firstname>
        <lastname></lastname>
        <address></address>
        <iban></iban>
    </client>
    
    <client id="2">
        <firstname>Thomas</firstname>
        <lastname></lastname>
        <address></address>
        <iban></iban>
    </client>
    
    <client id="3">
        <firstname></firstname>
        <lastname></lastname>
        <address></address>
        <iban></iban>
    </client>
    
    <client id="4">
        <firstname></firstname>
        <lastname></lastname>
        <address></address>
        <iban></iban>
    </client>
    
    <client id="5">
        <firstname>William</firstname>
        <lastname></lastname>
        <address></address>
        <iban></iban>
    </client>
    
    <client id="6">
        <firstname>Rachael</firstname>
        <lastname></lastname>
        <address></address>
        <iban></iban>
    </client>
    
    <client id="7">
        <firstname></firstname>
        <lastname></lastname>
        <address></address>
        <iban></iban>
    </client>
    
    <client id="8">
        <firstname>Naomi</firstname>
        <lastname></lastname>
        <address></address>
        <iban></iban>
    </client>
    
    <client id="9">
        <firstname>Leon</firstname>
        <lastname></lastname>
        <address></address>
        <iban></iban>
    </client>
    
    <client id="10">
        <firstname></firstname>
        <lastname></lastname>
        <address>Flat 31C Powell via Weststad L38 9PR</address>
        <iban></iban>
    </client>
    
    <client id="11">
        <firstname></firstname>
        <lastname></lastname>
        <address>38 Amber alley Victoriaview TN9 3UA</address>
        <iban></iban>
    </client>
    
    <client id="12">
        <firstname></firstname>
        <lastname></lastname>
        <address></address>
        <iban></iban>
    </client>
    
    <client id="13">
        <firstname></firstname>
        <lastname>Hudson</lastname>
        <address></address>
        <iban></iban>
    </client>
    
    <client id="14">
        <firstname>Lewis</firstname>
        <lastname></lastname>
        <address></address>
        <iban></iban>
    </client>
    
    <client id="15">
        <firstname></firstname>
        <lastname></lastname>
        <address></address>
        <iban>GB56PBBV41896800418477</iban>
    </client>
    
    <client id="16">
        <firstname></firstname>
        <lastname></lastname>
        <address>598 Harrison club Simonport ST8P 4LW</address>
        <iban></iban>
    </client>
    
    <client id="17">
        <firstname>Colin</firstname>
        <lastname></lastname>
        <address></address>
        <iban></iban>
    </client>
    
    <client id="18">
        <firstname></firstname>
        <lastname></lastname>
        <address>Studio 00V Ward course Lowechester CR4W 9UY</address>
        <iban></iban>
    </client>
    
    <client id="19">
        <firstname></firstname>
        <lastname></lastname>
        <address></address>
        <iban></iban>
    </client>
    
    <client id="20">
        <firstname></firstname>
        <lastname></lastname>
        <address></address>
        <iban></iban>
    </client>
    
    <client id="21">
        <firstname></firstname>
        <lastname></lastname>
        <address></address>
        <iban>GB36DYZX97462260653680</iban>
    </client>
    
    <client id="22">
        <firstname>Vanessa</firstname>
        <lastname></lastname>
        <address></address>
        <iban></iban>
    </client>
    
    <client id="23">
        <firstname></firstname>
        <lastname></lastname>
        <address></address>
        <iban></iban>
    </client>
    
    <client id="24">
        <firstname></firstname>
        <lastname>Patel</lastname>
        <address></address>
        <iban></iban>
    </client>
    
    <client id="25">
        <firstname></firstname>
        <lastname></lastname>
        <address></address>
        <iban></iban>
    </client>
    
    <client id="26">
        <firstname></firstname>
        <lastname></lastname>
        <address></address>
        <iban></iban>
    </client>
    
    <client id="27">
        <firstname></firstname>
        <lastname></lastname>
        <address></address>
        <iban>GB19VJGF15396019754447</iban>
    </client>
    
    <client id="28">
        <firstname></firstname>
        <lastname></lastname>
        <address></address>
        <iban></iban>
    </client>
    
    <client id="29">
        <firstname></firstname>
        <lastname></lastname>
        <address></address>
        <iban></iban>
    </client>
    
    <client id="30">
        <firstname>Gordon</firstname>
        <lastname></lastname>
        <address></address>
        <iban></iban>
    </client>
    
    <client id="31">
        <firstname></firstname>
        <lastname></lastname>
        <address></address>
        <iban></iban>
    </client>
    
    <client id="32">
        <firstname>Mohammed</firstname>
        <lastname></lastname>
        <address></address>
        <iban></iban>
    </client>
    
    <client id="33">
        <firstname></firstname>
        <lastname></lastname>
        <address></address>
        <iban></iban>
    </client>
    
    <client id="34">
        <firstname></firstname>
        <lastname></lastname>
        <address></address>
        <iban></iban>
    </client>
    
    <client id="35">
        <firstname>Ashleigh</firstname>
        <lastname></lastname>
        <address></address>
        <iban></iban>
    </client>
    
    <client id="36">
        <firstname>Vanessa</firstname>
        <lastname></lastname>
        <address></address>
        <iban></iban>
    </client>
    
    <client id="37">
        <firstname></firstname>
        <lastname></lastname>
        <address></address>
        <iban>GB05ADCD36359397646533</iban>
    </client>
    
    <client id="38">
        <firstname>Pauline</firstname>
        <lastname></lastname>
        <address></address>
        <iban></iban>
    </client>
    
    <client id="39">
        <firstname></firstname>
        <lastname></lastname>
        <address>8 Edwards path Adamview M2U 5QS</address>
        <iban></iban>
    </client>
    
    <client id="40">
        <firstname></firstname>
        <lastname></lastname>
        <address>8 Green plains West Luke PA91 2FN</address>
        <iban></iban>
    </client>
    
    <client id="41">
        <firstname></firstname>
        <lastname></lastname>
        <address></address>
        <iban></iban>
    </client>
    
    <client id="42">
        <firstname></firstname>
        <lastname>Mann</lastname>
        <address></address>
        <iban></iban>
    </client>
    
    <client id="43">
        <firstname></firstname>
        <lastname></lastname>
        <address></address>
        <iban>GB43CULF15876819334595</iban>
    </client>
    
    <client id="44">
        <firstname></firstname>
        <lastname></lastname>
        <address></address>
        <iban></iban>
    </client>
    
    <client id="45">
        <firstname></firstname>
        <lastname></lastname>
        <address></address>
        <iban>GB52NGQP33782285764649</iban>
    </client>
    
    <client id="46">
        <firstname></firstname>
        <lastname></lastname>
        <address></address>
        <iban></iban>
    </client>
    
    <client id="47">
        <firstname></firstname>
        <lastname></lastname>
        <address></address>
        <iban>GB44USEZ98890925955827</iban>
    </client>
    
    <client id="48">
        <firstname></firstname>
        <lastname></lastname>
        <address>Studio 21 Burrows canyon West Sian B10 6RQ</address>
        <iban></iban>
    </client>
    
    <client id="49">
        <firstname>Gerald</firstname>
        <lastname></lastname>
        <address></address>
        <iban></iban>
    </client>
    
    <client id="50">
        <firstname>Nicola</firstname>
        <lastname></lastname>
        <address></address>
        <iban></iban>
    </client>
    
    <client id="51">
        <firstname></firstname>
        <lastname>Evans</lastname>
        <address></address>
        <iban></iban>
    </client>
    
    <client id="52">
        <firstname></firstname>
        <lastname></lastname>
        <address></address>
        <iban>GB60KMXV61798475673623</iban>
    </client>
    
    <client id="53">
        <firstname></firstname>
        <lastname>Wade</lastname>
        <address></address>
        <iban></iban>
    </client>
    
    <client id="54">
        <firstname></firstname>
        <lastname></lastname>
        <address></address>
        <iban>GB73XYOB31667203024748</iban>
    </client>
    
    <client id="55">
        <firstname>Robin</firstname>
        <lastname></lastname>
        <address></address>
        <iban></iban>
    </client>
    
    <client id="56">
        <firstname></firstname>
        <lastname></lastname>
        <address></address>
        <iban></iban>
    </client>
    
    <client id="57">
        <firstname></firstname>
        <lastname>Harrison</lastname>
        <address></address>
        <iban></iban>
    </client>
    
    <client id="58">
        <firstname>Elizabeth</firstname>
        <lastname></lastname>
        <address></address>
        <iban></iban>
    </client>
    
    <client id="59">
        <firstname></firstname>
        <lastname></lastname>
        <address></address>
        <iban>GB61DMYE62677728647841</iban>
    </client>
    
    <client id="60">
        <firstname></firstname>
        <lastname></lastname>
        <address>206 Evans avenue Normanhaven N6H 1LQ</address>
        <iban></iban>
    </client>
    
    <client id="61">
        <firstname></firstname>
        <lastname></lastname>
        <address></address>
        <iban>GB17SBKZ21413630608885</iban>
    </client>
    
    <client id="62">
        <firstname></firstname>
        <lastname>Allen</lastname>
        <address></address>
        <iban></iban>
    </client>
    
    <client id="63">
        <firstname></firstname>
        <lastname></lastname>
        <address>Flat 1 Johnson loop North Adrianport W31 8BR</address>
        <iban></iban>
    </client>
    
    <client id="64">
        <firstname></firstname>
        <lastname></lastname>
        <address></address>
        <iban>GB30AHGG07121513769003</iban>
    </client>
    
    <client id="65">
        <firstname></firstname>
        <lastname>Morgan</lastname>
        <address></address>
        <iban></iban>
    </client>
    
    <client id="66">
        <firstname></firstname>
        <lastname>Holland</lastname>
        <address></address>
        <iban></iban>
    </client>
    
    <client id="67">
        <firstname></firstname>
        <lastname>Robinson</lastname>
        <address></address>
        <iban></iban>
    </client>
    
    <client id="68">
        <firstname></firstname>
        <lastname></lastname>
        <address></address>
        <iban></iban>
    </client>
    
    <client id="69">
        <firstname></firstname>
        <lastname></lastname>
        <address></address>
        <iban></iban>
    </client>
    
    <client id="70">
        <firstname></firstname>
        <lastname></lastname>
        <address>83 Morris plain Ashtonbury B2B 1UA</address>
        <iban></iban>
    </client>
    
    <client id="71">
        <firstname></firstname>
        <lastname></lastname>
        <address>Studio 52 Clark mountain West Joyceport E6S 7JL</address>
        <iban></iban>
    </client>
    
    <client id="72">
        <firstname>Norman</firstname>
        <lastname></lastname>
        <address></address>
        <iban></iban>
    </client>
    
    <client id="73">
        <firstname></firstname>
        <lastname>Wheeler</lastname>
        <address></address>
        <iban></iban>
    </client>
    
    <client id="74">
        <firstname>Paul</firstname>
        <lastname></lastname>
        <address></address>
        <iban></iban>
    </client>
    
    <client id="75">
        <firstname>Ryan</firstname>
        <lastname></lastname>
        <address></address>
        <iban></iban>
    </client>
    
    <client id="76">
        <firstname>Joanne</firstname>
        <lastname></lastname>
        <address></address>
        <iban></iban>
    </client>
    
    <client id="77">
        <firstname></firstname>
        <lastname></lastname>
        <address>Studio 73 Jessica fall South Jean DT8 6QP</address>
        <iban></iban>
    </client>
    
    <client id="78">
        <firstname></firstname>
        <lastname></lastname>
        <address></address>
        <iban>GB03YORN87845278575301</iban>
    </client>
    
    <client id="79">
        <firstname></firstname>
        <lastname></lastname>
        <address></address>
        <iban></iban>
    </client>
    
    <client id="80">
        <firstname></firstname>
        <lastname></lastname>
        <address></address>
        <iban>GB26KLEE11698448005099</iban>
    </client>
    
    <client id="81">
        <firstname></firstname>
        <lastname></lastname>
        <address>5 Green drive Port Yvonne TS02 3SX</address>
        <iban></iban>
    </client>
    
    <client id="82">
        <firstname></firstname>
        <lastname></lastname>
        <address></address>
        <iban></iban>
    </client>
    
    <client id="83">
        <firstname></firstname>
        <lastname></lastname>
        <address></address>
        <iban></iban>
    </client>
    
    <client id="84">
        <firstname></firstname>
        <lastname></lastname>
        <address></address>
        <iban></iban>
    </client>
    
    <client id="85">
        <firstname></firstname>
        <lastname></lastname>
        <address>Flat 68Y Georgia causeway Peacockhaven E8 7FW</address>
        <iban></iban>
    </client>
    
    <client id="86">
        <firstname></firstname>
        <lastname></lastname>
        <address>Studio 72 Page oval Cliveville NW4P 8JX</address>
        <iban></iban>
    </client>
    
    <client id="87">
        <firstname>Beth</firstname>
        <lastname></lastname>
        <address></address>
        <iban></iban>
    </client>
    
    <client id="88">
        <firstname></firstname>
        <lastname></lastname>
        <address>2 Owen avenue Lake Brianton B0 9ZG</address>
        <iban></iban>
    </client>
    
    <client id="89">
        <firstname>Clifford</firstname>
        <lastname></lastname>
        <address></address>
        <iban></iban>
    </client>
    
    <client id="90">
        <firstname></firstname>
        <lastname>Grant</lastname>
        <address></address>
        <iban></iban>
    </client>
    
    <client id="91">
        <firstname>Kathleen</firstname>
        <lastname></lastname>
        <address></address>
        <iban></iban>
    </client>
    
    <client id="92">
        <firstname>Kathryn</firstname>
        <lastname></lastname>
        <address></address>
        <iban></iban>
    </client>
    
    <client id="93">
        <firstname></firstname>
        <lastname></lastname>
        <address></address>
        <iban>GB68XIUA37311001689027</iban>
    </client>
    
    <client id="94">
        <firstname></firstname>
        <lastname></lastname>
        <address></address>
        <iban>GB59DFRU00418657169440</iban>
    </client>
    
    <client id="95">
        <firstname></firstname>
        <lastname></lastname>
        <address></address>
        <iban></iban>
    </client>
    
    <client id="96">
        <firstname></firstname>
        <lastname></lastname>
        <address>6 McCarthy court Williamstown E3H 4AF</address>
        <iban></iban>
    </client>
    
    <client id="97">
        <firstname></firstname>
        <lastname>Dawson</lastname>
        <address></address>
        <iban></iban>
    </client>
    
    <client id="98">
        <firstname></firstname>
        <lastname>Schofield</lastname>
        <address></address>
        <iban></iban>
    </client>
    
    <client id="99">
        <firstname></firstname>
        <lastname></lastname>
        <address>Flat 4 McDonald estate Boothberg ST1 1DQ</address>
        <iban></iban>
    </client>
    
    <client id="100">
        <firstname>Kelly</firstname>
        <lastname></lastname>
        <address></address>
        <iban></iban>
    </client>
    
    <client id="101">
        <firstname></firstname>
        <lastname></lastname>
        <address></address>
        <iban></iban>
    </client>
    
    <client id="102">
        <firstname>Sian</firstname>
        <lastname></lastname>
        <address></address>
        <iban></iban>
    </client>
    
    <client id="103">
        <firstname>George</firstname>
        <lastname></lastname>
        <address></address>
        <iban></iban>
    </client>
    
    <client id="104">
        <firstname></firstname>
        <lastname></lastname>
        <address></address>
        <iban>GB80NWNR80171293991499</iban>
    </client>
    
    <client id="105">
        <firstname>Kelly</firstname>
        <lastname></lastname>
        <address></address>
        <iban></iban>
    </client>
    
    <client id="106">
        <firstname></firstname>
        <lastname></lastname>
        <address></address>
        <iban>GB45IZCD65456973420823</iban>
    </client>
    
    <client id="107">
        <firstname></firstname>
        <lastname></lastname>
        <address></address>
        <iban></iban>
    </client>
    
    <client id="108">
        <firstname></firstname>
        <lastname></lastname>
        <address></address>
        <iban>GB26CLUF12038953282665</iban>
    </client>
    
    <client id="109">
        <firstname></firstname>
        <lastname>Wood</lastname>
        <address></address>
        <iban></iban>
    </client>
    
    <client id="110">
        <firstname></firstname>
        <lastname>Webb</lastname>
        <address></address>
        <iban></iban>
    </client>
    
    <client id="111">
        <firstname></firstname>
        <lastname></lastname>
        <address></address>
        <iban></iban>
    </client>
    
    <client id="112">
        <firstname></firstname>
        <lastname></lastname>
        <address>Studio 9 Green cove Normanborough PL9 6LZ</address>
        <iban></iban>
    </client>
    
    <client id="113">
        <firstname></firstname>
        <lastname></lastname>
        <address></address>
        <iban>GB78IKAA05947213032137</iban>
    </client>
    
    <client id="114">
        <firstname></firstname>
        <lastname></lastname>
        <address></address>
        <iban></iban>
    </client>
    
    <client id="115">
        <firstname></firstname>
        <lastname>Harrison</lastname>
        <address></address>
        <iban></iban>
    </client>
    
    <client id="116">
        <firstname></firstname>
        <lastname></lastname>
        <address></address>
        <iban>GB06RWUC06222418590687</iban>
    </client>
    
    <client id="117">
        <firstname></firstname>
        <lastname>Green</lastname>
        <address></address>
        <iban></iban>
    </client>
    
    <client id="118">
        <firstname></firstname>
        <lastname>Williams</lastname>
        <address></address>
        <iban></iban>
    </client>
    
    <client id="119">
        <firstname></firstname>
        <lastname></lastname>
        <address>Flat 87Q Patel station Lake Howardberg GY9 5LE</address>
        <iban></iban>
    </client>
    
    <client id="120">
        <firstname></firstname>
        <lastname></lastname>
        <address></address>
        <iban></iban>
    </client>
    
    <client id="121">
        <firstname></firstname>
        <lastname></lastname>
        <address></address>
        <iban></iban>
    </client>
    
    <client id="122">
        <firstname></firstname>
        <lastname></lastname>
        <address></address>
        <iban>GB03ERAO03943628409057</iban>
    </client>
    
    <client id="123">
        <firstname></firstname>
        <lastname></lastname>
        <address></address>
        <iban></iban>
    </client>
    
    <client id="124">
        <firstname></firstname>
        <lastname>Davies</lastname>
        <address></address>
        <iban></iban>
    </client>
    
    <client id="125">
        <firstname></firstname>
        <lastname>Hill</lastname>
        <address></address>
        <iban></iban>
    </client>
    
    <client id="126">
        <firstname></firstname>
        <lastname>Goddard</lastname>
        <address></address>
        <iban></iban>
    </client>
    
    <client id="127">
        <firstname></firstname>
        <lastname>Taylor</lastname>
        <address></address>
        <iban></iban>
    </client>
    
    <client id="128">
        <firstname>Gareth</firstname>
        <lastname></lastname>
        <address></address>
        <iban></iban>
    </client>
    
    <client id="129">
        <firstname></firstname>
        <lastname></lastname>
        <address>Flat 67 Smith port South Francesberg W9A 5ZQ</address>
        <iban></iban>
    </client>
    
    <client id="130">
        <firstname></firstname>
        <lastname></lastname>
        <address></address>
        <iban></iban>
    </client>
    
    <client id="131">
        <firstname></firstname>
        <lastname></lastname>
        <address>Studio 53W Whitehead canyon North Kayleigh N46 5WD</address>
        <iban></iban>
    </client>
    
    <client id="132">
        <firstname></firstname>
        <lastname></lastname>
        <address>560 Kerry extensions Phillipschester E5W 9GB</address>
        <iban></iban>
    </client>
    
    <client id="133">
        <firstname></firstname>
        <lastname></lastname>
        <address>22 Ellis centers Port Kayleigh G7U 3EY</address>
        <iban></iban>
    </client>
    
    <client id="134">
        <firstname></firstname>
        <lastname></lastname>
        <address></address>
        <iban></iban>
    </client>
    
    <client id="135">
        <firstname>Dean</firstname>
        <lastname></lastname>
        <address></address>
        <iban></iban>
    </client>
    
    <client id="136">
        <firstname>Diana</firstname>
        <lastname></lastname>
        <address></address>
        <iban></iban>
    </client>
    
    <client id="137">
        <firstname></firstname>
        <lastname></lastname>
        <address></address>
        <iban></iban>
    </client>
    
    <client id="138">
        <firstname></firstname>
        <lastname>Smith</lastname>
        <address></address>
        <iban></iban>
    </client>
    
    <client id="139">
        <firstname></firstname>
        <lastname></lastname>
        <address></address>
        <iban>GB44MXFC49802123076590</iban>
    </client>
    
    <client id="140">
        <firstname></firstname>
        <lastname></lastname>
        <address></address>
        <iban>GB56XFLL78712898836404</iban>
    </client>
    
    <client id="141">
        <firstname></firstname>
        <lastname></lastname>
        <address></address>
        <iban>GB07KYHS50702478035768</iban>
    </client>
    
    <client id="142">
        <firstname>Ashleigh</firstname>
        <lastname></lastname>
        <address></address>
        <iban></iban>
    </client>
    
    <client id="143">
        <firstname>Francesca</firstname>
        <lastname></lastname>
        <address></address>
        <iban></iban>
    </client>
    
    <client id="144">
        <firstname></firstname>
        <lastname></lastname>
        <address></address>
        <iban>GB10FQVR45262259165448</iban>
    </client>
    
    <client id="145">
        <firstname></firstname>
        <lastname></lastname>
        <address>74 Grant plaza New Linda M4 3PU</address>
        <iban></iban>
    </client>
    
    <client id="146">
        <firstname></firstname>
        <lastname>Johnson</lastname>
        <address></address>
        <iban></iban>
    </client>
    
    <client id="147">
        <firstname></firstname>
        <lastname></lastname>
        <address></address>
        <iban>GB43KMLE40155199207649</iban>
    </client>
    
    <client id="148">
        <firstname></firstname>
        <lastname></lastname>
        <address></address>
        <iban>GB34OKFL01265385708584</iban>
    </client>
    
    <client id="149">
        <firstname></firstname>
        <lastname>Powell</lastname>
        <address></address>
        <iban></iban>
    </client>
    
    <client id="150">
        <firstname></firstname>
        <lastname>Greenwood</lastname>
        <address></address>
        <iban></iban>
    </client>
    
    <client id="151">
        <firstname></firstname>
        <lastname></lastname>
        <address></address>
        <iban>GB08VZOX26672591500868</iban>
    </client>
    
    <client id="152">
        <firstname></firstname>
        <lastname></lastname>
        <address></address>
        <iban></iban>
    </client>
    
    <client id="153">
        <firstname>Joanne</firstname>
        <lastname></lastname>
        <address></address>
        <iban></iban>
    </client>
    
    <client id="154">
        <firstname></firstname>
        <lastname>Freeman</lastname>
        <address></address>
        <iban></iban>
    </client>
    
    <client id="155">
        <firstname>Victor</firstname>
        <lastname></lastname>
        <address></address>
        <iban></iban>
    </client>
    
    <client id="156">
        <firstname>Simon</firstname>
        <lastname></lastname>
        <address></address>
        <iban></iban>
    </client>
    
    <client id="157">
        <firstname></firstname>
        <lastname></lastname>
        <address></address>
        <iban></iban>
    </client>
    
    <client id="158">
        <firstname></firstname>
        <lastname></lastname>
        <address></address>
        <iban></iban>
    </client>
    
    <client id="159">
        <firstname>Lindsey</firstname>
        <lastname></lastname>
        <address></address>
        <iban></iban>
    </client>
    
    <client id="160">
        <firstname></firstname>
        <lastname></lastname>
        <address></address>
        <iban></iban>
    </client>
    
    <client id="161">
        <firstname></firstname>
        <lastname></lastname>
        <address></address>
        <iban>GB94VJZF98262713606323</iban>
    </client>
    
    <client id="162">
        <firstname>Laura</firstname>
        <lastname></lastname>
        <address></address>
        <iban></iban>
    </client>
    
    <client id="163">
        <firstname></firstname>
        <lastname></lastname>
        <address></address>
        <iban>GB63XHMB49723299627031</iban>
    </client>
    
    <client id="164">
        <firstname>Abdul</firstname>
        <lastname></lastname>
        <address></address>
        <iban></iban>
    </client>
    
    <client id="165">
        <firstname></firstname>
        <lastname></lastname>
        <address></address>
        <iban>GB53DREG43070324853345</iban>
    </client>
    
    <client id="166">
        <firstname></firstname>
        <lastname>Lawrence</lastname>
        <address></address>
        <iban></iban>
    </client>
    
    <client id="167">
        <firstname></firstname>
        <lastname>Gray</lastname>
        <address></address>
        <iban></iban>
    </client>
    
    <client id="168">
        <firstname></firstname>
        <lastname></lastname>
        <address>Flat 79S Harrison burgs Hendersonville W04 7SA</address>
        <iban></iban>
    </client>
    
    <client id="169">
        <firstname></firstname>
        <lastname></lastname>
        <address></address>
        <iban>GB43KKTP84208289297510</iban>
    </client>
    
    <client id="170">
        <firstname></firstname>
        <lastname>Jackson</lastname>
        <address></address>
        <iban></iban>
    </client>
    
    <client id="171">
        <firstname></firstname>
        <lastname></lastname>
        <address></address>
        <iban>GB18XYSE28719826162383</iban>
    </client>
    
    <client id="172">
        <firstname></firstname>
        <lastname></lastname>
        <address></address>
        <iban></iban>
    </client>
    
    <client id="173">
        <firstname></firstname>
        <lastname>Miah</lastname>
        <address></address>
        <iban></iban>
    </client>
    
    <client id="174">
        <firstname></firstname>
        <lastname>Smith</lastname>
        <address></address>
        <iban></iban>
    </client>
    
    <client id="175">
        <firstname>Conor</firstname>
        <lastname></lastname>
        <address></address>
        <iban></iban>
    </client>
    
    <client id="176">
        <firstname></firstname>
        <lastname>Dyer</lastname>
        <address></address>
        <iban></iban>
    </client>
    
    <client id="177">
        <firstname></firstname>
        <lastname></lastname>
        <address></address>
        <iban></iban>
    </client>
    
    <client id="178">
        <firstname>Molly</firstname>
        <lastname></lastname>
        <address></address>
        <iban></iban>
    </client>
    
    <client id="179">
        <firstname>Andrew</firstname>
        <lastname></lastname>
        <address></address>
        <iban></iban>
    </client>
    
    <client id="180">
        <firstname></firstname>
        <lastname></lastname>
        <address></address>
        <iban>GB09ALBE95575379533227</iban>
    </client>
    
    <client id="181">
        <firstname></firstname>
        <lastname></lastname>
        <address></address>
        <iban></iban>
    </client>
    
    <client id="182">
        <firstname></firstname>
        <lastname></lastname>
        <address></address>
        <iban></iban>
    </client>
    
    <client id="183">
        <firstname></firstname>
        <lastname></lastname>
        <address>Studio 21 Leon lane South Waynemouth CO88 2WA</address>
        <iban></iban>
    </client>
    
    <client id="184">
        <firstname></firstname>
        <lastname></lastname>
        <address></address>
        <iban></iban>
    </client>
    
    <client id="185">
        <firstname></firstname>
        <lastname></lastname>
        <address>Studio 68d Reece common Lake Hayleytown NR8 1EZ</address>
        <iban></iban>
    </client>
    
    <client id="186">
        <firstname></firstname>
        <lastname></lastname>
        <address>Flat 68N Bell manor Port Justin W9G 3EF</address>
        <iban></iban>
    </client>
    
    <client id="187">
        <firstname></firstname>
        <lastname>Burton</lastname>
        <address></address>
        <iban></iban>
    </client>
    
    <client id="188">
        <firstname></firstname>
        <lastname></lastname>
        <address></address>
        <iban>GB98YRQL05197389399717</iban>
    </client>
    
    <client id="189">
        <firstname>Leanne</firstname>
        <lastname></lastname>
        <address></address>
        <iban></iban>
    </client>
    
    <client id="190">
        <firstname></firstname>
        <lastname></lastname>
        <address>Flat 98z Craig tunnel East Mohammedmouth KW1N 6AD</address>
        <iban></iban>
    </client>
    
    <client id="191">
        <firstname>Victor</firstname>
        <lastname></lastname>
        <address></address>
        <iban></iban>
    </client>
    
    <client id="192">
        <firstname></firstname>
        <lastname></lastname>
        <address>Studio 8 Carter parkways New Gary S0U 6LX</address>
        <iban></iban>
    </client>
    
    <client id="193">
        <firstname></firstname>
        <lastname>Brooks</lastname>
        <address></address>
        <iban></iban>
    </client>
    
    <client id="194">
        <firstname></firstname>
        <lastname></lastname>
        <address>801 Robertson parkways Simsshire LL38 6YQ</address>
        <iban></iban>
    </client>
    
    <client id="195">
        <firstname></firstname>
        <lastname></lastname>
        <address></address>
        <iban></iban>
    </client>
    
    <client id="196">
        <firstname></firstname>
        <lastname>Kerr</lastname>
        <address></address>
        <iban></iban>
    </client>
    
    <client id="197">
        <firstname></firstname>
        <lastname>Nicholson</lastname>
        <address></address>
        <iban></iban>
    </client>
    
    <client id="198">
        <firstname></firstname>
        <lastname></lastname>
        <address></address>
        <iban></iban>
    </client>
    
    <client id="199">
        <firstname></firstname>
        <lastname></lastname>
        <address>Studio 6 Olivia underpass Perrymouth L26 8JZ</address>
        <iban></iban>
    </client>
    
    <client id="200">
        <firstname></firstname>
        <lastname></lastname>
        <address></address>
        <iban></iban>
    </client>
    
    <client id="201">
        <firstname></firstname>
        <lastname>Gallagher</lastname>
        <address></address>
        <iban></iban>
    </client>
    
    <client id="202">
        <firstname></firstname>
        <lastname></lastname>
        <address>Flat 16 Kyle ferry Lake Adrianview RG3 5NH</address>
        <iban></iban>
    </client>
    
    <client id="203">
        <firstname></firstname>
        <lastname></lastname>
        <address></address>
        <iban></iban>
    </client>
    
    <client id="204">
        <firstname></firstname>
        <lastname></lastname>
        <address></address>
        <iban></iban>
    </client>
    
    <client id="205">
        <firstname></firstname>
        <lastname></lastname>
        <address></address>
        <iban>GB91QTDG87582575234093</iban>
    </client>
    
    <client id="206">
        <firstname></firstname>
        <lastname></lastname>
        <address>92 Dixon trace East Caroleshire SK05 5XS</address>
        <iban></iban>
    </client>
    
    <client id="207">
        <firstname>Gareth</firstname>
        <lastname></lastname>
        <address></address>
        <iban></iban>
    </client>
    
    <client id="208">
        <firstname></firstname>
        <lastname></lastname>
        <address></address>
        <iban></iban>
    </client>
    
    <client id="209">
        <firstname></firstname>
        <lastname></lastname>
        <address>Studio 0 Murphy shore South Mohammadshire FY9V 9DA</address>
        <iban></iban>
    </client>
    
    <client id="210">
        <firstname></firstname>
        <lastname></lastname>
        <address>634 Emily extensions Coopertown HG8P 3XS</address>
        <iban></iban>
    </client>
    
    <client id="211">
        <firstname></firstname>
        <lastname>Hall</lastname>
        <address></address>
        <iban></iban>
    </client>
    
    <client id="212">
        <firstname>Elliot</firstname>
        <lastname></lastname>
        <address></address>
        <iban></iban>
    </client>
    
    <client id="213">
        <firstname></firstname>
        <lastname></lastname>
        <address></address>
        <iban></iban>
    </client>
    
    <client id="214">
        <firstname>William</firstname>
        <lastname></lastname>
        <address></address>
        <iban></iban>
    </client>
    
    <client id="215">
        <firstname></firstname>
        <lastname>Taylor</lastname>
        <address></address>
        <iban></iban>
    </client>
    
    <client id="216">
        <firstname></firstname>
        <lastname>Payne</lastname>
        <address></address>
        <iban></iban>
    </client>
    
    <client id="217">
        <firstname></firstname>
        <lastname>King</lastname>
        <address></address>
        <iban></iban>
    </client>
    
    <client id="218">
        <firstname></firstname>
        <lastname></lastname>
        <address></address>
        <iban>GB16ZTOF21974985964324</iban>
    </client>
    
    <client id="219">
        <firstname>Leanne</firstname>
        <lastname></lastname>
        <address></address>
        <iban></iban>
    </client>
    
    <client id="220">
        <firstname></firstname>
        <lastname></lastname>
        <address></address>
        <iban>GB26AQTP87022878222032</iban>
    </client>
    
    <client id="221">
        <firstname>Dorothy</firstname>
        <lastname></lastname>
        <address></address>
        <iban></iban>
    </client>
    
    <client id="222">
        <firstname></firstname>
        <lastname></lastname>
        <address></address>
        <iban>GB93CGSN14266560916997</iban>
    </client>
    
    <client id="223">
        <firstname></firstname>
        <lastname></lastname>
        <address></address>
        <iban></iban>
    </client>
    
    <client id="224">
        <firstname>Cameron</firstname>
        <lastname></lastname>
        <address></address>
        <iban></iban>
    </client>
    
    <client id="225">
        <firstname></firstname>
        <lastname></lastname>
        <address>Flat 9 Hutchinson stravenue Lake Ireneport SP4A 0UX</address>
        <iban></iban>
    </client>
    
    <client id="226">
        <firstname></firstname>
        <lastname></lastname>
        <address>6 Parsons views North Glennland SE7V 7JP</address>
        <iban></iban>
    </client>
    
    <client id="227">
        <firstname></firstname>
        <lastname></lastname>
        <address></address>
        <iban></iban>
    </client>
    
    <client id="228">
        <firstname>Neil</firstname>
        <lastname></lastname>
        <address></address>
        <iban></iban>
    </client>
    
    <client id="229">
        <firstname></firstname>
        <lastname></lastname>
        <address>Flat 33 Julia fords Jasonburgh WC17 0WG</address>
        <iban></iban>
    </client>
    
    <client id="230">
        <firstname></firstname>
        <lastname></lastname>
        <address></address>
        <iban>GB43JGFD44476121196860</iban>
    </client>
    
    <client id="231">
        <firstname></firstname>
        <lastname>Smart</lastname>
        <address></address>
        <iban></iban>
    </client>
    
    <client id="232">
        <firstname></firstname>
        <lastname></lastname>
        <address>Studio 83c Wilkinson rue North Darrenton DE52 3UN</address>
        <iban></iban>
    </client>
    
    <client id="233">
        <firstname>Katherine</firstname>
        <lastname></lastname>
        <address></address>
        <iban></iban>
    </client>
    
    <client id="234">
        <firstname></firstname>
        <lastname></lastname>
        <address>4 Adrian ford South Terenceside W9J 9WL</address>
        <iban></iban>
    </client>
    
    <client id="235">
        <firstname></firstname>
        <lastname></lastname>
        <address></address>
        <iban></iban>
    </client>
    
    <client id="236">
        <firstname></firstname>
        <lastname></lastname>
        <address></address>
        <iban>GB15ZLJB96280718749646</iban>
    </client>
    
    <client id="237">
        <firstname>Michael</firstname>
        <lastname></lastname>
        <address></address>
        <iban></iban>
    </client>
    
    <client id="238">
        <firstname></firstname>
        <lastname></lastname>
        <address>0 Gibbons station Johnsonstad W30 1XQ</address>
        <iban></iban>
    </client>
    
    <client id="239">
        <firstname></firstname>
        <lastname></lastname>
        <address></address>
        <iban></iban>
    </client>
    
    <client id="240">
        <firstname></firstname>
        <lastname></lastname>
        <address></address>
        <iban></iban>
    </client>
    
    <client id="241">
        <firstname></firstname>
        <lastname>Foster</lastname>
        <address></address>
        <iban></iban>
    </client>
    
    <client id="242">
        <firstname></firstname>
        <lastname></lastname>
        <address></address>
        <iban>GB77XCWT86613553486628</iban>
    </client>
    
    <client id="243">
        <firstname></firstname>
        <lastname>Griffiths</lastname>
        <address></address>
        <iban></iban>
    </client>
    
    <client id="244">
        <firstname></firstname>
        <lastname></lastname>
        <address></address>
        <iban></iban>
    </client>
    
    <client id="245">
        <firstname>Clifford</firstname>
        <lastname></lastname>
        <address></address>
        <iban></iban>
    </client>
    
    <client id="246">
        <firstname></firstname>
        <lastname></lastname>
        <address></address>
        <iban>GB98LOLM50288729732665</iban>
    </client>
    
    <client id="247">
        <firstname></firstname>
        <lastname></lastname>
        <address></address>
        <iban></iban>
    </client>
    
    <client id="248">
        <firstname></firstname>
        <lastname></lastname>
        <address>Studio 3 Ross extension Alisonside OX4A 1RY</address>
        <iban></iban>
    </client>
    
    <client id="249">
        <firstname></firstname>
        <lastname></lastname>
        <address></address>
        <iban>GB35BPTA75616047528065</iban>
    </client>
    
    <client id="250">
        <firstname>Leanne</firstname>
        <lastname></lastname>
        <address></address>
        <iban></iban>
    </client>
    
    <client id="251">
        <firstname>Claire</firstname>
        <lastname></lastname>
        <address></address>
        <iban></iban>
    </client>
    
    <client id="252">
        <firstname></firstname>
        <lastname>Ferguson</lastname>
        <address></address>
        <iban></iban>
    </client>
    
    <client id="253">
        <firstname></firstname>
        <lastname></lastname>
        <address>44 Philip drive North Carlyfurt OL6Y 2YS</address>
        <iban></iban>
    </client>
    
    <client id="254">
        <firstname></firstname>
        <lastname></lastname>
        <address></address>
        <iban></iban>
    </client>
    
    <client id="255">
        <firstname></firstname>
        <lastname></lastname>
        <address>Flat 40l Dennis spring Lake Brandonville KA06 9JS</address>
        <iban></iban>
    </client>
    
    <client id="256">
        <firstname></firstname>
        <lastname></lastname>
        <address>Flat 33 Katy green West Stuart SE4E 6ZP</address>
        <iban></iban>
    </client>
    
    <client id="257">
        <firstname></firstname>
        <lastname></lastname>
        <address>56 Buckley via Smithmouth NG31 9XH</address>
        <iban></iban>
    </client>
    
    <client id="258">
        <firstname></firstname>
        <lastname></lastname>
        <address>Studio 30Y Ashley branch North Paulineview WA0 8DP</address>
        <iban></iban>
    </client>
    
    <client id="259">
        <firstname></firstname>
        <lastname></lastname>
        <address></address>
        <iban>GB05EJHX86887334506955</iban>
    </client>
    
    <client id="260">
        <firstname>Maria</firstname>
        <lastname></lastname>
        <address></address>
        <iban></iban>
    </client>
    
    <client id="261">
        <firstname></firstname>
        <lastname></lastname>
        <address></address>
        <iban></iban>
    </client>
    
    <client id="262">
        <firstname>Gemma</firstname>
        <lastname></lastname>
        <address></address>
        <iban></iban>
    </client>
    
    <client id="263">
        <firstname></firstname>
        <lastname>Campbell</lastname>
        <address></address>
        <iban></iban>
    </client>
    
    <client id="264">
        <firstname></firstname>
        <lastname></lastname>
        <address></address>
        <iban>GB98YPFQ42020983739582</iban>
    </client>
    
    <client id="265">
        <firstname></firstname>
        <lastname></lastname>
        <address></address>
        <iban>GB41ZEXM16226994987294</iban>
    </client>
    
    <client id="266">
        <firstname></firstname>
        <lastname></lastname>
        <address></address>
        <iban>GB05FWDZ84806971546715</iban>
    </client>
    
    <client id="267">
        <firstname></firstname>
        <lastname></lastname>
        <address></address>
        <iban></iban>
    </client>
    
    <client id="268">
        <firstname></firstname>
        <lastname></lastname>
        <address></address>
        <iban></iban>
    </client>
    
    <client id="269">
        <firstname></firstname>
        <lastname></lastname>
        <address></address>
        <iban>GB55ILNX39615649407814</iban>
    </client>
    
    <client id="270">
        <firstname></firstname>
        <lastname></lastname>
        <address></address>
        <iban></iban>
    </client>
    
    <client id="271">
        <firstname>Derek</firstname>
        <lastname></lastname>
        <address></address>
        <iban></iban>
    </client>
    
    <client id="272">
        <firstname></firstname>
        <lastname>Edwards</lastname>
        <address></address>
        <iban></iban>
    </client>
    
    <client id="273">
        <firstname></firstname>
        <lastname></lastname>
        <address></address>
        <iban></iban>
    </client>
    
    <client id="274">
        <firstname></firstname>
        <lastname>Wong</lastname>
        <address></address>
        <iban></iban>
    </client>
    
    <client id="275">
        <firstname>Brian</firstname>
        <lastname></lastname>
        <address></address>
        <iban></iban>
    </client>
    
    <client id="276">
        <firstname>Edward</firstname>
        <lastname></lastname>
        <address></address>
        <iban></iban>
    </client>
    
    <client id="277">
        <firstname></firstname>
        <lastname>Griffiths</lastname>
        <address></address>
        <iban></iban>
    </client>
    
    <client id="278">
        <firstname></firstname>
        <lastname></lastname>
        <address></address>
        <iban></iban>
    </client>
    
    <client id="279">
        <firstname></firstname>
        <lastname></lastname>
        <address></address>
        <iban>GB72FSCG28082839018515</iban>
    </client>
    
    <client id="280">
        <firstname>Jade</firstname>
        <lastname></lastname>
        <address></address>
        <iban></iban>
    </client>
    
    <client id="281">
        <firstname></firstname>
        <lastname></lastname>
        <address></address>
        <iban></iban>
    </client>
    
    <client id="282">
        <firstname></firstname>
        <lastname></lastname>
        <address>Studio 33J Yates rue South Adrian WC9 8WU</address>
        <iban></iban>
    </client>
    
    <client id="283">
        <firstname></firstname>
        <lastname></lastname>
        <address>7 Harrison islands East Stephenland S9S 6BS</address>
        <iban></iban>
    </client>
    
    <client id="284">
        <firstname></firstname>
        <lastname></lastname>
        <address></address>
        <iban>GB87YLMB95064317468571</iban>
    </client>
    
    <client id="285">
        <firstname>Gary</firstname>
        <lastname></lastname>
        <address></address>
        <iban></iban>
    </client>
    
    <client id="286">
        <firstname></firstname>
        <lastname></lastname>
        <address></address>
        <iban>GB24JPQS95195283475362</iban>
    </client>
    
    <client id="287">
        <firstname>Louise</firstname>
        <lastname></lastname>
        <address></address>
        <iban></iban>
    </client>
    
    <client id="288">
        <firstname></firstname>
        <lastname></lastname>
        <address></address>
        <iban></iban>
    </client>
    
    <client id="289">
        <firstname></firstname>
        <lastname></lastname>
        <address></address>
        <iban></iban>
    </client>
    
    <client id="290">
        <firstname>Robert</firstname>
        <lastname></lastname>
        <address></address>
        <iban></iban>
    </client>
    
    <client id="291">
        <firstname></firstname>
        <lastname></lastname>
        <address>Flat 18H Katherine overpass South Pamelastad LN3 3GH</address>
        <iban></iban>
    </client>
    
    <client id="292">
        <firstname></firstname>
        <lastname></lastname>
        <address></address>
        <iban></iban>
    </client>
    
    <client id="293">
        <firstname></firstname>
        <lastname>Wood</lastname>
        <address></address>
        <iban></iban>
    </client>
    
    <client id="294">
        <firstname></firstname>
        <lastname></lastname>
        <address></address>
        <iban>GB77ORNJ41113492257481</iban>
    </client>
    
    <client id="295">
        <firstname></firstname>
        <lastname></lastname>
        <address>712 Flynn estates Sandrahaven KT4 1NN</address>
        <iban></iban>
    </client>
    
    <client id="296">
        <firstname></firstname>
        <lastname>Hughes</lastname>
        <address></address>
        <iban></iban>
    </client>
    
    <client id="297">
        <firstname></firstname>
        <lastname></lastname>
        <address></address>
        <iban></iban>
    </client>
    
    <client id="298">
        <firstname></firstname>
        <lastname></lastname>
        <address></address>
        <iban>GB69IHAZ08998675814417</iban>
    </client>
    
    <client id="299">
        <firstname></firstname>
        <lastname>Freeman</lastname>
        <address></address>
        <iban></iban>
    </client>
    
    <client id="300">
        <firstname></firstname>
        <lastname>Gibbons</lastname>
        <address></address>
        <iban></iban>
    </client>
    
    <client id="301">
        <firstname></firstname>
        <lastname></lastname>
        <address></address>
        <iban>GB27ZYDN13299391901962</iban>
    </client>
    
    <client id="302">
        <firstname>Melanie</firstname>
        <lastname></lastname>
        <address></address>
        <iban></iban>
    </client>
    
    <client id="303">
        <firstname></firstname>
        <lastname></lastname>
        <address>05 Naomi extension Port Howard EX6X 8HB</address>
        <iban></iban>
    </client>
    
    <client id="304">
        <firstname></firstname>
        <lastname></lastname>
        <address></address>
        <iban>GB53CRHE02552391476642</iban>
    </client>
    
    <client id="305">
        <firstname></firstname>
        <lastname></lastname>
        <address></address>
        <iban>GB90DSTA06931837120451</iban>
    </client>
    
    <client id="306">
        <firstname>Hannah</firstname>
        <lastname></lastname>
        <address></address>
        <iban></iban>
    </client>
    
    <client id="307">
        <firstname>Stewart</firstname>
        <lastname></lastname>
        <address></address>
        <iban></iban>
    </client>
    
    <client id="308">
        <firstname></firstname>
        <lastname></lastname>
        <address>57 Richardson pike Turnerhaven B79 5JS</address>
        <iban></iban>
    </client>
    
    <client id="309">
        <firstname></firstname>
        <lastname></lastname>
        <address>10 Alex gardens Teresaville KA6R 8UY</address>
        <iban></iban>
    </client>
    
    <client id="310">
        <firstname></firstname>
        <lastname></lastname>
        <address></address>
        <iban>GB24OTWG40323463724329</iban>
    </client>
    
    <client id="311">
        <firstname>Sarah</firstname>
        <lastname></lastname>
        <address></address>
        <iban></iban>
    </client>
    
    <client id="312">
        <firstname></firstname>
        <lastname></lastname>
        <address></address>
        <iban></iban>
    </client>
    
    <client id="313">
        <firstname></firstname>
        <lastname></lastname>
        <address></address>
        <iban></iban>
    </client>
    
    <client id="314">
        <firstname></firstname>
        <lastname></lastname>
        <address></address>
        <iban></iban>
    </client>
    
    <client id="315">
        <firstname></firstname>
        <lastname></lastname>
        <address></address>
        <iban></iban>
    </client>
    
    <client id="316">
        <firstname>Jodie</firstname>
        <lastname></lastname>
        <address></address>
        <iban></iban>
    </client>
    
    <client id="317">
        <firstname></firstname>
        <lastname></lastname>
        <address></address>
        <iban>GB73MGRI35679629539353</iban>
    </client>
    
    <client id="318">
        <firstname></firstname>
        <lastname></lastname>
        <address></address>
        <iban>GB75CNRC91353428716316</iban>
    </client>
    
    <client id="319">
        <firstname>Steven</firstname>
        <lastname></lastname>
        <address></address>
        <iban></iban>
    </client>
    
    <client id="320">
        <firstname></firstname>
        <lastname></lastname>
        <address></address>
        <iban></iban>
    </client>
    
    <client id="321">
        <firstname>Ellie</firstname>
        <lastname></lastname>
        <address></address>
        <iban></iban>
    </client>
    
    <client id="322">
        <firstname>Katherine</firstname>
        <lastname></lastname>
        <address></address>
        <iban></iban>
    </client>
    
    <client id="323">
        <firstname>Patrick</firstname>
        <lastname></lastname>
        <address></address>
        <iban></iban>
    </client>
    
    <client id="324">
        <firstname>Adam</firstname>
        <lastname></lastname>
        <address></address>
        <iban></iban>
    </client>
    
    <client id="325">
        <firstname>Paul</firstname>
        <lastname></lastname>
        <address></address>
        <iban></iban>
    </client>
    
    <client id="326">
        <firstname></firstname>
        <lastname>Hayes</lastname>
        <address></address>
        <iban></iban>
    </client>
    
    <client id="327">
        <firstname></firstname>
        <lastname></lastname>
        <address></address>
        <iban></iban>
    </client>
    
    <client id="328">
        <firstname></firstname>
        <lastname></lastname>
        <address></address>
        <iban>GB19QIAX90788477335226</iban>
    </client>
    
    <client id="329">
        <firstname></firstname>
        <lastname></lastname>
        <address>7 White mountains Simpsonport B3A 5FX</address>
        <iban></iban>
    </client>
    
    <client id="330">
        <firstname></firstname>
        <lastname></lastname>
        <address></address>
        <iban></iban>
    </client>
    
    <client id="331">
        <firstname></firstname>
        <lastname></lastname>
        <address></address>
        <iban>GB07YISK70342239924277</iban>
    </client>
    
    <client id="332">
        <firstname></firstname>
        <lastname></lastname>
        <address></address>
        <iban></iban>
    </client>
    
    <client id="333">
        <firstname></firstname>
        <lastname></lastname>
        <address>9 Elaine terrace East Bethan G80 7ZH</address>
        <iban></iban>
    </client>
    
    <client id="334">
        <firstname>Maureen</firstname>
        <lastname></lastname>
        <address></address>
        <iban></iban>
    </client>
    
    <client id="335">
        <firstname></firstname>
        <lastname>Booth</lastname>
        <address></address>
        <iban></iban>
    </client>
    
    <client id="336">
        <firstname>Declan</firstname>
        <lastname></lastname>
        <address></address>
        <iban></iban>
    </client>
    
    <client id="337">
        <firstname></firstname>
        <lastname></lastname>
        <address>Studio 49 Michelle mews East Amber N47 6EZ</address>
        <iban></iban>
    </client>
    
    <client id="338">
        <firstname></firstname>
        <lastname></lastname>
        <address></address>
        <iban></iban>
    </client>
    
    <client id="339">
        <firstname></firstname>
        <lastname></lastname>
        <address></address>
        <iban>GB14BYDY01150768558867</iban>
    </client>
    
    <client id="340">
        <firstname></firstname>
        <lastname>Howells</lastname>
        <address></address>
        <iban></iban>
    </client>
    
    <client id="341">
        <firstname>Leon</firstname>
        <lastname></lastname>
        <address></address>
        <iban></iban>
    </client>
    
    <client id="342">
        <firstname></firstname>
        <lastname></lastname>
        <address>Studio 4 Bevan creek Justinshire BA39 4WJ</address>
        <iban></iban>
    </client>
    
    <client id="343">
        <firstname></firstname>
        <lastname>Gordon</lastname>
        <address></address>
        <iban></iban>
    </client>
    
    <client id="344">
        <firstname></firstname>
        <lastname></lastname>
        <address></address>
        <iban>GB31YYEE26035235405569</iban>
    </client>
    
    <client id="345">
        <firstname></firstname>
        <lastname></lastname>
        <address></address>
        <iban></iban>
    </client>
    
    <client id="346">
        <firstname></firstname>
        <lastname></lastname>
        <address>Flat 68f Mark hill West Joanna E96 0LS</address>
        <iban></iban>
    </client>
    
    <client id="347">
        <firstname></firstname>
        <lastname></lastname>
        <address>4 Joseph crest Emmaberg G52 0YZ</address>
        <iban></iban>
    </client>
    
    <client id="348">
        <firstname></firstname>
        <lastname></lastname>
        <address>Studio 64 Cross parkways Port Damien SS50 7EG</address>
        <iban></iban>
    </client>
    
    <client id="349">
        <firstname></firstname>
        <lastname></lastname>
        <address></address>
        <iban></iban>
    </client>
    
    <client id="350">
        <firstname></firstname>
        <lastname></lastname>
        <address>48 Emily stravenue Lucasland WV2A 8WN</address>
        <iban></iban>
    </client>
    
    <client id="351">
        <firstname></firstname>
        <lastname></lastname>
        <address>Studio 06K Sara stravenue North Josephine BL26 5YR</address>
        <iban></iban>
    </client>
    
    <client id="352">
        <firstname></firstname>
        <lastname></lastname>
        <address>Studio 5 White neck West Ross W0B 8NA</address>
        <iban></iban>
    </client>
    
    <client id="353">
        <firstname></firstname>
        <lastname></lastname>
        <address></address>
        <iban></iban>
    </client>
    
    <client id="354">
        <firstname></firstname>
        <lastname>Connolly</lastname>
        <address></address>
        <iban></iban>
    </client>
    
    <client id="355">
        <firstname></firstname>
        <lastname></lastname>
        <address></address>
        <iban></iban>
    </client>
    
    <client id="356">
        <firstname>Ashleigh</firstname>
        <lastname></lastname>
        <address></address>
        <iban></iban>
    </client>
    
    <client id="357">
        <firstname></firstname>
        <lastname></lastname>
        <address>Flat 69B Mary shore Josephinefurt G5E 6HH</address>
        <iban></iban>
    </client>
    
    <client id="358">
        <firstname></firstname>
        <lastname></lastname>
        <address></address>
        <iban>GB79QGBR63791786876505</iban>
    </client>
    
    <client id="359">
        <firstname></firstname>
        <lastname></lastname>
        <address>26 Philip gardens Leemouth S8W 5AL</address>
        <iban></iban>
    </client>
    
    <client id="360">
        <firstname>Eleanor</firstname>
        <lastname></lastname>
        <address></address>
        <iban></iban>
    </client>
    
    <client id="361">
        <firstname></firstname>
        <lastname></lastname>
        <address></address>
        <iban></iban>
    </client>
    
    <client id="362">
        <firstname></firstname>
        <lastname></lastname>
        <address>Studio 12D Raymond glens West Joyce L6B 1BR</address>
        <iban></iban>
    </client>
    
    <client id="363">
        <firstname></firstname>
        <lastname></lastname>
        <address></address>
        <iban></iban>
    </client>
    
    <client id="364">
        <firstname></firstname>
        <lastname>Duncan</lastname>
        <address></address>
        <iban></iban>
    </client>
    
    <client id="365">
        <firstname></firstname>
        <lastname></lastname>
        <address>Flat 22 Sharpe locks West Wendy S3 0PT</address>
        <iban></iban>
    </client>
    
    <client id="366">
        <firstname></firstname>
        <lastname></lastname>
        <address>12 Conway street Lake Nathanborough FY2 7XE</address>
        <iban></iban>
    </client>
    
    <client id="367">
        <firstname></firstname>
        <lastname></lastname>
        <address>Studio 45 Andrews roads Leonardview PH1X 9GE</address>
        <iban></iban>
    </client>
    
    <client id="368">
        <firstname></firstname>
        <lastname></lastname>
        <address></address>
        <iban>GB57RYSZ26857597556029</iban>
    </client>
    
    <client id="369">
        <firstname></firstname>
        <lastname></lastname>
        <address></address>
        <iban>GB77GFDN23470150728860</iban>
    </client>
    
    <client id="370">
        <firstname></firstname>
        <lastname></lastname>
        <address></address>
        <iban>GB39NNWZ06365777306307</iban>
    </client>
    
    <client id="371">
        <firstname></firstname>
        <lastname></lastname>
        <address></address>
        <iban>GB43TWJZ88195863369180</iban>
    </client>
    
    <client id="372">
        <firstname></firstname>
        <lastname></lastname>
        <address>246 Natasha gateway South Darren S34 2EL</address>
        <iban></iban>
    </client>
    
    <client id="373">
        <firstname>William</firstname>
        <lastname></lastname>
        <address></address>
        <iban></iban>
    </client>
    
    <client id="374">
        <firstname></firstname>
        <lastname></lastname>
        <address></address>
        <iban>GB72XBZY85397897440230</iban>
    </client>
    
    <client id="375">
        <firstname></firstname>
        <lastname></lastname>
        <address>086 Glen turnpike Mohammadstad WS7 6GA</address>
        <iban></iban>
    </client>
    
    <client id="376">
        <firstname>Amelia</firstname>
        <lastname></lastname>
        <address></address>
        <iban></iban>
    </client>
    
    <client id="377">
        <firstname></firstname>
        <lastname></lastname>
        <address>Studio 65W Williams mill Julianview L4F 5WQ</address>
        <iban></iban>
    </client>
    
    <client id="378">
        <firstname></firstname>
        <lastname></lastname>
        <address>5 Thomas light Ruthfort B7 9GG</address>
        <iban></iban>
    </client>
    
    <client id="379">
        <firstname></firstname>
        <lastname>Potts</lastname>
        <address></address>
        <iban></iban>
    </client>
    
    <client id="380">
        <firstname></firstname>
        <lastname>Jones</lastname>
        <address></address>
        <iban></iban>
    </client>
    
    <client id="381">
        <firstname></firstname>
        <lastname></lastname>
        <address></address>
        <iban>GB02IJQK61574000377408</iban>
    </client>
    
    <client id="382">
        <firstname></firstname>
        <lastname></lastname>
        <address></address>
        <iban></iban>
    </client>
    
    <client id="383">
        <firstname></firstname>
        <lastname></lastname>
        <address></address>
        <iban>GB17NJKN67262287268189</iban>
    </client>
    
    <client id="384">
        <firstname></firstname>
        <lastname></lastname>
        <address></address>
        <iban>GB63PWJG99954311308809</iban>
    </client>
    
    <client id="385">
        <firstname></firstname>
        <lastname></lastname>
        <address>Flat 29F Stone terrace East Ameliaside TA1 8DS</address>
        <iban></iban>
    </client>
    
    <client id="386">
        <firstname></firstname>
        <lastname>Smith</lastname>
        <address></address>
        <iban></iban>
    </client>
    
    <client id="387">
        <firstname></firstname>
        <lastname></lastname>
        <address></address>
        <iban>GB70KLNZ52655192182202</iban>
    </client>
    
    <client id="388">
        <firstname></firstname>
        <lastname></lastname>
        <address></address>
        <iban>GB82ZYKL57750505677884</iban>
    </client>
    
    <client id="389">
        <firstname></firstname>
        <lastname></lastname>
        <address></address>
        <iban></iban>
    </client>
    
    <client id="390">
        <firstname></firstname>
        <lastname></lastname>
        <address></address>
        <iban></iban>
    </client>
    
    <client id="391">
        <firstname></firstname>
        <lastname></lastname>
        <address></address>
        <iban></iban>
    </client>
    
    <client id="392">
        <firstname></firstname>
        <lastname></lastname>
        <address></address>
        <iban></iban>
    </client>
    
    <client id="393">
        <firstname></firstname>
        <lastname>Sharpe</lastname>
        <address></address>
        <iban></iban>
    </client>
    
    <client id="394">
        <firstname></firstname>
        <lastname></lastname>
        <address></address>
        <iban>GB19OWWL05253808782625</iban>
    </client>
    
    <client id="395">
        <firstname></firstname>
        <lastname></lastname>
        <address>Flat 2 Day rest South Michelle B5 7ZB</address>
        <iban></iban>
    </client>
    
    <client id="396">
        <firstname></firstname>
        <lastname></lastname>
        <address></address>
        <iban></iban>
    </client>
    
    <client id="397">
        <firstname></firstname>
        <lastname></lastname>
        <address></address>
        <iban>GB31GBFZ15568037409594</iban>
    </client>
    
    <client id="398">
        <firstname></firstname>
        <lastname>Miah</lastname>
        <address></address>
        <iban></iban>
    </client>
    
    <client id="399">
        <firstname></firstname>
        <lastname></lastname>
        <address></address>
        <iban></iban>
    </client>
    
    <client id="400">
        <firstname></firstname>
        <lastname></lastname>
        <address>Flat 55a Young cliffs Port Naomi AL2X 3TT</address>
        <iban></iban>
    </client>
    
    <client id="401">
        <firstname>Tony</firstname>
        <lastname></lastname>
        <address></address>
        <iban></iban>
    </client>
    
    <client id="402">
        <firstname></firstname>
        <lastname>Ashton</lastname>
        <address></address>
        <iban></iban>
    </client>
    
    <client id="403">
        <firstname></firstname>
        <lastname>Walters</lastname>
        <address></address>
        <iban></iban>
    </client>
    
    <client id="404">
        <firstname></firstname>
        <lastname></lastname>
        <address></address>
        <iban></iban>
    </client>
    
    <client id="405">
        <firstname>Charles</firstname>
        <lastname></lastname>
        <address></address>
        <iban></iban>
    </client>
    
    <client id="406">
        <firstname></firstname>
        <lastname></lastname>
        <address>180 Begum islands Wardside DA8B 5TZ</address>
        <iban></iban>
    </client>
    
    <client id="407">
        <firstname></firstname>
        <lastname></lastname>
        <address></address>
        <iban></iban>
    </client>
    
    <client id="408">
        <firstname></firstname>
        <lastname></lastname>
        <address></address>
        <iban>GB81NEIK40351939992281</iban>
    </client>
    
    <client id="409">
        <firstname></firstname>
        <lastname></lastname>
        <address>Studio 4 Hudson coves North Derektown CH35 6FR</address>
        <iban></iban>
    </client>
    
    <client id="410">
        <firstname></firstname>
        <lastname></lastname>
        <address></address>
        <iban></iban>
    </client>
    
    <client id="411">
        <firstname></firstname>
        <lastname>Jones</lastname>
        <address></address>
        <iban></iban>
    </client>
    
    <client id="412">
        <firstname></firstname>
        <lastname></lastname>
        <address>972 Timothy crescent Simmonsmouth IG75 8WL</address>
        <iban></iban>
    </client>
    
    <client id="413">
        <firstname></firstname>
        <lastname></lastname>
        <address>743 Ricky dam West Jodiefurt G9D 3QE</address>
        <iban></iban>
    </client>
    
    <client id="414">
        <firstname>Anne</firstname>
        <lastname></lastname>
        <address></address>
        <iban></iban>
    </client>
    
    <client id="415">
        <firstname></firstname>
        <lastname></lastname>
        <address></address>
        <iban></iban>
    </client>
    
    <client id="416">
        <firstname></firstname>
        <lastname></lastname>
        <address>824 Martin courts Lake Lynneborough S99 5SA</address>
        <iban></iban>
    </client>
    
    <client id="417">
        <firstname></firstname>
        <lastname></lastname>
        <address>Flat 4 Judith ports Eleanorland N92 4RU</address>
        <iban></iban>
    </client>
    
    <client id="418">
        <firstname></firstname>
        <lastname>Smith</lastname>
        <address></address>
        <iban></iban>
    </client>
    
    <client id="419">
        <firstname></firstname>
        <lastname></lastname>
        <address>1 Sean well East Toby EH4 9FZ</address>
        <iban></iban>
    </client>
    
    <client id="420">
        <firstname></firstname>
        <lastname></lastname>
        <address></address>
        <iban>GB19UQNZ66975662747241</iban>
    </client>
    
    <client id="421">
        <firstname></firstname>
        <lastname></lastname>
        <address></address>
        <iban>GB36KMYN45986562666088</iban>
    </client>
    
    <client id="422">
        <firstname></firstname>
        <lastname></lastname>
        <address></address>
        <iban></iban>
    </client>
    
    <client id="423">
        <firstname></firstname>
        <lastname></lastname>
        <address></address>
        <iban>GB74NCSS29585714041938</iban>
    </client>
    
    <client id="424">
        <firstname></firstname>
        <lastname></lastname>
        <address></address>
        <iban></iban>
    </client>
    
    <client id="425">
        <firstname></firstname>
        <lastname></lastname>
        <address>Studio 11P Cook parkway Aaronborough W2S 9NG</address>
        <iban></iban>
    </client>
    
    <client id="426">
        <firstname></firstname>
        <lastname></lastname>
        <address>Studio 32 Brown unions New Leonard DD00 6RP</address>
        <iban></iban>
    </client>
    
    <client id="427">
        <firstname>Justin</firstname>
        <lastname></lastname>
        <address></address>
        <iban></iban>
    </client>
    
    <client id="428">
        <firstname>Abigail</firstname>
        <lastname></lastname>
        <address></address>
        <iban></iban>
    </client>
    
    <client id="429">
        <firstname></firstname>
        <lastname></lastname>
        <address>Studio 85j Brennan turnpike West Markville OL5 6WD</address>
        <iban></iban>
    </client>
    
    <client id="430">
        <firstname></firstname>
        <lastname></lastname>
        <address></address>
        <iban></iban>
    </client>
    
    <client id="431">
        <firstname></firstname>
        <lastname></lastname>
        <address>418 Eileen mountains North Frances L4G 1HJ</address>
        <iban></iban>
    </client>
    
    <client id="432">
        <firstname>Stuart</firstname>
        <lastname></lastname>
        <address></address>
        <iban></iban>
    </client>
    
    <client id="433">
        <firstname></firstname>
        <lastname></lastname>
        <address>9 Hugh bypass South Scott SS6 9RG</address>
        <iban></iban>
    </client>
    
    <client id="434">
        <firstname></firstname>
        <lastname></lastname>
        <address>Flat 76 Patricia ways Dannyberg B04 2NG</address>
        <iban></iban>
    </client>
    
    <client id="435">
        <firstname>Paige</firstname>
        <lastname></lastname>
        <address></address>
        <iban></iban>
    </client>
    
    <client id="436">
        <firstname></firstname>
        <lastname></lastname>
        <address>Studio 50d Brenda expressway Dianashire BB11 0EA</address>
        <iban></iban>
    </client>
    
    <client id="437">
        <firstname>Sarah</firstname>
        <lastname></lastname>
        <address></address>
        <iban></iban>
    </client>
    
    <client id="438">
        <firstname></firstname>
        <lastname></lastname>
        <address></address>
        <iban></iban>
    </client>
    
    <client id="439">
        <firstname></firstname>
        <lastname></lastname>
        <address>Flat 0 Alexandra hills Porterfurt N47 7SB</address>
        <iban></iban>
    </client>
    
    <client id="440">
        <firstname>Rebecca</firstname>
        <lastname></lastname>
        <address></address>
        <iban></iban>
    </client>
    
    <client id="441">
        <firstname>Aaron</firstname>
        <lastname></lastname>
        <address></address>
        <iban></iban>
    </client>
    
    <client id="442">
        <firstname></firstname>
        <lastname>George</lastname>
        <address></address>
        <iban></iban>
    </client>
    
    <client id="443">
        <firstname></firstname>
        <lastname></lastname>
        <address>694 Webster well East Carl M91 9LP</address>
        <iban></iban>
    </client>
    
    <client id="444">
        <firstname></firstname>
        <lastname></lastname>
        <address></address>
        <iban>GB13RWPM88202538452828</iban>
    </client>
    
    <client id="445">
        <firstname></firstname>
        <lastname></lastname>
        <address></address>
        <iban></iban>
    </client>
    
    <client id="446">
        <firstname>Emily</firstname>
        <lastname></lastname>
        <address></address>
        <iban></iban>
    </client>
    
    <client id="447">
        <firstname></firstname>
        <lastname></lastname>
        <address></address>
        <iban></iban>
    </client>
    
    <client id="448">
        <firstname></firstname>
        <lastname>Bond</lastname>
        <address></address>
        <iban></iban>
    </client>
    
    <client id="449">
        <firstname></firstname>
        <lastname></lastname>
        <address></address>
        <iban></iban>
    </client>
    
    <client id="450">
        <firstname>Luke</firstname>
        <lastname></lastname>
        <address></address>
        <iban></iban>
    </client>
    
    <client id="451">
        <firstname></firstname>
        <lastname></lastname>
        <address></address>
        <iban></iban>
    </client>
    
    <client id="452">
        <firstname></firstname>
        <lastname></lastname>
        <address>0 Howarth via Rachelberg RG4E 8QF</address>
        <iban></iban>
    </client>
    
    <client id="453">
        <firstname></firstname>
        <lastname></lastname>
        <address>Flat 0 Conor throughway Whiteton PH4E 8GN</address>
        <iban></iban>
    </client>
    
    <client id="454">
        <firstname></firstname>
        <lastname></lastname>
        <address>Flat 84D Jamie trafficway Lake Irene L5 6XG</address>
        <iban></iban>
    </client>
    
    <client id="455">
        <firstname></firstname>
        <lastname>Coleman</lastname>
        <address></address>
        <iban></iban>
    </client>
    
    <client id="456">
        <firstname></firstname>
        <lastname></lastname>
        <address></address>
        <iban>GB97EJHU52734538636444</iban>
    </client>
    
    <client id="457">
        <firstname></firstname>
        <lastname>Thompson</lastname>
        <address></address>
        <iban></iban>
    </client>
    
    <client id="458">
        <firstname></firstname>
        <lastname></lastname>
        <address>Studio 77h Billy plaza North Marcuschester SL6 8UX</address>
        <iban></iban>
    </client>
    
    <client id="459">
        <firstname></firstname>
        <lastname></lastname>
        <address></address>
        <iban>GB13NMFG92583974219920</iban>
    </client>
    
    <client id="460">
        <firstname></firstname>
        <lastname>Wilkinson</lastname>
        <address></address>
        <iban></iban>
    </client>
    
    <client id="461">
        <firstname></firstname>
        <lastname></lastname>
        <address>Studio 25 Clark greens Walkerton M7A 7TR</address>
        <iban></iban>
    </client>
    
    <client id="462">
        <firstname>James</firstname>
        <lastname></lastname>
        <address></address>
        <iban></iban>
    </client>
    
    <client id="463">
        <firstname></firstname>
        <lastname></lastname>
        <address></address>
        <iban></iban>
    </client>
    
    <client id="464">
        <firstname></firstname>
        <lastname></lastname>
        <address>800 Gillian freeway New Lynda N4 6QS</address>
        <iban></iban>
    </client>
    
    <client id="465">
        <firstname></firstname>
        <lastname>Morrison</lastname>
        <address></address>
        <iban></iban>
    </client>
    
    <client id="466">
        <firstname></firstname>
        <lastname></lastname>
        <address>Flat 4 Russell point Michaelport M8B 1AE</address>
        <iban></iban>
    </client>
    
    <client id="467">
        <firstname></firstname>
        <lastname></lastname>
        <address>097 Spencer mount Newmanmouth EH4X 5GL</address>
        <iban></iban>
    </client>
    
    <client id="468">
        <firstname></firstname>
        <lastname></lastname>
        <address>84 Nigel well Robsonmouth GY8 6LN</address>
        <iban></iban>
    </client>
    
    <client id="469">
        <firstname></firstname>
        <lastname></lastname>
        <address></address>
        <iban>GB56MASS64845823950189</iban>
    </client>
    
    <client id="470">
        <firstname></firstname>
        <lastname></lastname>
        <address></address>
        <iban></iban>
    </client>
    
    <client id="471">
        <firstname>Leanne</firstname>
        <lastname></lastname>
        <address></address>
        <iban></iban>
    </client>
    
    <client id="472">
        <firstname></firstname>
        <lastname>Jenkins</lastname>
        <address></address>
        <iban></iban>
    </client>
    
    <client id="473">
        <firstname></firstname>
        <lastname>Knight</lastname>
        <address></address>
        <iban></iban>
    </client>
    
    <client id="474">
        <firstname></firstname>
        <lastname></lastname>
        <address></address>
        <iban>GB02TBON95219430253822</iban>
    </client>
    
    <client id="475">
        <firstname></firstname>
        <lastname></lastname>
        <address>0 Mandy terrace West Kyle BR3 0SF</address>
        <iban></iban>
    </client>
    
    <client id="476">
        <firstname></firstname>
        <lastname></lastname>
        <address></address>
        <iban>GB95GKHU39565104240751</iban>
    </client>
    
    <client id="477">
        <firstname></firstname>
        <lastname></lastname>
        <address></address>
        <iban></iban>
    </client>
    
    <client id="478">
        <firstname>Lynne</firstname>
        <lastname></lastname>
        <address></address>
        <iban></iban>
    </client>
    
    <client id="479">
        <firstname>Ann</firstname>
        <lastname></lastname>
        <address></address>
        <iban></iban>
    </client>
    
    <client id="480">
        <firstname></firstname>
        <lastname></lastname>
        <address></address>
        <iban>GB16TULY22025106486883</iban>
    </client>
    
    <client id="481">
        <firstname></firstname>
        <lastname>Short</lastname>
        <address></address>
        <iban></iban>
    </client>
    
    <client id="482">
        <firstname></firstname>
        <lastname></lastname>
        <address></address>
        <iban></iban>
    </client>
    
    <client id="483">
        <firstname></firstname>
        <lastname>Gray</lastname>
        <address></address>
        <iban></iban>
    </client>
    
    <client id="484">
        <firstname></firstname>
        <lastname></lastname>
        <address></address>
        <iban></iban>
    </client>
    
    <client id="485">
        <firstname></firstname>
        <lastname></lastname>
        <address></address>
        <iban></iban>
    </client>
    
    <client id="486">
        <firstname></firstname>
        <lastname></lastname>
        <address></address>
        <iban></iban>
    </client>
    
    <client id="487">
        <firstname></firstname>
        <lastname>Owen</lastname>
        <address></address>
        <iban></iban>
    </client>
    
    <client id="488">
        <firstname></firstname>
        <lastname></lastname>
        <address></address>
        <iban>GB36KWPS05890729657322</iban>
    </client>
    
    <client id="489">
        <firstname>Jeffrey</firstname>
        <lastname></lastname>
        <address></address>
        <iban></iban>
    </client>
    
    <client id="490">
        <firstname></firstname>
        <lastname></lastname>
        <address>651 Geraldine port New Victorfort WV8 5JW</address>
        <iban></iban>
    </client>
    
    <client id="491">
        <firstname></firstname>
        <lastname></lastname>
        <address></address>
        <iban></iban>
    </client>
    
    <client id="492">
        <firstname></firstname>
        <lastname>Mitchell</lastname>
        <address></address>
        <iban></iban>
    </client>
    
    <client id="493">
        <firstname></firstname>
        <lastname></lastname>
        <address></address>
        <iban></iban>
    </client>
    
    <client id="494">
        <firstname></firstname>
        <lastname></lastname>
        <address></address>
        <iban>GB34OOUW13811836280487</iban>
    </client>
    
    <client id="495">
        <firstname></firstname>
        <lastname></lastname>
        <address>Studio 49 Vincent haven Duncanview MK4R 6XA</address>
        <iban></iban>
    </client>
    
    <client id="496">
        <firstname></firstname>
        <lastname>Frost</lastname>
        <address></address>
        <iban></iban>
    </client>
    
    <client id="497">
        <firstname>Marc</firstname>
        <lastname></lastname>
        <address></address>
        <iban></iban>
    </client>
    
    <client id="498">
        <firstname>Heather</firstname>
        <lastname></lastname>
        <address></address>
        <iban></iban>
    </client>
    
    <client id="499">
        <firstname></firstname>
        <lastname></lastname>
        <address>4 Kimberley lake West Sam NE35 4FB</address>
        <iban></iban>
    </client>
    
    <client id="500">
        <firstname></firstname>
        <lastname>Hamilton</lastname>
        <address></address>
        <iban></iban>
    </client>
    
    <client id="501">
        <firstname>Ronald</firstname>
        <lastname></lastname>
        <address></address>
        <iban></iban>
    </client>
    
    <client id="502">
        <firstname></firstname>
        <lastname>Wilkinson</lastname>
        <address></address>
        <iban></iban>
    </client>
    
    <client id="503">
        <firstname></firstname>
        <lastname></lastname>
        <address></address>
        <iban>GB65RKTU46063403644925</iban>
    </client>
    
    <client id="504">
        <firstname></firstname>
        <lastname></lastname>
        <address>Studio 3 Browne walks East Henry L71 8ZQ</address>
        <iban></iban>
    </client>
    
    <client id="505">
        <firstname></firstname>
        <lastname>Cameron</lastname>
        <address></address>
        <iban></iban>
    </client>
    
    <client id="506">
        <firstname>Rita</firstname>
        <lastname></lastname>
        <address></address>
        <iban></iban>
    </client>
    
    <client id="507">
        <firstname></firstname>
        <lastname></lastname>
        <address></address>
        <iban></iban>
    </client>
    
    <client id="508">
        <firstname></firstname>
        <lastname></lastname>
        <address></address>
        <iban>GB97UUEU41261395920271</iban>
    </client>
    
    <client id="509">
        <firstname></firstname>
        <lastname></lastname>
        <address>Studio 88 Clayton freeway Phillipsport G9 0QE</address>
        <iban></iban>
    </client>
    
    <client id="510">
        <firstname></firstname>
        <lastname></lastname>
        <address></address>
        <iban></iban>
    </client>
    
    <client id="511">
        <firstname></firstname>
        <lastname></lastname>
        <address></address>
        <iban></iban>
    </client>
    
    <client id="512">
        <firstname>Francesca</firstname>
        <lastname></lastname>
        <address></address>
        <iban></iban>
    </client>
    
    <client id="513">
        <firstname></firstname>
        <lastname></lastname>
        <address></address>
        <iban></iban>
    </client>
    
    <client id="514">
        <firstname></firstname>
        <lastname></lastname>
        <address>8 Kyle squares Kirstyview IM0P 1RJ</address>
        <iban></iban>
    </client>
    
    <client id="515">
        <firstname></firstname>
        <lastname>Cooper</lastname>
        <address></address>
        <iban></iban>
    </client>
    
    <client id="516">
        <firstname></firstname>
        <lastname></lastname>
        <address></address>
        <iban></iban>
    </client>
    
</clients>
