<?xml version="1.0" encoding="UTF-8"?>
<users>
    
    <user id="1">
        <firstname></firstname>
        <lastname></lastname>
        <address></address>
        <iban>GB12AODD81966218515373</iban>
    </user>
    
    <user id="2">
        <firstname></firstname>
        <lastname></lastname>
        <address></address>
        <iban></iban>
    </user>
    
    <user id="3">
        <firstname></firstname>
        <lastname></lastname>
        <address></address>
        <iban></iban>
    </user>
    
    <user id="4">
        <firstname></firstname>
        <lastname></lastname>
        <address></address>
        <iban></iban>
    </user>
    
    <user id="5">
        <firstname></firstname>
        <lastname></lastname>
        <address></address>
        <iban>GB86TIUV71804553649472</iban>
    </user>
    
    <user id="6">
        <firstname></firstname>
        <lastname>Smith</lastname>
        <address></address>
        <iban></iban>
    </user>
    
    <user id="7">
        <firstname></firstname>
        <lastname></lastname>
        <address></address>
        <iban>GB37QJDP97557542668563</iban>
    </user>
    
    <user id="8">
        <firstname></firstname>
        <lastname></lastname>
        <address></address>
        <iban></iban>
    </user>
    
    <user id="9">
        <firstname></firstname>
        <lastname></lastname>
        <address></address>
        <iban></iban>
    </user>
    
    <user id="10">
        <firstname></firstname>
        <lastname>Gardner</lastname>
        <address></address>
        <iban></iban>
    </user>
    
    <user id="11">
        <firstname></firstname>
        <lastname></lastname>
        <address></address>
        <iban></iban>
    </user>
    
    <user id="12">
        <firstname></firstname>
        <lastname></lastname>
        <address></address>
        <iban></iban>
    </user>
    
    <user id="13">
        <firstname></firstname>
        <lastname></lastname>
        <address></address>
        <iban>GB07RNMH56005693177292</iban>
    </user>
    
    <user id="14">
        <firstname></firstname>
        <lastname></lastname>
        <address>Flat 18 Brooks ridge Hughhaven FK0N 1LX</address>
        <iban></iban>
    </user>
    
    <user id="15">
        <firstname></firstname>
        <lastname></lastname>
        <address>Studio 57q Irene throughway Shannonhaven S0 4UR</address>
        <iban></iban>
    </user>
    
    <user id="16">
        <firstname></firstname>
        <lastname></lastname>
        <address></address>
        <iban>GB88GSAV11938160429609</iban>
    </user>
    
    <user id="17">
        <firstname></firstname>
        <lastname></lastname>
        <address></address>
        <iban>GB70TROQ09921782774455</iban>
    </user>
    
    <user id="18">
        <firstname></firstname>
        <lastname>Richards</lastname>
        <address></address>
        <iban></iban>
    </user>
    
    <user id="19">
        <firstname></firstname>
        <lastname></lastname>
        <address></address>
        <iban></iban>
    </user>
    
    <user id="20">
        <firstname></firstname>
        <lastname></lastname>
        <address></address>
        <iban></iban>
    </user>
    
    <user id="21">
        <firstname></firstname>
        <lastname>Marshall</lastname>
        <address></address>
        <iban></iban>
    </user>
    
    <user id="22">
        <firstname>Denise</firstname>
        <lastname></lastname>
        <address></address>
        <iban></iban>
    </user>
    
    <user id="23">
        <firstname></firstname>
        <lastname>Wilson</lastname>
        <address></address>
        <iban></iban>
    </user>
    
    <user id="24">
        <firstname></firstname>
        <lastname></lastname>
        <address></address>
        <iban></iban>
    </user>
    
    <user id="25">
        <firstname></firstname>
        <lastname></lastname>
        <address></address>
        <iban></iban>
    </user>
    
    <user id="26">
        <firstname></firstname>
        <lastname></lastname>
        <address></address>
        <iban>GB16KTJU77714681765297</iban>
    </user>
    
    <user id="27">
        <firstname></firstname>
        <lastname></lastname>
        <address></address>
        <iban>GB25LXCE53444172055336</iban>
    </user>
    
    <user id="28">
        <firstname>Oliver</firstname>
        <lastname></lastname>
        <address></address>
        <iban></iban>
    </user>
    
    <user id="29">
        <firstname>Denise</firstname>
        <lastname></lastname>
        <address></address>
        <iban></iban>
    </user>
    
    <user id="30">
        <firstname></firstname>
        <lastname></lastname>
        <address>127 Mark plain Margaretside L7B 3JH</address>
        <iban></iban>
    </user>
    
    <user id="31">
        <firstname></firstname>
        <lastname></lastname>
        <address></address>
        <iban></iban>
    </user>
    
    <user id="32">
        <firstname></firstname>
        <lastname></lastname>
        <address></address>
        <iban></iban>
    </user>
    
    <user id="33">
        <firstname></firstname>
        <lastname></lastname>
        <address>6 Connor view Deborahland S5J 7UR</address>
        <iban></iban>
    </user>
    
    <user id="34">
        <firstname></firstname>
        <lastname></lastname>
        <address></address>
        <iban>GB28ATGM18565007262433</iban>
    </user>
    
    <user id="35">
        <firstname>Scott</firstname>
        <lastname></lastname>
        <address></address>
        <iban></iban>
    </user>
    
    <user id="36">
        <firstname></firstname>
        <lastname></lastname>
        <address></address>
        <iban></iban>
    </user>
    
    <user id="37">
        <firstname>Allan</firstname>
        <lastname></lastname>
        <address></address>
        <iban></iban>
    </user>
    
    <user id="38">
        <firstname>Lorraine</firstname>
        <lastname></lastname>
        <address></address>
        <iban></iban>
    </user>
    
    <user id="39">
        <firstname></firstname>
        <lastname>James</lastname>
        <address></address>
        <iban></iban>
    </user>
    
    <user id="40">
        <firstname>Jean</firstname>
        <lastname></lastname>
        <address></address>
        <iban></iban>
    </user>
    
    <user id="41">
        <firstname></firstname>
        <lastname>Smith</lastname>
        <address></address>
        <iban></iban>
    </user>
    
    <user id="42">
        <firstname></firstname>
        <lastname></lastname>
        <address>2 Wells manor Leanneborough BB5X 6BX</address>
        <iban></iban>
    </user>
    
    <user id="43">
        <firstname></firstname>
        <lastname></lastname>
        <address>Studio 44w Mahmood wall East Donaldport CH2P 8YT</address>
        <iban></iban>
    </user>
    
    <user id="44">
        <firstname></firstname>
        <lastname></lastname>
        <address></address>
        <iban>GB68FIJP94114005133308</iban>
    </user>
    
    <user id="45">
        <firstname></firstname>
        <lastname>Smith</lastname>
        <address></address>
        <iban></iban>
    </user>
    
    <user id="46">
        <firstname></firstname>
        <lastname></lastname>
        <address></address>
        <iban>GB97OOOD17130152434189</iban>
    </user>
    
    <user id="47">
        <firstname></firstname>
        <lastname></lastname>
        <address></address>
        <iban></iban>
    </user>
    
    <user id="48">
        <firstname>Carly</firstname>
        <lastname></lastname>
        <address></address>
        <iban></iban>
    </user>
    
    <user id="49">
        <firstname>Lydia</firstname>
        <lastname></lastname>
        <address></address>
        <iban></iban>
    </user>
    
    <user id="50">
        <firstname>Leah</firstname>
        <lastname></lastname>
        <address></address>
        <iban></iban>
    </user>
    
    <user id="51">
        <firstname></firstname>
        <lastname></lastname>
        <address></address>
        <iban></iban>
    </user>
    
    <user id="52">
        <firstname>Eleanor</firstname>
        <lastname></lastname>
        <address></address>
        <iban></iban>
    </user>
    
    <user id="53">
        <firstname></firstname>
        <lastname></lastname>
        <address></address>
        <iban>GB70OOXT23107646788043</iban>
    </user>
    
    <user id="54">
        <firstname></firstname>
        <lastname></lastname>
        <address></address>
        <iban></iban>
    </user>
    
    <user id="55">
        <firstname></firstname>
        <lastname></lastname>
        <address></address>
        <iban></iban>
    </user>
    
    <user id="56">
        <firstname></firstname>
        <lastname></lastname>
        <address></address>
        <iban>GB33NGNB98776066333256</iban>
    </user>
    
    <user id="57">
        <firstname></firstname>
        <lastname></lastname>
        <address></address>
        <iban>GB23HKAF92163095861490</iban>
    </user>
    
    <user id="58">
        <firstname></firstname>
        <lastname></lastname>
        <address></address>
        <iban>GB69VYAP98018234159080</iban>
    </user>
    
    <user id="59">
        <firstname></firstname>
        <lastname></lastname>
        <address></address>
        <iban></iban>
    </user>
    
    <user id="60">
        <firstname></firstname>
        <lastname></lastname>
        <address></address>
        <iban>GB21GZEM08283491473974</iban>
    </user>
    
    <user id="61">
        <firstname>Stuart</firstname>
        <lastname></lastname>
        <address></address>
        <iban></iban>
    </user>
    
    <user id="62">
        <firstname></firstname>
        <lastname></lastname>
        <address></address>
        <iban>GB19REKK98202981488158</iban>
    </user>
    
    <user id="63">
        <firstname></firstname>
        <lastname>Baker</lastname>
        <address></address>
        <iban></iban>
    </user>
    
    <user id="64">
        <firstname></firstname>
        <lastname></lastname>
        <address>Studio 6 Leslie mountains Mollyfurt N9D 6LQ</address>
        <iban></iban>
    </user>
    
    <user id="65">
        <firstname></firstname>
        <lastname></lastname>
        <address>558 Rebecca manors New Jason BS9 9UR</address>
        <iban></iban>
    </user>
    
    <user id="66">
        <firstname>Nigel</firstname>
        <lastname></lastname>
        <address></address>
        <iban></iban>
    </user>
    
    <user id="67">
        <firstname></firstname>
        <lastname></lastname>
        <address></address>
        <iban>GB95KAQT47862308258788</iban>
    </user>
    
    <user id="68">
        <firstname>Abdul</firstname>
        <lastname></lastname>
        <address></address>
        <iban></iban>
    </user>
    
    <user id="69">
        <firstname></firstname>
        <lastname>Hussain</lastname>
        <address></address>
        <iban></iban>
    </user>
    
    <user id="70">
        <firstname></firstname>
        <lastname></lastname>
        <address></address>
        <iban></iban>
    </user>
    
    <user id="71">
        <firstname></firstname>
        <lastname></lastname>
        <address>79 McCarthy dale North Margaretburgh G3J 6UG</address>
        <iban></iban>
    </user>
    
    <user id="72">
        <firstname></firstname>
        <lastname></lastname>
        <address></address>
        <iban>GB93NKDN89185180358776</iban>
    </user>
    
</users>
