1977-11-19 01:21:27,94,DE,1988-07-02T13:41:26,auch Schlauchin Kitzmann AG & Co. KGaA,Asia/Samarkand,schnell.mp3,2004-02-02,34.8682635
2019-07-11 11:17:28,5429767,DE,2004-07-04T08:55:58,Heidrich,America/Lima,letzte.tiff,2002-11-30,50.162209
2005-12-25 04:43:07,1489,DE,2014-07-03T04:47:58,Peukert,Asia/Manila,nah.css,1999-12-17,42.4226085
2008-12-08 09:51:37,68188,DE,2009-12-14T04:46:25,Schleich,Atlantic/Reykjavik,steigen.js,2002-12-27,-88.3184375
1982-04-13 08:07:22,63711,DE,2019-09-28T08:34:53,Scholl Roht AG & Co. KGaA,Europe/Ljubljana,essen.html,1988-10-14,35.166417
2016-08-28 14:29:59,46928434,DE,1994-05-04T22:12:11,Pechel AG,America/Winnipeg,zusammen.json,1977-06-08,-86.6284885
2007-04-10 18:47:42,743,DE,2007-12-27T23:20:26,Boucsein Seifert GmbH,Asia/Thimphu,Mutter.wav,2006-06-25,19.1927545
2023-06-29 16:05:11,53230,DE,1993-03-24T08:37:00,Christoph Cichorius AG,Asia/Colombo,turnen.css,2019-11-12,4.647847
2006-05-15 13:52:35,210221904,DE,1997-08-09T08:13:39,Bohlander,Africa/Lome,weinen.mp3,1991-07-31,74.645218
2006-11-13 20:12:29,29206886,DE,2008-06-02T08:41:48,Rust GmbH,Atlantic/Madeira,mein.tiff,1996-03-30,62.092295
1974-09-26 17:23:08,104,DE,1983-10-09T15:55:15,Liebelt e.G.,Europe/Berlin,hören.js,2017-03-26,71.3125555
1980-12-02 01:00:49,7,DE,1983-07-07T21:41:54,Röhrdanz KGaA,America/Paramaribo,gefährlich.wav,2010-04-09,43.1418935
1983-04-12 20:16:44,85790,DE,2022-06-01T16:34:40,Mentzel Trub KG,Africa/Conakry,zwei.webm,2004-08-15,-2.137878
1976-09-15 14:37:52,4714,DE,2006-10-24T05:58:48,Jungfer Röhrdanz GmbH,Pacific/Efate,weit.mov,1972-06-05,53.7298635
1970-07-24 13:02:19,506865,DE,2016-07-14T12:55:52,Wernecke Stumpf GbR,Europe/Berlin,Schwester.mp3,2023-03-24,-83.500369
2013-03-04 07:31:53,7911,DE,2001-07-30T00:50:19,Heydrich,Europe/Stockholm,fährt.js,1977-04-18,-3.4119905
1980-07-11 21:59:48,7931,DE,2013-07-31T16:05:30,Rosemann,Europe/Zagreb,Lehrer.html,2015-06-24,-81.077481
2011-01-24 01:03:05,5,DE,1972-05-22T21:38:42,Ackermann Döhn KG,Asia/Saigon,brauchen.jpg,2002-12-30,-55.0658645
1976-02-06 17:48:42,75,DE,2005-12-13T20:36:05,Schäfer,Africa/Addis_Ababa,wird.avi,2010-03-21,77.014520
1998-12-03 23:11:38,6,DE,2003-02-23T18:37:57,Schmidtke Rudolph KG,Africa/Monrovia,gut.mp3,2014-01-08,16.572716
1981-09-20 04:01:26,24,DE,1994-07-17T19:22:46,Pärtzelt Berger AG,Pacific/Apia,klein.txt,1970-09-01,-61.461722
1983-01-05 06:18:44,886246534,DE,1990-03-15T13:54:15,Koch II GmbH,Europe/Amsterdam,Geburtstag.js,2003-06-12,-23.252489
2007-03-22 15:50:08,644329,DE,1992-11-20T23:00:40,Barth Lachmann Stiftung & Co. KGaA,America/Guatemala,Ball.txt,1990-03-09,33.3759945
1987-07-11 00:11:36,31682546,DE,1994-04-21T08:20:47,Langern AG,Europe/Paris,Abend.wav,2001-11-10,-57.2899605
1972-06-18 23:03:56,923,DE,1972-08-24T03:01:00,Schleich AG,Africa/Khartoum,an.odt,2019-09-23,-82.3814615
1982-07-13 03:43:25,244625788,DE,1991-05-25T23:16:22,Rädel Gnatz GmbH,Asia/Vientiane,Apfel.css,1971-08-21,-20.3076705
2009-11-16 21:03:18,94,DE,2005-09-25T00:55:02,Lübs Reichmann AG,America/Panama,bauen.js,1994-04-15,57.246867
2005-01-27 15:42:48,79,DE,1972-05-07T18:34:03,Krein,Asia/Tashkent,schwer.wav,2008-04-02,-19.212790
2013-10-05 02:10:21,2688475,DE,1972-10-07T02:43:02,Kobelt,Africa/Luanda,ihm.tiff,2010-06-18,86.325392
2000-09-01 16:06:10,61127,DE,1986-04-06T20:24:57,Kühnert Hein GmbH & Co. KGaA,Asia/Shanghai,früher.jpeg,1983-09-23,88.5967575
2018-11-23 11:47:02,99610,DE,1990-02-10T04:32:12,Wähner Scholl GmbH,Pacific/Chatham,hat.odp,2020-07-22,-46.6467355
1981-07-24 05:55:58,7392,DE,1977-04-06T15:26:21,Reuter,Africa/Asmera,heute.pptx,2021-07-28,12.7140925
1999-09-10 07:26:13,707066,DE,1996-05-09T04:07:43,Huhn AG,Europe/Sarajevo,vorbei.xlsx,2014-05-05,-15.908276
1978-06-22 04:22:56,50165,DE,1987-01-05T12:38:03,Kabus GmbH & Co. KGaA,Europe/Vilnius,müssen.png,2017-01-11,22.3783645
1982-01-04 21:00:44,890,DE,2002-08-06T07:28:01,Flantz Häring KGaA,Africa/Monrovia,Stück.json,1990-08-09,-27.559416
2005-09-06 21:34:04,300,DE,2003-10-28T18:49:53,Hübel GmbH & Co. KG,Asia/Rangoon,sagen.flac,1977-12-10,-4.7048555
1995-04-30 07:08:47,2146237,DE,1973-01-22T20:47:38,Müller e.V.,Asia/Dhaka,scheinen.png,1973-01-15,36.9450715
1979-09-12 13:15:42,46,DE,2004-02-24T03:23:52,Stey Naser GmbH & Co. KGaA,America/Costa_Rica,fahren.mp3,1981-08-14,41.375220
2010-04-14 04:18:00,51,DE,2011-10-09T19:36:18,Oestrovsky Trommler KG,Africa/Bangui,Essen.pages,1986-03-07,75.758602
1986-05-03 16:19:16,453265753,DE,2005-10-08T02:05:28,Röhricht,Europe/Minsk,Stunde.json,2019-06-02,76.2707835
2015-11-17 04:58:12,76683,DE,2000-06-11T03:17:30,Hesse Zobel AG,Africa/Cairo,es.doc,1976-01-22,-76.110596
2006-02-19 21:09:30,746612919,DE,2003-10-20T00:18:20,Kaul Neureuther AG,America/La_Paz,nehmen.csv,1997-08-13,-2.065921
1974-12-16 23:23:24,33,DE,1979-01-25T18:16:26,Stey KG,Europe/Budapest,Freude.xls,2013-09-27,61.5482445
1999-06-13 03:26:20,444443127,DE,1975-03-30T21:55:53,Ruppert Beier Stiftung & Co. KGaA,Europe/London,leicht.mov,1994-02-08,-61.3478045
1974-04-15 05:18:28,3,DE,1990-12-31T08:59:55,Mälzer Mohaupt GmbH & Co. KGaA,Asia/Seoul,Ende.key,2014-12-10,51.2227765
2019-11-27 18:25:47,73471698,DE,1988-07-24T16:27:03,Wähner,Asia/Manila,kein.mp4,2012-08-14,68.206207
2010-04-04 20:03:46,777745581,DE,1988-10-23T02:34:21,Säuberlich e.G.,America/Havana,zwei.js,2009-06-07,-14.493891
2018-09-22 02:02:19,47,DE,1971-10-28T17:35:53,Henk,Europe/London,Hand.avi,1988-11-29,17.1156495
1976-07-27 03:28:05,69714846,DE,1981-10-02T18:51:40,Stolze Schmidtke AG,Africa/Johannesburg,acht.avi,2019-12-16,50.1505075
1974-02-10 05:50:29,8158,DE,2001-05-05T09:24:59,Heinrich,Europe/Zurich,tun.js,2022-12-16,-58.519086
1982-12-16 00:16:05,4640,DE,1978-12-15T23:37:47,Faust Briemer GmbH,Asia/Taipei,Baum.doc,1984-02-03,-70.5358015
1978-09-17 18:27:31,284274,DE,1976-07-03T00:43:52,Rogner,Europe/Riga,verkaufen.mp3,1984-02-23,49.7848315
2001-09-24 07:13:05,465,DE,2021-01-23T13:23:08,Gieß Heser GmbH & Co. KGaA,Africa/Maseru,Welt.txt,2001-07-02,17.632004
1986-11-26 05:35:48,1908186,DE,1993-11-25T22:23:52,Grein Groth,Asia/Kuwait,ohne.bmp,2007-08-02,-44.4968575
1978-03-14 19:01:24,1061,DE,2014-10-10T21:03:38,Benthin e.V.,Africa/Mbabane,Mensch.flac,1992-08-19,-32.5048105
1986-10-30 16:28:04,5394807,DE,2018-07-08T15:22:56,Hänel GmbH & Co. OHG,Asia/Urumqi,Glück.png,2015-03-08,-86.030962
1987-08-29 08:03:28,650977,DE,1976-05-11T01:00:25,Striebitz GmbH,Europe/Vatican,oder.tiff,1983-12-06,2.8790545
1986-07-26 14:18:03,7,DE,1984-08-13T15:49:33,Fischer,Europe/Helsinki,heraus.csv,2018-12-18,-31.5687005
1987-05-20 10:40:07,2,DE,1996-08-05T09:57:01,Löwer,Europe/Luxembourg,Mensch.numbers,2011-01-02,65.926291
2007-01-09 23:16:42,79,DE,2001-03-18T02:41:43,Meyer Butte Stiftung & Co. KGaA,Europe/Bucharest,ließ.flac,1982-02-18,-29.410087
1982-07-20 07:10:45,48382,DE,2006-05-05T03:03:27,Conradi Putz GbR,Europe/Warsaw,besser.mp4,2012-09-11,-56.758426
1989-11-15 13:55:56,389650,DE,2010-04-01T15:43:12,Fiebig,Asia/Bangkok,Gesicht.ods,1983-04-23,28.6210785
1971-04-29 14:35:18,9,DE,1991-07-16T20:27:29,Kitzmann,Asia/Amman,Leben.mp4,1992-02-27,-41.2749865
1990-07-20 01:51:36,913,DE,2000-04-06T15:07:55,Lange AG,America/St_Lucia,bin.jpg,1970-02-07,-58.3797175
2005-02-12 10:39:07,15766330,DE,2004-08-08T21:51:09,Meyer Kobelt GmbH,Africa/Windhoek,sehr.tiff,2008-07-03,-1.020059
2018-12-28 21:44:50,313127,DE,1988-11-14T07:35:42,Stahr GmbH & Co. KGaA,Asia/Tbilisi,warm.txt,1973-04-20,-42.1684345
2012-12-05 07:14:47,65,DE,2019-02-19T01:45:39,Jungfer GmbH,Africa/Djibouti,reich.js,2006-02-10,-26.874841
1990-10-01 13:36:12,52357,DE,1989-10-22T00:19:55,Gute Döring GmbH & Co. KGaA,Asia/Ashgabat,überall.js,2003-11-23,-32.583697
2013-08-22 16:17:20,204,DE,2007-11-20T16:02:40,Döring,Europe/Athens,will.png,1994-10-25,-22.047603
1980-03-31 13:37:20,3413719,DE,2002-07-01T05:14:24,Ehlert Hoffmann GmbH & Co. OHG,Africa/Tripoli,davon.mp3,1982-04-03,-55.410800
1977-09-20 18:47:37,502226984,DE,1976-07-30T14:11:31,Jacob Klemm GmbH,Europe/Vienna,was.flac,1986-10-23,22.8765685
1995-05-21 22:48:14,44,DE,1989-04-01T11:44:24,Lange Hethur Stiftung & Co. KG,Asia/Bahrain,erklären.css,1975-12-01,-57.2781895
1997-04-14 18:42:16,739,DE,2001-03-24T19:58:27,Trub Pergande AG,Atlantic/Cape_Verde,fallen.mp3,1992-12-03,-21.381012
2004-07-16 10:59:18,454,DE,2014-03-07T22:06:44,Heidrich Scholtz GmbH,Asia/Manila,Wissen.mp3,2005-05-28,-46.554306
2018-12-18 10:50:39,769,DE,1977-09-01T14:02:52,Beier,America/Asuncion,endlich.bmp,2008-01-30,75.3720945
2004-06-08 21:48:46,9084,DE,1991-11-20T00:05:05,Henschel Süßebier GmbH & Co. KG,Asia/Rangoon,liegen.mov,1983-08-26,28.363865
1984-03-20 21:36:41,33693,DE,2000-09-04T07:33:37,Putz Junitz Stiftung & Co. KG,Africa/Khartoum,nun.mp3,1999-01-02,-15.000430
2017-09-11 11:55:48,30,DE,1975-07-16T22:44:19,Hermann Jähn GmbH & Co. OHG,America/Paramaribo,Tier.webm,1980-04-27,-65.415086
1991-11-19 21:29:42,43951,DE,1988-01-13T07:15:27,Löffler,Asia/Gaza,Sonntag.xls,2005-03-03,52.9245585
2006-10-02 10:26:56,938,DE,1975-03-31T07:54:42,Möchlichen,Europe/Paris,verstehen.css,2013-11-26,75.2581355
2000-10-18 07:27:57,489652,DE,2015-10-25T17:22:50,Bolnbach AG & Co. OHG,America/St_Lucia,nicht.wav,1984-03-02,22.950461
1972-09-14 21:00:34,616126157,DE,2016-09-02T14:02:53,Anders Lindau AG & Co. OHG,Atlantic/Reykjavik,nur.html,1979-05-18,-28.5388215
1977-06-28 03:23:52,6,DE,2007-03-23T20:21:28,Butte AG & Co. KG,Asia/Beirut,vor.mov,2016-07-18,-31.2195975
1977-07-19 19:53:13,87,DE,1974-06-07T06:19:19,Oderwald GmbH,Africa/Mbabane,einmal.jpg,1980-02-03,87.4928395
2007-04-25 04:41:59,9348489,DE,2013-01-27T09:40:50,Johann,Africa/Lome,baden.webm,1973-01-06,-25.8262035
2007-10-14 22:50:20,38647,DE,2008-05-20T15:42:05,Graf,Asia/Aden,bald.txt,1990-12-06,49.8275205
2013-04-14 22:26:06,7383,DE,1974-07-12T14:17:38,Schmiedt,Africa/Lagos,finden.mp3,1991-04-05,-43.125134
2022-07-23 20:14:10,5557,DE,1980-07-12T04:45:21,Peukert Ackermann GmbH & Co. KG,Europe/Athens,dürfen.webm,2000-07-16,38.736477
1978-04-25 05:59:29,6875,DE,2023-04-13T06:17:19,Wesack e.G.,Africa/Cairo,Ferien.key,1991-12-27,73.923439
2008-11-27 05:32:23,2812,DE,1996-08-13T05:56:45,Zahn,Indian/Mauritius,lieb.mov,2005-11-08,59.152601
1977-05-11 08:43:01,471,DE,1997-12-21T20:07:34,Kühnert KG,Europe/Brussels,durch.mp4,1989-02-05,8.9542055
1991-07-16 11:51:44,5,DE,1994-09-27T04:15:15,Huhn GmbH & Co. KG,Europe/Minsk,schlafen.wav,1975-12-15,23.3846205
1975-08-26 01:14:53,29483071,DE,1997-02-13T04:55:49,Rudolph GmbH,Europe/Rome,früher.mp3,2004-09-05,89.4362055
2016-06-30 22:06:37,6,DE,1988-05-12T01:25:21,Lehmann Geisler Stiftung & Co. KG,Europe/Lisbon,weiter.tiff,2007-05-15,-69.4590035
2014-12-05 08:22:41,6436,DE,2019-02-17T05:32:44,Herrmann,America/Moncton,packen.bmp,2009-03-14,14.511060
1972-11-01 11:27:19,47,DE,1989-06-15T00:54:45,Mitschke,America/Dominica,schauen.mp3,2000-02-04,-10.5985855
2007-06-10 22:16:40,653,DE,2015-09-08T17:32:06,Margraf,Africa/Mbabane,ich.wav,1982-07-02,68.581527
2002-09-27 18:01:49,5156,DE,1970-10-29T11:04:22,Wernecke Heintze AG & Co. OHG,Europe/Bucharest,ich.jpg,1976-10-31,26.9194805
1979-04-09 23:28:11,2756018,DE,2004-08-26T00:54:43,Kruschwitz Seifert AG,America/Belize,gegen.bmp,1998-11-17,45.097655
2022-04-12 23:33:15,271600241,DE,2016-07-27T15:36:46,Gröttner KG,Europe/Zagreb,Onkel.xlsx,1972-02-10,-1.8962395
1998-08-22 08:35:21,30151889,DE,1971-08-05T05:40:01,Hertrampf Dussen van GmbH,Africa/Lusaka,Zug.webm,1974-12-07,42.9774105
1976-01-22 20:59:20,49100107,DE,1973-06-04T17:31:36,Juncken Mans GmbH & Co. KG,America/Santo_Domingo,baden.gif,1973-10-31,42.151632
1995-05-13 19:27:57,4843135,DE,2007-03-02T20:34:47,Drubin Gude AG,Africa/Gaborone,bekommen.png,1989-08-02,-3.502224
2004-03-26 19:08:55,8754,DE,1998-05-30T17:54:28,Holsten Heinrich GmbH,Atlantic/Cape_Verde,rot.wav,2021-08-29,-10.7879435
1987-06-04 04:07:52,834,DE,1994-12-23T01:24:12,Ernst Wilmsen AG & Co. KG,Indian/Maldives,schlecht.json,1997-08-06,67.241783
1984-04-21 14:17:00,771216762,DE,1994-05-14T15:06:19,Löffler Stiftung & Co. KG,Pacific/Chatham,kochen.png,2013-03-21,40.0534975
1970-10-16 16:11:07,409,DE,1990-10-06T08:09:41,Gehringer GmbH,Asia/Bahrain,Fußball.webm,2017-04-28,-45.7539545
2017-01-23 08:10:36,779,DE,1980-02-05T07:11:06,Gude Trapp GbR,Europe/Vaduz,hinein.webm,2004-10-13,83.662054
2012-04-06 02:02:48,9137,DE,1983-04-21T10:22:28,Beier AG & Co. KGaA,Asia/Tashkent,lernen.tiff,2016-09-13,18.773869
1995-03-15 01:08:40,5446,DE,1988-07-05T21:03:59,Seifert AG,Europe/Amsterdam,ziehen.wav,2009-06-19,41.4651395
1982-12-16 18:41:41,2728643,DE,1987-12-29T04:43:14,Hethur,Africa/Khartoum,Flasche.js,2007-06-03,8.987442
1991-09-09 16:44:21,473512,DE,1987-09-18T13:37:25,Beier GmbH & Co. KGaA,Africa/Dar_es_Salaam,ob.pdf,1993-01-12,-73.895926
2009-08-31 01:42:24,7523111,DE,2007-05-14T19:10:28,Bloch AG & Co. OHG,Pacific/Funafuti,endlich.key,1978-06-08,76.091706
2012-02-13 01:20:59,34684341,DE,2012-08-26T18:47:30,Holt,Africa/Malabo,gesund.wav,2015-05-28,5.4243375
1971-03-31 00:16:46,668988,DE,1976-07-13T08:39:18,Ullrich GmbH,Europe/Zagreb,turnen.bmp,2003-03-11,72.9458815
1992-11-30 01:09:36,500,DE,1974-06-07T15:55:54,Schinke e.G.,Africa/Monrovia,Leben.wav,1984-10-28,-87.582448
1975-07-28 01:32:03,1,DE,1981-09-16T02:37:42,Röhrdanz Caspar e.V.,Africa/Djibouti,Fuß.numbers,2005-07-09,-30.6320335
1971-02-14 09:09:31,74027923,DE,1975-04-04T04:25:08,Dobes Gotthard GmbH,Asia/Singapore,Bauer.png,1985-08-16,11.354817
2005-11-22 21:45:22,3074550,DE,2013-11-23T05:58:41,Bien Peukert AG,Africa/Bangui,durch.css,1994-11-04,50.9570395
1985-04-09 19:36:15,16180,DE,1983-12-29T06:08:38,Linke,Asia/Colombo,ziehen.mov,1994-03-23,70.3660415
1978-08-25 17:18:21,90846,DE,2000-04-24T11:56:42,Haase AG & Co. KG,Asia/Tokyo,Hand.mp4,2003-03-24,82.7173905
1981-11-17 09:46:27,3701344,DE,1995-09-05T14:31:38,Trub GmbH & Co. OHG,Africa/Lome,Lehrer.flac,2014-08-08,-51.4993875
1985-01-30 04:19:35,852381,DE,1999-12-16T22:07:01,Bloch,Europe/Belgrade,nun.csv,1988-10-29,70.1499845
2018-03-22 05:28:09,24,DE,1992-11-26T10:12:03,Kruschwitz,Europe/Zagreb,also.tiff,2001-07-15,-59.094980
1977-12-26 18:57:14,78,DE,1986-10-21T17:35:52,Dippel,Europe/Kiev,hinein.flac,1999-06-21,11.8761895
1970-04-20 06:43:00,1,DE,2009-11-21T03:52:41,Tintzmann,America/Havana,war.wav,1973-09-04,19.9668725
2021-09-10 05:13:22,29468340,DE,2011-02-11T18:27:36,Eckbauer AG,Asia/Beirut,warten.csv,2005-12-07,-22.703649
2006-09-27 20:48:17,6662,DE,2010-11-14T10:31:36,Davids GmbH,Europe/Copenhagen,also.wav,1995-01-08,-8.3083875
1984-11-10 16:40:58,381011757,DE,2009-04-05T00:20:43,Scheuermann,Atlantic/Cape_Verde,lernen.mp3,2014-07-28,-69.690781
2022-06-18 09:33:46,743078893,DE,1976-03-15T01:51:03,Biggen Bohlander GmbH,Africa/Accra,sieht.gif,1970-12-11,24.167973
1993-02-03 13:55:59,10192,DE,2019-04-04T20:38:42,Gunpf GmbH & Co. OHG,Asia/Dili,ja.webm,2006-08-01,-23.009489
1994-12-06 00:17:44,261721,DE,2006-05-13T19:04:24,Bonbach Tschentscher AG & Co. OHG,Pacific/Tarawa,Buch.webm,1996-04-18,40.946926
2000-08-30 02:31:47,5725676,DE,2004-04-08T17:37:36,Schmiedecke,America/Argentina/La_Rioja,Apfel.pptx,1990-12-16,0.859878
1989-10-22 02:26:26,7028558,DE,2002-09-07T19:22:38,Sölzer Pölitz GmbH,America/St_Vincent,setzen.csv,1992-05-30,12.8224775
1998-01-16 19:05:28,7644,DE,1970-12-02T01:26:39,Zimmer AG,Europe/Chisinau,Glück.wav,2017-10-02,-33.399339
2000-11-10 06:30:57,7,DE,1983-04-01T13:18:31,Gerlach GbR,Europe/Madrid,Blume.txt,1970-08-20,29.7644855
2016-10-31 18:09:56,9,DE,1991-08-05T11:50:10,Buchholz KG,Europe/Sofia,baden.flac,2021-03-30,39.9672015
1985-11-21 04:29:21,936616339,DE,2003-08-30T12:22:09,Täsche GmbH,Asia/Saigon,schlimm.webm,2010-08-23,0.5469175
1987-09-28 21:39:01,497396,DE,1972-03-22T20:52:12,Bolzmann,Asia/Bishkek,Musik.wav,2006-09-05,-19.520967
2017-01-03 07:54:47,50464,DE,1990-03-01T20:57:17,Bolzmann OHG mbH,Pacific/Apia,halbe.pages,2015-12-16,87.8504785
2015-03-04 01:01:01,321167611,DE,2016-10-09T15:17:29,Gehringer AG,Europe/Sofia,mal.wav,1981-04-27,65.4826755
2005-05-27 09:45:52,459012568,DE,1998-04-22T13:43:46,Linke GbR,Asia/Gaza,Brief.wav,1972-04-23,51.7894995
2001-06-10 10:39:54,2,DE,1973-10-27T21:05:00,Gehringer Stiftung & Co. KGaA,Africa/Lagos,ihr.mp4,2005-09-30,76.267923
2018-06-26 16:49:07,8972,DE,2005-05-30T23:03:31,Warmer Köster KG,America/Guatemala,fragen.css,1978-05-10,2.7437555
1993-08-05 05:41:36,3,DE,1980-02-21T02:35:44,Etzold Scholtz AG & Co. KG,Africa/Sao_Tome,nun.mp3,1981-12-23,-3.5550675
2000-12-07 15:40:14,400633,DE,2021-03-10T06:46:21,Bolzmann,Africa/Accra,bekommen.png,2023-04-13,-88.530077
1974-04-14 16:47:17,810160552,DE,1997-06-24T06:06:15,Mentzel AG,Europe/Podgorica,lustig.png,2017-04-06,39.389016
1992-06-30 23:19:40,376,DE,1971-05-06T16:42:48,Kabus,Asia/Tehran,schwarz.webm,1999-05-09,-80.194659
1978-07-14 09:09:35,22,DE,2005-01-04T17:02:50,Mohaupt,Europe/Helsinki,singen.pdf,2022-03-10,-39.562792
1973-10-03 08:14:27,72719,DE,1990-03-18T08:38:32,Jopich,Africa/Windhoek,sind.webm,1993-02-03,-53.511957
2010-05-08 23:29:45,7724373,DE,1995-03-05T09:54:09,Junk,America/Guayaquil,Garten.ppt,1978-05-14,-15.6527775
2002-10-25 11:46:50,168595439,DE,2017-04-04T05:01:48,Henschel Benthin GmbH & Co. OHG,Africa/Brazzaville,Wort.bmp,2020-11-05,0.232556
1986-09-29 08:09:18,828,DE,1993-08-19T09:36:44,Conradi KGaA,America/Belize,rufen.json,1985-05-12,-83.661963
2012-07-30 04:33:27,825,DE,1982-02-12T13:52:22,Söding Krein e.V.,Indian/Comoro,dabei.mp4,1995-05-13,14.3082595
1970-05-08 19:28:08,7,DE,1977-05-28T05:41:51,Rogge Koch KG,Pacific/Nauru,frei.css,2020-06-14,-2.0159335
1975-01-06 12:57:45,16103,DE,1982-05-31T14:47:54,Butte AG,Africa/Lagos,früher.html,1980-01-29,-30.885267
1980-02-18 20:26:09,34,DE,1974-08-03T15:05:59,Jacob,Asia/Pyongyang,dumm.jpg,1990-05-05,-32.1346635
2019-09-30 21:24:05,42239,DE,2009-06-20T15:41:14,Pruschke,Asia/Kuala_Lumpur,dumm.ods,1976-07-08,47.7698645
2022-05-11 17:57:06,5,DE,1981-07-08T05:52:50,Nette Lehmann GmbH,Europe/Bratislava,warm.mov,1985-09-17,-72.9417075
1971-07-29 21:14:18,817172,DE,1985-11-28T00:41:52,Berger Textor GmbH & Co. KG,Asia/Bishkek,schlagen.gif,1991-02-26,-36.1902615
1982-03-12 00:01:36,439214771,DE,1973-08-09T03:52:14,Graf,Africa/Porto-Novo,setzen.jpeg,1992-06-13,-2.2506675
2011-09-27 12:19:35,1,DE,2011-02-06T09:48:55,Tintzmann,America/Argentina/Jujuy,Glas.ppt,2000-10-05,-56.3912305
2001-10-07 19:15:11,1870073,DE,1986-10-26T08:08:52,Sager AG & Co. KG,America/La_Paz,bringen.avi,1979-02-26,31.744297
1997-04-27 08:38:49,760959,DE,1994-01-18T22:12:12,Henk Klemt AG,America/Port_of_Spain,jeder.doc,1995-03-13,86.852264
1983-06-30 07:35:34,918,DE,2018-07-19T05:53:50,Preiß AG & Co. OHG,Pacific/Majuro,Affe.pages,1997-04-26,-72.357982
1971-02-27 07:17:44,0,DE,1975-02-19T03:10:52,Kitzmann Meyer e.V.,Europe/Malta,setzen.tiff,2009-07-07,5.386228
2004-10-27 06:56:31,68,DE,2016-08-27T15:19:49,Hellwig Jacob AG & Co. KGaA,America/Guyana,stark.wav,1977-09-17,4.4095055
2008-06-04 07:42:45,491467,DE,2018-06-05T08:31:17,Etzold GmbH,Africa/Maputo,zurück.key,1995-02-26,81.6729545
1979-12-09 04:14:53,471862,DE,1980-12-26T20:07:24,Mielcarek Möchlichen e.G.,Africa/Lome,gestern.html,2012-11-17,40.3764185
2001-02-23 04:56:46,1,DE,1989-10-21T17:17:29,Mühle Preiß Stiftung & Co. KG,Asia/Muscat,setzen.ods,2002-01-01,-26.3238505
1995-06-18 10:42:44,78,DE,2022-02-03T03:54:08,Fröhlich Junck Stiftung & Co. KG,Europe/Athens,ob.tiff,1998-01-05,61.9439945
2005-03-20 10:17:58,725021,DE,1973-05-28T10:42:29,Briemer Siering AG,Europe/Skopje,nein.txt,2018-07-16,46.7770955
1974-03-07 00:16:45,3648106,DE,2018-07-31T03:37:05,Heinz Krebs GmbH & Co. KG,America/Montevideo,auch.webm,1988-10-20,29.0713435
2000-12-26 16:22:24,807,DE,1984-09-04T16:56:15,Bauer,Pacific/Fiji,ja.gif,1977-10-31,74.4712855
1999-07-03 20:01:23,822098,DE,1994-03-31T05:22:22,Klotz Dörschner GbR,Asia/Karachi,Blume.flac,1975-10-20,57.7203745
2021-05-16 10:45:19,65888,DE,1983-11-23T11:49:45,Bähr Gertz AG & Co. KG,Africa/Freetown,finden.webm,1970-10-05,-18.8574665
2020-02-15 16:15:48,99872,DE,1998-07-06T12:26:42,Stadelmann Kreusel GbR,America/Costa_Rica,dein.webm,1978-07-13,76.4739935
2001-08-08 20:35:47,2873202,DE,2018-11-17T19:59:41,Gnatz Gorlitz KGaA,Asia/Dubai,Frau.jpg,1989-07-16,44.153291
2010-11-24 13:25:38,51186,DE,1981-05-01T21:26:59,Rudolph,Asia/Damascus,Abend.pptx,1997-05-06,9.360782
1989-01-06 23:05:27,3181663,DE,2023-04-01T17:22:22,Dörr,Pacific/Kiritimati,ins.pages,2022-08-20,11.2333485
2007-11-18 17:07:55,669560,DE,1994-07-19T01:17:38,Lorch,Africa/Luanda,später.webm,2015-08-16,-78.830724
1982-10-23 09:01:44,696,DE,1994-11-18T05:44:38,Wernecke,Asia/Rangoon,Tier.bmp,2012-07-21,-59.4884585
2023-05-28 05:53:14,45841743,DE,1979-03-12T23:19:26,Hiller,Europe/Minsk,lesen.mp3,2022-06-17,-25.738575
1998-03-19 21:13:24,9087753,DE,2019-07-09T06:27:37,Sauer e.G.,Asia/Vientiane,wirklich.jpg,2017-01-12,-5.622861
1975-11-16 18:09:32,64,DE,1974-09-04T20:31:03,Jungfer Stadelmann KGaA,Europe/Lisbon,tun.tiff,2004-08-12,83.893584
2004-04-06 18:25:00,546,DE,2002-09-10T22:57:42,Krause Hartung Stiftung & Co. KG,Africa/Maseru,sind.numbers,1978-01-02,46.2539625
1988-02-22 13:59:50,2844,DE,1989-06-13T08:00:12,Gierschner Neuschäfer e.G.,Indian/Maldives,bis.mp3,2008-07-05,19.5259815
2015-11-09 16:11:24,14594,DE,1971-05-22T10:43:50,Gumprich,America/Montevideo,Schnee.flac,1979-05-13,60.8373205
1987-02-06 07:10:47,148,DE,1984-03-14T19:27:58,Mielcarek,Asia/Bangkok,auch.wav,1972-03-19,-6.402739
1984-08-31 19:13:50,89053,DE,1982-11-08T17:06:27,Kabus,Pacific/Enderbury,gewinnen.bmp,1981-08-25,-46.061481
2002-10-03 13:03:30,77,DE,2007-02-26T00:34:21,Drewes Fritsch KG,Africa/Tripoli,Fahrrad.mov,2013-12-17,11.805266
1991-10-09 11:18:19,73,DE,2019-11-14T18:31:48,Berger,Europe/Vaduz,arbeiten.flac,1979-09-22,-35.017228
1979-11-12 23:50:43,21,DE,1991-01-12T08:13:46,Staude,America/Bogota,drehen.bmp,2021-04-26,-86.820826
1992-02-05 07:51:20,7,DE,2015-06-25T18:34:02,Stiffel Graf GmbH,Europe/London,heraus.ods,1991-12-13,29.144182
2017-07-16 17:48:17,432,DE,1980-07-14T21:38:45,Etzold Zahn AG & Co. KG,America/St_Vincent,Mädchen.flac,2009-01-10,-29.6599905
1975-04-28 17:08:35,894,DE,2002-11-26T18:11:28,Wulf Etzler GbR,Asia/Kuala_Lumpur,Mensch.mov,2005-10-25,71.343159
2020-02-27 16:00:11,3885,DE,1983-01-05T02:50:46,Kensy,Africa/Tripoli,fragen.pptx,1987-09-02,22.0785215
2019-01-06 18:00:17,3,DE,2011-03-25T22:34:57,Mentzel,Pacific/Kwajalein,Frage.ppt,2022-05-29,71.0072325
1975-04-18 07:16:04,1,DE,1985-04-18T16:02:15,Textor,Africa/Asmera,Sache.xlsx,2003-10-04,85.4893025
2008-05-19 00:39:50,46310451,DE,1977-05-14T22:32:21,Heinrich Dörr GmbH & Co. KG,America/Port_of_Spain,Gesicht.jpg,2023-03-12,19.9518375
2001-10-30 06:05:46,78,DE,2001-07-20T19:57:38,Girschner Hänel e.G.,Europe/Chisinau,weg.mp4,1988-09-08,-69.455763
1998-08-27 19:57:23,57,DE,1981-01-11T03:35:08,Dobes,Africa/Douala,eigentlich.bmp,2008-08-19,80.234864
2003-02-07 04:30:50,1402695,DE,2017-03-24T00:42:06,Stey AG & Co. KG,Africa/Lusaka,Kind.mp4,1978-02-24,29.9734485
2002-04-02 08:49:29,99,DE,1981-09-13T05:36:24,Radisch Stiftung & Co. KG,Atlantic/Madeira,Finger.flac,1982-08-06,78.895725
2011-08-17 14:32:36,208237,DE,1988-12-27T03:57:13,Gehringer GmbH & Co. KG,Atlantic/Madeira,natürlich.mp3,1986-02-10,21.871176
1993-10-25 08:23:25,2911932,DE,1981-04-16T20:52:20,Tröst,Asia/Kabul,am.txt,1988-11-12,-14.365021
1985-12-18 20:54:59,98907,DE,1978-02-10T08:12:35,Mende GmbH & Co. KG,Asia/Rangoon,da.mov,2004-12-02,19.9244785
2008-07-07 12:35:05,8,DE,2012-01-12T04:34:19,Fechner,Europe/Madrid,dann.numbers,1979-08-08,-4.690799
1970-10-25 13:13:25,725519173,DE,1985-10-06T10:51:07,Hofmann,Pacific/Enderbury,ziehen.jpeg,2000-11-14,-0.4861295
1982-05-31 08:12:22,473,DE,2018-02-10T08:27:55,Sorgatz,America/Tegucigalpa,rechnen.txt,2022-11-27,5.3254835
2016-05-26 03:29:45,8,DE,2021-02-13T23:46:57,Faust,America/Havana,klettern.gif,1995-02-11,75.470769
2021-08-25 20:27:06,92800303,DE,1973-01-14T17:30:58,Eimer KG,Asia/Choibalsan,denken.odt,1995-10-15,-11.1529495
2018-08-28 04:09:02,8,DE,1977-04-28T12:32:21,Fiebig Klapp KG,Europe/Andorra,Buch.odp,2019-12-07,-0.939084
2021-07-06 10:12:29,4811499,DE,2012-08-27T07:34:00,Seip,Africa/Khartoum,legen.pages,2013-10-06,63.0217995
1992-11-28 17:47:31,5353488,DE,2018-07-29T21:38:14,Stroh Jähn GmbH,Africa/Khartoum,Bild.jpeg,1998-12-20,-4.4265235
1973-01-14 14:03:51,49227475,DE,2020-06-23T21:57:58,Rudolph,Pacific/Truk,lange.flac,1997-03-11,29.134709
1994-10-28 12:11:55,501393,DE,2019-03-19T11:39:30,Patberg,Europe/Minsk,gab.bmp,2011-01-05,25.727365
1970-08-30 16:56:38,243923382,DE,1974-03-30T13:36:46,Weitzel,Europe/Amsterdam,dann.png,1975-12-02,25.3008805
1987-03-21 01:08:32,891469553,DE,1998-04-12T07:56:16,Gnatz GmbH & Co. KG,America/Santo_Domingo,müssen.doc,1986-05-18,-45.644644
1971-05-07 22:43:17,1653040,DE,1982-04-29T23:50:48,Gehringer Wohlgemut KG,Africa/Mbabane,zwei.key,2008-12-09,1.5087635
2017-06-03 18:38:47,522628083,DE,1974-04-12T06:19:11,Patberg,Africa/Ouagadougou,blau.bmp,2001-02-07,-17.806548
2006-02-02 12:21:24,815361,DE,1997-02-19T17:03:03,Köhler Reichmann GmbH & Co. OHG,Pacific/Kosrae,fünf.mp4,1975-01-10,14.788458
1983-06-19 19:12:22,9,DE,2020-03-06T14:07:54,Bohnbach Rohleder e.G.,Europe/London,Garten.docx,1987-12-20,-46.913356
2011-08-01 09:40:35,3974935,DE,2012-09-12T14:32:19,Gerlach,Europe/Berlin,nennen.wav,2019-12-12,59.8959365
1974-01-03 04:21:26,6012007,DE,2012-11-08T17:42:11,Löwer,Pacific/Tongatapu,Stelle.mov,2019-01-10,42.7633065
2003-11-20 01:36:51,3299,DE,2022-10-18T01:08:37,Gotthard Sager GbR,America/Grenada,laut.mp4,1973-05-29,20.755023
2004-02-27 04:57:08,564140966,DE,2014-04-15T17:18:41,Benthin,Asia/Harbin,sofort.jpeg,2017-11-12,-76.930140
1987-04-16 20:46:26,1839,DE,2006-03-10T21:29:46,Weimer Beckmann e.V.,America/Caracas,sitzen.wav,2015-08-30,-25.5965855
2008-08-23 05:35:59,284789,DE,2015-01-12T19:12:01,Ziegert Klapp AG,Atlantic/Cape_Verde,fest.ods,2011-12-21,63.791272
1978-10-11 04:55:46,764686671,DE,1972-05-24T11:31:01,Rörricht GmbH,Europe/San_Marino,Tier.key,1995-04-16,19.438975
2022-10-27 21:38:55,44449840,DE,1995-07-23T13:40:27,Tröst GmbH & Co. OHG,Africa/Addis_Ababa,Fuß.wav,2011-08-11,-8.1115065
1991-07-19 05:43:34,392558212,DE,1992-07-09T21:43:56,Bähr,Africa/Asmera,Eltern.png,2007-01-07,24.778485
1981-06-13 07:11:26,89,DE,1993-12-26T14:21:57,Winkler Killer KGaA,Africa/Djibouti,davon.mp4,1996-03-11,55.0560985
2000-04-30 02:59:20,3304,DE,1970-10-12T18:18:27,Geisler Wilms AG,Africa/Windhoek,weg.pdf,1983-03-31,-16.870442
2007-11-09 20:17:43,2,DE,1985-11-08T12:25:21,Bonbach,Asia/Aden,gar.flac,1971-09-20,-33.072737
2005-04-03 21:24:14,8824972,DE,1986-09-26T11:18:27,Junk GmbH,America/Caracas,fallen.css,1991-07-19,-14.001989
2005-10-16 08:18:17,74271132,DE,2017-11-30T02:53:09,Kostolzin Wähner AG,Europe/Riga,zurück.ppt,2004-01-07,22.509038
1984-10-27 00:20:57,658570,DE,2003-01-22T13:16:23,Ullrich GmbH,America/Costa_Rica,Frau.wav,1982-11-16,76.5197255
2012-08-05 18:09:39,72608,DE,2017-09-11T04:29:00,Scheibe Etzold AG & Co. KG,Africa/Kinshasa,gut.mp4,1988-11-05,11.9415015
2023-08-02 07:38:10,549718,DE,1997-03-28T17:41:05,Otto OHG mbH,Asia/Baku,fliegen.bmp,2020-07-31,-77.628099
1985-04-25 18:11:16,3,DE,1993-04-08T10:03:15,Harloff OHG mbH,Asia/Amman,halten.numbers,1999-03-01,67.436990
2022-10-17 16:47:25,78,DE,2005-10-24T23:30:40,Trapp KG,Pacific/Kwajalein,einfach.odt,1988-03-08,68.1043065
2015-09-11 01:10:02,418675,DE,2007-06-21T12:59:36,Täsche,Europe/Monaco,lange.jpeg,1979-05-11,40.967743
1974-05-16 16:08:47,8020,DE,1976-05-05T03:24:35,Austermühle,Asia/Bangkok,grün.tiff,1982-09-24,-3.0600995
1982-07-01 17:42:14,79360,DE,2012-12-26T19:15:19,Ehlert Conradi OHG mbH,America/Panama,Angst.flac,1990-05-15,6.9373825
2006-11-23 13:24:44,567248,DE,1970-03-07T01:12:29,Koch Zahn AG & Co. OHG,Pacific/Ponape,richtig.png,2003-02-28,25.569267
1974-11-22 03:19:42,96694,DE,2021-12-10T15:55:50,Kuhl Kostolzin KGaA,Europe/Bucharest,hart.txt,2014-05-12,-2.3869185
2009-10-15 14:57:09,5,DE,1994-03-17T05:19:18,Klemm GmbH,Europe/Malta,Milch.mp3,2008-09-25,70.696116
1995-11-02 08:18:44,72491,DE,1974-06-20T09:34:17,Junk GmbH & Co. KG,Asia/Choibalsan,voll.jpg,1996-10-12,23.4545525
2004-09-13 20:42:47,485274,DE,1996-02-16T21:13:52,Vogt,Asia/Almaty,Eis.avi,2015-08-29,-59.3511625
1975-01-23 18:11:47,50,DE,1994-02-08T01:11:40,Hofmann AG,America/Belize,selbst.pdf,1977-10-06,68.283013
1984-05-09 03:29:53,617,DE,2008-10-14T03:11:33,Warmer Eberhardt GmbH & Co. KG,Europe/London,mich.tiff,1989-11-04,-26.014495
2004-07-12 14:27:53,93050,DE,1995-07-02T18:24:19,Scheuermann GbR,Asia/Tehran,Mädchen.flac,2001-10-17,-40.775340
1980-05-28 09:12:00,194,DE,2010-12-30T13:42:12,Ruppersberger,Africa/Blantyre,ging.bmp,2008-03-20,59.480877
1985-10-01 11:12:29,32509603,DE,1990-07-14T02:38:19,Hartmann AG,Africa/Bissau,suchen.html,1978-12-28,-15.4119465
1973-04-23 19:11:31,514,DE,1987-01-21T07:18:55,Stadelmann Zahn GbR,Asia/Tehran,mich.mp4,2017-09-24,-87.331648
1971-09-21 22:12:04,502654285,DE,2007-11-14T13:27:15,Hamann,Asia/Calcutta,mich.csv,2022-05-30,3.899530
1974-10-04 15:04:48,17263,DE,2007-07-13T08:00:47,Gunpf GbR,Europe/Vatican,bringen.bmp,1978-10-29,-1.979233
1973-09-08 18:12:51,3891472,DE,1986-11-02T04:16:58,Gieß GmbH,Europe/Oslo,Angst.csv,1993-09-14,56.8127345
1989-07-21 06:12:42,34238,DE,1970-07-31T02:47:07,Zobel,Asia/Bangkok,Nase.json,2002-04-09,15.6320625
2018-12-27 19:21:52,62248210,DE,1986-01-15T05:33:25,Bohnbach Kitzmann GmbH,Asia/Amman,ließ.json,1991-10-28,10.0933965
2007-12-03 10:44:32,21702,DE,1970-08-24T07:03:08,Bärer GmbH,America/St_Kitts,vier.numbers,1991-07-16,-8.4338855
1989-05-11 10:41:04,4,DE,2010-05-09T19:51:35,Stadelmann,Europe/Sarajevo,Fußball.js,1984-03-09,-39.583312
1982-09-06 01:29:32,68045293,DE,2004-11-13T07:26:16,Bohlander,America/Barbados,Name.gif,2023-02-08,38.1157165
1972-07-21 23:38:24,535774,DE,1994-09-27T10:52:16,Schottin Fiebig KG,Asia/Colombo,so.flac,1996-07-26,58.9463925
2022-07-03 20:17:27,459582107,DE,1978-01-05T06:52:31,Winkler Börner AG & Co. OHG,America/Pangnirtung,Freund.mov,1991-08-27,-41.335445
2021-05-02 01:22:24,640754856,DE,2007-01-19T13:40:59,Weinhage Ring GmbH & Co. KG,Europe/Lisbon,traurig.xlsx,1981-10-07,-4.6718115
1970-06-23 11:43:55,33,DE,1976-05-09T10:58:43,Bolnbach,America/Santiago,kommen.webm,1977-09-24,-70.288831
1978-07-26 15:19:43,0,DE,1980-05-14T06:05:11,Schulz GmbH,America/Montevideo,Milch.odp,1979-11-25,-66.2353065
2002-07-03 17:32:08,41,DE,2006-03-16T22:47:21,Seifert,America/Nassau,Garten.mp4,1980-04-08,37.851469
1991-08-14 13:21:25,9,DE,1984-11-21T14:37:51,Börner Martin GmbH,America/Guatemala,reiten.txt,1989-05-30,-28.248668
1987-11-24 15:05:48,59,DE,1971-11-02T23:34:30,Kitzmann GmbH & Co. KGaA,Africa/Lusaka,Sohn.bmp,1996-09-04,56.250872
1979-04-20 22:35:23,2,DE,1973-10-21T09:47:16,Girschner OHG mbH,Africa/Sao_Tome,einmal.mp3,2012-03-03,-6.9074035
2004-08-08 10:44:50,824,DE,1998-10-21T13:36:42,Huhn GmbH,America/Chihuahua,Seite.mov,1993-05-26,-26.7695025
2002-07-06 16:03:47,94639446,DE,1970-02-06T15:21:42,Neureuther GmbH,Asia/Brunei,haben.webm,1971-05-03,3.9125145
2021-03-07 03:46:03,21799,DE,2003-01-10T12:12:11,Schweitzer Killer GbR,Europe/Tirane,zum.docx,2010-10-02,45.4792495
2005-08-08 07:04:44,432483,DE,1982-08-04T00:19:37,Gude AG,Asia/Tokyo,klein.jpg,1995-11-19,9.1075825
2021-12-18 09:21:22,7,DE,2021-09-16T00:24:04,Trubin GmbH,Asia/Bishkek,Eltern.xls,2010-03-20,56.4390855
1991-04-07 11:47:17,6358,DE,2018-08-21T03:20:48,Preiß AG & Co. KG,Africa/Malabo,erst.mov,2002-12-24,-4.3245375
1996-01-17 18:15:09,3903410,DE,1999-12-05T01:13:10,Hövel,Pacific/Funafuti,Zahl.mp3,1983-08-01,-84.076329
1974-05-11 21:28:01,73228,DE,2001-04-13T20:14:09,Nerger,Australia/Perth,Bauer.xls,1979-04-18,-45.3564455
2003-02-26 07:15:55,30880,DE,2007-08-11T18:43:25,Dietz,Africa/Tunis,früh.csv,2015-02-28,70.6232815
1975-02-13 21:26:56,7,DE,2016-01-17T04:38:03,Budig,Asia/Qyzylorda,Tag.webm,1974-11-08,79.0090055
1995-01-10 17:37:18,135088,DE,2003-07-05T14:24:36,Mans KG,Africa/Tunis,einfach.pptx,2016-08-26,-76.9875445
1974-12-07 08:16:10,137,DE,2019-06-29T02:27:01,Trub Beyer GbR,Asia/Riyadh,Sonne.mov,1981-06-13,44.8812625
1978-12-28 17:53:04,674999,DE,2016-01-23T02:12:32,Nette,America/Panama,haben.txt,2012-06-08,65.2164445
2006-03-29 04:12:19,78,DE,2008-07-02T14:46:43,Hornich,Europe/Helsinki,müde.flac,1979-08-27,-65.036721
2003-03-24 12:29:19,1741338,DE,1993-06-02T11:12:27,Wernecke KG,America/Lima,gab.json,2005-08-06,-80.784204
1991-09-03 00:07:00,507821447,DE,2008-05-21T08:37:07,Finke e.G.,Asia/Bahrain,Bauer.flac,2017-12-19,-76.0957865
1974-09-10 09:46:57,719,DE,1995-01-17T10:59:06,Dussen van GmbH,America/Guatemala,wenn.xls,1994-10-11,86.7938565
2017-07-01 05:50:31,4660304,DE,1970-07-06T23:54:30,Möchlichen,Asia/Brunei,alle.css,1985-04-27,49.624748
1973-05-13 10:09:54,3409894,DE,2008-05-06T08:10:34,Anders Gieß Stiftung & Co. KGaA,America/Paramaribo,Oma.gif,2011-04-18,48.099220
1983-08-09 00:56:17,559,DE,2008-05-12T02:25:45,Karz Stahr GbR,Africa/Bissau,baden.wav,2009-04-28,-73.721259
2002-09-28 04:05:24,5788388,DE,1985-03-12T20:12:10,Kitzmann,Africa/Libreville,daran.webm,1984-05-10,67.9270995
1983-04-19 20:47:22,934519106,DE,2013-08-14T10:46:18,Holzapfel Scholl Stiftung & Co. KG,Africa/Blantyre,nein.flac,1988-07-16,-80.705063
2015-02-10 23:45:53,39,DE,1970-03-17T15:04:21,Scholtz,Africa/Khartoum,war.wav,1994-07-18,4.2230025
1995-04-28 11:40:07,45824,DE,2017-06-27T00:28:12,Bohnbach Bachmann e.V.,Europe/San_Marino,heute.flac,2015-05-11,89.4048305
1994-08-25 02:07:15,790594,DE,2001-06-18T03:48:19,Jüttner,Pacific/Apia,Schluss.mp4,1982-09-03,31.619200
1990-12-01 14:05:54,124154111,DE,2003-01-29T09:14:25,Baum,Africa/Djibouti,bis.mp3,1997-08-22,54.120664
2010-08-24 00:22:48,235868977,DE,2021-06-18T08:44:08,Gröttner GmbH & Co. KGaA,Africa/Lagos,traurig.mp4,2009-02-16,53.221555
2013-01-19 10:09:45,7,DE,1978-02-28T07:05:27,Jäkel AG,America/Managua,glücklich.xls,1998-08-18,18.4588125
2016-09-22 10:35:16,526,DE,2001-12-24T09:18:58,Börner,America/Guayaquil,ruhig.avi,1988-10-08,78.5416995
2015-12-06 03:52:34,584,DE,2016-10-31T16:33:48,Benthin AG & Co. KGaA,Africa/Cairo,für.gif,2018-07-11,79.1174455
2015-01-22 22:02:26,532219,DE,1985-10-27T12:27:54,Sorgatz Fiebig GmbH & Co. KG,Asia/Kuwait,Mama.flac,2020-07-14,80.1918375
2007-03-03 21:06:23,7,DE,2015-06-03T22:09:18,Albers KG,Europe/Malta,singen.flac,1998-01-18,46.1505385
1974-09-24 02:17:17,2053466,DE,2015-01-02T17:10:55,Putz,Europe/Berlin,sieht.js,1987-04-30,36.4260325
2000-05-06 07:07:42,893,DE,1985-07-12T00:52:55,Margraf Scholz AG,Asia/Bangkok,Sommer.pages,1996-03-21,-4.415225
1980-11-01 23:19:04,40602,DE,1979-11-02T16:17:13,Dippel Hellwig AG,Asia/Kuala_Lumpur,dich.json,2003-08-06,-2.616141
2014-09-11 22:20:57,7145,DE,2018-04-08T06:13:57,Killer e.V.,Asia/Phnom_Penh,warum.mp3,1973-03-24,71.0041835
1975-12-12 20:40:01,210,DE,2020-12-14T03:38:54,Schuchhardt,Europe/Vatican,fiel.css,2011-07-03,-28.610762
2009-05-11 22:01:29,20605457,DE,1994-01-08T21:33:48,Johann Stahr AG & Co. KG,Atlantic/Reykjavik,helfen.wav,2012-05-10,-53.5042495
1987-06-02 03:00:44,85104483,DE,2022-09-15T09:34:04,Junken GmbH,Africa/Bissau,leicht.html,2008-04-01,-85.808887
1971-09-16 00:08:49,39836954,DE,2019-11-30T17:33:34,Klemm GmbH,Asia/Colombo,Buch.mov,1972-01-05,4.091643
1978-03-28 19:36:00,441382272,DE,2016-05-11T19:00:25,Drubin,Africa/Niamey,um.flac,2015-03-06,66.555545
2016-06-18 04:55:56,273161930,DE,2021-01-14T09:31:14,Döhn Pieper GmbH & Co. KG,Asia/Damascus,Finger.css,2018-01-18,77.429972
2009-10-30 08:07:28,769,DE,2013-08-08T12:17:12,Wulff Pölitz GbR,Africa/Maseru,fahren.csv,1989-01-09,1.502708
1973-02-28 14:39:20,58689310,DE,2021-01-12T04:36:44,Fiebig,Europe/Prague,tief.numbers,1971-04-23,-46.955306
2021-06-29 13:47:17,231127162,DE,2002-03-02T19:20:46,Hentschel,Africa/Gaborone,Wagen.html,2010-11-06,-31.050540
1989-11-24 21:17:45,497536,DE,2007-07-06T11:02:47,Dietz,America/Guayaquil,Mutter.mp3,2010-12-27,-21.7359365
1978-03-19 00:55:11,175933,DE,1997-01-30T20:40:19,Grein Groth Martin AG & Co. KGaA,Asia/Thimphu,um.mp3,2013-03-28,-60.9509495
1999-02-19 23:43:53,915547643,DE,1975-02-09T20:05:59,Fliegner,America/Paramaribo,Mensch.jpeg,2010-02-12,-11.7637495
1983-08-13 05:54:29,100,DE,1971-08-11T09:25:18,Bien Häring GbR,Asia/Harbin,Straße.xlsx,1997-05-18,13.3396475
1994-07-28 01:31:42,976613270,DE,2015-08-28T08:15:22,Patberg,Africa/Bangui,heiß.wav,2005-06-27,74.1485095
2012-03-31 10:16:51,4344,DE,1981-12-04T17:16:12,Hänel AG & Co. KG,Asia/Saigon,Feuer.txt,1982-06-03,51.4321955
2006-05-24 20:27:10,446326727,DE,1983-05-14T19:10:09,Liebelt,Asia/Jerusalem,Spiel.pages,1994-06-20,18.751836
2012-12-16 17:07:53,660997400,DE,1984-06-04T11:13:55,Hermighausen,America/St_Vincent,in.jpg,1981-03-15,-34.6600795
1980-11-22 00:19:51,4216,DE,2011-12-27T20:38:01,Sorgatz Römer GmbH & Co. KG,Indian/Maldives,einmal.csv,1997-09-02,88.4317305
1991-01-30 12:23:34,6915,DE,2019-10-11T16:04:54,Karge KG,Europe/Paris,sehr.xlsx,2013-10-27,-21.176059
2012-01-31 11:29:33,87715552,DE,1993-02-12T11:37:47,Dippel AG & Co. OHG,Africa/Gaborone,den.bmp,2014-10-25,-23.1101145
1990-03-13 05:17:36,25458280,DE,2023-05-22T09:31:09,Gude Bolzmann AG & Co. KG,Asia/Dubai,Bauer.js,2003-11-30,-79.016978
1981-01-18 00:55:42,7072,DE,2005-04-22T02:57:30,Keudel Hamann AG,Africa/Khartoum,zusammen.odp,1993-11-11,-57.672791
2004-12-14 10:30:22,118861360,DE,2000-11-02T12:16:27,Thies AG,Asia/Saigon,doch.xlsx,1988-05-18,26.650927
1983-11-06 10:17:19,319,DE,1977-04-04T19:45:18,Reising Kaul GmbH & Co. OHG,Europe/Vienna,Schuh.csv,1988-12-06,24.127731
1986-01-14 05:01:09,72030502,DE,2019-02-11T08:49:21,Hartmann GbR,Europe/Istanbul,kochen.json,2014-09-17,51.822672
2001-06-27 10:05:25,1969246,DE,1982-04-02T20:12:45,Jäntsch Stiftung & Co. KGaA,America/Managua,wenn.mp4,1980-10-04,-78.6426825
2022-11-11 13:26:41,56867,DE,1985-04-24T02:34:25,Bärer,Asia/Beirut,frei.avi,1970-07-15,13.6445365
1971-02-06 10:20:23,662250632,DE,1996-05-21T00:34:32,Koch II Süßebier GmbH & Co. KG,America/Lima,damit.doc,2023-01-19,80.3726195
2009-12-15 22:18:10,54215,DE,1988-10-12T19:15:35,Trub,Europe/Podgorica,weg.css,1987-05-15,-0.859081
1996-07-27 14:19:03,240670,DE,2022-07-16T18:23:05,Schlosser AG & Co. KGaA,Asia/Hovd,sehr.mov,1980-05-02,-82.096895
1984-07-28 12:04:57,24,DE,1990-10-05T04:54:37,Sorgatz,Africa/Lusaka,Papa.js,1981-05-06,65.438476
2011-07-13 00:54:57,221695,DE,2014-05-17T09:35:40,Bolnbach Eimer GmbH & Co. OHG,America/Guatemala,Ding.mov,1990-08-08,8.1552615
1977-07-01 14:23:30,318924537,DE,1984-05-23T16:05:51,Eigenwillig,Pacific/Funafuti,verstehen.tiff,1974-08-03,-27.645226
2016-02-09 18:24:38,226366,DE,2019-06-25T11:59:20,Hellwig AG,Europe/Malta,erklären.css,1986-04-14,-45.469439
1982-07-14 02:50:29,789,DE,2005-11-26T14:19:22,Adolph KG,Europe/Amsterdam,davon.jpg,2004-04-29,-66.655563
2006-11-21 07:13:34,796993,DE,2008-07-18T08:04:56,Langern,Atlantic/Cape_Verde,am.tiff,2002-03-25,20.423412
1990-02-03 11:49:39,138,DE,2017-02-10T22:00:00,Gröttner,Asia/Bangkok,der.avi,1972-08-30,88.950659
1970-01-13 16:13:42,9048,DE,1989-08-11T05:03:06,Stahr GmbH & Co. KG,Africa/Cairo,Vater.mp4,2016-08-21,9.0318655
2004-07-25 00:14:26,4,DE,1975-05-28T17:21:57,Rust e.V.,Africa/Johannesburg,neu.mov,1976-06-03,-6.447280
2023-06-20 06:46:43,307,DE,1984-10-05T05:33:27,Salz OHG mbH,Asia/Muscat,sollen.mov,1978-05-14,-81.891813
1993-08-22 03:25:04,3044,DE,1995-08-29T16:30:51,Austermühle Hofmann KG,Asia/Baku,Wohnung.wav,2022-11-12,79.848785
1982-04-14 04:07:29,524417,DE,1995-12-19T18:04:47,Rädel KG,Europe/Dublin,sie.mp3,1998-07-08,41.003938
1975-01-12 16:06:22,55949,DE,1983-06-30T08:50:39,Schweitzer,Africa/Niamey,Blume.wav,2021-06-21,-8.270698
2010-05-16 06:49:30,705834035,DE,1970-11-12T11:45:38,Beckmann Oestrovsky Stiftung & Co. KGaA,Africa/Tunis,beim.odt,2009-10-22,1.4630665
1970-10-08 07:58:53,1532,DE,1988-07-05T10:41:43,Losekann,Australia/Broken_Hill,Blume.wav,2005-08-01,-89.3293065
2018-01-02 07:14:57,27,DE,1971-08-26T13:06:16,Ernst Schlosser Stiftung & Co. KGaA,Asia/Tehran,bin.xlsx,1972-08-13,-8.495603
1993-09-25 00:31:15,905610,DE,1985-10-08T10:51:14,Vollbrecht,Asia/Calcutta,Wissen.tiff,1988-03-13,48.036283
2002-08-27 13:18:56,391,DE,1972-08-15T17:08:36,Käster,Europe/Monaco,ruhig.wav,2000-05-23,71.9437235
2022-04-12 12:58:25,295902,DE,2012-04-01T14:41:25,Misicher Renner GbR,Asia/Nicosia,fiel.docx,2009-12-30,-54.043620
1975-07-21 06:29:17,2,DE,2016-04-20T13:17:52,Mühle Wernecke GmbH,Africa/Dakar,oft.mp3,1972-03-23,26.133127
1970-03-24 20:06:23,87111,DE,2006-10-15T03:52:41,Briemer Gehringer GmbH & Co. KG,Indian/Maldives,Geburtstag.webm,1996-05-13,47.8920515
2017-12-05 06:42:46,62,DE,2007-07-23T11:10:40,Budig,Asia/Kabul,ließ.mov,1996-08-27,86.1940895
2011-12-01 21:48:15,822,DE,1971-12-27T12:41:00,Becker AG & Co. KGaA,Africa/Accra,Mama.mp3,1986-01-20,-43.2766895
2015-07-27 08:41:15,41905573,DE,1970-06-14T17:03:34,Eberth,Africa/Algiers,wie.mp4,1976-11-15,2.7324085
1994-05-01 21:46:15,91252904,DE,1994-10-12T09:11:07,Löchel,Pacific/Efate,plötzlich.png,2002-05-04,-17.0841875
1995-09-26 02:51:20,484407,DE,2022-04-21T00:58:47,Freudenberger GmbH,Europe/Vaduz,beide.wav,2022-06-03,0.785304
1975-02-08 22:25:16,88906466,DE,1980-04-08T23:55:01,Blümel Wilms e.G.,America/Guatemala,über.numbers,1974-09-03,61.7917805
1981-08-09 23:51:33,9230704,DE,1975-04-25T03:29:20,Sauer,Europe/Istanbul,voll.flac,1978-05-19,28.1826265
2018-11-20 10:55:48,40672068,DE,2014-06-19T20:36:39,Bolzmann Klemm e.V.,Europe/Oslo,denn.gif,2002-06-03,69.7150635
1991-11-17 22:24:08,487,DE,1995-03-14T18:27:33,Hermann KGaA,Asia/Tokyo,auf.flac,1997-03-02,-42.4051125
2015-08-20 06:52:49,356,DE,1978-02-04T15:21:16,Weinhage,Asia/Bishkek,Seite.jpg,2006-10-16,-32.445915
2013-01-24 07:51:39,8827,DE,2020-08-11T09:46:23,Rörricht Ruppert GmbH,Africa/Accra,so.flac,2011-03-26,-15.5836975
2021-12-26 10:31:26,259487,DE,1985-02-01T06:25:31,Hermann Scheuermann GbR,America/Montevideo,fehlen.png,2015-07-10,55.6799575
1984-05-15 18:52:10,12,DE,1982-09-05T13:52:09,Heintze,Asia/Manila,anfangen.avi,2009-02-11,0.606149
2008-04-23 15:07:51,19929208,DE,1985-01-25T10:45:32,Harloff Pölitz KG,America/Goose_Bay,Sohn.gif,1996-04-09,-33.3410045
2000-01-13 06:22:49,28879,DE,2005-05-13T00:07:56,Jessel,Indian/Mahe,Klasse.webm,2001-07-30,-50.4521055
1981-05-26 10:28:22,3238024,DE,1981-02-23T22:38:47,Hövel Pärtzelt KG,America/Tegucigalpa,Stelle.avi,1983-10-31,12.6058915
2009-02-18 21:39:39,7663400,DE,1998-11-10T16:40:53,Klotz,Asia/Pontianak,sieht.pptx,1996-06-30,-8.6549715
1990-06-24 23:26:25,71,DE,1986-03-20T23:22:47,Mohaupt,Europe/Warsaw,essen.jpg,1970-11-12,-35.8499985
2008-09-16 16:12:56,6280,DE,2012-09-19T10:38:10,Baum GbR,Asia/Nicosia,Arzt.flac,1987-03-05,-68.9595725
2000-01-07 22:38:17,6644,DE,2003-07-15T10:54:40,Trüb AG,Asia/Vientiane,holen.txt,1977-06-03,-70.6978995
2003-12-31 20:43:50,643,DE,1995-09-14T01:55:04,Killer Thies GmbH,Africa/Tunis,Fußball.json,1976-05-03,-66.9109695
1986-12-05 06:57:23,71406,DE,1973-10-05T15:26:38,Striebitz Röhrdanz e.G.,Pacific/Majuro,allein.bmp,1984-11-26,49.225346
2023-03-22 04:58:26,6,DE,2003-09-07T13:06:40,Christoph,Europe/Luxembourg,brauchen.wav,1983-09-05,21.014130
2009-12-07 18:20:14,533546,DE,1977-03-25T18:11:25,Rörricht,America/Managua,Hunger.webm,1985-12-05,78.650464
2012-05-06 01:37:07,95355,DE,2014-06-23T02:46:09,Albers Ackermann GmbH & Co. OHG,Asia/Karachi,warm.wav,2020-01-03,77.8203455
2009-04-12 22:35:38,774211,DE,2022-01-01T00:15:41,Henck Heinz GmbH & Co. KG,Indian/Maldives,rot.csv,1974-03-08,36.528129
1999-12-07 08:52:46,362873,DE,1985-01-07T10:07:24,Pölitz AG,Africa/Asmera,doch.pages,1980-01-19,11.424868
2022-10-25 13:31:05,4,DE,2012-09-09T05:03:09,Ritter GmbH & Co. KG,Asia/Bahrain,dumm.flac,1980-05-30,60.277608
1985-03-21 20:04:22,4543,DE,2007-04-21T20:55:56,Bachmann Rädel GbR,Africa/Nouakchott,Tür.csv,1988-11-02,-88.022562
2018-01-13 18:10:55,46,DE,2004-02-05T00:38:25,Gerlach GmbH,Asia/Saigon,Welt.numbers,1986-01-09,74.780831
1976-11-09 11:35:04,28464305,DE,1986-07-09T20:33:32,Weimer Dowerg AG & Co. KG,America/Guayaquil,erschrecken.jpg,1995-11-01,89.677364
1984-09-12 07:29:21,870672,DE,1990-06-29T03:21:45,Kühnert Schacht Stiftung & Co. KG,America/El_Salvador,selbst.pdf,2021-03-18,42.733369
1987-03-28 12:29:20,77660,DE,1981-03-12T23:11:46,Dobes GbR,Europe/Amsterdam,kann.csv,2004-04-07,-63.8169595
1991-12-17 07:01:51,846,DE,1980-10-13T18:15:25,Bender,Africa/Libreville,kennen.json,1997-01-21,23.091677
2013-10-08 12:22:51,6340407,DE,1981-10-20T01:22:14,Stumpf,Africa/Banjul,Rad.bmp,1989-05-16,80.8670385
1999-02-25 14:44:06,897,DE,2020-07-21T06:44:32,Junk Lachmann GbR,Europe/Sarajevo,nass.numbers,1973-10-14,56.414620
2005-05-26 08:20:53,207599237,DE,1973-03-22T15:32:19,Wohlgemut,Pacific/Funafuti,Ferien.flac,1976-04-12,-40.7646105
2017-08-27 05:19:58,4899887,DE,2009-10-17T07:42:24,Schulz GmbH & Co. KG,Europe/Monaco,nah.html,1995-09-16,-61.806981
2018-03-17 06:23:57,69214246,DE,1989-12-01T22:43:20,Dussen van Drubin GmbH & Co. OHG,Asia/Seoul,freuen.png,1971-08-10,39.0409285
1971-09-16 09:28:21,4,DE,1993-02-02T10:48:19,Koch II,Asia/Tbilisi,Musik.txt,1995-01-13,-50.0550385
1983-09-25 02:28:50,750748,DE,1983-05-13T15:23:32,Röhrdanz Haering GmbH & Co. KG,America/Asuncion,jeder.png,1972-09-16,-6.7934815
1998-05-20 07:52:07,7875,DE,1981-10-08T19:33:49,Scheibe Gunpf GmbH,Africa/Ouagadougou,möglich.bmp,2010-12-04,48.442751
1980-10-02 06:33:08,75,DE,2009-04-25T06:24:50,Stadelmann Kambs GbR,Europe/Sofia,wahr.mov,1990-10-14,-52.082494
2017-06-07 02:58:39,81262709,DE,2014-09-01T21:20:47,Döring GmbH,America/El_Salvador,einige.pdf,2002-02-13,71.7170615
2002-12-31 11:43:03,882024,DE,1973-05-18T08:02:02,Roskoth,Asia/Pyongyang,müssen.webm,1974-10-04,-50.426141
1995-11-22 03:02:04,875,DE,1973-07-18T01:24:48,Hornig,Europe/Stockholm,damit.numbers,2005-03-06,60.221542
2015-05-21 13:13:14,520477,DE,2005-07-26T05:34:13,Bähr e.G.,America/Managua,sieben.html,1985-04-11,-64.246300
1972-08-24 20:29:28,0,DE,1989-11-11T21:40:26,Preiß Nette AG,America/El_Salvador,singen.gif,1990-09-28,-76.325211
1977-02-02 18:53:40,94569,DE,2005-01-06T13:28:00,Käster,Asia/Chongqing,jeder.html,2005-02-17,-23.402362
2020-01-20 12:54:34,24517,DE,2023-02-12T10:36:41,Weihmann Ebert GmbH & Co. KG,Africa/Asmera,ließ.mov,2020-04-10,40.1506565
1981-07-23 23:14:08,7487,DE,1993-12-02T11:10:10,Salz Matthäi e.G.,Australia/Broken_Hill,erschrecken.html,2007-09-01,-58.294648
2014-01-16 18:37:25,78696,DE,2005-07-31T09:03:38,Hauffer GbR,Africa/Kinshasa,warten.pdf,1981-04-28,-8.6062885
2010-06-05 13:09:24,486,DE,1985-01-20T15:05:17,Rosemann,Africa/Kinshasa,Küche.mov,2002-08-27,-31.6133055
1975-09-03 02:39:34,176,DE,2022-08-07T14:18:00,Metz e.G.,Europe/Belgrade,dein.jpeg,1976-05-28,-12.0858305
1985-06-25 15:09:31,7446463,DE,2014-04-23T03:54:05,Römer GmbH,Europe/Luxembourg,Zeitung.csv,1975-08-04,82.8306425
2012-06-03 20:56:21,679,DE,1984-07-31T21:06:23,Sager AG,America/Winnipeg,Sache.avi,1993-09-03,-61.7174955
2022-07-26 19:22:56,881406222,DE,2001-06-17T03:05:50,Stey e.G.,Pacific/Chatham,brauchen.webm,2007-11-26,-6.155666
2004-04-15 18:36:50,72668100,DE,1993-05-26T02:19:12,Henck e.G.,Europe/Bucharest,glauben.docx,2020-11-12,52.4868895
1996-01-01 17:55:36,155,DE,1979-05-30T21:23:32,Hornig,Pacific/Kosrae,Hilfe.flac,1995-12-26,-13.9702445
1978-08-21 01:52:25,748,DE,2016-03-29T18:29:51,Biggen KG,Asia/Dubai,oder.gif,2021-11-15,-25.5721495
2012-06-30 04:39:26,271,DE,2007-03-18T18:29:42,Klingelhöfer,Asia/Manila,zwei.numbers,2005-08-12,-48.7214135
2011-11-09 15:34:54,1260,DE,1984-10-17T19:09:46,Schmiedecke GmbH,America/Tegucigalpa,auf.pptx,1984-04-17,-50.996527
2005-09-16 04:46:39,795979,DE,2006-12-15T06:40:38,Wiek,Africa/Monrovia,überall.flac,2003-12-25,67.0230225
1975-07-21 22:02:17,358681166,DE,1998-03-07T21:46:01,Mans,Africa/Accra,heraus.mov,2008-06-03,41.699539
2004-12-26 06:28:06,509,DE,1993-09-12T15:04:25,Schmidt Faust AG,Africa/Maseru,nein.flac,2007-03-23,-48.5496645
1991-09-08 00:29:39,65819,DE,2022-10-24T08:31:51,Ruppert KGaA,Indian/Mahe,Stelle.jpeg,2010-10-22,60.0207555
1981-06-02 02:14:08,0,DE,2009-03-03T19:47:27,Rosemann Wesack AG & Co. KG,Europe/Rome,Maus.css,2003-03-20,-24.753838
1976-07-20 12:29:46,723,DE,1976-12-23T12:16:13,Ladeck,Africa/Tunis,setzen.mov,1977-01-13,-36.2481575
2021-11-16 10:23:15,3304,DE,1991-12-21T23:49:08,Dörschner Mentzel AG,Europe/San_Marino,Kind.pptx,1996-09-07,30.3953915
2007-05-06 22:32:49,38,DE,1976-12-05T06:06:29,Schenk,Asia/Gaza,damit.tiff,2001-07-24,38.8454955
1987-12-10 05:00:12,39663835,DE,2009-11-14T08:39:43,Hofmann AG,Europe/Paris,blau.csv,2010-12-11,-82.1958795
1986-02-06 00:56:27,659591,DE,1998-01-08T13:01:17,Sontag GmbH & Co. OHG,America/Belize,spielen.jpeg,2005-10-25,42.0093705
1997-01-09 05:54:32,965063026,DE,1988-10-23T23:46:59,Trubin AG & Co. KGaA,America/Port_of_Spain,Wissen.png,2002-03-06,56.034361
1981-04-08 20:44:16,5779783,DE,2023-02-11T03:16:53,Scheibe AG & Co. OHG,Africa/Algiers,leben.html,1975-12-19,-52.5076795
2022-10-12 17:12:57,57,DE,1975-06-08T11:54:57,Döhn,Europe/Oslo,erklären.mp3,1976-11-17,-57.1725525
2017-01-19 17:50:33,6134566,DE,2006-03-18T21:43:23,Seidel Thanel GmbH,Africa/Lome,Kopf.jpeg,2017-12-04,-37.3711555
1988-02-14 07:28:00,28669,DE,2009-03-27T08:51:37,Börner AG,Europe/Lisbon,Bild.css,1987-04-05,82.034965
2002-07-14 16:51:09,698,DE,1992-03-25T10:32:25,Lehmann,America/La_Paz,oft.xls,2015-11-28,-38.652002
1976-01-24 17:38:32,73138070,DE,2004-02-12T05:10:11,Gertz AG,Europe/Oslo,vergessen.xls,1983-01-03,-2.943242
2021-03-10 16:24:47,19842,DE,2013-12-05T09:08:23,Hermann Ortmann GmbH,Africa/Bangui,bis.jpg,1993-01-31,-72.1407855
1991-07-07 11:51:55,31,DE,1982-03-14T18:34:42,Eberth Ditschlerin GmbH,Pacific/Nauru,und.odt,1991-10-01,-44.026976
1995-10-03 06:24:06,5429,DE,1983-07-15T09:51:53,Seip e.G.,Asia/Amman,nehmen.xlsx,1975-08-04,30.7799265
2007-05-18 06:32:26,6,DE,2007-01-25T11:17:52,Heydrich Pohl AG,Indian/Comoro,stark.xlsx,2023-04-10,-41.996235
2000-08-06 06:16:07,69702713,DE,2016-12-08T14:33:11,Krein KGaA,Africa/Bamako,Stück.gif,1980-04-18,-77.3574565
2015-01-22 02:01:07,2,DE,1999-01-09T20:35:04,Gumprich GmbH & Co. KG,Asia/Gaza,Freude.webm,1972-08-25,67.647059
1986-03-31 04:58:05,434044,DE,1973-07-31T11:02:03,Jäntsch,Asia/Calcutta,so.pages,2023-01-02,-27.036706
2022-09-08 08:15:48,76009803,DE,1978-12-09T23:44:33,Lindau GmbH,America/Port_of_Spain,Zimmer.avi,2018-05-19,35.038154
2009-03-20 13:52:16,58234110,DE,2022-10-07T09:12:16,Möchlichen,Asia/Beirut,danach.wav,2012-04-18,-78.719058
1987-05-25 02:58:56,518041385,DE,1986-03-28T14:32:28,Kusch,Pacific/Port_Moresby,neu.json,1990-06-02,-71.1411925
2005-11-22 14:31:31,55,DE,1999-07-31T21:48:12,Dietz e.V.,Africa/Harare,bauen.webm,2013-06-19,29.4177995
2020-12-19 04:00:36,691923220,DE,1977-08-25T08:20:03,Paffrath GmbH,Asia/Yerevan,fröhlich.numbers,1985-03-09,-44.398672
2015-04-10 14:07:09,8882558,DE,2015-05-31T13:34:34,Speer AG,Europe/Zurich,Weg.jpeg,1982-11-29,-89.2254165
1987-01-28 01:30:42,857983,DE,1988-07-22T20:58:23,Jähn Reinhardt GmbH,America/Guatemala,Wasser.webm,2002-12-20,52.6635125
2013-08-16 13:52:04,3,DE,1986-01-11T00:59:59,Losekann Cichorius GmbH,Africa/Algiers,machen.mov,1983-08-05,-21.166540
1975-04-08 13:12:23,821,DE,1974-12-20T13:19:00,Junitz Kreusel AG & Co. KGaA,Asia/Kuching,weg.tiff,1979-04-13,32.136983
1976-01-03 16:53:23,15885,DE,1986-05-30T23:57:12,Stiffel AG & Co. KGaA,Asia/Vientiane,schreien.xls,2001-08-13,-67.651253
1977-04-04 18:38:50,3,DE,2018-07-22T15:34:24,Wernecke Hörle e.G.,Europe/Samara,fehlen.js,1990-05-27,65.647739
1992-02-15 00:38:41,46254,DE,1985-05-02T11:15:32,Klotz,Europe/Belgrade,davon.gif,2015-12-04,-36.5535665
2012-02-26 06:39:47,3464719,DE,1972-05-29T06:27:30,Losekann Langern KG,America/Belize,braun.pdf,2008-09-14,-66.730946
1972-05-16 06:26:05,9259794,DE,2005-02-12T16:22:27,Beier GmbH,Pacific/Funafuti,bei.avi,1977-08-30,-24.572133
1993-04-02 15:28:48,8014,DE,1981-10-16T14:47:18,Jacobi Jäckel GbR,Europe/Zagreb,für.mp3,1999-05-01,-70.9064055
1990-05-28 23:19:11,97632,DE,1995-10-05T14:29:22,Schinke Schäfer GbR,Europe/Bratislava,gestern.js,1998-07-17,-81.1325155
1982-02-12 19:52:58,463559685,DE,1991-11-24T23:17:12,Holt AG & Co. KG,Asia/Phnom_Penh,sein.tiff,1980-01-31,-3.555310
1979-11-16 17:22:30,8,DE,2014-10-13T05:26:13,Hölzenbecher GmbH & Co. KG,Europe/Skopje,trinken.mp3,1970-02-18,89.237332
2022-02-13 02:06:37,898,DE,1972-10-02T06:27:01,Hecker,Asia/Samarkand,darauf.json,2005-12-27,-10.225262
1976-07-15 19:40:57,435703296,DE,2008-05-10T14:38:33,Zorbach AG,America/Costa_Rica,nie.css,2015-03-08,-59.7307255
1986-06-11 23:10:16,284,DE,1981-04-16T00:26:52,Hoffmann GmbH,Africa/Sao_Tome,leben.wav,2002-04-03,-61.311734
2019-12-07 21:55:42,492512,DE,1972-11-19T21:47:34,Warmer Lindau AG & Co. KGaA,Asia/Jerusalem,vor.tiff,1993-07-15,75.124787
2022-04-30 00:51:56,7,DE,1997-02-09T06:12:14,Vogt,America/Montevideo,drei.pptx,1984-07-29,2.620586
1999-03-14 17:12:46,453144669,DE,1977-12-17T06:57:18,Koch Franke AG & Co. KG,Europe/Minsk,dich.bmp,1993-08-20,-82.821819
1997-10-06 04:58:56,293,DE,1970-08-27T20:53:01,Gorlitz,Europe/Paris,Glück.png,1999-04-05,-55.4186575
1983-10-19 17:49:03,7,DE,2021-06-01T21:40:01,Etzold Weinhold AG,Africa/Dakar,hinter.txt,2008-07-19,51.2237355
2019-07-01 22:51:29,44267133,DE,2006-03-17T21:58:08,Geisel AG,Asia/Thimphu,Weihnachten.js,1989-07-28,17.513763
1998-10-03 15:10:22,923385716,DE,1991-11-25T10:27:02,Müller Schönland GmbH,Europe/Copenhagen,Gott.mp4,1995-03-19,25.0476095
2017-06-14 14:38:52,4376,DE,1983-06-22T13:19:54,Dobes e.G.,Africa/Lagos,mehr.avi,1975-01-15,-59.0918905
2004-05-13 19:40:46,2,DE,2012-02-17T22:38:46,Schleich Wieloch AG,America/El_Salvador,es.mov,2004-04-12,-34.139569
1977-08-15 02:56:13,881777,DE,2022-08-16T10:59:31,Hölzenbecher AG & Co. KG,Africa/Abidjan,werden.jpeg,2016-12-07,60.867648
1982-12-21 04:58:35,18,DE,1970-06-05T14:17:27,Finke AG,Asia/Yerevan,ab.bmp,2018-06-05,-65.084926
1987-09-17 16:00:29,239196395,DE,1981-08-10T17:58:40,Heß e.G.,America/El_Salvador,davon.js,1988-01-31,19.5338225
2010-04-27 00:19:39,337511,DE,2007-08-17T17:40:52,Tröst GmbH,Pacific/Ponape,tief.avi,2000-08-05,3.6665985
2012-03-10 02:30:25,18531386,DE,2018-03-05T22:39:22,Freudenberger Cichorius AG,Europe/Rome,drei.mp3,2013-05-02,88.5467705
1981-08-19 03:19:49,197,DE,2014-04-12T01:08:17,Bonbach Löwer AG,Asia/Amman,Haus.xlsx,1973-01-24,57.665762
2011-05-27 06:56:04,189,DE,2016-11-16T07:40:54,Kreusel,Asia/Nicosia,fast.txt,1973-06-09,-69.1207005
2016-12-09 20:21:26,89626793,DE,2020-10-24T00:50:49,Jäkel Hövel GmbH,Asia/Calcutta,nie.png,1982-04-06,40.798628
2010-04-17 19:53:06,89684552,DE,1990-03-03T13:44:02,Schleich AG & Co. KGaA,Africa/Banjul,Eis.html,1977-09-27,-73.619415
1971-04-16 23:12:14,51,DE,1991-08-17T05:54:20,Hölzenbecher Scholl AG,America/Belize,hat.key,1972-03-11,-47.7986925
2017-12-25 12:27:44,37,DE,1984-11-12T22:46:58,Hettner Warmer KG,Africa/Kigali,Stunde.jpg,2003-10-24,-75.510140
2014-01-30 21:12:22,2,DE,1991-04-13T04:48:58,Heß,Africa/Conakry,Katze.avi,1982-02-18,-68.1590665
2016-09-03 13:09:28,6192533,DE,1995-06-23T18:25:13,Bohlander,Asia/Bangkok,natürlich.jpeg,2004-08-07,-44.4177325
2001-06-05 10:52:49,79263778,DE,1975-09-22T01:23:20,Kühnert,Atlantic/Canary,Gott.flac,1981-04-19,-13.309281
2008-03-27 01:36:53,263,DE,2017-07-26T03:09:34,Börner OHG mbH,Africa/Freetown,ich.wav,1977-03-31,86.306978
1978-05-05 07:52:52,4626679,DE,2008-04-30T13:28:16,Schulz GmbH,Asia/Qatar,neu.mp3,1979-02-17,-62.386900
1989-04-29 22:29:36,8,DE,1998-04-06T04:14:33,Martin,Asia/Riyadh,wirklich.txt,2007-03-02,-39.362615
1974-06-01 06:04:21,9,DE,1992-08-15T11:13:24,Ullrich Bonbach KG,Africa/Addis_Ababa,so.mp3,1980-03-04,-50.763475
2014-05-11 20:00:57,395431972,DE,1995-06-12T11:00:58,Reising Franke GmbH & Co. KG,Asia/Tbilisi,sofort.key,1978-01-21,56.6864435
1980-12-19 08:30:52,587297,DE,1984-05-22T06:13:14,Rose Stiftung & Co. KG,Europe/Andorra,sagen.xlsx,2007-11-15,22.0783265
1992-06-24 08:23:47,98507,DE,2004-11-27T09:11:38,Ritter,Africa/Brazzaville,kann.flac,1980-09-17,-5.802781
1971-01-19 18:50:06,754089,DE,1971-09-13T02:49:11,Kitzmann GmbH & Co. KG,America/Jamaica,um.wav,1989-04-01,-37.8211915
2004-07-04 18:00:55,159585685,DE,1973-03-16T01:28:51,Seidel Bolander AG,Africa/Cairo,gefährlich.mp3,2005-08-06,-87.958094
1970-04-30 03:20:45,8388,DE,2004-02-04T04:44:41,Gnatz,Asia/Vientiane,kann.numbers,1976-06-27,-9.7647375
2019-05-27 17:41:44,364031460,DE,1992-11-27T14:13:03,Baum,Europe/Paris,Wetter.mp4,1998-04-28,13.3304035
2019-03-03 01:47:07,9270,DE,2009-04-13T03:41:13,Ortmann KG,Pacific/Palau,deshalb.jpeg,1985-12-07,-37.095479
2018-10-02 11:49:17,80621,DE,1972-05-20T12:29:21,Hering AG,Indian/Comoro,schaffen.tiff,2003-12-15,-18.7668515
2000-07-12 14:47:25,88,DE,1988-11-08T03:38:16,Rosemann Bien GmbH & Co. OHG,Europe/Tirane,sehr.docx,1996-12-18,-40.965515
2021-06-13 10:34:56,77782,DE,2017-04-27T14:32:33,Hornig Bender GbR,Indian/Comoro,früher.docx,2017-09-18,40.842920
1983-05-02 20:40:02,53,DE,2017-07-07T15:23:48,Haering,America/Toronto,Haare.bmp,1974-10-07,40.4183475
1972-04-17 21:29:00,8719835,DE,1996-06-26T06:44:41,Zahn GmbH,Africa/Bamako,sitzen.png,2014-12-26,-86.600269
1991-08-23 04:00:38,729187954,DE,2011-02-06T23:13:38,Lehmann,Pacific/Nauru,Schluss.png,1987-11-03,80.4493495
1971-01-02 09:43:34,12648128,DE,1981-10-30T08:09:00,Junk Hornich Stiftung & Co. KGaA,Europe/Istanbul,nämlich.mp4,1978-07-29,-49.7821015
2020-01-15 19:17:30,9747398,DE,1980-04-08T21:14:40,Plath Preiß GbR,Africa/Lagos,wünschen.bmp,1990-07-11,50.570554
2009-07-30 09:52:35,9115492,DE,1994-07-06T08:22:54,Pölitz,America/Belize,richtig.flac,1971-03-22,-42.0998875
1987-07-17 17:07:25,30221,DE,2002-05-22T10:10:01,Steinberg,Europe/Kiev,Geschenk.wav,1979-01-08,24.7565655
2017-10-06 22:48:19,713350348,DE,2021-12-15T10:36:20,Tintzmann Lübs GmbH & Co. KG,Asia/Pyongyang,zwei.mp4,1989-02-25,44.625726
1993-10-30 07:59:15,43690115,DE,1975-08-18T23:49:42,Weitzel Schleich GmbH,Atlantic/Reykjavik,schaffen.pages,2000-04-04,31.8246365
1995-12-27 15:13:19,118512622,DE,1998-01-19T19:12:11,Junk GmbH,Europe/Ljubljana,Freude.pptx,2001-10-04,-22.0020145
2007-12-07 20:35:45,711589,DE,1988-11-02T09:28:50,Wilms,Europe/Podgorica,einigen.gif,2005-06-11,-24.5399585
2001-12-31 18:16:55,555995,DE,1995-01-17T03:12:34,Ruppersberger,Asia/Baku,fünf.png,1979-05-13,-84.6160555
1979-11-14 19:12:51,1704,DE,2004-09-28T03:34:23,Mälzer,Europe/Riga,sonst.csv,1980-03-24,83.7088325
2018-10-13 09:30:18,0,DE,2019-01-19T23:50:22,Hendriks AG & Co. OHG,America/Belize,um.numbers,1986-01-24,66.033574
1980-02-19 06:20:57,434966,DE,2018-11-14T04:56:29,Briemer Paffrath GmbH & Co. KGaA,Europe/San_Marino,ging.flac,2003-05-22,57.298294
1987-11-12 02:18:12,8922385,DE,2015-05-16T04:47:31,Becker,Asia/Phnom_Penh,Licht.webm,1997-06-12,-32.960386
1998-09-09 06:17:36,293,DE,2013-09-09T19:07:11,Kruschwitz,Europe/Warsaw,machen.numbers,1977-10-04,38.9879415
1980-08-17 22:03:54,936842,DE,2003-01-08T05:44:08,Kusch Bohnbach GmbH,Europe/Zagreb,Seite.html,2006-04-28,69.516933
1974-03-26 18:06:44,852537,DE,2010-12-23T15:06:18,Stahr AG,America/Panama,Wissen.jpg,1983-12-10,-32.608374
1997-05-27 14:47:44,7043369,DE,1998-06-04T04:58:19,Jopich,Africa/Sao_Tome,nach.mp3,1996-02-06,-74.2845945
1981-07-14 20:07:02,7730297,DE,2012-01-06T03:08:42,Krebs,America/Panama,Mann.avi,1997-11-04,-45.885659
2000-01-31 20:13:47,55,DE,1986-11-18T09:33:05,Birnbaum Ullrich KG,America/Managua,Hilfe.avi,1985-09-19,-39.4453485
1972-08-08 14:44:57,61,DE,2000-07-13T19:32:20,Freudenberger Eberhardt GmbH,Africa/Bissau,schlafen.wav,2005-12-08,11.8206845
2023-04-18 15:12:46,262771,DE,1988-06-27T06:40:29,Faust,Atlantic/Canary,dir.html,2007-11-04,7.6240675
2001-03-27 09:16:53,435652,DE,2019-07-12T01:37:09,Jüttner,America/Tegucigalpa,blau.flac,1990-09-04,-72.206257
1988-08-03 04:04:36,100065,DE,2005-05-10T16:53:35,Putz,Pacific/Efate,da.jpeg,1985-07-14,-86.538365
2016-07-08 23:50:52,921851899,DE,2006-09-06T08:53:18,Schmidt,Europe/Paris,Spiel.bmp,1982-09-15,27.130123
1994-07-22 16:02:29,88,DE,2017-08-06T06:07:28,Walter e.G.,Europe/Zurich,nichts.tiff,2006-02-11,-0.583687
2015-10-15 13:35:04,40170035,DE,1999-05-07T10:00:40,Liebelt,Asia/Manila,rufen.docx,1977-08-13,55.734309
1991-02-06 23:19:48,69352,DE,1973-02-17T08:40:48,Hermighausen Hahn GmbH & Co. KG,Asia/Pontianak,denn.xls,1994-12-27,31.160072
1990-11-09 08:49:18,354825444,DE,1989-11-02T20:22:41,Mohaupt GmbH,Europe/Paris,damit.mov,2008-03-09,31.765498
1991-03-22 03:07:43,9,DE,2023-02-09T10:13:20,Junken,Europe/Monaco,Stück.numbers,1974-08-15,7.9605555
1974-05-17 09:44:20,3831,DE,2003-02-08T03:26:30,Junck Hellwig GmbH & Co. KG,Europe/Warsaw,grün.mp3,2008-11-22,63.301208
2003-11-12 12:42:34,74,DE,1991-05-27T02:55:28,Ackermann AG,Africa/Johannesburg,Tag.webm,2016-12-22,57.9889605
2007-07-09 14:30:02,48898699,DE,1995-03-09T05:47:59,Wilmsen GmbH,Africa/Johannesburg,gleich.jpeg,1986-03-17,-22.481601
2017-09-04 20:41:40,31591761,DE,1972-10-12T10:39:24,Beer,America/Bogota,wo.doc,1974-03-16,89.1039445
1999-10-06 23:24:16,85,DE,1979-10-11T06:55:51,Zobel KG,Europe/Helsinki,Ferien.html,1998-01-02,-60.302368
2013-09-22 19:12:12,855,DE,2001-12-13T19:31:04,Weimer GmbH & Co. KG,Africa/Lome,dumm.js,2006-08-14,-42.713794
1974-04-09 17:47:31,6877796,DE,1992-06-24T16:31:32,Trupp,Europe/Skopje,schreiben.json,1996-05-01,-65.476383
1985-08-17 07:31:43,2958280,DE,1993-10-15T09:50:31,Weinhage AG & Co. KGaA,America/Jamaica,Lehrerin.odt,1993-10-11,-67.8665935
1997-04-21 00:44:25,284,DE,1987-09-18T18:48:28,Scholl GmbH,Asia/Oral,noch.jpeg,1997-06-29,68.0206205
1972-12-13 02:44:48,4,DE,1975-05-05T13:48:01,Winkler,Asia/Colombo,Arbeit.pptx,2015-07-05,-7.414028
2013-11-13 14:28:13,1462,DE,1988-04-19T11:56:44,Rudolph,Africa/Bamako,dauern.pdf,1975-01-10,78.284310
2014-03-09 07:38:59,2,DE,2008-03-09T11:47:14,Reuter Löchel GbR,Africa/Porto-Novo,Fahrrad.mp4,2019-09-05,-89.6379725
2016-12-10 13:13:10,4073,DE,1982-12-31T04:46:42,Hermighausen Hartung GmbH & Co. KG,America/St_Vincent,tragen.gif,1982-03-28,64.521476
2018-08-27 20:50:10,128174,DE,2006-07-19T17:33:47,Spieß,Europe/Istanbul,halbe.wav,2019-11-02,27.514338
1975-01-28 11:42:52,73120,DE,2012-11-01T04:40:01,Wilms AG & Co. OHG,Africa/Abidjan,zur.js,1975-09-21,-49.2443535
1992-06-12 16:23:30,148807,DE,2016-07-29T07:48:41,Rohleder,Asia/Qyzylorda,bekommen.wav,2014-11-01,53.432492
1982-12-01 05:03:51,47,DE,2003-02-07T09:46:50,Neuschäfer,America/Tegucigalpa,mein.mp4,2022-05-18,-46.1192485
1981-11-10 01:54:48,37429,DE,2015-05-08T18:49:10,Ruppert Holsten AG & Co. OHG,Asia/Harbin,fragen.mp3,1971-08-09,56.313276
2004-08-17 08:31:33,5806278,DE,1988-09-19T12:16:06,Boucsein Mielcarek AG,Europe/San_Marino,schlagen.webm,2018-06-02,-10.787376
2006-06-09 07:04:05,224073534,DE,1990-02-01T08:29:33,Karge KGaA,Indian/Antananarivo,reiten.wav,2021-05-12,-43.370031
1985-10-29 00:30:05,8,DE,2023-06-29T17:13:55,Wirth,Asia/Dhaka,traurig.avi,1979-05-07,85.2633485
1995-04-22 09:38:34,6,DE,1993-02-13T23:23:40,Röhrdanz Keudel GbR,Africa/Tunis,sonst.jpeg,2002-11-29,-15.862008
2006-10-12 07:26:55,84082,DE,2004-10-27T21:12:42,Wohlgemut GmbH,America/Manaus,spielen.xlsx,1971-05-05,31.880690
1993-06-21 08:54:05,7,DE,1986-09-20T05:38:46,Jacob KGaA,Africa/Djibouti,gleich.key,2022-08-31,-9.6522225
1978-01-05 12:02:51,744315443,DE,1971-12-20T00:17:37,van der Dussen Gotthard GmbH,Atlantic/Cape_Verde,klein.odp,2005-02-02,41.6036885
1983-05-15 06:10:47,46,DE,2020-08-10T03:56:30,Beer,Africa/Lome,Spiel.avi,1993-11-01,-39.1081085
1991-08-05 17:46:22,0,DE,1994-03-16T11:06:48,Ritter GmbH,Europe/Luxembourg,warten.pdf,1997-01-28,72.463238
2021-02-10 04:07:46,55488747,DE,2005-12-07T13:03:08,Sager AG & Co. KG,Asia/Kabul,was.html,2000-07-27,6.496304
1980-04-21 20:38:35,792662260,DE,1996-12-01T17:59:00,Häring AG & Co. KGaA,America/Lima,wieder.gif,1980-05-31,-32.835254
1994-05-29 01:23:06,42018787,DE,1986-01-03T07:41:23,Schacht Haering KG,Asia/Dhaka,Freude.png,2015-04-21,-33.748617
2014-08-02 05:32:33,95381049,DE,1980-08-01T02:33:27,Drubin Oderwald AG & Co. KG,Atlantic/Cape_Verde,Wagen.js,2022-10-18,-27.213510
2008-11-10 05:47:34,8,DE,1997-12-19T10:15:42,Meyer GmbH,Africa/Blantyre,essen.ppt,2021-02-26,-82.4342995
2000-12-29 14:39:22,97,DE,2020-10-08T10:56:43,Caspar,Africa/Cairo,hängen.flac,1994-11-21,77.618473
2002-08-13 09:29:27,425,DE,2021-05-10T13:52:58,Austermühle AG,Asia/Dubai,hier.avi,1999-12-25,-35.7511845
2012-01-22 22:30:07,47607262,DE,1994-04-03T04:41:08,Herrmann,Europe/Vienna,also.wav,2012-09-02,-37.169451
2005-05-07 21:38:20,9662,DE,1972-11-06T16:28:17,Klemm,Europe/Sofia,schlagen.webm,1998-04-26,-54.626135
1996-04-08 08:19:25,702973713,DE,2002-03-20T08:11:19,Gröttner,Atlantic/Reykjavik,steigen.png,1996-11-25,-73.0100515
2010-04-08 04:55:05,5720,DE,1987-06-05T11:52:20,Jäntsch Förster GmbH & Co. OHG,Africa/Tripoli,Sohn.css,2003-03-21,-82.874974
1999-09-01 02:15:30,4755,DE,2003-09-27T15:34:14,Stumpf Jähn AG,Europe/Paris,deshalb.avi,2017-02-10,-1.349262
1971-07-06 19:11:06,980,DE,2020-07-21T05:40:20,Kühnert,Asia/Katmandu,dauern.mov,1985-04-22,-51.072690
2011-04-11 13:04:35,56382,DE,2010-04-07T12:28:02,Henk,America/Caracas,suchen.mp4,2000-05-08,-60.177536
1973-07-04 08:15:40,906547,DE,2002-11-02T08:21:10,Zänker AG,Asia/Hebron,Geschichte.jpeg,1997-03-27,11.678761
2003-05-11 06:45:40,9508187,DE,1991-12-28T07:14:41,Hahn GmbH & Co. OHG,Europe/Sofia,Hand.doc,1977-03-01,10.322448
1978-02-25 22:45:58,162,DE,1983-04-10T01:18:24,Jäkel,Africa/Ouagadougou,nächste.mov,1975-04-08,-61.941234
1977-04-05 17:01:17,791,DE,2009-01-16T17:14:39,Stroh AG,America/Guatemala,kaufen.pages,1998-10-26,-26.5610335
2020-11-03 20:12:43,58793,DE,1981-06-22T11:48:07,Junk GmbH & Co. KGaA,Africa/Maputo,Oma.mp3,2011-08-30,-59.215068
2006-11-26 18:20:55,2815,DE,1973-11-06T07:21:06,Stadelmann Niemeier GbR,Asia/Muscat,Fahrrad.jpeg,1971-08-24,-18.464317
1996-03-10 10:12:07,851770,DE,1980-06-05T22:12:03,Jungfer GmbH,Africa/Khartoum,dem.avi,1977-05-22,32.2322225
1981-09-07 10:22:29,12588813,DE,1970-10-27T07:31:06,Butte Werner GmbH & Co. KGaA,Africa/Accra,Mann.tiff,2007-07-10,37.4000755
1975-06-28 03:58:38,17288454,DE,1982-05-22T03:01:14,Junken Eberhardt GmbH & Co. KGaA,Asia/Jayapura,beim.mp4,2020-09-06,-51.7993985
2021-01-01 10:50:28,16884,DE,1996-05-16T07:30:32,Drewes,Asia/Yerevan,Frage.mp4,1981-10-24,65.0340235
2023-04-02 21:08:10,7139070,DE,1994-10-07T13:19:11,Roskoth,America/North_Dakota/New_Salem,Angst.gif,2021-08-08,82.0119365
1990-01-13 21:17:14,913131243,DE,1998-10-22T11:28:11,Zahn,Africa/Nairobi,wir.jpeg,1976-08-07,-78.1364755
2016-12-21 05:30:51,68,DE,2009-11-25T22:39:57,Steckel GmbH,Europe/Minsk,einmal.bmp,2001-10-20,73.481561
1979-04-09 13:58:44,888837813,DE,1983-01-18T09:51:30,Bähr KG,Africa/Accra,bekommen.txt,1995-02-21,-53.1896985
1991-07-18 06:04:46,9724,DE,2018-12-18T22:42:10,Pechel Bärer e.G.,Asia/Harbin,langsam.flac,2017-08-20,22.0183315
1994-03-03 03:39:46,336974398,DE,1986-11-28T20:28:34,Sager,Asia/Pontianak,allein.mp4,1980-06-25,50.6311325
2011-01-31 06:51:24,72871,DE,1972-01-23T14:07:11,Trubin,Europe/Paris,kann.mp4,1994-08-17,-89.216344
2005-07-29 14:27:16,6,DE,1970-01-22T09:23:34,Reuter AG,America/Lima,Monate.doc,2009-06-12,-13.0124185
1972-01-23 14:44:54,1239804,DE,1992-02-20T10:20:57,Hermann AG,America/Jamaica,erzählen.css,1998-03-10,1.3194565
2017-01-20 08:56:02,38449070,DE,1976-08-12T07:04:45,Ortmann GbR,America/Barbados,fast.jpeg,1985-10-30,-1.862865
1977-12-09 10:32:15,674,DE,1990-06-08T12:00:42,Scholz Boucsein GmbH & Co. KGaA,Africa/Nairobi,haben.mp4,2007-11-02,61.020080
1997-09-30 06:36:38,770604827,DE,2003-12-15T09:20:53,Mende Berger AG,Europe/Malta,weil.tiff,1980-02-04,30.8372125
2009-08-31 05:41:40,6303420,DE,1977-10-02T13:43:01,Renner Herrmann KG,Europe/Brussels,dort.mov,2001-09-17,-61.918743
1981-08-19 20:29:25,383433435,DE,2015-07-17T06:04:41,Ladeck KG,Asia/Tokyo,schwer.html,2018-08-15,-72.769093
1973-08-07 02:24:17,814461,DE,1990-11-02T15:12:18,Mude,Africa/Asmera,Blume.key,1981-09-03,59.792228
1979-07-24 14:31:17,46561319,DE,1994-12-09T07:59:59,Mohaupt,Pacific/Enderbury,Geburtstag.xls,2001-03-18,45.253662
1977-05-23 04:48:41,89782,DE,1970-10-05T13:59:03,Tröst Trub AG,America/Jamaica,oder.flac,2004-04-23,6.2147265
2010-08-14 01:59:38,710,DE,1984-07-08T17:57:42,Hölzenbecher AG,Asia/Qatar,weinen.pptx,1986-11-16,-27.7022645
2006-12-05 01:05:11,3,DE,1978-06-25T12:54:57,Gerlach Köster Stiftung & Co. KGaA,Africa/Luanda,wohnen.gif,2000-04-12,5.560046
2002-08-13 23:58:55,787950,DE,1978-05-09T13:57:35,Textor Löchel GbR,Africa/Windhoek,braun.html,2000-03-27,-86.1648485
2014-01-02 18:23:36,3888874,DE,2009-05-10T14:21:30,Textor AG & Co. OHG,Pacific/Palau,Abend.mp4,1988-09-15,66.457950
2010-11-21 18:39:39,384014,DE,1983-03-18T20:57:44,Fritsch Hänel AG & Co. KGaA,Africa/Djibouti,so.mp3,1981-04-03,79.436763
2023-03-16 22:01:46,24,DE,1986-12-05T14:48:33,Fischer,Europe/Bucharest,Stein.webm,1973-02-21,-3.0970665
2003-03-12 13:00:53,74244517,DE,1988-01-27T08:34:36,Neureuther GbR,Europe/Luxembourg,letzte.numbers,1973-10-03,61.411379
1975-09-07 05:16:55,64298476,DE,1974-12-23T21:56:58,Lorch Peukert AG,Europe/Luxembourg,Winter.mp3,1992-05-22,-57.6185385
1988-11-02 05:01:13,8,DE,2007-06-09T14:27:25,Kohl Weitzel Stiftung & Co. KGaA,Africa/Mbabane,gegen.jpg,2008-02-19,31.4561275
1973-12-10 18:17:36,292,DE,2023-06-16T03:40:09,Löchel,Europe/Brussels,böse.json,1981-11-22,74.6660395
1997-07-28 15:35:24,2924,DE,2011-09-28T03:27:39,Ruppersberger Stiftung & Co. KGaA,Asia/Riyadh,oft.mp3,2023-04-12,35.308126
1978-06-27 14:59:59,798524,DE,1995-10-20T02:51:52,Bachmann,Africa/Accra,früher.xlsx,1983-09-30,-54.9077685
1998-04-11 13:52:25,37,DE,1993-08-12T09:55:07,Heydrich Lindner AG & Co. KGaA,Europe/Vaduz,zwei.js,1995-12-21,42.261143
1982-08-09 19:18:14,535270,DE,1971-02-27T20:19:35,Carsten AG,America/Lima,wichtig.html,2003-03-13,-31.1521735
2003-04-22 10:47:16,3647,DE,1978-07-24T22:29:21,Blümel Weiß KG,Africa/Johannesburg,mögen.mov,2008-08-12,-46.9031655
1997-12-09 11:11:38,10,DE,2012-08-31T09:51:35,Hiller GmbH,Europe/London,Schiff.avi,1979-07-21,62.714245
1985-08-21 19:17:23,641877452,DE,2018-01-09T10:45:35,Reising GmbH & Co. OHG,Indian/Maldives,einmal.mp4,2023-01-02,23.6262765
2021-07-23 12:40:17,5219486,DE,2010-04-23T01:59:53,Dippel Hermighausen AG,Asia/Dhaka,gefährlich.avi,2000-03-16,69.213094
1972-12-09 05:08:58,4503,DE,1988-01-16T16:03:37,Bolzmann e.G.,Africa/Lusaka,früher.html,1971-12-23,27.1119625
1994-03-18 10:44:32,125752,DE,1982-07-13T16:58:21,Jäntsch,America/Paramaribo,zusammen.odt,2009-11-25,-56.9555875
1981-06-04 10:44:47,405959,DE,2017-01-26T03:55:42,Gotthard,Asia/Katmandu,die.jpeg,2000-12-09,41.1799115
1993-10-08 11:08:48,8958351,DE,1978-04-30T05:58:54,Junken,America/Santo_Domingo,Arbeit.gif,2012-02-21,75.246523
1979-10-27 18:38:43,43726868,DE,1980-03-18T19:46:34,Hande Stiftung & Co. KG,Africa/Djibouti,brauchen.mp3,2011-04-07,48.4482285
1979-01-29 23:06:55,18966645,DE,2006-10-03T10:51:01,Weihmann Mülichen GmbH,America/Santo_Domingo,Tier.flac,2004-08-05,52.8902225
1972-12-06 06:03:05,222570207,DE,1993-03-01T16:24:47,Dussen van,Africa/Porto-Novo,Wiese.bmp,1989-03-22,70.740046
1990-07-08 11:00:58,9414651,DE,2016-12-08T19:08:09,Zimmer GmbH & Co. KGaA,Europe/Athens,gewinnen.tiff,1975-09-23,64.686020
1976-08-31 17:34:41,7155,DE,1996-10-13T05:17:13,Ehlert,Europe/Luxembourg,mögen.wav,1995-12-21,-60.3668545
1983-07-21 17:44:30,825660286,DE,1973-05-28T13:05:01,Blümel e.V.,Africa/Tripoli,leben.odt,1989-08-15,-52.873360
1976-03-29 10:54:06,161,DE,2002-10-23T22:54:24,Tlustek Pohl GmbH & Co. KG,Africa/Freetown,Jahr.gif,1987-12-11,89.4173615
1987-03-18 18:13:50,9,DE,2010-03-23T11:21:28,Kroker AG,Europe/Skopje,Weihnachten.tiff,2003-02-11,-85.177487
2001-07-22 18:47:19,20100,DE,1980-04-22T23:42:01,Jäkel Hauffer GmbH,Africa/Abidjan,warm.wav,2021-07-05,-49.6431005
2018-04-22 11:21:07,798636862,DE,1979-12-17T15:43:43,Gotthard Stiftung & Co. KG,Indian/Maldives,fünf.png,2003-11-25,50.3824465
1979-02-13 14:05:41,99,DE,1985-07-27T18:00:08,Henk GbR,America/Montevideo,seit.xls,1977-05-10,74.2347295
1999-10-09 08:14:55,442375712,DE,1976-01-21T09:23:35,Fliegner,Europe/Rome,Vogel.flac,1981-04-16,56.0438805
1983-12-09 11:55:45,6941075,DE,2008-07-09T04:43:52,Hänel,Africa/Windhoek,fast.xls,2011-09-04,83.7491005
2011-04-30 01:05:01,299879,DE,1991-12-18T11:23:45,Werner Ziegert AG,Asia/Nicosia,traurig.bmp,1997-07-28,4.027584
2001-07-21 04:11:03,3123,DE,1989-03-07T05:05:44,Flantz,Europe/Dublin,schlecht.flac,1979-08-09,-12.4530115
1997-02-09 14:19:30,389478493,DE,1978-06-02T06:17:57,Schmidt,America/Caracas,zeigen.mov,1980-05-24,42.9076555
2006-04-01 11:38:52,576,DE,1991-05-19T04:09:46,Pieper,Europe/Zagreb,Winter.bmp,2002-12-01,-39.1955235
1996-12-06 10:33:34,97,DE,2006-08-25T02:06:36,Hellwig GbR,Europe/Dublin,jung.txt,1974-03-06,46.6486745
2008-12-04 11:04:38,873,DE,1986-09-01T08:01:04,Scholz,Indian/Mauritius,Blume.tiff,2015-08-06,-20.4977905
1991-02-02 21:31:23,7957765,DE,1982-11-28T12:47:50,Röhricht Schulz KG,America/La_Paz,wer.xls,2006-03-18,2.8056555
2001-06-19 19:21:27,2707889,DE,2003-09-26T19:16:45,Bohlander KG,Asia/Manila,Glück.flac,1999-08-13,-55.0327785
1973-03-10 17:25:37,208805647,DE,1981-06-07T09:32:17,Täsche,Africa/Banjul,es.txt,2007-12-28,-82.1826005
1988-12-03 02:57:23,27364891,DE,1971-06-03T18:48:51,Bloch,Asia/Colombo,fliegen.mp3,1972-04-28,67.7795065
2016-03-23 17:38:25,569,DE,2023-01-01T07:32:15,Caspar Bauer Stiftung & Co. KG,Europe/Sofia,gern.mp4,1984-09-04,-69.793040
1978-10-09 11:42:44,4858,DE,2021-01-22T06:31:09,Pruschke,Africa/Bujumbura,dabei.mov,2005-01-30,-55.423701
1983-02-15 10:11:17,412934909,DE,2021-05-17T08:31:54,Jessel KG,Europe/Sarajevo,blau.json,1982-10-09,-7.157230
1999-04-17 17:27:00,8374,DE,2002-12-31T03:40:16,Henk GmbH & Co. KG,Europe/Lisbon,weil.mp4,1978-12-04,-11.900045
2015-02-04 16:37:57,72552,DE,2007-12-02T00:18:21,Butte,America/Havana,essen.css,2006-07-26,84.6322545
2008-08-18 07:53:42,816,DE,2012-10-31T12:43:35,Hiller,Europe/Minsk,ziehen.mp3,2000-01-19,56.2211755
1973-09-06 10:17:55,9,DE,2014-07-25T20:58:49,Dörr AG,Europe/Skopje,schlagen.gif,2002-08-14,44.582321
2005-12-11 04:38:04,85938048,DE,2018-12-05T02:51:26,Baum Schäfer OHG mbH,Europe/Sarajevo,wohl.xlsx,1979-05-09,56.646824
2002-12-20 01:48:08,72,DE,1991-03-10T00:17:38,Hering Holzapfel AG,America/Paramaribo,Minute.mp4,1999-03-09,82.1241145
1984-04-25 10:58:11,503908394,DE,1977-05-07T22:05:37,Benthin Mielcarek GmbH,America/Guyana,Arbeit.xlsx,1995-05-31,39.9549235
1976-10-19 14:07:19,911,DE,1973-04-30T09:26:42,Sorgatz Bloch GmbH,Pacific/Majuro,heute.avi,1973-05-31,-72.6366725
2021-04-25 10:08:21,6073,DE,1988-02-13T19:27:44,Karz,Asia/Rangoon,Zimmer.bmp,1988-08-08,-77.0461245
1994-07-07 16:36:59,8700358,DE,1992-08-02T00:30:13,Weinhold Roht KG,Europe/Riga,bin.mp3,2018-05-24,23.1697655
1995-08-03 19:12:30,784,DE,2011-11-14T01:57:19,Drubin Kambs AG,Pacific/Funafuti,nicht.jpeg,1987-10-08,-40.102335
1989-01-02 18:29:08,88642,DE,1970-11-08T15:25:14,Briemer AG,Europe/Monaco,weg.xlsx,2013-12-14,31.524297
1989-07-30 17:39:48,8,DE,1978-06-17T01:27:10,Hettner Römer AG,Europe/Bucharest,blau.mp4,1980-08-28,43.986095
2005-10-27 06:01:11,16798,DE,1973-04-10T14:31:24,Davids Drub AG,Africa/Tunis,Haus.tiff,1984-07-10,62.808223
1980-10-16 07:18:21,25,DE,2022-12-23T23:43:10,Ullrich,Africa/Freetown,reich.js,1980-01-10,62.432520
2001-04-17 17:31:52,13054948,DE,2013-05-26T22:20:32,Warmer AG & Co. KG,Europe/Brussels,unter.mp3,2004-01-03,11.3624105
2020-07-02 22:42:29,9,DE,2006-01-17T15:32:29,Hamann KG,Europe/Zaporozhye,packen.xlsx,2006-04-02,46.8596945
1977-05-23 23:59:20,477341678,DE,1994-07-18T10:56:43,Reinhardt,Europe/Vaduz,lieb.gif,2009-04-16,-74.2476555
1999-05-03 19:40:08,683125,DE,1970-08-24T06:26:41,Trub,America/Tegucigalpa,Stelle.png,2019-05-06,-72.355801
2017-05-11 18:45:08,293356,DE,1999-11-10T10:03:12,Heidrich GmbH,Asia/Damascus,kochen.css,1976-05-25,36.5473145
2022-10-22 02:45:00,26818300,DE,2017-01-21T19:44:49,Mülichen Röhrdanz GmbH,America/Montevideo,halten.mp3,1997-05-11,-22.1454435
2016-02-24 13:14:00,45,DE,1981-05-28T01:29:02,Kranz AG,Europe/Tallinn,Glas.css,2002-07-24,51.5750645
2023-06-09 03:50:10,7454585,DE,1973-11-07T03:02:22,Jähn Rogner GbR,Asia/Hebron,Jahr.odp,2021-02-13,-76.844158
2001-11-18 13:24:38,409247374,DE,2007-01-22T15:33:01,Conradi GmbH,Africa/Cairo,dumm.csv,1991-09-17,-0.4204385
1983-04-29 18:09:20,197,DE,2016-11-02T07:51:23,Linke,America/St_Kitts,turnen.wav,1983-05-12,28.2494995
1985-02-02 13:14:27,32,DE,2005-05-29T09:25:19,Davids,Europe/Volgograd,gewinnen.mp4,2006-07-27,-6.4030085
2003-02-09 08:14:42,44521,DE,2006-05-29T16:11:11,Ruppert,America/Dominica,Brot.tiff,2022-07-13,74.749574
1982-11-05 21:35:05,522475206,DE,1975-11-02T01:48:33,Riehl,Pacific/Tongatapu,brauchen.wav,1985-12-26,-24.7149135
2020-08-25 13:01:27,780,DE,1982-01-06T13:39:02,Renner KG,America/Asuncion,anfangen.docx,2018-03-09,-38.666676
1996-04-10 22:28:20,5898,DE,2016-02-17T11:44:28,Nohlmans AG,America/Belize,rufen.webm,2019-11-09,45.601938
1971-06-05 17:44:27,37251057,DE,2011-12-08T06:05:01,Beer Stiftung & Co. KGaA,Europe/London,Mensch.ppt,1996-10-20,75.767471
1999-06-05 01:38:15,10893929,DE,1994-04-22T17:42:01,Trommler,Asia/Tbilisi,antworten.txt,2017-06-07,24.7090615
2003-10-04 11:18:31,391225,DE,2004-12-15T10:53:59,Patberg GmbH,Europe/Riga,ihm.odp,2006-07-02,44.4536575
2003-11-27 04:36:55,33,DE,1978-12-20T22:54:43,Huhn GmbH,Asia/Jerusalem,Maus.bmp,1984-02-10,-54.906152
1980-07-03 12:05:48,950,DE,1971-08-13T04:18:09,Ruppersberger,Africa/Mbabane,Boden.css,2011-08-06,84.317710
2000-06-07 17:03:09,2368121,DE,1993-04-07T06:40:28,Junk Segebahn e.V.,America/Guyana,zusammen.docx,1981-05-02,33.187344
1985-03-20 07:44:30,620,DE,1995-10-11T14:44:31,Striebitz Lübs e.G.,Asia/Nicosia,durch.docx,1974-11-10,-23.6054005
1983-07-24 13:48:52,31,DE,2004-08-07T03:43:27,Ring Ziegert AG & Co. KG,America/St_Kitts,bringen.wav,2019-04-08,42.663559
1977-08-27 14:14:40,45403,DE,1994-07-18T17:05:11,Oestrovsky,America/Dominica,die.flac,1997-01-01,-14.523819
2011-11-02 06:28:43,15137,DE,2020-01-07T14:31:25,Gerlach,Asia/Taipei,heiß.mov,1981-05-04,41.9483965
2020-03-14 13:21:36,20,DE,1975-08-28T07:29:02,Kobelt AG & Co. KGaA,Europe/Berlin,nämlich.avi,1980-09-16,17.6964485
1970-08-08 06:07:20,9718,DE,2023-07-17T16:46:46,Klotz,Africa/Niamey,geben.png,1973-02-02,-74.4019935
2014-11-20 16:21:28,138682,DE,2011-07-02T21:50:10,Dobes,Pacific/Apia,bin.mp3,1976-01-28,-74.4474395
2008-08-31 13:40:12,57641026,DE,1997-02-06T07:20:08,Seip,America/St_Lucia,Freude.docx,2011-10-25,61.441410
2003-12-18 15:50:39,708464,DE,2008-07-12T12:17:13,Schinke Karz KGaA,Africa/Nouakchott,mit.mp4,1985-12-08,-69.6109775
2021-04-13 02:02:57,14,DE,1980-11-01T02:23:46,Hauffer,Europe/Sarajevo,was.numbers,1984-11-19,-3.5208495
1976-10-15 21:22:21,6,DE,1995-10-15T15:10:03,Meister AG & Co. OHG,Asia/Riyadh,lernen.flac,1974-01-31,-50.977510
1971-08-05 14:16:39,91557649,DE,1988-10-24T23:59:01,Zimmer GbR,America/Hermosillo,Lehrerin.png,1978-07-21,22.5921775
1995-07-26 07:39:06,9021857,DE,1995-03-14T02:23:22,Wernecke Stiftung & Co. KGaA,America/Barbados,genau.png,1976-03-23,83.4712685
2009-09-05 23:06:49,5,DE,2009-02-10T19:54:39,Misicher Putz Stiftung & Co. KG,Africa/Gaborone,spät.csv,2006-09-25,-18.6827975
2003-05-18 11:54:16,76193483,DE,2010-10-25T05:30:19,Käster GmbH & Co. KG,Asia/Manila,mein.js,2010-03-26,60.274500
2007-04-05 17:56:14,2181,DE,1971-10-09T09:33:09,Drewes GmbH,America/Guyana,fast.txt,2022-08-11,-48.054992
1985-11-08 05:15:25,9,DE,2004-10-24T21:48:24,Kaul AG,Asia/Dubai,müde.gif,2010-01-19,59.0364195
2013-03-24 00:45:46,7550570,DE,1993-08-06T03:12:42,Knappe OHG mbH,America/Guatemala,Kopf.docx,2020-02-03,8.3723035
1982-04-22 09:58:18,7805,DE,2016-12-06T04:32:30,Börner AG,America/Paramaribo,Freund.json,2003-07-25,75.635035
2001-01-03 12:33:42,2182231,DE,1972-12-13T19:57:45,Pergande,Asia/Hebron,acht.mp3,1987-07-13,-50.401053
1979-01-11 04:28:02,542439,DE,1988-07-03T00:48:43,Bauer Heinz e.V.,Europe/Rome,groß.html,1999-06-03,-41.1720945
2004-07-13 20:07:11,2,DE,2014-12-24T12:25:20,Mans Mans GmbH & Co. OHG,America/Grenada,wer.mp3,1975-04-17,-23.119673
1975-04-27 07:08:58,67237999,DE,2012-04-15T00:29:31,Gutknecht AG,Africa/Kinshasa,weiß.key,1979-12-09,-46.5410775
1997-09-02 17:51:49,802366,DE,1987-03-03T12:33:58,Wagner Stumpf AG,Asia/Beirut,erst.pdf,1994-05-01,-17.073641
1972-03-21 04:24:53,825390895,DE,1991-06-16T05:36:55,Berger,Africa/Niamey,Bett.xls,2015-06-24,-31.7098175
2001-10-23 13:39:25,3628,DE,1980-01-23T00:08:01,Kroker,Pacific/Guadalcanal,Wasser.html,1974-01-17,-20.9384165
1981-05-19 09:12:15,951729,DE,2017-08-26T19:41:39,Weihmann,Africa/Abidjan,also.css,1973-12-18,-79.6164795
1994-04-22 16:13:10,2,DE,2007-02-22T06:04:46,Jähn AG & Co. KG,Asia/Hebron,zusammen.jpg,1997-09-17,-62.797509
2003-10-01 03:30:20,0,DE,1970-03-03T08:45:24,Mohaupt AG,Africa/Niamey,schwer.css,2016-02-01,73.327615
1987-08-27 07:13:46,352746,DE,2018-12-16T11:59:57,Martin,Africa/Tunis,daran.mp4,1996-12-12,80.681660
2021-01-06 20:21:33,339183,DE,1997-11-13T03:33:43,Kranz Stiftung & Co. KG,Africa/Asmera,Licht.avi,2021-06-26,-15.221733
2012-12-27 19:35:26,349,DE,1972-05-08T16:20:01,Schmiedt Barth AG,Asia/Ulaanbaatar,letzte.jpg,1981-08-20,14.970862
1988-02-12 11:52:54,407565,DE,1975-10-19T01:08:55,Heintze,America/Rio_Branco,wo.odt,1970-03-09,20.517911
1970-10-08 19:51:41,1120,DE,2008-08-28T10:37:47,Täsche Stiftung & Co. KGaA,Asia/Manila,Straße.wav,2002-04-29,-47.607341
1976-03-28 22:07:09,85,DE,1987-11-17T23:49:48,Tintzmann GmbH & Co. KGaA,Asia/Riyadh,denn.ppt,1970-04-15,-75.7830175
2012-04-09 07:40:38,1,DE,1998-12-12T11:36:28,Junk GmbH & Co. KGaA,America/Argentina/Mendoza,Minutenmir.css,1989-09-01,-34.1173115
1979-05-19 01:44:43,36,DE,1990-11-20T18:54:48,Wesack AG & Co. KGaA,Europe/Tallinn,Zahl.png,1989-12-30,-62.217708
1997-03-23 15:44:55,64819,DE,1994-05-31T06:56:58,Stolze Gieß GbR,Europe/Paris,dauern.pdf,2016-03-31,-28.857116
1995-12-12 03:52:49,8,DE,2015-04-07T16:57:25,Gumprich Ritter GmbH,Africa/Libreville,Schuh.flac,1979-05-06,3.4718575
2009-11-08 15:51:17,2458966,DE,2015-05-29T11:33:06,Fechner Beyer OHG mbH,Asia/Bishkek,Wissen.jpeg,2019-01-01,-45.8920125
1996-06-16 15:12:57,6,DE,2004-07-21T04:51:05,Seifert AG & Co. OHG,America/Paramaribo,schwarz.wav,1994-02-11,-13.901495
1985-05-14 15:46:19,6,DE,2008-03-14T07:21:09,Zirme Wulff KG,Africa/Dar_es_Salaam,merken.flac,1974-03-28,42.449965
2012-03-11 23:09:47,96625738,DE,2012-05-06T13:53:14,Trupp Stahr GmbH,America/Managua,Auto.mov,2015-07-07,-74.4051335
2019-03-04 00:15:52,78960158,DE,2009-05-17T02:27:24,Gieß,Africa/Abidjan,Monate.odp,2009-10-13,-53.098120
2006-06-03 12:01:22,59,DE,1983-01-12T15:40:40,Kreusel,Asia/Jerusalem,jeder.numbers,1970-03-22,-23.359903
1998-03-31 22:12:37,5593,DE,1982-04-04T11:25:57,Jopich Trommler GbR,Europe/Stockholm,viel.wav,2010-06-05,-70.149284
1970-02-10 21:25:55,58653291,DE,1973-03-26T22:03:31,Gnatz Budig AG,Africa/Blantyre,fahren.bmp,1983-02-02,31.7177935
1996-07-04 07:42:33,5542301,DE,2001-01-03T02:10:06,Wirth Rädel AG & Co. OHG,Asia/Saigon,tief.flac,2018-03-25,78.606550
2005-10-18 13:22:59,973,DE,1990-07-22T20:26:10,Ortmann KG,Asia/Amman,Weg.bmp,2007-07-18,61.4145185
1986-08-14 11:15:09,98,DE,1980-09-09T10:38:29,Jüttner,Europe/Budapest,dem.pptx,1987-01-27,79.6564325
1988-06-04 09:51:59,70523,DE,1985-10-24T07:15:25,Sontag Schleich Stiftung & Co. KGaA,America/Antigua,Weg.mp4,1989-01-08,-53.0532235
1998-10-16 01:00:57,1306748,DE,1986-05-03T12:10:39,Wieloch Reuter KG,America/Jamaica,gesund.png,1979-10-01,24.0260895
2001-10-13 08:24:02,0,DE,1996-12-15T01:15:10,Holsten Dobes GmbH,Asia/Vientiane,damit.tiff,1986-09-12,-35.1108325
2022-11-04 12:56:25,389699300,DE,2019-07-23T03:04:16,Zahn Conradi Stiftung & Co. KGaA,America/Guatemala,Geld.csv,1990-04-29,-79.2219255
1985-07-13 14:27:26,278189,DE,1971-04-15T12:06:57,Nette GmbH & Co. KG,Africa/Khartoum,Hand.css,1985-01-17,-8.0315075
1997-10-13 03:41:24,69446,DE,1973-08-02T22:51:37,Budig Ernst Stiftung & Co. KG,Africa/Maputo,draußen.txt,1976-05-05,-78.108206
2019-10-24 02:41:51,47,DE,2019-10-23T04:56:28,Koch II,Europe/Vaduz,rund.gif,2000-02-29,-66.2814885
2017-07-01 01:46:18,79299,DE,2018-06-19T14:43:22,Lange,America/Paramaribo,dazu.avi,2012-03-09,-27.737113
1977-03-16 23:38:51,50858,DE,2013-07-19T16:28:44,Nerger GbR,Atlantic/Reykjavik,möglich.mp3,1973-08-10,85.899419
2004-05-04 20:17:54,55,DE,1990-07-19T20:20:40,Ladeck AG & Co. KG,Europe/Ljubljana,Spiel.flac,2009-10-21,-9.621354
1985-09-25 22:34:43,49,DE,2008-06-01T02:32:48,Stolze Trapp KG,Africa/Malabo,anfangen.tiff,2010-10-28,-68.532387
2011-06-10 12:37:11,11669849,DE,2010-10-27T07:48:39,Faust KG,Indian/Mahe,sieht.css,2003-09-18,-21.8794715
1977-04-18 04:32:47,506583290,DE,2010-07-27T05:17:38,Renner Röhrdanz GbR,Africa/Lusaka,für.jpg,1994-03-30,11.9971755
2010-03-10 00:06:07,41,DE,2020-05-02T04:03:25,Reising,Asia/Pyongyang,Straße.mp3,1984-06-18,-26.238873
1972-08-30 12:09:06,8,DE,1986-07-14T22:39:55,Martin,Pacific/Nauru,Schuh.jpg,2013-07-25,-21.313194
1992-11-09 23:16:06,242094059,DE,1970-03-30T15:42:52,Schuchhardt Dippel KG,Africa/Luanda,die.mp3,2002-12-07,2.614725
1983-10-10 03:25:57,860505914,DE,1984-02-27T10:38:15,Lorch KGaA,Africa/Monrovia,andere.webm,1997-09-01,-22.580110
2021-01-19 08:32:22,59,DE,1987-05-27T17:53:36,Birnbaum Haering Stiftung & Co. KGaA,Pacific/Auckland,Hunger.gif,1972-07-23,-84.708564
2011-09-03 09:39:21,1908903,DE,1993-08-14T02:21:47,Kaul,America/Dominica,Vogel.xls,1990-02-08,-0.854916
1973-02-09 01:44:53,992970330,DE,1995-06-11T17:38:10,Textor,Pacific/Guadalcanal,gegen.json,2007-07-27,-27.979507
1994-09-05 04:08:42,179885739,DE,2004-09-18T11:02:27,Matthäi,Africa/Ouagadougou,Nase.jpg,2001-06-24,-8.729191
1970-07-18 18:26:19,89,DE,2017-07-26T09:34:48,Mude,America/Guatemala,ihn.gif,2016-04-15,34.738769
1983-02-22 20:25:40,619783395,DE,2012-05-03T18:54:05,Gertz auch Schlauchin AG,Africa/Bangui,beide.html,2002-05-03,87.3256395
2019-06-16 06:35:18,90754,DE,2005-03-03T07:24:35,Zobel Albers KG,Africa/Libreville,Affe.avi,2023-09-08,-63.8014975
2002-03-10 20:30:15,7219563,DE,1974-01-31T12:30:29,Kaul GbR,America/Indiana/Knox,wenig.json,1993-01-22,22.5589515
1993-12-10 15:10:55,449001,DE,2020-02-21T20:06:10,Schleich Bonbach AG,Pacific/Truk,Himmel.jpg,1995-09-11,-78.429199
1975-11-06 02:11:01,6302986,DE,2007-09-11T17:40:57,Heß GmbH,Pacific/Guadalcanal,zwischen.jpeg,1986-12-07,17.148602
2006-09-09 13:07:12,8,DE,1988-10-29T00:32:40,Martin GbR,Europe/Sarajevo,spät.tiff,1977-10-27,85.193413
1976-02-25 15:17:11,9,DE,2013-11-04T11:47:04,Schwital AG,Europe/Tallinn,wohl.css,2008-02-04,66.1003515
1977-02-28 05:48:41,62,DE,2013-11-08T06:21:11,Becker,Asia/Damascus,bin.flac,2022-08-04,-49.4420735
1989-08-18 17:47:54,321,DE,2002-06-28T10:31:34,Trub AG & Co. OHG,Asia/Seoul,nach.bmp,1971-08-16,16.390747
1998-11-02 05:07:12,71,DE,2005-09-26T06:04:21,Dussen van,Europe/Skopje,Geburtstag.docx,1987-10-12,75.776338
1991-03-11 07:24:18,6300321,DE,1974-10-06T05:40:30,Hänel AG & Co. KG,Europe/Brussels,Mann.html,1991-12-10,-11.465101
1990-06-14 15:06:55,84966491,DE,2007-08-04T06:14:32,Mälzer,Europe/Warsaw,schlimm.ods,1972-06-22,20.8858975
1974-07-20 10:23:27,73,DE,2005-08-25T06:15:36,Kabus,Europe/Warsaw,wer.mp4,2021-08-24,79.6588885
1980-09-20 19:35:21,64177,DE,1986-12-10T11:53:38,Rädel,Europe/Andorra,Stein.webm,1987-08-27,19.3733815
1991-04-14 08:35:54,34071,DE,1991-06-24T22:24:15,Süßebier AG,Asia/Amman,wirklich.txt,1990-07-03,64.949411
2013-09-06 09:55:02,7360499,DE,1984-11-11T21:08:35,Schlosser,America/Tegucigalpa,heißen.numbers,1981-09-12,86.2624255
2004-12-11 14:55:25,35621,DE,2008-07-14T23:41:27,Jungfer AG & Co. KG,Africa/Malabo,Tag.flac,2009-03-14,8.4299655
1976-01-22 16:23:09,87964,DE,2004-08-25T14:57:19,Rohleder GmbH & Co. KGaA,Europe/Berlin,tun.flac,1994-09-29,-32.180136
2000-10-10 12:52:23,85205341,DE,1971-11-06T16:48:54,Biggen Putz AG,America/Los_Angeles,kommen.tiff,2008-08-23,60.655464
2009-09-25 00:41:42,37761485,DE,2000-04-01T09:10:42,Martin,Pacific/Fiji,es.html,2016-11-29,33.4630945
2006-09-25 03:12:59,2725926,DE,1987-11-27T03:42:33,Ditschlerin GmbH & Co. OHG,Pacific/Kwajalein,will.json,1970-03-10,26.086174
1997-12-11 11:43:51,54947,DE,1990-12-04T10:44:15,Gehringer GbR,Africa/Dakar,stark.xlsx,2009-08-25,-30.1687995
1989-12-09 04:24:22,91,DE,2019-10-26T11:57:17,Hiller Karz Stiftung & Co. KG,Europe/Istanbul,fehlen.avi,2006-12-03,37.021481
2010-09-09 16:23:19,7,DE,1972-03-25T20:33:59,Wulff Kusch KG,Indian/Mahe,Land.gif,1987-05-23,56.2686355
2003-09-15 20:05:03,5752,DE,1988-08-11T17:45:27,Wende GmbH,Pacific/Port_Moresby,um.txt,1998-12-24,-54.5901135
1990-12-02 13:52:33,576340143,DE,1971-01-24T19:57:42,Geisler Heinrich GmbH,Asia/Phnom_Penh,mein.webm,1987-09-24,-74.5760245
