iso8601,random_number,latitude,language_name,language_code,time,date_time,bank_country,hostname,file_name,city,company,longitude,country
2017-03-19T14:58:01,2,67.946309,Lao,the,17:02:11,2022-11-15 13:02:15,CH,web-61.schwab.net,eum.wav,Meilen,Gross-Iten,-151.215933,Slovenia
2011-10-07T15:01:37,93,-73.395954,Bislama,br,05:59:47,2000-05-23 04:32:45,CH,web-64.schnyder.info,placeat.mp3,Rüti,Frei-Roth,107.671245,Nepal
1976-08-15T02:46:53,37840,39.2481685,Afar,eo,21:31:41,2019-11-02 17:18:37,CH,lt-93.bernasconi.com,alias.mp3,Dietikon,Scheidegger and Sons,-74.971331,Bhutan
1994-01-02T10:43:07,0,-83.4317135,Indonesian,lt,07:27:24,2005-02-10 13:21:56,CH,web-78.probst-hofmann.com,aut.csv,Ebikon,"Baumgartner, Moser and Siegrist",-81.336040,Saint Lucia
2018-12-14T03:14:33,547966,-33.2673485,Bosnian,fo,07:44:05,1970-11-01 00:17:56,CH,laptop-66.jenni-scherrer.com,temporibus.mp4,Crans-Montana,Burri and Sons,85.544476,East Timor
1990-08-05T18:51:35,7478824,-45.150349,Haitian,nds,03:29:09,2012-01-31 12:09:21,CH,email-22.bieri-steinmann.net,corrupti.wav,Risch,Leunberger Group,-124.205218,Angola
1971-09-15T12:51:56,10,-55.1641015,French,tn,08:22:25,1989-11-08 12:40:48,CH,email-13.fuchs.com,mollitia.avi,Meilen,Käser LLC,58.446414,Taiwan
2006-07-02T21:18:41,96804,45.648987,Bihari languages,bho,18:26:06,2007-07-17 15:43:57,CH,email-20.hodel.com,esse.css,Amriswil,"Marti, Braun and Sutter",-43.668822,Tajikistan
1993-09-21T21:55:09,5374142,30.0658255,Malagasy,se,11:07:47,1989-04-12 11:23:22,CH,email-35.schurch.com,rem.avi,Wettingen,"Häfliger, Walder and Lehmann",146.802146,Zambia
2009-06-28T19:56:44,55790937,-43.3310275,Tatar,kn,20:12:30,2015-11-21 17:44:06,CH,srv-68.hauser-wirz.com,quam.mp4,Meilen,Zbinden Group,-66.827378,Luxembourg
2006-11-11T21:08:02,5046216,21.8751855,Kikuyu,sat,00:31:18,2015-07-10 12:45:54,CH,laptop-56.pfister.com,minus.xls,Birsfelden,"Schwab, Maurer and Hofstetter",15.533764,Liberia
2009-05-04T09:31:23,5,10.981145,Kannada,th,23:15:15,2012-05-05 22:56:33,CH,db-08.meister-vogel.net,reprehenderit.webm,Richterswil,"Braun, Fuchs and Wyss",52.542940,Mozambique
1972-05-12T13:54:58,5905788,-5.6840035,Luba-Katanga,kw,22:09:10,2003-12-25 14:25:36,CH,db-27.brun-stocker.com,animi.jpg,Münchenstein,Bianchi LLC,41.842298,Vanuatu
2006-08-21T10:52:14,78,-74.3034925,Uighur,da,11:09:50,2004-05-19 11:03:19,CH,db-09.egli.com,et.jpg,Val-de-Travers,"Tanner, Kaufmann and Ernst",166.928418,Djibouti
1989-07-09T12:36:11,1,56.4665975,Norwegian,fy,06:39:02,1991-09-06 18:01:54,CH,email-20.bieri-jost.biz,dolore.bmp,Freiburg,"Ernst, Wehrli and Baur",149.909160,Saint Vincent and the Grenadines
1998-11-17T00:26:55,29,-68.1705015,Zulu,so,03:58:28,1997-05-12 03:36:12,CH,db-40.hartmann.com,natus.flac,Küsnacht,Forster-Stocker,-77.225356,Japan
1990-11-03T04:02:56,4,33.1012065,Tatar,kn,08:42:36,1992-09-26 09:09:13,CH,email-48.bader.com,odio.xls,Prilly,"Hürlimann, Fehr and Vogel",33.911435,Madagascar
2015-09-16T20:25:08,14687,45.0431755,Maltese,pt,11:13:53,1973-02-26 12:13:06,CH,email-52.hirt.org,repellendus.jpg,Buchs,Thommen PLC,-118.335518,The Gambia
2016-06-19T05:21:18,334048,-2.512357,English,dz,13:32:56,1999-12-28 08:02:09,CH,desktop-69.egger.com,temporibus.txt,Lutry,Sutter and Sons,-70.783485,Grenada
2011-02-23T23:52:32,95669,65.7314335,Zulu,ru,01:58:01,1972-06-15 19:55:41,CH,srv-90.schmidt.com,nam.flac,Brig-Glis,Leu-Grob,-68.651113,Zimbabwe
1976-07-04T18:44:11,71374,-49.446944,Romansh,lzh,18:55:06,2012-09-03 05:00:13,CH,desktop-02.stadelmann.com,totam.html,Burgdorf,"Hofmann, Felder and Meier",144.800926,Colombia
2015-02-24T20:59:17,820460,20.8253905,Irish,vi,05:33:46,1976-09-05 19:37:46,CH,web-54.meyer.com,architecto.pages,Lutry,"Kunz, Zingg and Keller",19.827652,Palestine
1987-07-04T12:21:29,37668335,-15.749205,Japanese,tn,17:29:30,2022-08-19 23:09:36,CH,email-46.bosshard-forster.com,numquam.mov,Freienbach,Bieri LLC,-66.323132,Guinea-Bissau
2007-05-31T03:36:22,94678,-51.6021915,Basque,hne,18:27:57,1990-12-11 13:19:57,CH,email-54.schwab.com,qui.flac,Horgen,Kern PLC,173.861561,Republic of the Congo
1982-08-15T08:06:58,26166,84.503358,Swedish,hak,04:49:43,2015-04-06 19:56:32,CH,desktop-88.roos.org,maxime.ods,La Tour-de-Peilz,"Weibel, Walter and Meyer",-49.310083,Germany
1977-12-13T13:58:39,64450391,-60.6349125,Kuanyama,ky,06:06:34,1987-05-21 15:04:48,CH,laptop-14.gasser-schmid.net,vero.js,Worb,Gross Inc,36.369262,Tonga
2023-08-18T20:05:54,633706130,-78.697108,Belarusian,unm,20:23:06,2023-01-16 00:28:47,CH,desktop-65.tobler-bianchi.com,minus.gif,Lyss,Kohler Group,51.815481,Oman
2015-09-08T21:20:56,132958190,32.4650915,Amharic,an,14:46:17,2000-04-27 19:12:13,CH,lt-44.stocker-hoffmann.info,et.avi,Gland,Eugster Inc,-18.172634,Romania
1996-03-23T01:43:58,8896105,59.439979,Korean,se,10:31:00,1996-03-22 05:56:51,CH,srv-91.christen.com,ab.gif,Bern,"Felder, Egli and Leunberger",103.110002,Namibia
2004-10-17T14:36:50,54080307,-60.8614705,Hindi,os,10:06:37,1995-05-07 02:22:15,CH,laptop-06.herzog.com,veniam.mp3,Gossau,"Fischer, Frei and Frey",47.695285,Cameroon
2006-07-24T12:42:49,9,-6.1281705,Azerbaijani,sd,17:11:44,2021-11-23 09:16:39,CH,srv-31.erni-bader.com,provident.jpg,Winterthur,"Fehr, Schärer and Baur",-142.708289,Malaysia
2013-03-12T23:48:44,48,-71.113752,Portuguese,sr,01:52:49,2009-03-25 16:24:27,CH,laptop-58.zbinden-wirz.info,recusandae.wav,Freiburg,Fehr-Bättig,88.498962,El Salvador
2001-09-07T04:21:10,7,13.345758,Akan,bhb,23:27:39,2020-01-19 14:10:35,CH,email-08.bianchi.com,dolorem.tiff,Nyon,"Favre, Hotz and Ernst",43.782232,CÃ´te d'Ivoire
1972-08-23T13:29:15,896925899,-27.272603,Telugu,ky,08:31:50,1979-06-15 08:40:23,CH,email-94.jost.com,excepturi.flac,Bellinzona,"Scherrer, Winkler and Wolf",-49.370413,Saint Kitts and Nevis
2022-01-29T05:32:58,8239383,0.1694855,Tagalog,ckb,21:50:12,2001-10-02 11:10:33,CH,db-73.hermann.com,inventore.odt,Naters,Kohler-Baumgartner,-43.514028,Turkmenistan
1992-09-04T03:40:21,405827275,-23.2964225,Slovak,nso,17:41:34,1982-07-03 22:00:15,CH,db-43.naf.com,distinctio.avi,Belp,Roth-Hofstetter,100.853967,Argentina
2010-07-21T21:25:43,94,-23.8015985,Divehi,sl,16:57:05,1973-11-01 02:54:30,CH,desktop-93.schaller-walder.com,soluta.gif,Ecublens,Hartmann-Gerber,-38.015482,Armenia
1991-12-16T20:16:02,51,-49.3992035,Navajo,zu,20:59:02,2011-04-01 14:27:36,CH,email-47.felber.com,assumenda.odp,Regensdorf,"Kohler, Wirth and Hafner",-86.004472,Spain
1997-04-23T22:33:45,82,52.895037,Sindhi,ka,15:07:07,1995-10-18 18:48:09,CH,email-38.hauser-bianchi.com,labore.avi,Belp,"Baumann, Widmer and Scheidegger",113.164280,Cape Verde
1998-12-21T10:31:44,1497939,73.548641,Tonga,se,23:03:04,1986-12-04 01:40:46,CH,email-84.steiner-stocker.com,ipsum.mp3,Spreitenbach,"Kaufmann, Lustenberger and Maurer",84.294474,Jordan
2004-06-28T09:42:46,470431,-54.516812,Macedonian,ve,11:58:05,2009-04-14 09:10:49,CH,email-86.martin.com,vel.doc,Freienbach,Maurer Ltd,117.912817,Papua New Guinea
2002-06-14T23:25:56,698546169,-53.256208,Serbian,tig,13:40:49,2000-05-22 07:17:48,CH,web-46.hofstetter.com,ipsam.flac,Gossau,"Walter, Beck and Sutter",-96.919115,Grenada
1987-02-15T00:11:25,531,-57.8794355,Igbo,ia,10:28:06,1976-12-12 12:36:48,CH,desktop-74.roos.com,impedit.xls,Opfikon,"Schwab, Berger and Zürcher",-155.353082,Algeria
2013-03-31T23:39:59,52295949,-34.772166,Latvian,sd,10:22:38,2021-06-21 09:49:09,CH,email-57.schoch.com,voluptates.wav,Glarus,Müller-Gfeller,-148.992082,Democratic Republic of the Congo
1970-05-21T04:49:22,8,-44.588554,Komi,tg,05:40:34,1985-12-25 10:29:20,CH,email-71.wenger.com,quaerat.avi,Bülach,Schmidt-Christen,55.221145,Egypt
1977-05-13T05:49:17,893211,74.5599375,Uzbek,ln,01:22:36,1973-02-09 07:37:49,CH,email-98.furrer-herzog.com,dolores.tiff,Burgdorf,Hermann-Gasser,-102.063136,Kazakhstan
1975-09-02T19:19:04,85651,40.5242635,Nepali,br,10:46:13,1994-07-10 09:56:47,CH,desktop-50.zehnder.com,quo.jpeg,Belp,"Bosshard, Marti and Schürch",71.575980,Russia
2002-09-14T05:17:37,38,-29.5821165,Nepali,bho,21:07:05,2005-09-30 12:19:59,CH,lt-05.bucher-gut.biz,eaque.json,La Tour-de-Peilz,"Hafner, Friedli and Hofstetter",82.070707,Andorra
1970-09-21T11:29:45,64566997,40.875134,Maori,uk,16:00:49,1998-10-10 02:39:12,CH,srv-71.schwab-senn.com,voluptates.css,Pfäffikon,"Pfister, Hofstetter and Baur",-73.888273,Serbia
2010-02-10T03:00:04,0,-63.9264385,Gujarati,br,16:23:55,2016-12-09 19:06:24,CH,email-91.marti.com,odio.csv,Küssnacht,Schärer Group,-142.438364,Ukraine
2020-11-08T14:02:12,5366481,-39.6014785,Croatian,ast,12:21:22,1997-07-20 16:50:20,CH,db-08.hirt-kagi.com,enim.avi,Baar,"Hunziker, Hirt and Baumann",-54.434384,Norway
1988-03-07T06:32:37,13547,25.1364895,Arabic,kk,12:07:44,2015-02-10 08:14:55,CH,srv-81.walder.com,dolorum.avi,Rapperswil-Jona,"Lustenberger, Friedli and Weibel",-86.716632,Egypt
1972-08-20T03:15:13,53508235,-1.151577,Polish,the,16:52:00,2008-07-05 17:11:07,CH,laptop-38.hartmann.info,aliquid.xls,Münchenstein,"Schaller, Tanner and Hofer",-176.547258,Iceland
2000-03-17T21:52:27,19789998,65.946801,Zulu,ber,20:21:52,2013-01-16 02:36:15,CH,email-20.herzog-gloor.com,enim.pdf,Lutry,Mettler-Schoch,0.188878,Palau
1996-12-24T20:16:40,978030654,7.0889215,Guarani,bo,16:29:15,1993-03-04 09:33:10,CH,db-43.aebi.com,voluptatum.mp4,Basel,Eugster-Suter,-134.537683,Cameroon
2006-10-12T12:44:36,524073,-22.417013,Bosnian,ti,01:30:29,2018-06-13 19:58:42,CH,desktop-23.wettstein.com,consectetur.txt,Dietikon,Kägi-Imhof,-78.125566,Kenya
2014-06-06T19:59:15,541797049,57.813335,Bashkir,om,23:18:54,1978-08-24 08:05:04,CH,db-87.berger.biz,sapiente.bmp,Oberwil,Koch LLC,-85.199243,India
1976-02-16T16:27:34,505728,-4.958708,Chamorro,ha,02:29:40,2016-07-30 17:09:33,CH,srv-28.stettler.info,nihil.flac,Schwyz,Zbinden-Sutter,-84.772538,Equatorial Guinea
1993-10-10T14:56:20,59567,47.1587605,Inupiaq,iw,23:06:21,2022-10-22 22:49:09,CH,desktop-71.benz.com,natus.bmp,Kloten,Bühler-Stocker,74.150502,Panama
1982-06-12T03:20:46,38471904,51.2835915,Russian,iu,20:05:49,1986-07-15 22:03:27,CH,db-77.schurch.info,dolores.jpg,Spreitenbach,"Zehnder, Wegmann and Rey",-133.098038,Lithuania
1980-04-12T23:09:58,697601277,-49.9848575,South Ndebele,bem,07:16:53,2000-11-07 02:31:30,CH,laptop-87.studer.com,atque.doc,Einsiedeln,"Hofstetter, Schmidt and Kuhn",-40.555082,Morocco
2014-01-24T11:33:58,569641,57.3183255,Uighur,es,16:50:27,1976-09-21 20:57:04,CH,email-49.hofstetter-frei.com,temporibus.wav,Möhlin,Walter PLC,55.792065,Saudi Arabia
2004-01-20T02:28:07,791794355,-7.231275,Sanskrit,or,09:55:21,1991-08-05 19:35:55,CH,email-98.erni.com,expedita.jpeg,Regensdorf,Amrein Ltd,-179.259584,Jamaica
1973-03-15T12:58:01,35,-34.563604,Lao,ve,09:25:51,1998-10-15 18:26:29,CH,web-01.schaller.biz,hic.bmp,Dübendorf,Stöckli-Friedli,-122.830829,Cameroon
2006-03-15T22:23:40,4,-1.7058455,Kannada,kok,15:16:22,1991-10-07 19:57:32,CH,web-56.schneider.net,sapiente.docx,Morges,Hess and Sons,-109.924651,Iceland
2007-10-27T15:32:37,91583,83.368395,Cree,nl,23:15:59,2016-05-10 15:53:00,CH,db-64.albrecht.com,pariatur.ppt,Siders,Stalder-Gfeller,150.149209,Ukraine
2016-12-05T07:51:26,975100768,85.869404,Nauru,gv,02:07:51,2000-07-31 09:17:49,CH,web-06.schoch-hotz.com,amet.avi,Plan-les-Ouates,Häfliger-Braun,-117.827704,Saint Lucia
2015-03-06T08:51:18,20408074,5.3682485,Zhuang,ts,07:24:15,2000-02-17 09:00:54,CH,desktop-11.wettstein-kaiser.com,fugit.tiff,Meilen,Zollinger and Sons,86.131713,Somalia
2012-07-13T09:24:04,5318,-81.7828265,Kalaallisut,mi,00:22:02,2014-10-15 09:06:51,CH,email-17.senn.com,quasi.mp3,Schlieren,Bauer-Stauffer,-122.470934,Austria
2002-04-01T23:57:46,63944,-88.8442135,Kannada,cy,17:52:48,1983-11-25 18:25:19,CH,lt-09.lehmann.com,accusantium.gif,Reinach,"Stalder, Eugster and Stöckli",-164.392749,Colombia
1975-02-22T18:54:13,674376845,47.0842735,Tsonga,xh,23:17:55,1998-03-21 05:34:19,CH,laptop-76.amrein.biz,beatae.webm,Biel/Bienne,Bianchi-Jost,-138.105449,Guyana
1998-06-07T05:25:26,46,-60.3764175,Maltese,mag,17:02:30,1983-11-16 23:44:54,CH,web-31.felber.com,iure.jpg,Birsfelden,Fankhauser-Giger,172.465672,Tonga
2010-02-18T09:22:25,2,33.8772495,Uzbek,mag,12:16:58,1970-08-21 20:29:56,CH,db-84.geiger-giger.com,ipsam.mp3,Lancy,"Suter, Brunner and Frey",17.747414,Ecuador
1976-04-28T10:56:39,91,-82.7281125,Amharic,te,04:46:07,2007-02-04 07:35:14,CH,desktop-37.brunner.com,itaque.xlsx,Wettingen,"Gerber, Hirt and Meyer",-106.922804,Guyana
2019-11-30T22:37:36,0,-86.4285925,Romansh,eo,20:18:55,1970-04-11 01:01:04,CH,desktop-12.braun.com,nesciunt.odt,Oberwil,Baumgartner-Hürlimann,-94.783588,Venezuela
2009-11-28T11:02:29,4,-33.614599,Vietnamese,vi,01:23:52,1977-05-14 23:32:23,CH,web-51.vogel.biz,velit.csv,Wetzikon,Flückiger-Hunziker,135.786216,Bangladesh
1972-08-03T03:32:55,3195280,-25.623960,Aymara,bn,20:34:29,2023-05-16 18:09:55,CH,web-88.benz-favre.com,eius.flac,Aigle,Fankhauser-Bernasconi,-85.164244,Romania
2009-04-14T20:59:00,44599249,88.022386,"Sotho, Southern",tig,00:59:23,1991-10-26 05:42:40,CH,laptop-24.stutz.com,quod.flac,Zollikofen,"Wegmann, Marti and Jost",-153.323881,Liberia
2002-04-16T13:12:49,40,-27.488991,Luba-Katanga,gu,15:27:38,2006-03-29 08:58:24,CH,web-61.fankhauser.com,velit.flac,Wädenswil,"Steinmann, Erni and Frei",-17.640758,Togo
2016-03-19T17:51:49,906765835,-28.198937,Fulah,rw,17:50:17,2013-07-15 14:45:21,CH,web-36.stocker.info,sequi.key,Rheinfelden,Gross and Sons,52.136373,Zimbabwe
1988-04-17T21:09:12,609750,10.0209635,Somali,ik,21:46:13,1972-08-26 16:31:08,CH,lt-69.mettler.com,deserunt.wav,Horw,"Fehr, Knecht and Hodel",35.688268,Kyrgyzstan
1993-11-30T09:03:44,7733077,57.328253,Urdu,et,09:46:20,2012-07-05 03:15:27,CH,srv-79.senn.com,laborum.mov,Sarnen,"Frei, Wenger and Rüegg",99.223317,Tuvalu
2010-10-28T20:19:43,5,20.814617,Bengali,szl,13:05:03,1995-02-17 19:09:10,CH,desktop-08.kaser.info,incidunt.odp,Baar,Hofmann-Bühlmann,-87.341321,Sweden
2015-01-13T18:49:23,8549387,-14.1080245,Ido,eo,06:51:04,1998-11-17 13:28:29,CH,desktop-69.hunziker.org,non.css,Aarau,Baumann Ltd,32.285698,Austria
1975-08-31T19:58:24,53,83.9158595,Sango,sl,11:41:25,2011-12-20 19:21:28,CH,lt-65.felber.info,nesciunt.jpg,Risch,Isler LLC,17.400939,Bahrain
1993-05-08T15:44:25,16228,-78.0932295,Wolof,az,04:54:35,2010-09-07 00:28:44,CH,srv-79.zurcher.com,maxime.mov,Dietikon,Felber-Favre,168.414544,Sudan
2001-01-25T09:59:29,5032,44.650031,Swedish,lg,12:53:43,1995-01-19 17:47:51,CH,lt-77.ammann.biz,exercitationem.webm,Martigny,Merz-Hasler,-13.104392,Bosnia and Herzegovina
2015-06-06T11:26:08,121666914,60.8159125,Bulgarian,tt,17:19:56,1971-06-10 13:29:37,CH,db-47.lustenberger.com,dolor.webm,Solothurn,Suter-Suter,-15.600211,Dominica
2016-03-14T15:26:05,810,-57.441331,Chichewa,or,04:12:00,1996-11-11 03:47:09,CH,lt-65.erni.com,facilis.docx,Lausanne,"Jenni, Rey and Graf",15.314740,Slovakia
2015-05-28T21:07:45,8700714,25.346474,Latvian,nb,23:15:46,1996-04-22 19:18:48,CH,laptop-06.kunz-hug.biz,sapiente.html,Urdorf,Häfliger-Schaller,-136.398347,Jordan
2018-12-13T03:12:21,43,-63.419874,Tibetan,ka,18:25:20,2017-08-27 07:58:11,CH,lt-78.frey-ammann.com,dolorum.docx,Steffisburg,"Stöckli, Zbinden and Hess",-2.145062,North Korea
2002-09-30T05:51:54,5,-26.068878,Bambara,mai,02:28:31,1985-11-16 23:12:20,CH,email-48.koch-walder.org,explicabo.mp4,Wallisellen,"Baur, Studer and Schäfer",-177.905861,Jamaica
1998-03-15T12:20:40,735411232,50.333015,Tigrinya,az,23:40:15,2014-08-03 16:18:25,CH,srv-80.frick.com,dolore.flac,Chur,Eichenberger Ltd,23.655823,Guinea
1973-02-13T06:00:24,572925150,-42.339893,Luba-Katanga,fa,11:43:29,2008-03-10 15:45:57,CH,web-22.schmidt.com,quam.html,Risch,"Isler, Baur and Scherrer",-132.522289,South Korea
2016-06-01T12:26:06,68,47.367797,South Ndebele,bs,06:52:02,1984-05-18 22:53:55,CH,srv-36.friedli.com,autem.pages,Lutry,Staub Ltd,-140.690079,Georgia
2008-01-31T10:53:35,477071542,61.7693335,Cree,rw,07:33:05,1973-11-23 12:14:13,CH,srv-02.bernasconi.com,illo.pdf,Brugg,Wehrli-Staub,-14.437501,Lesotho
1985-04-03T15:13:09,888520848,79.673232,Portuguese,hr,12:13:08,2010-07-27 14:09:22,CH,desktop-00.zingg.com,quaerat.png,Riehen,Giger-Fankhauser,-95.725805,Malta
1981-03-20T05:13:41,82393,37.9785395,Chuvash,sq,09:08:29,1987-09-14 06:39:23,CH,desktop-96.buhlmann.com,omnis.xlsx,Spiez,"Ammann, Meister and Hofstetter",-109.034382,Cape Verde
2014-07-08T17:07:50,46423815,55.678867,Hungarian,az,10:39:46,1996-10-30 02:53:57,CH,laptop-81.kohler.com,aliquid.mov,Nyon,"Bättig, Fuchs and Braun",66.509506,Nicaragua
2008-05-05T12:02:53,962991,83.004103,Wolof,iu,04:19:42,2010-01-05 00:16:03,CH,web-50.kuhn.com,ducimus.jpg,Freiburg,Betschart Inc,95.994298,Namibia
1994-02-15T17:49:12,74470335,49.9092645,Tagalog,ce,13:27:52,1974-10-04 01:54:21,CH,web-12.jost.com,illo.wav,Lugano,Flückiger PLC,29.345475,Bulgaria
2018-01-14T20:03:48,520,66.2512725,Aragonese,xh,03:59:10,1999-02-22 13:49:14,CH,desktop-34.beck.biz,deserunt.wav,Thalwil,Gasser Group,-76.063357,Tuvalu
1994-02-22T13:57:50,92024004,-49.136756,Haitian,uz,07:43:15,1982-09-25 19:07:15,CH,desktop-95.walder-sidler.biz,aliquid.gif,Lausanne,Meier PLC,-29.739616,Indonesia
2013-10-31T15:36:55,405,-58.3326505,Hungarian,the,07:50:32,1997-12-06 06:49:10,CH,web-79.jost.com,magnam.mov,Thun,Hofer-Felber,-14.753820,Bhutan
1993-11-19T04:52:02,84687701,-13.8246425,Chechen,om,21:11:04,1994-09-28 10:19:44,CH,desktop-57.frick.info,quidem.mp3,Winterthur,Lanz PLC,179.095439,Slovakia
2002-11-28T13:01:21,599926357,-54.9493685,Kongo,am,19:33:59,1998-09-04 06:50:12,CH,db-97.herzog.com,ea.pages,Schwyz,"Koch, Kaiser and Peter",162.251290,Kazakhstan
1980-10-10T08:11:14,1,4.9651725,Malay,nn,06:21:06,1980-06-16 21:25:13,CH,lt-92.roos.com,officia.flac,Küssnacht,Müller-Lutz,-27.437003,Saint Vincent and the Grenadines
1974-07-06T14:32:29,693016703,-16.3570685,Serbian,ve,09:04:43,1986-09-05 21:27:42,CH,desktop-10.eugster.net,inventore.pptx,Bern,Knecht PLC,-169.821105,Iran
2009-06-21T13:47:03,246243492,87.4782205,Samoan,wa,01:56:46,1979-05-22 02:44:07,CH,srv-39.siegrist.com,placeat.tiff,Herisau,"Zingg, Hürlimann and Schnyder",158.974995,Nicaragua
1977-01-25T09:37:50,12878083,-2.980920,Corsican,ar,10:30:31,2006-04-12 04:24:41,CH,laptop-24.frey-brun.com,expedita.png,Brig-Glis,Stadelmann-Flückiger,-31.145711,Belgium
1979-09-15T20:57:32,6381437,-87.8746975,Tamil,kok,19:37:22,2010-01-23 17:55:19,CH,web-38.huber.biz,alias.pptx,Risch,"Christen, Herzog and Blaser",158.618566,Nigeria
2013-05-27T21:44:39,6,-80.8570655,Guarani,sr,12:42:19,1996-02-01 12:04:43,CH,email-72.zollinger.biz,nesciunt.xlsx,Martigny,Stettler-Hodel,12.523991,Guinea-Bissau
1985-11-01T22:42:07,7,50.927788,Tahitian,ti,17:08:57,1987-07-02 03:36:33,CH,srv-32.buhlmann.biz,nulla.doc,Genf,Beck-Zbinden,73.230512,Saudi Arabia
2008-01-26T02:33:36,629495821,-59.9660255,Kongo,tcy,07:14:25,2009-05-19 19:55:25,CH,web-45.brun.com,dolorem.jpg,Volketswil,Lüscher and Sons,-37.786279,Central African Republic
2000-10-04T17:51:12,89365,-61.474459,Turkish,dz,10:57:35,1996-03-25 19:54:21,CH,lt-77.frei.net,sunt.webm,Affoltern,Bosshard PLC,51.136939,Guinea-Bissau
2018-10-09T22:54:27,5683,-62.653994,Kashmiri,tl,07:00:37,1970-08-03 14:49:53,CH,lt-00.baur.com,sequi.js,Pully,"Seiler, Tanner and Bättig",119.134070,Djibouti
1999-04-15T18:54:44,739111013,49.6960035,Mongolian,nso,15:56:17,1973-04-15 08:48:07,CH,lt-64.kaiser.info,iusto.xlsx,Ittigen,Keller Inc,38.358048,Angola
2015-11-18T12:18:22,42579,67.0455175,Maori,gu,21:50:11,1981-05-15 18:10:23,CH,desktop-30.zollinger-sporri.org,totam.css,Muri,Herzog-Lehmann,-141.704684,Italy
1973-03-15T23:06:08,901410493,-31.164959,Finnish,nds,03:48:20,2003-05-13 16:31:54,CH,laptop-32.ferrari.com,placeat.wav,Yverdon-les-Bains,Bernasconi-Schürch,13.360335,Iran
2023-03-03T23:00:24,7806902,13.779184,Tibetan,bg,05:51:02,1975-04-18 06:19:06,CH,db-30.frey.biz,voluptas.jpeg,Biel/Bienne,Probst Inc,-102.179559,Uganda
2018-03-11T14:37:14,50086,-73.125570,Icelandic,ur,03:18:57,2005-11-16 15:15:46,CH,laptop-07.hunziker.com,perspiciatis.gif,Volketswil,Scherrer Inc,6.059015,Iraq
2011-10-29T23:58:30,994520236,-31.0697075,Danish,ckb,21:56:36,1975-01-16 19:20:23,CH,desktop-91.tobler.com,laudantium.flac,Bern,"Hoffmann, Bühler and Lang",113.550793,Bolivia
2005-07-14T21:28:52,89687,-3.767710,Samoan,ce,23:24:46,1997-12-25 03:49:32,CH,srv-23.hodel.com,nemo.jpeg,Weinfelden,Felber-Baur,170.125613,Slovakia
2000-01-06T15:15:28,3,57.4238345,Chinese,wa,11:51:10,2012-01-29 00:56:55,CH,laptop-07.lanz.com,adipisci.mp3,Lausanne,"Blum, Maurer and Wenger",-119.046957,Italy
1994-02-02T17:44:16,2354,63.243937,Dutch,ff,13:57:09,2013-12-06 10:14:20,CH,email-57.koch.net,esse.webm,Baar,"Brun, Widmer and Gloor",39.458854,Kyrgyzstan
2008-06-01T05:22:33,27925374,28.2082615,Chamorro,nn,08:03:03,1988-08-02 01:14:09,CH,db-50.buhlmann.net,laudantium.csv,Bassersdorf,Steiger Group,-143.043247,Grenada
2011-08-13T00:53:30,21934069,53.7045965,Walloon,ks,16:15:25,1984-08-14 23:55:10,CH,srv-34.stutz-brunner.com,expedita.mp3,Winterthur,Schäfer Inc,-12.800238,Slovakia
2016-11-01T15:21:26,7844487,17.967618,Bashkir,xh,00:31:58,2021-03-14 21:06:20,CH,db-25.arnold.com,vel.flac,Einsiedeln,Friedli-Isler,-93.902030,Togo
1989-11-10T03:15:57,41,-81.823219,Norwegian Nynorsk,sd,12:48:41,1975-06-24 08:28:11,CH,laptop-03.hotz.info,aut.mp3,Opfikon,Huber Ltd,91.001460,Kenya
1972-08-22T13:47:39,525574025,84.512271,Yoruba,mg,11:08:36,1999-08-03 01:00:43,CH,srv-66.kunz.com,modi.csv,Kriens,Steffen LLC,67.870743,Grenada
2009-03-19T23:18:39,2,69.0310495,Somali,gv,09:05:29,1984-06-02 15:31:26,CH,db-54.lehmann.com,perspiciatis.gif,Mendrisio,Frick-Senn,-19.956945,Guinea
2010-03-17T02:45:38,81999,51.4070995,Ojibwa,kl,02:14:37,1989-05-27 02:45:38,CH,web-79.bar.com,illo.flac,Opfikon,Ziegler Inc,-91.736143,Russia
2008-03-18T01:26:36,58315815,-77.1411255,Vietnamese,nl,15:23:33,2000-03-19 11:06:41,CH,desktop-44.schenk-benz.net,id.flac,Dietikon,"Wolf, Stucki and Fuchs",167.526285,Syria
1998-06-28T12:00:21,462230800,42.937201,Dutch,pap,04:43:27,2015-11-30 13:20:58,CH,laptop-10.egger.com,dolore.js,Baden,Winkler-Benz,-22.424165,Bahamas
1996-01-21T22:45:23,3486278,43.164083,English,crh,13:47:57,1991-04-14 17:20:57,CH,lt-03.mayer-schuler.com,enim.numbers,Thalwil,Suter-Lanz,-138.900280,Albania
1989-07-08T08:50:36,56704,86.7535965,Tajik,ik,08:26:29,2002-08-02 06:39:13,CH,lt-32.huber-hug.com,quis.mp4,Volketswil,Frick-Amrein,91.756469,United Arab Emirates
1972-08-12T06:15:08,1,50.0162115,Avestan,wal,05:02:32,2004-07-08 16:22:37,CH,lt-08.egger.com,dolorem.pdf,Risch,Michel and Sons,-88.276337,Belgium
2009-01-06T06:53:39,7475625,-13.334615,Abkhazian,sa,12:58:49,1978-04-01 03:14:51,CH,web-65.stauffer-lehmann.com,totam.mp3,Bellinzona,"Burri, Fischer and Hürlimann",124.986233,Monaco
2018-05-05T01:47:17,164,-88.972251,Pali,kok,19:44:09,2001-09-30 22:40:04,CH,desktop-96.senn.biz,quidem.json,Carouge,"Egger, Fehr and Kuhn",-76.873912,Ukraine
1979-05-29T08:41:23,65220344,60.1712445,Luxembourgish,de,00:05:11,2007-09-26 14:40:04,CH,web-43.weibel.net,quam.png,Sursee,Kaufmann-Stucki,34.092334,Republic of Ireland
2002-05-24T07:31:22,676172,-33.500944,Gujarati,pap,23:16:22,1984-05-01 21:07:26,CH,lt-18.aebi.com,optio.jpg,Binningen,Erni-Widmer,96.137393,Democratic Republic of the Congo
1987-12-10T17:40:10,5740951,7.223254,Avaric,wa,09:30:53,1979-06-29 20:11:19,CH,web-02.haas.net,exercitationem.flac,Emmen,"Kaufmann, Stauffer and Gerber",-38.560898,Democratic Republic of the Congo
2009-09-09T06:43:19,85,11.748556,Avestan,ka,20:25:56,1986-03-04 22:30:57,CH,db-59.zingg.org,sed.pptx,Herisau,Scheidegger-Burri,-47.526781,Belize
2016-06-30T18:01:44,26696929,66.3396025,Romansh,xh,04:48:21,2003-01-15 21:05:29,CH,lt-12.hunziker.org,id.js,Spreitenbach,"Pfister, Meier and Koch",-141.506310,Trinidad and Tobago
1990-09-30T11:10:16,3,-49.317878,Turkmen,wae,19:59:16,2006-06-20 12:03:23,CH,srv-61.zollinger-wirz.org,consequuntur.tiff,Olten,Bianchi Inc,132.106052,Albania
2001-04-17T22:06:52,29,-33.595981,Azerbaijani,raj,20:22:42,1987-02-04 15:33:59,CH,srv-48.wettstein.net,mollitia.ods,Le Grand-Saconnex,"Widmer, Maier and Steiger",-142.674586,Jordan
1979-10-03T02:09:40,7455751,81.3757495,Inuktitut,nl,22:28:15,1981-01-24 12:55:02,CH,db-19.battig-herzog.biz,rem.avi,Dietikon,"Pfister, Felber and Stauffer",-70.179151,Laos
2021-07-01T07:57:07,2,69.0629405,Divehi,fi,06:20:50,1997-04-01 16:14:22,CH,lt-18.zehnder.com,distinctio.mp4,Muttenz,Kern-Schneider,-8.029344,Bangladesh
1995-10-14T08:39:20,0,9.0143725,Albanian,st,16:53:42,1987-11-06 16:05:37,CH,lt-70.brun.com,totam.flac,Genf,Hermann Ltd,137.355558,Costa Rica
1997-10-07T04:41:05,49405,43.9506875,Polish,tig,11:07:08,1995-03-12 12:46:57,CH,web-19.merz.com,reprehenderit.tiff,La Tour-de-Peilz,Seiler Group,48.367912,Cape Verde
1983-05-26T06:28:18,12013,-64.6330745,Igbo,he,06:26:58,1981-06-17 04:02:41,CH,web-12.jenni.net,accusantium.numbers,Freiburg,Bauer-Stettler,-124.933894,Croatia
2000-10-28T09:05:15,579867361,-61.1003655,Polish,lb,05:16:14,2013-11-28 14:33:21,CH,web-40.merz.com,ipsam.jpeg,Ebikon,"Zingg, Wyss and Fuchs",48.947409,Georgia
1991-02-07T18:31:10,60,37.0829085,Malay,hy,06:50:40,1987-02-20 18:15:10,CH,lt-80.favre.net,laudantium.flac,Meyrin,Blum and Sons,-94.491349,San Marino
2016-06-11T11:31:29,63073,3.4825675,Hausa,nds,15:51:28,2000-07-12 22:50:10,CH,lt-68.baumgartner.com,voluptatum.pdf,Aesch,Bieri Inc,86.331191,Marshall Islands
1983-06-08T09:37:40,2,-42.215061,Dzongkha,ks,20:24:41,1980-03-13 09:42:34,CH,web-43.leunberger-probst.info,nobis.flac,Romanshorn,Frick-Stucki,-170.402242,Barbados
1985-03-02T01:52:26,5,31.983090,Albanian,pt,00:10:03,1978-06-19 02:08:33,CH,lt-68.egger.org,beatae.avi,La Tour-de-Peilz,Giger and Sons,-78.243051,Switzerland
1980-06-01T23:11:23,979990834,67.7695965,Interlingua,my,02:32:50,1980-09-16 19:10:19,CH,web-15.stocker-wirth.info,debitis.avi,Worb,"Zehnder, Kuhn and Bernasconi",-170.995690,Spain
1970-08-09T23:55:04,53,49.563039,Limburgan,dv,03:36:00,1998-05-24 18:36:52,CH,db-40.beck.com,corrupti.wav,Männedorf,"Frey, Peter and Winkler",168.947182,Central African Republic
1982-03-31T22:55:21,2,15.708686,Czech,wo,17:07:19,1997-03-15 11:36:30,CH,email-75.zimmermann.net,excepturi.xlsx,Kloten,Lustenberger LLC,-164.695966,Finland
2003-11-19T12:00:40,101212923,-75.445940,Romanian,tig,00:16:23,2002-12-04 13:31:46,CH,db-16.sporri-mader.info,nulla.txt,Flawil,"Vogt, Baumgartner and Hunziker",87.854064,Slovenia
1993-03-19T00:30:59,53,42.6943365,Yoruba,mag,11:40:31,1984-12-26 02:12:38,CH,db-38.schneider-michel.biz,exercitationem.avi,Muttenz,Frey-Leunberger,125.309260,Myanmar
1977-09-16T23:28:32,497709,69.107899,Tahitian,fo,21:03:27,1973-04-12 11:11:04,CH,srv-94.schuler-hermann.com,saepe.numbers,Aarau,Wagner-Tobler,0.661552,Luxembourg
2014-09-18T22:44:15,58668527,29.457053,Somali,wa,16:10:25,1980-06-15 01:51:18,CH,web-42.eichenberger.biz,animi.csv,Vevey,Wehrli PLC,55.946365,United States
1978-05-27T09:54:41,4245,-62.8199565,Akan,gd,00:05:28,1970-03-03 06:46:50,CH,lt-62.ernst.com,explicabo.docx,Wil,"Iten, Hoffmann and Kern",-137.086864,Lithuania
2014-04-07T21:30:36,12565,-28.885639,Bihari languages,ti,11:24:29,1995-08-06 14:44:34,CH,desktop-02.bauer.biz,veniam.jpg,Binningen,"Gloor, Brunner and Haas",-105.080169,Cambodia
1981-03-31T19:57:11,196960,-15.388054,Slovak,mt,16:41:35,1989-10-31 13:57:44,CH,lt-89.suter.com,ipsum.css,Veyrier,"Frick, Ferrari and Schoch",-155.262044,Zimbabwe
2005-05-27T05:34:20,7680622,-89.9594235,Bambara,ast,14:07:57,2006-02-28 06:35:44,CH,lt-63.stocker.com,explicabo.gif,Glarus,Meyer PLC,136.575001,Cuba
2012-11-16T07:34:38,32,0.5992015,Navajo,sw,13:09:02,2020-09-19 14:18:24,CH,srv-85.steiger.com,culpa.png,Zug,Lüthi Inc,135.522691,Togo
2021-06-24T10:46:32,90390,-5.106342,Latin,pa,15:00:53,1994-05-23 17:31:19,CH,email-24.grob.com,perspiciatis.flac,Stäfa,Fehr LLC,-166.670514,Papua New Guinea
1976-09-06T06:10:33,986,-58.3588345,Ewe,so,01:06:23,2011-11-28 01:03:36,CH,email-06.roos.org,quasi.key,Lausanne,"Hartmann, Bianchi and Sutter",-28.292437,Australia
1986-07-30T16:05:19,34,46.9092385,Hiri Motu,th,16:41:35,1995-06-07 05:18:12,CH,desktop-01.favre.com,mollitia.webm,Suhr,Bauer-Leunberger,166.480736,Bosnia and Herzegovina
1983-08-13T09:22:07,5972706,-0.092983,Panjabi,zu,08:08:35,1987-12-21 20:34:19,CH,desktop-88.siegrist.info,dolor.mp4,Vernier,Hürlimann-Pfister,-40.116810,Slovenia
1974-09-29T04:11:23,67669260,6.4323745,Kashmiri,niu,08:49:37,1981-01-14 08:42:46,CH,srv-13.brun.com,veniam.avi,Freiburg,Lüscher Group,-37.239739,India
1978-01-11T07:09:08,941605619,10.6948655,Hungarian,ja,21:18:11,1980-04-19 23:54:05,CH,db-39.braun.com,animi.mov,Gossau,"Winkler, Hartmann and Ernst",-122.308204,North Korea
1993-11-16T04:07:03,1557,-4.590994,Ukrainian,ff,02:42:46,1979-03-12 11:22:36,CH,db-82.hofmann.com,debitis.bmp,Möhlin,"Lüthi, Graf and Stocker",144.168290,North Macedonia
2021-04-09T19:12:16,49744291,-55.826228,Danish,dz,06:01:35,1995-09-13 08:54:46,CH,email-08.schaller.com,eaque.wav,Zollikon,"Lüthi, Hofstetter and Walder",-4.230787,Portugal
2007-01-08T11:37:46,38,56.493781,Swati,mi,18:32:37,1976-09-06 20:31:13,CH,db-70.kaiser-schoch.com,doloribus.doc,Carouge,Haas-Hodel,-94.739915,France
1995-10-14T18:27:12,4,-50.6944445,Bulgarian,kl,22:46:01,2000-03-02 20:37:13,CH,laptop-28.lutz.net,vitae.webm,Freienbach,Erni Ltd,-136.522609,Switzerland
2003-10-12T14:24:01,5,-23.713894,Sardinian,my,23:28:26,1987-05-12 11:21:18,CH,desktop-28.kaser-hauser.org,nesciunt.txt,Onex,"Steiger, Schnyder and Schärer",45.657571,Lithuania
1989-07-04T05:32:44,66,5.6843935,Tswana,oc,23:25:06,1978-05-17 08:56:18,CH,lt-45.hofmann.com,neque.mp3,Köniz,"Giger, Mäder and Schoch",-88.050587,CÃ´te d'Ivoire
2018-12-26T03:26:43,6091,62.713383,Sindhi,byn,21:03:16,2000-06-17 10:23:26,CH,srv-09.lanz.net,illo.pdf,Einsiedeln,"Hofmann, Bär and Weber",-129.189375,Bangladesh
1973-09-05T21:26:19,0,-59.1708635,Russian,gu,12:42:29,1995-01-25 16:33:19,CH,web-83.seiler.biz,excepturi.mov,Liestal,Keller-Kägi,99.650189,Egypt
2023-04-25T12:19:45,462209788,-49.123859,Tatar,vi,13:59:57,2019-05-12 05:35:13,CH,laptop-22.fankhauser.info,molestias.numbers,Cham,"Felder, Hürlimann and Stöckli",-71.639910,Mozambique
2014-09-20T16:47:46,6654,-23.730425,Hindi,fr,01:43:16,1986-09-07 23:52:48,CH,laptop-90.sporri.com,facilis.flac,Schaffhausen,Seiler Inc,158.295510,El Salvador
2018-12-12T04:19:18,70,-47.930522,Albanian,pl,22:36:09,1992-04-08 10:14:12,CH,laptop-12.kern-schoch.info,dolorem.wav,Birsfelden,"Kaufmann, Steinmann and Jenni",26.940623,Iceland
2017-05-22T00:26:16,22499,41.896187,Kurdish,os,05:31:52,1996-10-22 16:56:37,CH,laptop-81.steffen-ruegg.com,voluptates.avi,Affoltern,Brunner Ltd,4.915240,Italy
2015-03-18T13:37:06,8508113,78.044592,Oromo,mk,00:55:35,1980-09-08 04:07:15,CH,lt-66.hug.com,voluptas.avi,Uzwil,Sutter-Hauser,-129.600090,Central African Republic
1970-07-22T00:33:43,45,-64.2259315,Thai,ia,19:52:21,1992-05-03 23:40:34,CH,laptop-31.forster.com,dolores.bmp,Bülach,"Schenk, Schmidt and Erni",150.213652,Costa Rica
1978-07-04T08:44:14,378,-43.594713,Shona,hu,14:02:28,1989-06-12 01:28:35,CH,srv-83.steffen.biz,voluptas.mov,Dübendorf,Favre-Rüegg,86.268166,Austria
1972-02-11T03:10:41,766889,-63.362807,Limburgan,uz,07:21:44,1975-09-20 01:23:51,CH,desktop-46.gloor.com,sed.key,Gossau,Bühler-Hug,-140.065129,Ukraine
1982-11-16T11:36:28,1,-46.268149,Tibetan,te,00:22:07,2015-04-22 22:22:27,CH,lt-62.baumgartner.com,cumque.odt,Gland,Bucher-Hirt,74.225240,Albania
1974-10-12T23:14:13,730990250,38.148344,Albanian,ur,16:13:36,2021-06-28 09:00:57,CH,laptop-44.gross.com,asperiores.docx,Bulle,"Meili, Tanner and Fehr",-118.214969,Canada
2002-08-31T09:42:05,537,2.795405,Tamil,niu,23:15:26,1979-09-28 14:24:12,CH,web-80.fluckiger.com,adipisci.png,Emmen,Kohler-Stalder,-35.396822,Barbados
1984-06-21T01:26:42,241,-32.137332,Georgian,el,07:52:11,1990-11-04 09:54:35,CH,laptop-15.hofer.net,officia.mp3,Bern,Frey-Schenk,-121.506291,Azerbaijan
1977-12-08T20:22:02,517,-24.941612,Kashmiri,he,00:07:33,2002-06-21 20:57:32,CH,laptop-97.bauer.info,neque.png,Val-de-Travers,Seiler Group,132.957447,Maldives
1981-01-01T12:08:39,41697183,58.772476,Maltese,lb,05:16:55,2010-03-04 07:14:10,CH,email-43.walder-vogel.com,nemo.js,Küsnacht,Walter-Blaser,100.310410,Venezuela
2022-06-15T05:15:32,1894706,55.596650,Inupiaq,br,04:13:53,1998-08-30 04:43:02,CH,web-16.wegmann-seiler.com,sapiente.txt,Stäfa,"Egli, Wirz and Schärer",75.559971,Venezuela
1982-06-27T11:37:33,41,81.2332675,Aragonese,bs,01:53:55,1986-04-18 22:09:37,CH,srv-76.eugster.com,eum.css,Yverdon-les-Bains,"Lang, Aebi and Kessler",165.249537,Swaziland
2010-05-19T23:33:31,3,70.3464475,Latin,zu,11:29:15,2000-03-23 23:18:31,CH,laptop-73.eichenberger.com,soluta.mov,Vernier,"Hofer, Wyss and Gerber",172.171142,Ukraine
1984-01-18T13:32:43,86487989,50.5023195,Belarusian,sw,21:20:45,1996-08-05 20:47:03,CH,desktop-79.widmer-gloor.com,at.mp4,Schlieren,"Kern, Stettler and Schäfer",-70.978705,Slovenia
1982-08-03T17:29:56,86,10.804186,Kashmiri,nso,03:33:32,2012-11-17 00:49:28,CH,lt-47.kung-ammann.com,laborum.key,Olten,"Vogt, Kunz and Lüthi",71.835802,Myanmar
2007-11-20T11:42:52,95543,33.7677935,Catalan,ga,19:30:52,2016-10-21 09:43:01,CH,desktop-22.pfister.info,officiis.css,Risch,Bieri-Müller,104.625619,Latvia
2019-08-09T23:42:42,99713,-69.4316935,Swahili,cy,18:17:17,2019-10-22 05:26:57,CH,desktop-63.haas.biz,atque.html,Flawil,Favre Group,-156.939494,CÃ´te d'Ivoire
2022-01-14T18:28:43,6266881,47.869737,Kinyarwanda,hy,07:02:26,2020-02-22 01:04:23,CH,lt-82.mayer-geiger.biz,quae.docx,Bernex,"Spörri, Zingg and Maurer",-137.168972,Malawi
1994-04-24T02:17:07,9344,-19.7395145,Mongolian,fur,15:25:37,1984-04-04 10:12:15,CH,email-11.gut-mader.com,at.css,Maur,Stutz PLC,165.600283,Chad
1994-05-31T11:49:42,11267,69.433114,Kongo,sq,10:51:49,1999-07-07 08:44:48,CH,lt-34.gross-lanz.info,dolor.wav,Allschwil,Zimmermann LLC,-126.386599,Maldives
2000-05-24T00:57:41,9396168,-33.6512625,Pali,tl,19:14:08,1998-08-16 22:59:09,CH,desktop-85.wenger.com,possimus.odp,Volketswil,Furrer-Steffen,93.176105,Poland
2011-02-17T20:48:32,61785854,26.7989055,Greek,lg,16:11:40,1976-11-22 09:34:58,CH,web-50.peter-ritter.com,ex.mp3,Mendrisio,Ackermann PLC,-127.887029,Niger
2007-04-16T07:18:18,15005058,-5.680710,Marathi,ne,20:01:29,2013-06-18 04:11:10,CH,srv-77.hurlimann.com,velit.webm,Frauenfeld,"Meyer, Ernst and Walter",-84.565242,Taiwan
2003-11-01T16:40:24,234750,-19.827356,Western Frisian,ln,00:33:33,1980-03-09 07:12:55,CH,lt-77.martin.biz,dolorum.css,Oberwil,Arnold Group,-0.669931,Spain
2005-07-27T11:15:36,6963,-7.962061,Somali,az,11:18:13,2021-06-06 10:14:16,CH,desktop-63.gfeller.info,totam.png,Thun,Felder and Sons,-9.651210,South Africa
2011-02-20T03:36:31,30085,-79.216924,Luba-Katanga,bg,15:19:33,1993-07-21 02:17:24,CH,lt-69.arnold.info,quod.jpg,Chêne-Bougeries,Hotz LLC,49.588146,Sweden
1987-07-06T02:18:17,96,-56.591024,Spanish,quz,22:46:39,1981-07-12 07:06:50,CH,desktop-27.michel-forster.com,molestias.avi,Dietikon,Thommen-Gerber,16.409278,Kenya
1997-10-05T17:33:42,26502725,78.3749865,Irish,quz,07:41:00,1996-09-21 21:58:55,CH,laptop-94.furrer.net,eligendi.numbers,Villars-sur-Glâne,Gasser LLC,13.438548,Rwanda
1978-03-02T17:00:41,16927,-84.2575245,Abkhazian,si,01:27:38,1971-09-14 23:30:01,CH,laptop-56.mader-hodel.com,doloremque.wav,Belp,"Friedli, Egli and Widmer",-58.413513,Venezuela
2014-07-20T18:30:06,95339170,-67.8805195,Japanese,kk,02:40:00,2022-06-05 23:30:54,CH,db-72.stockli-hermann.com,delectus.mov,Ecublens,Huber Inc,-118.768720,Albania
1998-03-17T03:02:02,459,30.1703295,Catalan,ht,15:33:22,1994-05-25 07:47:51,CH,db-67.sigrist.com,hic.bmp,Freienbach,"Peter, Leu and Braun",47.287247,Montenegro
1988-01-08T13:19:06,487909316,21.3532085,Lingala,mt,20:17:30,1981-09-17 04:14:59,CH,laptop-74.baumgartner.com,eos.docx,Langenthal,Hotz-Hirt,-21.206084,Luxembourg
2021-09-14T00:14:58,1130002,-18.4399495,Hindi,da,06:58:13,1971-05-19 00:09:02,CH,laptop-34.beck-meier.info,iusto.wav,Kloten,Blaser Group,-135.665814,Mongolia
1970-03-28T17:28:28,36,46.5387295,Tahitian,fa,01:17:18,2006-12-11 20:55:30,CH,web-75.mayer-ammann.com,consequuntur.tiff,Cham,Zimmermann and Sons,-54.785232,Qatar
1987-08-06T01:18:11,686,-63.619403,Avestan,cmn,23:43:05,2000-08-11 23:49:59,CH,web-84.seiler-merz.net,illum.docx,Horw,Stalder and Sons,-150.038309,United States
2007-08-12T05:17:33,205190,-21.8845845,Faroese,so,21:31:22,2015-09-05 12:58:03,CH,email-88.knecht.com,quae.jpeg,Langenthal,Merz and Sons,-70.630467,Panama
1992-11-09T00:49:23,384497985,59.002264,Tsonga,vi,13:54:39,1988-03-15 13:43:04,CH,desktop-10.moser.net,explicabo.flac,Arbon,"Seiler, Bühler and Beck",174.703073,Bahrain
1980-11-01T01:25:06,1121,27.901623,Sinhala,bs,16:45:59,2016-08-30 06:08:41,CH,db-60.portmann.com,molestiae.flac,Worb,Lanz PLC,174.409543,United Arab Emirates
1989-09-21T05:54:55,132132,-19.186445,Kirghiz,ko,01:02:13,1990-02-20 21:06:14,CH,email-67.schaller-felder.com,cupiditate.mp3,Lugano,Steiner Inc,-174.055483,Mauritania
1997-02-04T14:18:27,6471865,-69.6501565,Kuanyama,raj,23:34:21,1972-08-06 10:25:04,CH,email-69.sidler.info,sequi.png,Gossau,Meier Inc,18.336234,Bhutan
2014-10-10T19:15:03,443,-13.952226,Czech,ha,08:38:37,1996-12-25 01:34:01,CH,lt-04.michel.com,et.xlsx,Morges,Zingg-Jäggi,-89.467931,Algeria
2005-04-23T18:46:16,66989,89.393875,Indonesian,xh,23:12:09,2001-02-05 16:37:23,CH,lt-77.lustenberger.com,nostrum.txt,Oberwil,Probst PLC,133.368810,Switzerland
1980-01-29T03:26:16,7,55.678053,Guarani,sk,02:56:50,2004-02-27 19:47:17,CH,web-73.pfister-koch.com,perferendis.jpeg,Pratteln,Zingg-Hofstetter,11.228956,Federated States of Micronesia
1992-07-18T12:15:41,164,-0.330289,Turkmen,bs,18:37:24,1983-03-28 06:10:41,CH,email-91.merz-schwab.biz,necessitatibus.json,Bülach,Küng-Hodel,-54.838811,Vatican City
2023-06-27T20:23:21,39,-57.8247425,Akan,ar,01:59:23,1970-08-24 07:25:35,CH,db-53.isler-knecht.net,repellendus.webm,Zofingen,Gasser Inc,139.602618,Zimbabwe
1975-05-18T12:47:10,289453,19.188269,Ganda,ur,15:31:47,1974-02-17 19:12:30,CH,email-45.hauser.com,error.webm,Freienbach,Ott and Sons,-43.135623,Cape Verde
1976-04-14T13:24:21,4248,-35.365714,Azerbaijani,dz,16:44:40,2012-08-25 23:25:12,CH,desktop-68.wirz.net,quas.flac,Brugg,Wirth PLC,131.197074,Botswana
2023-04-09T21:33:05,118282,5.9384315,Gujarati,hak,18:49:32,1990-03-24 08:35:37,CH,laptop-39.hofmann.org,tenetur.html,Morges,Bauer-Sigrist,-140.307424,Burkina Faso
1985-08-31T12:33:01,647276,-82.498790,Hindi,sq,09:14:12,1971-02-17 15:31:16,CH,web-71.haas-baumann.com,quibusdam.js,Wil,Steffen Ltd,-70.962073,Andorra
2000-06-11T03:00:05,1859335,-50.526624,Persian,dv,12:11:44,1974-08-03 04:51:29,CH,laptop-65.gross-meili.com,tempore.txt,Gossau,Bättig PLC,-111.067570,Peru
2019-03-29T22:14:39,207469578,-49.061788,Vietnamese,nso,23:00:39,1996-05-20 14:13:21,CH,laptop-66.sutter.com,vitae.avi,Frauenfeld,Schmid LLC,20.945399,Vatican City
1996-12-09T07:36:40,86,70.559055,Telugu,sc,11:37:12,1991-02-25 07:21:24,CH,desktop-38.isler-furrer.biz,consectetur.ppt,Volketswil,"Grob, Schär and Zimmermann",63.942120,Papua New Guinea
1986-09-27T02:37:59,9089376,2.7176825,Urdu,fur,01:57:53,1981-11-18 23:55:06,CH,email-34.scheidegger.info,reprehenderit.mp4,Neuenburg,"Bachmann, Arnold and Jost",-63.641488,Czech Republic
1996-02-22T14:11:57,97352387,21.313077,Vietnamese,id,07:17:25,2015-03-16 06:53:15,CH,desktop-68.ackermann.com,possimus.odt,Münchenstein,Schweizer PLC,14.507365,Saint Vincent and the Grenadines
2016-09-22T16:53:57,7407,-48.4885465,Arabic,el,07:23:06,2017-06-10 16:51:51,CH,laptop-95.vogel.com,debitis.bmp,Wetzikon,Forster Group,75.105366,Belgium
1976-03-01T06:39:10,391502401,-21.1964765,Hindi,km,14:11:57,2006-12-12 06:10:46,CH,laptop-04.leunberger.info,ducimus.mov,Luzern,Schäfer LLC,78.288589,Zambia
1990-09-08T12:46:37,408885370,63.3607525,Chichewa,ss,22:03:07,1975-07-19 09:53:46,CH,srv-67.favre-weibel.com,doloremque.pages,Basel,Steiner LLC,-4.552140,Iceland
2006-11-18T00:39:34,75,-87.2960825,Inupiaq,tk,12:27:30,1988-03-26 04:43:04,CH,laptop-79.mader.com,consectetur.jpg,St. Gallen,Bernasconi-Koch,77.352067,Mauritius
2015-10-02T21:22:39,7897394,53.966488,Interlingue,iw,11:08:35,1974-11-19 07:33:47,CH,desktop-94.gasser.com,consectetur.wav,Veyrier,Isler-Küng,-98.766066,Seychelles
2012-05-27T21:45:21,7226421,27.5397075,Kirghiz,tn,16:29:22,2019-03-08 15:25:15,CH,lt-35.bieri.com,minus.docx,Oberwil,"Stucki, Hofmann and Fischer",107.487186,Liechtenstein
2020-06-21T13:50:45,416785,71.351244,Bislama,apn,20:57:31,1975-08-10 09:35:13,CH,laptop-94.senn-wyss.com,veritatis.tiff,Nyon,"Zimmermann, Küng and Tobler",48.219434,Vietnam
1982-04-23T22:41:01,7081,30.2943415,Ido,lg,14:29:09,1995-12-10 05:26:13,CH,web-17.egli.com,quisquam.jpg,Gland,Stadelmann-Lang,57.467971,Uzbekistan
1980-03-03T12:25:04,137,60.4594465,Japanese,cy,00:25:28,1974-01-26 02:02:17,CH,desktop-44.imhof.biz,delectus.pdf,Gland,Ritter and Sons,97.598411,Mauritius
2023-05-26T22:34:27,5232718,-75.091790,Cree,af,18:57:29,1976-11-09 17:32:55,CH,web-33.mettler.info,hic.gif,Rheinfelden,"Ferrari, Steinmann and Wolf",152.399974,Guinea-Bissau
2023-07-08T16:10:36,9844763,-27.0396035,Kalaallisut,th,06:24:11,1998-12-01 03:32:29,CH,email-58.hofer.com,tempore.xlsx,Horw,"Lustenberger, Bachmann and Hodel",-174.444527,Burkina Faso
1993-02-11T14:38:19,914,-32.7918965,Greek,bn,21:07:34,1980-08-04 10:41:55,CH,email-48.zingg.biz,temporibus.flac,Vernier,Wegmann and Sons,64.759663,Bangladesh
2014-10-26T09:58:33,72804,31.0546085,Zulu,eo,18:27:14,2022-09-10 22:49:37,CH,desktop-57.erni.com,tenetur.avi,Flawil,"Schuler, Schenk and Wirth",49.734114,Malaysia
1978-10-17T08:11:01,329,49.9367135,Hebrew,br,14:24:29,1994-05-16 19:18:14,CH,db-99.rey-hofer.com,temporibus.html,Bulle,Küng LLC,137.315194,Iceland
2002-09-04T14:52:08,45,-75.012906,Fulah,ka,23:09:09,2008-01-06 04:18:33,CH,lt-43.stocker.com,provident.flac,Locarno,Meister LLC,-2.961070,Tunisia
1992-07-11T03:56:17,840549148,-30.451625,Occitan,wo,23:49:46,2007-07-16 01:12:44,CH,email-07.lutz-mettler.com,fugiat.txt,Köniz,Bianchi-Burri,-91.338243,Greece
2002-11-22T21:31:22,40454,-36.5541705,Kannada,fil,01:51:53,2015-01-14 08:48:14,CH,db-96.schlatter.info,commodi.docx,Arbon,"Ernst, Fankhauser and Thommen",61.657687,Austria
1979-09-04T11:09:46,66558,69.1464045,Telugu,os,20:28:45,1976-10-28 17:23:35,CH,laptop-53.zingg.com,doloremque.odp,Emmen,Gasser PLC,-88.724493,Central African Republic
1989-07-29T01:52:04,954234,28.872094,Inupiaq,hy,11:47:28,1992-08-11 22:08:46,CH,db-47.friedli.net,molestias.flac,Allschwil,Berger-Schneider,-70.852667,Andorra
1988-08-11T13:21:24,135350,-20.941471,Kinyarwanda,os,14:49:14,2007-12-16 05:59:05,CH,lt-92.wenger.com,nesciunt.txt,Arth,Benz-Lutz,165.797556,Djibouti
2013-12-03T19:24:15,50245539,75.791991,Tajik,pt,19:22:09,1993-10-12 13:54:38,CH,email-67.mettler.net,ab.pages,Wallisellen,Scherrer Ltd,120.016929,South Korea
1987-04-04T17:46:44,8497,76.3243855,Malay,sk,11:44:46,2017-05-03 00:50:37,CH,desktop-77.eichenberger-lang.com,similique.jpg,Möhlin,"Egli, Scherrer and Schwarz",-173.576238,Sudan
1988-03-06T08:03:29,265,-33.375849,Western Frisian,ug,19:35:19,2009-04-17 19:49:31,CH,lt-83.hofmann.biz,ullam.mp4,Zollikon,"Bättig, Portmann and Schürch",-162.752625,Canada
2021-12-14T01:09:36,6752,57.8007185,Chichewa,ig,14:02:05,2000-04-15 16:21:26,CH,laptop-55.kunz.com,quo.html,Belp,Baur PLC,25.313947,Jamaica
2010-01-20T05:27:02,773761865,86.157590,Quechua,szl,23:56:59,2020-06-06 02:23:05,CH,srv-77.battig.biz,quam.jpg,Binningen,"Furrer, Ackermann and Favre",-20.275189,United States
1996-03-01T17:07:22,72510295,18.1796195,Latin,tk,00:18:07,2022-05-11 12:21:19,CH,db-08.hermann-schenk.org,vitae.json,Schaffhausen,Hofmann Ltd,114.758274,Republic of Ireland
1983-12-01T04:30:54,50,62.2596765,Cree,fur,01:19:53,2011-06-12 11:50:47,CH,db-76.bernasconi.net,rerum.mp3,Belp,Staub LLC,-53.782098,Ukraine
1983-10-30T07:22:55,782709676,62.116296,Fulah,sl,11:56:51,2019-07-18 09:13:21,CH,lt-82.rey.com,minima.webm,Küsnacht,Schnyder-Eugster,40.641180,Iceland
2018-08-03T08:12:25,978,-25.168462,Tonga,ig,05:41:45,2019-05-21 17:05:45,CH,web-83.schwab-schneider.com,natus.wav,Bernex,"Ammann, Mayer and Schumacher",-54.766270,Moldova
1984-08-04T07:27:35,839569,-87.4398095,Fulah,hak,11:01:51,1976-03-19 01:35:34,CH,desktop-81.brun-hofstetter.com,similique.bmp,Versoix,Weber Ltd,-142.703088,Cyprus
1987-03-25T08:14:49,173923,61.600398,Hungarian,hu,23:24:40,1975-08-18 16:34:00,CH,web-90.luscher.net,dolorum.wav,Buchs,"Hodel, Kälin and Maier",48.541265,Haiti
2022-07-17T23:28:09,58,-49.151921,Gaelic,is,12:07:57,1974-10-21 08:10:58,CH,desktop-06.huber-christen.com,sed.ppt,Opfikon,"Lehmann, Iten and Martin",119.899255,Philippines
1974-08-31T23:31:31,5810935,-0.4940395,Avestan,apn,03:21:20,1980-11-26 06:02:39,CH,laptop-35.hirt-kessler.net,temporibus.mp4,Horgen,Mettler Group,-27.861076,Poland
1987-02-02T07:54:02,54844187,-83.0158495,Turkish,et,07:59:11,1972-10-09 12:40:22,CH,web-91.wirz.com,distinctio.webm,Monthey,"Zbinden, Rey and Näf",-164.418184,El Salvador
2013-11-13T09:55:19,226206,54.683844,Wolof,kok,03:06:19,2017-10-11 08:47:02,CH,db-62.schumacher-hofstetter.biz,quas.pages,Delsberg,Herzog-Zürcher,15.303871,Slovakia
2006-11-16T03:08:16,0,-2.4105135,Guarani,iw,04:15:42,1971-05-31 20:43:11,CH,laptop-08.felder-ritter.com,fugiat.webm,Crans-Montana,Baur and Sons,-47.858643,Republic of the Congo
1982-08-29T08:58:13,84555,37.5841685,Chuvash,el,18:25:12,1991-08-31 04:52:49,CH,email-13.gfeller.biz,necessitatibus.gif,Zollikofen,Frey Inc,-156.570278,Chad
2016-10-08T05:50:06,4438,-47.319126,Komi,sid,21:29:01,1999-01-24 02:49:46,CH,laptop-21.hartmann-betschart.info,deleniti.webm,Martigny,Bachmann Group,-74.444721,Suriname
2003-06-21T18:46:30,2079,-13.3103985,Ossetian,or,05:38:13,2001-03-02 14:28:29,CH,db-16.mettler-egli.com,molestias.html,Flawil,"Meyer, Hofmann and Bär",144.590730,Denmark
1999-04-30T21:26:02,42,-8.073599,Norwegian,mg,11:37:28,1977-07-17 19:08:16,CH,web-97.stauffer-buhlmann.info,delectus.html,Davos,Felber Group,40.683055,Norway
1987-11-13T14:10:26,17758,-8.862352,Assamese,so,21:12:01,1973-01-29 02:06:21,CH,web-28.schneider.com,perferendis.tiff,Zürich,"Frei, Stauffer and Schuler",-168.698954,Singapore
1971-12-03T12:13:19,98,5.342594,Slovak,zu,15:07:46,1981-06-17 02:20:51,CH,desktop-87.probst.com,illum.mov,Herisau,"Egger, Kägi and Meyer",153.672745,Slovakia
2022-01-13T17:38:11,6608846,59.785634,Luxembourgish,so,11:05:36,1981-04-24 00:38:23,CH,laptop-18.fuchs-leu.net,non.txt,Spreitenbach,Meyer PLC,-29.526070,Dominica
1994-12-25T16:33:05,60546301,-88.792595,Ewe,xh,02:43:34,2009-07-04 06:46:40,CH,email-85.forster-battig.biz,expedita.pages,Chur,"Zbinden, Staub and Schaub",-30.820804,Vatican City
2003-12-25T16:44:55,9757,-72.3049265,Kalaallisut,csb,16:06:46,2016-04-19 08:05:00,CH,db-90.muller-eichenberger.com,distinctio.avi,Olten,Schwarz-Bieri,91.299805,Liberia
1990-08-06T00:07:33,68778,16.0417345,Kalaallisut,sq,08:12:56,2006-01-12 15:20:10,CH,web-36.schweizer.org,iure.xls,Zollikon,Schmid PLC,125.420592,Liechtenstein
2003-04-01T15:48:53,17371,11.7474945,Malayalam,am,13:17:44,2000-02-26 11:37:42,CH,desktop-38.geiger-gross.org,occaecati.png,Ostermundigen,Rüegg-Berger,137.845754,Namibia
2012-07-20T04:15:37,0,49.183298,Bosnian,ug,00:59:50,2012-08-05 20:41:28,CH,web-82.stocker.com,enim.xls,Ittigen,"Merz, Frei and Burri",-129.123823,Rwanda
1986-08-10T07:14:45,726854,-38.2061445,Lithuanian,my,06:48:05,1971-10-11 22:04:32,CH,db-75.bachmann.com,saepe.doc,Chur,"Meyer, Weibel and Stucki",149.321395,Georgia
2008-12-21T04:22:13,76,-32.278098,Luba-Katanga,eu,22:01:43,2010-12-11 01:15:47,CH,lt-57.wyss-sporri.org,fugiat.js,Morges,Schumacher-Kohler,-36.732182,Grenada
2018-02-07T15:59:32,99588,-30.5296295,Xhosa,cmn,21:52:11,2021-11-29 21:31:48,CH,lt-00.giger.biz,labore.odt,Herisau,Wirz Inc,80.857596,Federated States of Micronesia
1986-03-05T05:51:22,178,58.3858465,Afrikaans,ug,03:48:37,2013-05-06 11:37:56,CH,lt-53.kessler-furrer.org,ab.pdf,Sitten,"Meili, Lüthi and Burri",-127.333585,Libya
2012-03-27T00:07:45,96,72.1146245,Avaric,ayc,18:59:22,1992-01-31 19:55:47,CH,lt-72.ammann-luscher.com,ducimus.png,Lancy,Frey-Walder,-169.975046,Estonia
2003-01-26T06:00:26,3,-76.8647555,Kurdish,doi,01:48:42,1975-07-05 01:02:54,CH,web-34.schwab.org,sequi.flac,Muri,Walter-Egli,119.449368,Tunisia
1977-07-27T05:40:34,4704,-82.801989,Zhuang,ayc,15:10:36,1984-09-29 08:38:00,CH,laptop-97.stutz.com,ducimus.mov,Dübendorf,Burri-Schuler,165.344113,Republic of Ireland
2021-12-29T17:33:04,64023220,43.040988,English,crh,05:06:51,1984-09-27 19:56:53,CH,email-15.schenk.net,ea.mp3,Reinach,Schaller-Küng,139.326299,Niger
1993-01-12T18:04:06,4234323,33.409567,Guarani,kn,20:57:22,1989-06-22 12:50:16,CH,lt-05.felder.com,deserunt.webm,Neuhausen,Wyss-Zollinger,103.700435,Switzerland
1990-06-08T01:36:52,7078,9.227841,Zulu,ar,12:08:13,2002-07-17 00:41:34,CH,desktop-18.burri.com,rem.tiff,Worb,Friedli LLC,-30.449761,Central African Republic
1998-10-25T12:14:27,831104,-47.1659455,Kanuri,dz,08:30:55,2010-06-14 23:43:43,CH,db-82.hotz.org,aspernatur.key,Frauenfeld,Bättig-Wyss,-152.874036,Seychelles
1971-07-03T15:29:39,0,80.6655245,Tahitian,bg,20:45:22,1975-07-08 05:27:32,CH,desktop-52.steffen-koch.com,a.jpg,Pfäffikon,Fehr-Stettler,-156.262825,Comoros
1999-07-01T09:02:05,39076,-74.479001,Western Frisian,en,01:47:13,2016-06-08 05:20:49,CH,srv-45.giger.org,assumenda.wav,Martigny,Burri-Geiger,171.980007,Uganda
1991-06-05T10:07:35,93287,18.132732,Kanuri,the,19:30:09,1996-03-27 19:57:07,CH,srv-98.egli.biz,ducimus.gif,Muri,Weibel-Merz,44.989677,Estonia
1972-12-07T06:45:36,637461,-20.764389,Lingala,sk,02:56:48,1983-06-02 02:39:02,CH,laptop-79.gerber-kung.com,iusto.bmp,Crans-Montana,Mäder Group,35.438209,Comoros
1981-02-14T14:11:14,625596064,-71.017491,Uzbek,bhb,00:04:41,1987-05-04 00:01:16,CH,db-03.eichenberger-schenk.org,tempore.webm,Altstätten,Meili PLC,162.665932,Peru
1988-02-21T06:17:27,467,-54.088691,Swati,ha,23:11:54,2012-02-27 22:41:30,CH,lt-55.wagner.info,inventore.mp3,Ebikon,Stöckli-Hofstetter,-88.588866,Pakistan
2003-05-20T04:24:14,6,-4.2138075,Hindi,lij,16:27:45,1996-10-21 12:38:25,CH,lt-88.hess.net,nostrum.docx,Kloten,Walder-Imhof,174.257900,Tuvalu
2013-12-28T07:20:45,757318,22.6911115,Slovenian,pl,04:20:21,2001-06-09 04:34:01,CH,db-37.hess.com,qui.mov,Payerne,Benz Group,-132.036674,Portugal
1972-11-11T05:14:14,278,37.309442,Sichuan Yi,si,00:28:56,2013-04-25 13:40:07,CH,desktop-13.staub-hafner.biz,nam.xlsx,Uzwil,Christen Inc,98.124412,Pakistan
1987-02-07T07:04:21,928499100,30.486746,Corsican,ik,00:46:38,1970-07-19 05:38:08,CH,laptop-44.baur.net,eius.jpg,Altstätten,"Lüthi, Kaiser and Brunner",162.294251,Mongolia
2014-11-24T14:39:51,212320349,-58.4201535,Fijian,fy,15:06:54,2000-08-15 23:56:38,CH,lt-59.schoch-beck.com,magnam.pdf,Regensdorf,Brun-Schlatter,170.617799,Singapore
1988-05-11T17:09:44,717993531,89.987238,Tswana,br,09:57:55,2006-04-01 08:42:43,CH,srv-71.mader-schwab.com,sit.ppt,Binningen,"Felber, Schneider and Bachmann",49.374397,Sri Lanka
1976-01-29T16:42:47,963624123,-56.6591965,Pushto,pt,09:06:32,1981-12-29 14:02:49,CH,db-88.albrecht-lang.com,sed.gif,Arbon,Ackermann-Hofstetter,127.992000,Azerbaijan
1996-08-18T09:20:11,3,-21.4022245,Indonesian,pap,23:53:46,1982-09-25 16:33:54,CH,email-72.sigrist-michel.org,totam.js,Urdorf,Felder LLC,-57.096004,East Timor
1975-02-27T01:20:34,81,-62.2109855,Interlingua,mni,23:35:26,2015-04-04 15:26:16,CH,srv-45.berger.com,dolore.pages,Biel/Bienne,"Bolliger, Favre and Bolliger",-15.753808,Sri Lanka
2012-09-10T20:30:17,27,-47.971124,Herero,en,19:25:02,2000-07-17 11:45:53,CH,desktop-05.fischer-egger.com,eligendi.css,Val-de-Ruz,"Kaufmann, Lüscher and Meier",-160.598898,Cameroon
2006-12-19T20:24:41,90404969,-77.710405,Limburgan,cs,12:38:31,2008-03-11 02:16:20,CH,db-22.hofstetter.net,repellendus.avi,Kloten,"Zehnder, Lüthi and Wehrli",26.885610,Denmark
1994-05-23T07:39:46,67894902,32.8591755,Icelandic,lij,07:42:14,1979-08-01 18:23:04,CH,db-66.stadelmann.com,quasi.mp3,Arbon,Zbinden Group,-22.402517,Tanzania
1983-01-07T12:42:04,86417464,82.667701,"Sotho, Southern",mag,04:17:07,1987-03-24 17:39:03,CH,web-86.felder.com,enim.mp4,Maur,Christen-Ammann,106.260948,South Africa
1971-08-14T20:41:09,436631,46.566497,Sichuan Yi,sat,14:04:22,2011-02-02 18:30:20,CH,db-20.wolf.com,omnis.txt,Volketswil,Bauer PLC,-134.513161,Madagascar
1983-03-18T09:58:48,109817,-12.455756,Fulah,ug,11:21:46,2012-08-05 05:40:52,CH,email-91.fluckiger.com,neque.pdf,Ebikon,"Ferrari, Mettler and Kaiser",-96.457587,Indonesia
1989-02-24T01:04:02,70,-66.9999765,Central Khmer,ak,05:16:03,1992-12-19 17:21:43,CH,email-33.muller.com,omnis.docx,Cham,Amrein PLC,92.118390,Tuvalu
1988-04-14T18:16:06,270,38.8827215,Aragonese,sl,21:45:40,1984-06-23 04:21:41,CH,desktop-95.kaser-schlatter.info,distinctio.js,Thalwil,Herzog PLC,104.185849,Mauritius
1970-02-20T11:20:14,99700311,-54.0802805,Pali,tk,00:21:19,1980-03-09 21:09:53,CH,laptop-96.felder.com,atque.jpeg,Solothurn,Furrer LLC,-166.508046,Lebanon
2015-05-13T18:58:38,0,51.052020,Indonesian,nr,11:25:53,2005-04-22 08:05:53,CH,desktop-41.bucher-weibel.com,ut.wav,Biel/Bienne,Tobler-Egli,11.079906,Bahrain
1989-06-10T15:11:44,2,-11.9764985,Ossetian,vi,13:15:16,2017-03-31 23:37:59,CH,email-51.bolliger.net,quos.css,Horgen,Schweizer and Sons,-33.229838,Grenada
2014-01-31T06:03:09,750955,12.120721,Afar,ku,19:38:42,1982-07-15 07:46:03,CH,lt-79.sporri-schmid.com,esse.wav,Biel/Bienne,Schumacher PLC,-63.552937,Guyana
1976-09-28T11:49:45,1798,-3.5379465,Basque,szl,03:47:15,2011-06-17 22:08:12,CH,srv-95.wirz-hofer.biz,atque.mov,Langenthal,Schneider Group,26.814088,CÃ´te d'Ivoire
2006-09-24T05:17:18,4,-12.416638,Tamil,ts,12:37:32,1976-03-23 00:37:51,CH,laptop-24.kaiser.org,quae.flac,Sitten,Geiger PLC,91.802199,Singapore
1973-03-06T00:59:05,3,45.4125445,Tibetan,hne,11:50:48,1985-01-19 15:09:12,CH,db-01.friedli-pfister.com,deleniti.ppt,Plan-les-Ouates,Lutz and Sons,-149.750352,Georgia
2000-03-22T03:20:50,85,45.694223,Portuguese,ta,17:19:45,1981-04-28 00:45:07,CH,lt-12.schurch.com,fugiat.key,Altstätten,"Moser, Roth and Geiger",-39.708922,Tonga
1990-01-05T04:57:57,519,-21.1095605,Gaelic,lij,14:02:56,1995-02-24 10:10:21,CH,desktop-70.felber.com,magnam.gif,Baar,Gross-Hess,-75.652884,Guyana
1990-09-27T21:30:28,38,-59.603026,Belarusian,gd,09:08:17,1970-10-11 16:36:32,CH,lt-85.keller.com,omnis.pdf,Küssnacht,Christen PLC,-47.412220,Bahrain
2013-04-21T07:36:33,301653,-72.0460955,Sanskrit,ht,15:23:22,2021-09-04 21:40:26,CH,desktop-83.roos.info,explicabo.csv,Versoix,Schmidt PLC,133.396408,Mali
1978-06-05T11:22:47,303052301,4.663741,Tahitian,fa,02:52:54,2007-10-30 17:27:26,CH,srv-98.ernst-fluckiger.org,voluptatibus.tiff,Thalwil,Ott-Isler,-146.829966,Togo
1995-02-14T03:54:59,7,-67.8116705,Fulah,nl,03:47:09,1988-09-17 06:39:02,CH,lt-31.hartmann.com,nobis.mov,Männedorf,Maurer-Hofstetter,161.582762,Laos
1980-04-12T13:12:34,5605662,24.966034,Chinese,sd,19:59:11,1985-08-01 07:09:11,CH,web-04.jost-gasser.info,itaque.ods,Versoix,Frey-Meier,151.302198,Estonia
1979-10-19T19:25:22,6640,76.0686045,Telugu,si,01:35:47,1985-04-13 23:16:16,CH,web-91.battig.com,voluptatibus.css,Wädenswil,Egger-Schumacher,66.902501,Lebanon
2014-06-13T00:04:40,43392,84.3710155,Somali,ia,11:55:33,1970-05-29 13:27:12,CH,laptop-79.walter-weber.biz,nostrum.pages,Wettingen,"Scheidegger, Roth and Bosshard",102.952706,Sri Lanka
1984-08-26T07:16:35,3750948,-8.8930635,North Ndebele,apn,15:06:41,1992-07-02 14:37:17,CH,lt-07.aebi.com,beatae.txt,Luzern,Hasler-Martin,113.752405,Switzerland
1986-10-13T23:21:12,67,34.7289925,Sardinian,mg,21:18:18,2014-10-13 16:31:19,CH,db-31.fehr.net,fugit.html,Freiburg,Pfister Ltd,60.835391,Luxembourg
2014-02-05T17:12:19,1,24.5889095,Gujarati,as,07:33:56,2004-05-14 20:45:53,CH,email-89.schurch-probst.com,assumenda.gif,Muri,"Schär, Peter and Schaub",-58.998273,Samoa
1999-10-19T02:31:08,68,76.592527,Bengali,ak,19:50:38,1984-12-21 23:03:00,CH,lt-51.ferrari-baumgartner.info,sapiente.tiff,Köniz,"Fuchs, Wettstein and Eugster",176.736398,Syria
2012-04-28T20:58:26,273507426,-27.9531805,Interlingua,yue,05:22:33,1997-11-26 03:56:32,CH,db-48.schnyder-meyer.com,eum.csv,Richterswil,Studer-Gross,-124.232742,Dominica
1994-03-15T06:49:34,7302,32.4580735,Basque,nso,23:51:21,1973-09-23 22:01:52,CH,desktop-91.suter.com,maiores.flac,Wetzikon,Maier-Ott,-64.742906,Syria
2005-08-14T21:28:35,4,-73.6571355,Ojibwa,an,20:27:47,2023-02-22 03:38:34,CH,laptop-67.braun-meier.com,tempora.mp4,Burgdorf,"Amrein, Steinmann and Kessler",-147.186333,Mauritius
1981-11-18T00:43:51,5,65.976300,Uzbek,nl,12:37:05,1971-11-15 15:34:15,CH,srv-73.furrer.info,eius.mp3,Mendrisio,Flückiger Ltd,-60.404350,Russia
1973-04-06T15:55:21,3,27.952573,Maori,sd,17:44:57,2021-11-20 17:15:29,CH,lt-69.lanz.com,sit.flac,Montreux,Friedli LLC,-70.346471,Antigua and Barbuda
1988-05-02T22:12:52,7499,45.730726,Spanish,kok,23:04:27,2023-08-14 14:00:43,CH,lt-35.egger.info,laboriosam.ods,Münsingen,"Bianchi, Schaller and Wehrli",-26.044073,Germany
1999-05-16T08:18:49,9022043,-59.1206155,Sundanese,fur,08:13:21,2004-12-31 23:47:03,CH,web-27.michel.com,nostrum.mov,Altstätten,Frei and Sons,-49.137616,Suriname
1975-06-01T01:28:07,33561,-10.9791555,Marathi,wa,22:35:17,1999-02-20 03:56:53,CH,desktop-96.hermann.com,excepturi.css,Pratteln,"Zbinden, Betschart and Winkler",-83.530273,Senegal
1988-05-10T10:40:40,24,45.3662005,Tigrinya,he,18:42:43,1992-01-06 00:37:11,CH,srv-41.schweizer.info,enim.avi,Neuhausen,Zimmermann Inc,80.408667,Colombia
2023-03-01T02:07:12,20210764,14.329004,Yiddish,ss,01:20:27,2011-01-17 02:28:57,CH,laptop-46.hoffmann-luthi.net,optio.wav,Val-de-Travers,Schuler Ltd,-18.988076,Libya
2006-10-13T00:54:47,8857,-20.783893,Tamil,szl,01:48:49,2020-08-30 02:21:01,CH,laptop-00.braun.info,praesentium.mp4,Luzern,Stocker Group,62.437232,Poland
2023-05-01T03:32:42,7986718,-26.822906,Inupiaq,cy,01:00:42,1970-10-31 09:37:21,CH,srv-04.wehrli.info,voluptate.wav,Lugano,Egli Ltd,130.753552,Saudi Arabia
2016-10-27T09:20:17,72489,-49.685037,Assamese,ts,04:11:55,2023-02-10 08:47:25,CH,db-20.buhler-beck.biz,facilis.json,Emmen,Merz-Schaller,44.624242,Jamaica
1984-02-18T03:37:02,27766293,-45.345959,Maori,or,21:12:02,1982-07-15 05:04:09,CH,db-99.roth.com,deleniti.gif,Renens,Forster and Sons,-159.720265,Lebanon
2000-10-02T22:09:02,95841142,-7.0081515,Tamil,ca,22:48:13,1992-02-19 22:06:05,CH,srv-37.bolliger.biz,dolorem.jpeg,Bern,"Schwab, Sigrist and Weibel",106.222101,Belize
1990-11-07T05:12:50,3732,58.8719175,Croatian,ta,18:41:50,2012-01-27 09:21:19,CH,email-55.kern.biz,necessitatibus.wav,Pfäffikon,Knecht Ltd,65.619122,Myanmar
1986-10-26T05:39:21,837,-69.999094,Samoan,dz,16:46:11,2001-06-14 03:22:06,CH,srv-20.fuchs-schumacher.org,sint.docx,Binningen,"Winkler, Marti and Kuhn",13.256049,Bahamas
2001-04-25T04:14:54,339192,-39.152064,Tatar,si,18:14:44,1971-01-02 08:22:09,CH,laptop-77.sporri.biz,tempora.js,Davos,Winkler-Forster,-29.851218,Ukraine
1979-06-13T11:28:14,3,36.204957,Tswana,ga,04:25:14,1988-01-28 05:44:08,CH,web-12.egger.net,voluptate.css,Pully,Betschart-Stauffer,55.901071,Tanzania
2005-02-22T08:38:00,890,81.0444565,Hebrew,wa,15:58:59,1992-03-22 13:35:35,CH,desktop-33.gasser.com,voluptatibus.flac,Payerne,Ammann PLC,28.159442,Barbados
1987-05-20T18:13:58,217358,15.515557,Venda,lg,03:45:21,2010-01-03 20:09:56,CH,db-04.moser-kaufmann.com,necessitatibus.flac,Küssnacht,Häfliger-Roth,126.561880,Liberia
1980-01-31T22:39:24,955788,-59.191113,English,ln,17:13:16,1998-06-03 05:34:43,CH,srv-14.imhof.com,voluptatibus.mp3,Dietikon,"Hoffmann, Kägi and Stocker",-85.805570,Kyrgyzstan
2021-11-23T11:01:43,99849066,-71.0755435,Greek,fa,14:54:15,2014-11-02 02:03:11,CH,web-96.hoffmann-winkler.com,corporis.png,Basel,"Häfliger, Isler and Hasler",10.075708,Armenia
1975-08-07T05:31:03,203739967,-38.510552,Avestan,sq,16:00:01,2022-10-09 16:45:18,CH,desktop-01.hotz.com,corporis.csv,Arth,Schmidt Ltd,-109.345537,Pakistan
1993-08-23T09:38:44,68776,38.2625965,Inupiaq,ayc,05:18:35,1999-01-10 21:25:50,CH,email-05.seiler.com,consectetur.tiff,Lutry,Sidler-Kaufmann,-26.034781,Grenada
2002-04-28T01:09:16,67020353,-13.7521345,Bengali,vi,16:57:11,2019-10-08 02:47:32,CH,srv-41.erni.com,distinctio.png,Adliswil,"Felder, Burri and Betschart",104.542994,Kenya
2013-03-21T11:03:05,2,-83.211718,Lithuanian,eo,09:48:23,2011-06-07 23:30:05,CH,srv-57.tanner.com,exercitationem.docx,Wettingen,"Albrecht, Grob and Suter",98.830527,Croatia
2006-12-20T07:43:31,25,62.8952185,Persian,oc,10:59:20,1977-07-13 14:30:46,CH,srv-27.forster.org,velit.docx,Buchs,"Hirt, Brun and Meyer",4.200297,Georgia
1998-04-17T05:13:23,3,-41.056564,Afrikaans,doi,14:34:27,2002-08-24 06:54:14,CH,desktop-55.hoffmann-blaser.com,corrupti.key,Winterthur,Stadelmann-Vogt,136.413146,Andorra
2022-09-22T19:29:02,10,25.367225,Swedish,kk,11:43:02,1974-02-07 12:41:58,CH,srv-63.fankhauser-felder.com,inventore.mp4,Maur,Moser Inc,161.602062,Belgium
1989-10-20T00:36:42,105,63.067371,Zulu,ig,18:07:35,1988-06-26 09:39:47,CH,web-05.roos.com,nam.gif,Steinhausen,"Stettler, Hartmann and Zimmermann",-148.538191,Austria
2018-02-23T17:32:13,4,-12.2434885,Latin,es,22:15:27,1980-06-16 21:15:37,CH,laptop-97.christen.com,ullam.flac,Bernex,Spörri-Studer,-42.608535,Bhutan
1977-11-30T15:10:19,51120510,59.8891575,Inuktitut,st,02:10:27,1994-06-20 03:28:53,CH,srv-90.frick.com,incidunt.flac,Zofingen,Eichenberger LLC,-11.407437,Uzbekistan
2010-11-02T18:12:49,621,-51.6295375,Sanskrit,ha,21:44:26,1975-07-18 11:19:11,CH,web-07.leunberger-widmer.info,expedita.avi,Rapperswil-Jona,Lanz and Sons,-137.260804,Rwanda
2017-01-19T01:56:29,1,70.306836,Marathi,ka,17:37:28,1983-04-02 17:10:20,CH,srv-65.rey-wehrli.org,inventore.mp4,Basel,"Meili, Stucki and Hirt",0.714636,Andorra
1982-12-14T19:46:51,922,-70.7378525,Kannada,ik,11:34:45,2000-05-12 23:36:33,CH,lt-60.maier.biz,corporis.json,Pully,Steffen and Sons,-140.730762,Namibia
1998-07-26T10:19:41,40744,-41.478399,Urdu,eu,14:52:13,1991-08-05 08:07:16,CH,email-74.stockli-knecht.net,reprehenderit.doc,Affoltern,Schlatter Inc,11.728181,Dominica
1984-06-07T06:14:44,35088889,65.386756,Spanish,nr,21:51:35,2015-03-03 13:23:12,CH,srv-23.portmann.com,laudantium.css,Zollikon,Blaser Inc,174.622234,Mexico
1974-01-09T05:32:34,9399,3.494309,Afar,cy,09:25:05,2005-07-22 00:49:41,CH,lt-46.schnyder.net,consectetur.mp4,Le Grand-Saconnex,"Blum, Weibel and Näf",-149.814126,Botswana
1991-08-20T13:03:52,7417978,-49.8365875,Bulgarian,kk,03:47:00,1998-12-17 11:01:26,CH,web-77.arnold-wirz.net,earum.wav,Zofingen,Herzog-Schürch,-86.658444,Ethiopia
2015-10-29T23:37:26,232,-61.0176145,Bihari languages,iw,14:19:19,1989-05-06 20:25:12,CH,lt-15.hoffmann.com,suscipit.flac,Zug,"Knecht, Stutz and Stucki",-155.224248,Romania
1984-08-16T16:31:09,267272,61.328801,Uzbek,hne,01:36:12,1992-05-15 16:54:11,CH,laptop-09.wolf.com,deleniti.webm,Wallisellen,Baumgartner Group,-76.142355,Solomon Islands
2001-03-07T11:41:55,41032,42.5224115,Assamese,mr,02:24:00,1981-10-12 01:21:48,CH,db-03.stucki.net,sunt.mov,Belp,Martin LLC,134.848634,Moldova
2011-01-26T17:58:55,111,-63.582054,Portuguese,vi,07:05:17,1974-02-28 01:38:51,CH,desktop-05.arnold.com,voluptates.csv,Solothurn,Graf Ltd,35.307032,Bulgaria
2010-05-13T06:34:37,3800607,-41.1198455,Ewe,si,12:59:46,2019-09-18 17:17:02,CH,db-67.kaufmann.net,labore.wav,Frauenfeld,"Fischer, Zimmermann and Bauer",-31.769902,Maldives
2005-05-08T20:03:52,3,-55.8320175,Italian,nl,22:50:20,1995-07-02 00:47:14,CH,laptop-78.egger-hafner.com,qui.pptx,Münsingen,Herzog Ltd,-96.852295,Cameroon
1987-12-30T19:17:34,585310,-43.513258,Sichuan Yi,niu,02:53:26,1975-01-19 14:27:04,CH,laptop-13.ammann.com,fugit.pdf,Morges,Rüegg-Bolliger,155.898981,Estonia
2011-12-04T04:46:43,302722,89.4293145,Ganda,hne,03:49:05,2020-03-10 09:26:44,CH,lt-31.gut.net,velit.mp3,Meilen,Probst-Gut,-40.700841,Poland
1998-11-08T19:41:15,28,-19.792865,Mongolian,fa,17:16:36,2018-11-02 05:46:53,CH,web-71.vogel.biz,repudiandae.gif,Spiez,Mäder-Hofmann,-55.883544,Spain
2022-09-18T10:29:00,62,0.925221,Tatar,the,22:31:04,1994-10-18 17:58:44,CH,web-73.kaufmann.com,soluta.js,Ostermundigen,Bauer Ltd,-15.724572,Zimbabwe
2013-11-17T20:37:12,12479121,-6.921691,Norwegian Nynorsk,ff,16:29:01,1970-07-04 05:11:23,CH,email-75.baumgartner.com,nisi.numbers,Hinwil,Sutter LLC,120.202216,South Africa
2008-12-12T21:00:30,9,34.7996615,Esperanto,tig,11:25:54,1977-06-10 21:49:52,CH,laptop-94.schaller.com,assumenda.json,Langenthal,"Schumacher, Ernst and Schoch",-110.202423,Jamaica
1985-07-09T11:52:21,37,-28.7425175,Abkhazian,ks,08:59:08,1983-05-03 16:44:40,CH,lt-43.hurlimann.com,reprehenderit.webm,Schaffhausen,"Stauffer, Grob and Bader",-129.506859,Colombia
2015-10-07T07:09:25,203,57.890005,Javanese,crh,03:30:02,2012-07-11 23:00:58,CH,desktop-24.naf-hofstetter.org,alias.mov,Ostermundigen,"Benz, Ernst and Bolliger",18.254615,Poland
1995-02-20T07:40:40,51558862,88.524288,Arabic,cs,07:44:50,1990-08-07 19:21:19,CH,lt-09.brun-bader.com,corrupti.json,Ostermundigen,"Suter, Stöckli and Steffen",161.326785,Albania
1984-06-04T12:43:50,377674,-35.159990,Sinhala,mg,11:12:23,1989-02-04 08:29:32,CH,desktop-25.lanz-tanner.com,quisquam.bmp,Spiez,Schaller-Schär,79.668329,Serbia
2011-02-15T10:08:49,41,46.1850855,Tsonga,the,02:10:22,2007-08-01 13:33:38,CH,desktop-46.stadelmann.com,voluptates.jpeg,Sarnen,Zingg LLC,-53.135499,Guinea
1996-09-14T15:27:15,48,-67.2382155,Oromo,hsb,16:23:26,1994-11-04 09:30:02,CH,desktop-71.hodel.com,molestiae.webm,Gossau,Küng-Spörri,-17.740588,Malta
1995-08-31T08:06:47,620,-37.880566,Latvian,szl,01:17:44,1980-04-09 23:47:45,CH,email-64.senn.net,fuga.flac,Bellinzona,Betschart-Zürcher,-64.579492,Taiwan
2000-09-12T14:28:03,465995000,-32.661091,Javanese,ml,06:05:57,1973-09-09 14:38:54,CH,lt-46.steiner-steiner.info,in.ods,Zofingen,Käser-Keller,140.315013,Myanmar
1993-06-29T14:41:32,5107,-61.1052045,Turkmen,cmn,23:24:03,2013-02-15 03:32:20,CH,laptop-90.favre.com,exercitationem.flac,Bernex,"Schmidt, Bühler and Schneider",173.226905,Slovenia
2003-09-13T00:44:05,2224613,-85.090530,Aymara,or,08:59:22,1978-01-04 09:10:24,CH,db-74.hafner.com,qui.html,Lyss,"Schlatter, Schäfer and Stutz",-64.334969,Paraguay
2017-10-23T20:14:14,656,-85.1848725,Norwegian,xh,13:08:19,2021-08-03 13:00:21,CH,srv-10.isler.com,neque.csv,Bassersdorf,"Bosshard, Wyss and Wehrli",72.091164,Ghana
1984-02-25T06:54:14,7250,11.5433425,Breton,bn,22:44:52,1985-03-15 05:35:29,CH,email-65.meister-schar.com,accusamus.css,Sarnen,"Kuhn, Gut and Schmid",83.740102,Croatia
2020-04-07T04:34:14,415059,26.9533365,Fulah,sid,14:39:53,2014-05-01 11:31:31,CH,email-23.felber-buhlmann.com,autem.wav,Gossau,Gloor PLC,116.668333,Montenegro
1995-05-23T06:43:38,4995717,-89.635811,Kannada,rw,01:18:54,2020-07-13 07:28:37,CH,desktop-63.koch-walter.com,vitae.flac,Freiburg,Zimmermann PLC,-30.465562,Peru
2010-07-25T09:20:07,229790,-86.0173085,Twi,dv,03:22:31,1986-04-26 09:22:06,CH,db-80.ferrari.info,autem.pptx,Adliswil,"Ritter, Christen and Bernasconi",-48.995203,The Gambia
2011-02-25T23:49:58,975,15.8964275,Sichuan Yi,the,18:14:46,2012-03-18 14:23:58,CH,email-71.sidler.com,hic.json,Maur,Stucki Group,70.378359,San Marino
2012-09-10T04:59:01,409802291,-77.644580,Italian,hne,15:51:32,1974-09-25 22:35:18,CH,web-71.walter.org,magni.html,Bassersdorf,Gut LLC,164.535706,Jordan
1975-08-12T11:24:43,992344,69.919676,Persian,ne,16:37:45,2009-10-09 00:21:52,CH,lt-94.stocker-studer.net,explicabo.css,Nyon,Studer-Martin,-21.202217,Montenegro
1990-06-11T11:39:43,44439,6.373441,Swati,tg,08:45:49,2015-08-11 00:01:48,CH,web-53.wagner.com,molestiae.html,Rüti,Lüscher Group,134.798652,Greece
2021-04-19T09:05:53,598,12.967730,Twi,sr,10:11:20,1978-05-17 18:08:42,CH,srv-62.luscher-bieri.info,expedita.mp3,Gossau,Bianchi and Sons,-144.339505,Kyrgyzstan
1970-11-09T02:02:13,62621,-34.4558455,Akan,wa,20:01:23,1980-01-17 06:21:23,CH,db-00.frei.com,iste.js,Horw,Bühlmann PLC,-135.430165,Belarus
2021-02-15T17:11:25,5278921,0.395392,Spanish,lzh,16:45:54,1982-06-19 16:48:58,CH,web-02.weber.com,aliquid.webm,Wädenswil,"Stalder, Geiger and Lustenberger",112.296247,Jordan
2023-08-09T17:33:34,2233,-41.607064,Kazakh,ig,22:02:37,1996-01-07 12:49:30,CH,web-49.lehmann.net,iusto.mov,Carouge,Felder PLC,-16.070806,Djibouti
1972-03-14T14:32:43,903829981,-36.2507365,Avaric,km,00:39:48,1987-09-04 14:27:21,CH,lt-80.buhlmann.com,deleniti.png,Davos,Iten-Arnold,-89.384745,Syria
1972-02-28T03:27:49,848,-34.847655,Gaelic,sl,09:45:28,2022-01-31 01:04:50,CH,desktop-48.ziegler.org,velit.gif,Birsfelden,Vogt-Mäder,-60.309548,Seychelles
2008-05-08T14:20:26,1,71.476719,Shona,cmn,17:08:42,2011-08-10 19:38:29,CH,db-21.peter.com,atque.wav,Davos,Marti-Lutz,89.696708,Mali
2008-05-29T20:08:11,9,-59.8673375,Armenian,sd,17:36:58,2019-07-22 13:41:48,CH,desktop-24.vogt.com,quasi.wav,Wallisellen,"Schlatter, Senn and Hotz",-2.195267,Tuvalu
1979-09-17T02:17:22,43357,61.659358,Polish,se,12:20:46,1972-10-13 01:42:49,CH,email-64.schweizer.info,sit.tiff,Thalwil,"Wagner, Flückiger and Frei",162.176039,People's Republic of China
1978-04-07T03:58:59,5,50.089795,Thai,zh,20:57:15,1979-11-12 23:33:45,CH,db-17.bar.org,perspiciatis.wav,Val-de-Travers,Steiger-Schnyder,51.751598,Russia
1992-03-14T14:00:08,8761,9.9639505,North Ndebele,cs,04:54:33,1971-10-24 06:18:43,CH,lt-20.tobler-portmann.com,harum.png,Pully,Haas Inc,-175.551354,Kiribati
2005-03-10T19:36:23,91645016,-86.487132,Twi,ne,13:16:00,1978-07-01 16:55:20,CH,web-33.zollinger.com,omnis.css,Zürich,"Scheidegger, Walder and Haas",-122.128609,Moldova
1975-02-18T21:46:36,34742,13.910766,Welsh,ast,06:35:06,2012-01-17 05:44:05,CH,web-19.wagner-wirz.com,voluptates.pptx,Carouge,Ammann-Meili,111.651348,Libya
1981-02-22T15:28:37,3,-72.8005865,Greek,vi,01:37:05,1993-07-23 21:48:18,CH,lt-97.gloor.biz,omnis.wav,Val-de-Travers,Baumann-Bär,168.474068,Dominica
2017-01-28T13:04:36,217325,3.1788655,Cornish,ber,21:26:30,1975-05-20 20:47:34,CH,laptop-76.kalin-christen.com,non.mp4,Reinach,Müller-Albrecht,-126.656174,Denmark
1982-07-23T06:32:02,3928,19.4921085,Xhosa,cs,19:28:08,2006-01-15 16:39:41,CH,desktop-94.roth.info,doloribus.wav,Urdorf,Marti-Hofer,-104.366425,Belgium
2021-03-13T00:33:11,643607,39.2324055,Aymara,bhb,22:29:20,1991-05-04 21:17:27,CH,email-72.leu.biz,aperiam.css,Birsfelden,Baumann Group,147.437474,Serbia
1982-12-14T04:01:10,24058852,57.1634525,German,crh,07:21:32,1995-09-10 11:15:00,CH,lt-80.hoffmann-stucki.com,at.docx,Crans-Montana,Geiger-Schär,93.264317,Estonia
2012-07-12T04:28:42,74765515,-89.965977,Ojibwa,shs,06:53:10,2006-05-04 04:22:40,CH,lt-91.zimmermann.com,ipsum.wav,Liestal,"Walter, Furrer and Maurer",22.513049,France
2017-09-11T22:26:01,241230,-46.440700,Chichewa,is,01:11:15,2011-07-12 16:14:56,CH,web-05.martin-lanz.info,illum.webm,Baar,"Jenni, Benz and Kern",-139.402409,Trinidad and Tobago
2014-11-28T16:48:25,7,-69.0565015,Kalaallisut,ff,05:22:51,1983-07-03 02:23:49,CH,db-91.schmid.com,non.png,Küsnacht,Mettler-Walter,155.755246,Kenya
2020-11-24T01:40:08,4,4.128495,Manx,nn,14:05:01,2010-06-06 17:59:09,CH,laptop-72.maurer.com,est.webm,Amriswil,"Tanner, Maier and Ott",-3.535914,Malawi
1994-01-21T00:40:46,3211120,63.6458395,French,yue,02:19:07,1995-04-16 10:54:58,CH,laptop-99.bieri.com,pariatur.css,Aigle,"Hofmann, Lutz and Berger",26.064778,Federated States of Micronesia
1984-01-02T10:35:04,106641,55.3306365,Abkhazian,ku,23:55:24,2015-11-06 05:16:47,CH,lt-21.albrecht.com,id.wav,Payerne,Schaller-Aebi,27.874270,Peru
2012-10-09T10:20:52,79106,-16.9313855,Avestan,ig,11:52:11,2020-09-18 02:40:11,CH,srv-73.benz.com,fuga.numbers,Rapperswil-Jona,Rüegg Group,-69.205727,Dominica
2010-12-31T15:27:00,948833934,-29.2000255,Ossetian,lv,06:45:04,1981-04-23 00:02:27,CH,srv-88.kessler-lang.com,consectetur.jpg,Köniz,Koch Ltd,-124.024414,Lesotho
1984-12-12T11:53:30,29412321,-26.475539,Sichuan Yi,xh,23:17:37,1992-12-14 11:53:01,CH,desktop-69.hartmann.com,sunt.pptx,Bellinzona,Aebi Group,158.330129,Algeria
2011-03-17T19:38:35,25,79.5685925,Azerbaijani,ln,15:40:27,1975-09-21 22:14:14,CH,desktop-54.gasser-egger.com,laborum.csv,Glarus,Blum LLC,148.841046,Syria
1999-10-02T14:40:54,23093951,-55.527606,Cornish,tl,09:47:28,2022-12-10 17:54:19,CH,email-95.grob-wagner.com,aut.mp3,Davos,"Schlatter, Bär and Lanz",126.043188,Ukraine
2019-10-05T05:10:55,75892,50.6790675,Kinyarwanda,ms,14:51:39,2018-04-07 21:07:15,CH,email-09.senn.biz,nisi.flac,Bellinzona,Probst and Sons,-13.010158,Taiwan
1982-08-27T01:26:01,5059230,-67.766644,Norwegian,ve,23:30:02,2001-07-01 04:47:26,CH,lt-11.bieri-steffen.com,reprehenderit.bmp,Plan-les-Ouates,Schärer-Näf,34.713961,Algeria
1980-12-26T22:06:47,884287,-41.251131,Thai,fy,23:08:28,2012-12-10 10:56:10,CH,lt-96.ruegg.com,quisquam.flac,Spreitenbach,Seiler-Schmidt,-135.140999,Afghanistan
1977-02-16T23:04:45,9,43.5086445,Corsican,ha,14:48:01,2001-01-06 22:03:44,CH,db-44.leunberger.com,perferendis.csv,Ebikon,Hauser-Müller,71.361301,Armenia
1997-03-09T15:18:22,2,-85.6311365,Tibetan,ln,23:11:02,1970-11-18 11:07:49,CH,desktop-13.arnold.com,eveniet.html,Oberwil,Schoch PLC,10.651669,Andorra
2001-05-18T03:41:49,98,76.6007865,Kirghiz,hr,11:21:43,2019-08-26 04:11:03,CH,laptop-91.ackermann.info,fuga.avi,Freiburg,"Giger, Tobler and Kälin",-144.476843,Kingdom of the Netherlands
2009-08-28T22:56:50,35242279,8.2633855,Marathi,id,12:32:01,1999-06-03 01:41:47,CH,srv-88.probst.com,veritatis.mp3,La Tour-de-Peilz,Schenk Inc,-156.530409,Uganda
1972-11-11T21:28:30,9344385,-20.5527715,Estonian,lb,20:35:20,2000-09-04 10:25:52,CH,lt-77.schwarz.com,et.doc,Uzwil,"Spörri, Gloor and Bolliger",92.398663,Latvia
1976-10-31T06:23:12,59454,-62.815791,Inuktitut,lb,07:10:35,1989-05-16 02:38:31,CH,email-92.haas.com,sequi.pptx,Dietikon,Maurer Group,-147.069326,France
2020-03-06T17:11:12,373781224,82.399407,Maltese,cv,18:04:33,1988-03-29 13:14:40,CH,desktop-47.martin.net,repellat.mp4,Chur,Furrer and Sons,-178.667832,Ethiopia
2009-05-04T21:33:00,93565,-36.594300,Swedish,xh,14:32:45,1981-08-20 10:04:30,CH,srv-78.wuthrich.com,molestias.avi,Opfikon,Zollinger-Arnold,175.753952,Brunei Darussalam
2014-04-29T08:40:42,160647,64.8902595,Galician,hne,15:26:35,1997-06-10 19:34:43,CH,srv-33.arnold.info,distinctio.js,Baar,"Stutz, Ferrari and Kaiser",-115.540906,Bulgaria
1974-02-02T16:05:36,182127677,-69.1922005,Shona,os,15:39:05,2006-10-30 05:17:07,CH,db-65.walder.info,necessitatibus.mp3,Biel/Bienne,Meyer-Martin,151.910789,Albania
1989-10-02T04:41:49,45703,89.1947715,Norwegian Nynorsk,km,03:52:52,2003-08-11 01:34:55,CH,srv-90.fuchs.com,iste.webm,Wädenswil,"Kaiser, Stauffer and Zbinden",160.439422,Barbados
1992-09-04T07:26:56,54,69.0869665,Dzongkha,km,22:21:05,2017-05-25 08:04:20,CH,desktop-08.scharer.net,facere.xlsx,Plan-les-Ouates,Lüscher and Sons,18.879127,Mongolia
1984-02-14T03:37:57,35496,-6.881340,Tagalog,cs,21:43:18,1998-11-08 10:24:42,CH,srv-47.marti.org,ut.mp4,Regensdorf,Hoffmann PLC,-170.023357,Botswana
2015-02-10T21:39:58,178248,43.364067,Azerbaijani,mt,00:19:26,1996-11-04 22:14:34,CH,email-26.stucki-tobler.com,non.mov,Birsfelden,Jenni-Walder,81.527976,Moldova
1991-04-01T01:30:11,189,-10.0394395,Chamorro,el,01:04:54,2005-09-11 15:16:19,CH,srv-31.schar-lutz.com,ipsum.mov,Uster,Graf-Kern,64.780722,Nigeria
2018-07-14T13:39:07,2781861,62.3806855,Chichewa,az,10:41:21,1978-04-06 21:40:22,CH,srv-55.zingg.com,amet.flac,Versoix,"Schwarz, Gasser and Brunner",-127.873793,Kuwait
1976-01-22T08:35:03,156,82.0178435,English,sv,23:08:26,1981-02-25 16:58:55,CH,email-35.forster.biz,in.mp4,Bellinzona,Stocker Inc,-137.995614,Denmark
2010-03-30T17:38:02,6818,-50.798965,Ossetian,am,18:35:10,1977-01-17 05:36:00,CH,laptop-00.schaller.com,cum.pdf,Val-de-Ruz,Wenger-Eugster,117.370262,Belgium
2016-06-03T23:21:46,4095,34.089237,Basque,ve,15:40:22,1984-07-29 13:38:05,CH,srv-63.mettler.com,dolores.html,Thun,Kaufmann-Bucher,-173.815339,Philippines
2011-05-08T02:21:39,5,11.9712985,Uighur,gl,23:24:41,1991-09-16 04:24:44,CH,srv-72.fluckiger-lehmann.net,eveniet.jpg,Pfäffikon,Knecht Inc,-142.613427,Belgium
2012-01-04T16:09:27,69466246,-14.104468,Rundi,ts,22:11:04,2012-02-21 09:48:51,CH,db-59.eichenberger.com,laudantium.bmp,Thalwil,"Baumgartner, Stadelmann and Schlatter",132.032956,New Zealand
2002-02-16T04:38:48,32034267,-33.426702,Kikuyu,nso,07:10:07,2020-06-18 04:05:03,CH,desktop-56.frei.com,itaque.html,Spreitenbach,Bühler PLC,-91.039304,Mexico
1992-12-27T01:40:04,738,22.4053035,Tamil,id,12:50:29,1986-06-06 02:30:45,CH,web-12.wettstein.info,officiis.odp,Arbon,Zbinden Group,-34.025139,Bulgaria
2011-02-15T01:42:29,786827,64.9931585,Ossetian,gd,19:34:14,1995-12-02 12:01:06,CH,web-21.christen.com,placeat.wav,Vevey,"Tanner, Näf and Schlatter",16.215804,Guinea
1996-06-23T23:42:58,9187,26.1968625,Uzbek,tk,19:44:52,1989-06-30 15:05:43,CH,laptop-46.fischer.com,odit.mov,Winterthur,"Stauffer, Hug and Bosshard",-178.697459,New Zealand
1972-01-24T12:47:16,1168,-73.8484325,Luba-Katanga,ha,12:08:49,1992-09-06 23:22:39,CH,laptop-95.scherrer.com,dolore.jpg,Muri,Mettler PLC,112.093017,Greece
1973-12-13T08:38:30,80006952,38.765759,Zulu,lo,03:42:46,1976-12-25 16:48:34,CH,db-75.zehnder.com,quaerat.tiff,Volketswil,Iten Inc,99.107182,Seychelles
2020-10-05T05:16:45,7,72.0727855,North Ndebele,bo,22:07:10,2020-08-16 16:23:35,CH,srv-38.hasler-iten.com,dolores.css,Urdorf,Benz-Bieri,122.242999,Mozambique
1997-11-06T23:12:55,992,45.0702885,Zhuang,brx,23:25:01,1990-11-01 14:31:20,CH,laptop-11.wuthrich.info,quos.key,Buchs,"Rey, Sigrist and Peter",-7.758364,Seychelles
1988-06-17T19:42:32,85,62.3668435,Georgian,wal,11:41:36,1970-01-10 20:14:52,CH,web-12.bieri-hug.com,debitis.js,Hinwil,"Jost, Hürlimann and Koch",-16.364168,Turkey
2011-06-07T05:25:15,991101,3.5019905,Indonesian,ug,23:30:38,2015-07-10 12:55:15,CH,db-18.betschart-hug.net,illum.mp3,Illnau-Effretikon,Näf Ltd,-135.390768,Andorra
2000-04-09T21:09:08,901608,-73.0477075,Ewe,nb,17:02:56,1994-11-20 13:05:05,CH,email-05.tanner.com,temporibus.xls,Bernex,"Wehrli, Schweizer and Frey",-123.855015,Kuwait
2021-01-17T08:41:46,831565,-40.3390385,Tatar,shs,14:24:23,2018-02-16 07:02:33,CH,email-42.friedli.com,eum.xls,Chêne-Bougeries,Walter-Meyer,-179.217751,Tunisia
2011-04-20T03:31:41,27,78.690106,German,da,11:05:17,1982-03-04 12:15:25,CH,db-75.marti-sigrist.net,magni.json,Lancy,Burri Ltd,154.664220,Estonia
1971-03-29T03:22:43,4539482,-82.358559,Cornish,nhn,00:59:53,1975-04-28 20:35:58,CH,email-93.jenni.com,necessitatibus.webm,Vernier,Friedli PLC,19.667444,Belarus
1984-10-14T00:36:45,0,-52.2202575,Bambara,ug,00:09:00,2001-03-25 15:52:54,CH,desktop-26.schaller-zimmermann.com,in.mp4,Männedorf,Betschart Group,-23.448353,Russia
2011-07-14T09:21:52,566,-1.970016,Malay,yo,10:54:09,1977-06-03 14:07:53,CH,lt-14.felber.com,fuga.jpg,Stäfa,Hofstetter-Hafner,-96.297237,Bhutan
1994-07-11T20:02:51,68019,-41.781571,Gujarati,eo,06:02:56,1976-05-15 19:09:30,CH,laptop-67.meier.com,doloribus.html,Pratteln,Schnyder Group,107.090624,Nigeria
1990-04-19T22:02:32,0,-74.6805225,Korean,ts,11:09:09,2018-08-06 21:19:12,CH,lt-93.baumann.net,natus.gif,Hinwil,Egli LLC,141.850682,Chad
1999-10-14T20:26:12,96445912,6.922600,Amharic,mhr,15:39:52,1997-05-09 14:35:55,CH,web-86.meyer.org,nesciunt.bmp,Montreux,Ammann Inc,-1.848205,Tajikistan
1980-05-30T10:32:00,98965819,-30.447402,Kashmiri,szl,02:38:59,1972-02-19 23:38:05,CH,desktop-74.fankhauser.com,vero.mp4,Brugg,Hofmann-Lustenberger,42.343063,Guinea-Bissau
1989-07-14T21:28:01,7922702,-76.972872,Venda,hi,20:12:44,2008-07-11 07:49:22,CH,email-62.roth-hofer.com,unde.mp3,Val-de-Ruz,Vogt-Schweizer,-133.667992,Ghana
1979-08-27T03:03:03,68,84.1868955,Urdu,unm,19:31:40,1981-11-13 08:44:31,CH,email-87.muller.com,ea.mp3,Veyrier,"Bianchi, Wagner and Bernasconi",91.814022,Iceland
1971-10-07T13:03:54,9414,-28.4486755,Belarusian,ht,23:55:03,2006-02-09 09:20:25,CH,lt-01.wagner.com,sint.mp3,Horgen,"Seiler, Steiner and Gfeller",42.386274,Guyana
1981-01-28T15:22:02,6502406,-76.763925,Kinyarwanda,bo,05:59:13,2003-05-20 04:40:32,CH,lt-08.marti-hafliger.com,cum.css,Bellinzona,Stutz PLC,20.857877,Swaziland
1984-02-12T13:17:31,176632305,-79.7774815,Marathi,wa,03:54:33,1976-09-27 22:21:24,CH,db-41.hafliger-brunner.com,accusamus.gif,Adliswil,Benz-Albrecht,-19.526795,Seychelles
1991-12-30T05:18:14,1447366,-81.213394,Bosnian,mni,06:54:57,2012-08-12 21:11:56,CH,web-35.favre.net,et.key,Monthey,"Wenger, Christen and Vogel",84.415546,Croatia
1970-09-16T19:27:14,2005,-34.8376855,Zhuang,ku,21:14:05,1997-09-04 23:25:10,CH,desktop-57.stocker.org,voluptatibus.flac,Belp,"Moser, Schlatter and Burri",42.536644,Australia
1978-05-03T03:32:42,28597,1.9567435,Basque,mag,10:51:35,1976-12-31 13:58:34,CH,srv-35.zollinger.com,consectetur.docx,Zofingen,Bernasconi-Kaufmann,-39.162692,Nicaragua
1992-11-25T21:31:41,174747,73.7088505,Komi,de,07:31:51,1973-06-08 17:48:39,CH,email-28.kaiser.com,quia.webm,Riehen,Schärer-Bernasconi,-45.285949,Iran
2006-07-28T16:14:44,1890430,43.286962,Samoan,lt,05:03:19,2004-11-09 22:45:25,CH,email-62.stauffer.biz,odio.css,Gossau,Zimmermann Ltd,45.239097,Mauritania
1986-11-29T23:28:06,570,42.4373125,Nauru,as,03:41:23,1998-12-05 13:20:53,CH,web-29.ritter-hurlimann.com,eos.avi,Chêne-Bougeries,"Knecht, Meili and Bernasconi",168.168823,Bolivia
2018-05-05T02:49:39,51294597,-44.3077405,Somali,an,05:58:53,2001-05-31 11:58:35,CH,srv-08.baumgartner.com,nobis.jpg,Lutry,Frick-Favre,-26.116390,Palestine
2008-04-15T12:09:39,452749645,-69.392922,Sardinian,tcy,23:25:53,1984-12-27 15:40:06,CH,db-06.bosshard-kaufmann.info,voluptate.mp4,Stäfa,Kägi-Schär,73.670639,Slovakia
2011-03-26T16:45:34,7218,61.164088,Hindi,kk,13:03:55,1977-07-03 01:09:41,CH,db-87.wenger.org,deleniti.css,Plan-les-Ouates,Hermann PLC,27.303170,Lithuania
1971-12-14T00:02:07,4364448,1.429388,Swahili,raj,16:31:26,2015-08-06 20:05:03,CH,email-45.steinmann.com,eaque.wav,Neuenburg,Fischer Ltd,85.400356,San Marino
1982-11-25T21:44:43,518172,-80.3522575,Aragonese,tn,01:03:29,2004-01-20 08:35:14,CH,srv-36.frick.com,sunt.webm,Thônex,"Flückiger, Stadelmann and Isler",63.589868,South Korea
2007-08-06T09:57:32,1356483,6.289984,Gaelic,sd,18:57:27,1975-01-20 17:18:10,CH,laptop-52.muller.com,numquam.pdf,Wallisellen,Tanner LLC,139.589821,Ghana
1978-06-29T10:50:10,7,-37.796719,Corsican,brx,18:04:17,2022-07-16 09:50:41,CH,web-63.gasser-wettstein.com,libero.txt,Wil,Schmidt-Schärer,56.452425,Tuvalu
1989-09-27T02:20:18,857049,-29.6346095,Sinhala,unm,16:10:08,1974-01-07 02:26:43,CH,web-68.seiler.com,quam.wav,Delsberg,Marti-Gross,152.828331,Tunisia
2001-03-23T13:06:24,524752,-44.7312655,Swedish,rw,20:46:34,1980-11-25 11:36:50,CH,laptop-10.michel-egger.com,vero.pages,Weinfelden,Giger Ltd,-37.195665,Zimbabwe
2005-10-11T15:18:40,52379316,-5.490920,Catalan,mhr,20:48:57,1995-11-10 10:42:08,CH,laptop-21.winkler.com,rem.png,Freiburg,"Schweizer, Blaser and Kern",-147.001558,Georgia
1990-10-18T16:16:55,522616,31.053098,Nepali,pa,13:52:52,1976-05-15 21:17:33,CH,desktop-84.vogel.com,debitis.webm,Opfikon,Wehrli Ltd,8.701146,El Salvador
1997-10-06T15:14:55,292883,41.2988025,Marshallese,fur,02:32:25,1972-03-06 17:16:26,CH,web-39.isler-hurlimann.com,rem.webm,Reinach,Tobler Inc,-63.772456,Belize
2001-12-04T16:23:33,48756,52.3695895,Lithuanian,fil,18:18:03,1991-12-23 12:27:50,CH,srv-73.bieri-steffen.com,eos.ppt,Schlieren,Kessler-Wettstein,36.460504,Argentina
1979-07-25T09:00:52,68966,-86.675452,Uzbek,ne,02:31:19,2013-01-20 13:49:00,CH,lt-15.bauer.com,labore.avi,Gland,Lüscher Inc,10.164024,Slovakia
2020-04-29T04:31:51,871,-17.8644965,Urdu,aa,17:04:45,2022-02-23 03:38:55,CH,lt-65.peter.com,quidem.js,Gossau,"Baumgartner, Lang and Hartmann",-95.899238,Finland
2005-05-13T23:08:12,90303,43.043367,Nauru,so,23:55:19,1986-09-10 15:36:38,CH,srv-41.jenni.com,adipisci.wav,Ecublens,"Stöckli, Herzog and Hofer",-87.936690,Palestine
2012-01-22T08:07:40,262741096,-53.811451,Czech,uk,04:43:35,2015-12-18 03:17:19,CH,db-80.vogt.net,quae.js,Münchenstein,"Hartmann, Hug and Stucki",-64.776614,Kyrgyzstan
1989-04-27T17:14:00,6784904,14.458800,Cree,bem,13:14:27,1976-10-05 16:57:26,CH,email-69.hess.com,fugiat.tiff,Chur,Graf-Huber,48.472672,Japan
1973-07-25T18:51:13,300539,-69.768790,Kalaallisut,km,14:49:54,2018-05-06 19:28:48,CH,srv-35.hermann.org,nihil.key,Amriswil,Schaller-Huber,59.204541,Sudan
1991-08-08T21:06:54,78,76.862761,Quechua,bem,02:39:09,1994-01-26 01:30:19,CH,laptop-27.bader.com,error.csv,Weinfelden,Amrein Ltd,-126.218649,Hungary
1983-02-09T16:28:55,181734399,-7.3307015,Hiri Motu,ik,17:53:00,1980-04-16 11:26:37,CH,laptop-55.moser.net,consequatur.wav,Neuhausen,Huber-Sidler,162.860667,Kenya
2013-07-31T14:01:37,1277,31.855507,Tsonga,ug,08:41:17,2005-07-09 12:31:48,CH,lt-76.portmann.com,quaerat.odp,Hinwil,"Ritter, Bernasconi and Haas",41.496387,Vatican City
2001-08-17T07:50:29,762,13.247369,Chechen,ce,03:46:00,2012-08-26 06:37:59,CH,db-48.meier.com,nam.csv,Kriens,Gasser Inc,126.587448,India
1971-05-05T11:03:08,6289804,89.5667205,Serbian,fi,01:18:18,2012-06-06 13:14:50,CH,lt-09.favre.com,dignissimos.wav,Montreux,Bernasconi Ltd,135.587864,Namibia
2011-12-30T02:49:59,25,70.893828,Ndonga,nr,03:24:27,1973-03-12 18:51:19,CH,srv-54.widmer-hodel.com,rerum.png,Chur,Bieri and Sons,-77.121101,United Arab Emirates
1982-03-07T11:55:38,95,-74.017573,Xhosa,iw,02:36:03,1971-09-23 20:43:02,CH,lt-90.bauer.com,vero.gif,Bernex,Lehmann LLC,-179.187282,Jamaica
1971-12-19T01:18:36,2,45.7287995,Divehi,mt,04:21:00,2000-07-21 17:19:55,CH,email-79.sutter.net,repellendus.avi,Locarno,Roth-Fankhauser,144.922377,Benin
1985-11-22T14:51:36,486,-43.725943,Panjabi,the,22:57:50,1978-09-23 09:43:52,CH,web-85.bolliger-vogt.com,hic.json,Ittigen,"Kälin, Kern and Bosshard",154.446322,Togo
1981-04-17T04:36:38,261,49.6483765,Tatar,ik,13:08:40,1976-03-18 15:35:27,CH,srv-13.frick-leu.net,rem.jpeg,Thun,Aebi Group,-92.495449,Bolivia
1980-09-04T14:55:24,48476,25.5419485,Malagasy,szl,05:03:42,1984-08-08 05:02:19,CH,db-94.ziegler-blaser.net,numquam.avi,Siders,"Eugster, Wegmann and Graf",-140.693896,Haiti
2017-08-06T17:48:29,3701,89.0063475,Tahitian,bg,06:08:08,2013-12-22 00:47:03,CH,web-71.hess-kunz.com,architecto.html,Oberwil,Frick-Favre,60.033297,Equatorial Guinea
1995-06-15T19:49:31,87203156,-63.7769875,Ewe,tcy,15:23:49,1990-06-18 21:19:56,CH,laptop-80.bianchi.biz,deserunt.jpg,Herisau,Stutz and Sons,-123.096072,Guinea
2004-04-30T04:18:48,649,-10.797688,Church Slavic,lt,18:40:57,2020-07-12 13:21:32,CH,web-46.zimmermann.com,tempora.docx,Weinfelden,Zehnder-Weibel,-14.724692,Venezuela
1976-02-23T18:46:22,7322,-79.7787935,Venda,hak,14:58:03,1985-03-15 02:17:47,CH,srv-90.schmidt.com,occaecati.png,Zollikofen,"Lutz, Pfister and Schlatter",-120.673799,Belarus
2002-07-20T17:53:02,1657711,31.478054,Georgian,nl,22:49:50,2020-07-04 20:26:00,CH,srv-35.luscher.org,corrupti.flac,Siders,Lüscher Ltd,49.777979,SÃ£o TomÃ© and PrÃ­ncipe
1991-12-14T17:11:20,853877,-8.390941,Church Slavic,gu,19:22:09,2006-10-12 18:08:07,CH,web-55.wagner.com,optio.xls,La Chaux-de-Fonds,"Merz, Michel and Kaiser",6.376123,Cyprus
2008-05-01T17:13:54,145,-86.093530,Basque,id,23:45:25,1976-02-09 04:38:03,CH,desktop-06.frey.com,quo.jpg,Renens,"Schwarz, Weber and Peter",-132.284469,Botswana
1970-09-20T23:37:35,6,88.1955545,Sango,ff,07:02:35,2001-06-05 00:46:16,CH,web-14.hartmann.com,eum.ods,Spiez,"Jäggi, Maurer and Studer",-24.585664,Myanmar
1995-02-17T16:02:14,7,-57.1875965,Bihari languages,fr,09:06:27,1974-09-27 22:41:37,CH,email-79.widmer.com,nobis.html,Freiburg,"Kohler, Zürcher and Scherrer",6.356004,North Korea
2022-06-27T05:57:44,8608779,40.746317,North Ndebele,mni,04:04:16,1999-02-11 06:35:17,CH,lt-85.buhler.info,quae.tiff,Chur,Senn-Blum,-42.951003,Uganda
2009-08-28T05:54:18,44278,-31.134536,Tajik,mg,09:13:26,1971-03-06 22:51:37,CH,db-64.zimmermann.com,magni.html,Bern,"Lang, Gfeller and Thommen",-116.138034,South Africa
2015-04-09T18:39:38,354230,-29.137665,Ganda,mr,01:06:01,2016-08-31 16:50:58,CH,srv-50.weber.net,cumque.csv,Val-de-Ruz,Lustenberger PLC,-125.882436,Lesotho
2011-06-15T11:45:02,4182279,-79.8902855,Sanskrit,fa,14:03:42,1990-12-10 23:51:26,CH,laptop-62.benz.com,labore.js,Volketswil,Keller-Schenk,95.967429,Iceland
2022-08-17T10:04:02,363768403,33.9145475,Arabic,gu,17:43:15,1992-04-26 04:02:32,CH,laptop-16.frei.com,quod.csv,Lausanne,Hürlimann Group,-57.477736,Dominica
2006-10-04T03:17:47,1715870,2.1805935,Xhosa,bo,11:45:48,1995-04-06 23:15:33,CH,srv-75.graf-hafner.com,non.flac,Wettingen,Ritter-Rey,-171.479463,Pakistan
1988-09-15T23:10:19,80245528,-24.7663985,Catalan,tr,18:09:32,1990-10-01 14:05:37,CH,db-98.zbinden.com,accusamus.js,Maur,Furrer-Mettler,96.883324,Finland
2021-02-01T19:16:01,72459,-14.6542445,Dutch,km,03:27:12,1979-06-15 01:44:10,CH,desktop-37.iten-benz.biz,quibusdam.tiff,Flawil,Schneider-Wagner,44.209319,Ethiopia
2021-07-23T14:03:41,3692,-49.604607,Albanian,az,07:56:54,1994-01-31 07:34:46,CH,email-74.zehnder.net,nesciunt.json,Bulle,Thommen LLC,-39.715031,Vietnam
2022-09-24T14:07:01,5,36.7244185,Gaelic,wae,17:46:02,1970-06-22 17:30:23,CH,srv-03.tobler.info,dolore.gif,Uster,Wüthrich-Gfeller,-51.257857,Kenya
1989-02-17T03:32:42,297693385,57.0370535,Ojibwa,cv,15:13:01,1992-11-16 19:36:30,CH,db-27.gerber.biz,ullam.gif,Wald,Roos-Seiler,-165.576097,Russia
1973-08-07T14:55:57,60161953,17.5936885,Lithuanian,unm,07:01:59,1971-06-02 03:34:17,CH,desktop-60.merz.com,officiis.jpeg,Payerne,Frey Group,-85.289251,Austria
1988-03-19T13:09:49,8392789,85.2775625,Avaric,xh,14:31:32,1993-03-16 04:42:59,CH,desktop-02.aebi-martin.com,dolor.txt,Martigny,Steiner-Fuchs,-113.825537,Luxembourg
2009-06-10T06:15:10,3,-37.439067,Herero,vi,14:12:33,2011-12-28 20:42:05,CH,laptop-41.stettler-leu.net,ab.pages,Küsnacht,Blaser Inc,6.566265,El Salvador
