company,country,date,hostname,time,language_name,mac_address,pricetag,file_name,iso8601,city,date_time,random_number
Pruschke KGaA,Mauritius,2013-03-20,lt-85.ditschlerin.com,23:38:17,Hiri Motu,86:23:2b:c4:78:cb,"28.419,73 €",Teller.mov,1974-01-18T14:15:08,Waren,1993-08-21 07:29:59,8327
Bruder,Eritrea,1971-08-11,desktop-72.rosemann.de,21:47:50,Oriya,ea:b3:ab:1b:6a:4b,"8.145,28 €",heißen.mp3,2001-07-27T01:51:28,Grevenbroich,1999-05-27 03:32:31,87613
Schomber AG & Co. KGaA,Litauen,1975-10-31,desktop-79.heinz.de,23:12:10,Oriya,46:39:ba:01:18:93,"4,17 €",suchen.numbers,1997-06-04T13:26:27,Hersbruck,1993-06-16 17:06:08,173210740
Seifert AG & Co. KGaA,Brunei Darussalam,2022-06-04,lt-66.rogge.com,05:34:03,Kinyarwanda,53:9a:2e:53:99:2f,"2.959,97 €",neun.xls,2021-04-09T15:28:12,Hansestadttralsund,2011-01-09 07:36:37,6077
Otto,Demokratische Republik Kongo,1984-09-06,desktop-00.henck.com,06:12:56,Bashkir,6b:58:02:75:5e:5c,"91.106,84 €",weiß.js,2005-11-15T23:49:58,Geldern,2020-01-28 05:45:49,34054
Biggen Vogt AG & Co. KGaA,Dänemark,1997-06-05,db-22.holsten.com,22:24:41,Church Slavic,ed:ef:cf:16:1c:98,"37,86 €",glücklich.wav,1990-03-03T05:55:31,Soltau,1995-05-24 08:03:24,4
Möchlichen KG,Amerikanisch-Samoa,2002-04-21,laptop-48.flantz.de,23:11:31,Sichuan Yi,9c:da:9b:53:d6:f0,"6.689,33 €",kennen.webm,1985-01-22T02:24:56,Chemnitz,1982-10-06 22:58:41,319939403
Koch II Holsten GmbH,Türkei,1984-05-04,email-19.karge.de,14:33:06,Zulu,6e:3f:00:f6:35:ad,"410,59 €",leise.webm,2010-03-15T05:10:07,Regensburg,2020-05-13 00:39:07,77316
Seifert Gnatz Stiftung & Co. KGaA,Burundi,2000-01-07,email-52.siering.com,03:54:09,Vietnamese,fb:78:1c:d9:b4:e6,"84,26 €",Mutter.png,1999-05-31T14:00:13,Helmstedt,1977-07-27 00:03:56,564745
Davids,Serbien und Montenegro,1998-05-08,srv-25.junken.net,00:49:13,Oromo,87:4a:e9:86:3c:e1,"5,70 €",aus.webm,1993-12-10T02:33:35,Eisenberg,2018-09-02 17:24:26,5423819
Wieloch,Niederländische Antillen,2022-04-06,desktop-12.boucsein.de,02:05:25,Chichewa,c3:cf:44:1d:ec:59,"30.146,05 €",Berg.mov,2002-12-31T10:06:31,Dinslaken,1992-03-06 23:52:40,8
Briemer KG,Peru,1972-03-24,srv-80.buchholz.com,07:39:50,North Ndebele,cf:91:e9:f5:b4:18,"2,79 €",fressen.doc,2018-07-14T06:18:25,Göttingen,2001-08-28 05:35:29,742
Hahn,San Marino,1973-01-12,lt-66.cichorius.de,19:29:31,Manx,a8:b9:44:0e:74:d8,"5.910,15 €",unter.odp,2018-08-30T23:18:55,Nabburg,2004-07-25 16:46:12,7110
Conradi Lindner AG & Co. OHG,Niederländische Antillen,1981-01-25,email-47.mosemann.com,19:49:25,Tatar,bf:64:e3:8d:2f:30,"833,89 €",groß.webm,2006-10-28T14:42:58,Bad Kissingen,2019-10-09 17:49:00,4
Fritsch Rosenow GmbH,Burundi,2011-11-22,lt-41.weller.com,06:14:05,German,6c:f7:d6:a9:99:6e,"40.434,12 €",weil.odp,1970-07-18T09:57:30,Soest,1988-03-30 07:27:44,0
Süßebier AG & Co. KGaA,Kuwait,1999-08-15,desktop-52.ring.de,12:41:02,Manx,9a:f0:46:94:c1:cf,"89,81 €",Bauer.mp4,1987-01-18T14:07:13,Göppingen,1972-06-23 16:03:58,5
Bonbach AG & Co. KGaA,Dominikanische Republik,2011-11-05,web-65.zaenker.de,00:19:30,Hebrew,7d:c7:9b:0f:d5:c3,"51.058,29 €",Milch.tiff,1988-10-10T15:01:49,Augsburg,2018-10-28 10:31:43,163734
Börner Schulz GmbH & Co. KGaA,Gabun,2020-12-18,laptop-55.boucsein.com,09:43:01,Bulgarian,11:65:d7:9c:93:35,"8,93 €",ihm.png,2009-03-27T12:04:00,Luckau,1970-01-12 11:15:05,8195817
Grein Groth Seip GmbH & Co. KG,Estland,1977-12-22,laptop-32.seidel.org,17:05:09,Slovak,99:3f:06:40:e2:82,"82.103,50 €",Fußball.gif,1997-08-21T03:57:42,Hohenstein-Ernstthal,1970-04-27 19:59:02,36
Weinhage Jäkel GmbH,Singapur,1976-08-17,desktop-43.groettner.com,18:19:18,Bengali,5c:64:6e:ae:7c:58,"2.373,31 €",können.xls,1980-12-03T12:13:52,Cottbus,1993-02-06 04:59:14,497840
Pruschke GbR,Antigua und Barbuda,2005-02-25,desktop-55.reuter.com,00:36:20,Manx,1d:79:ca:1f:e3:4d,"3,25 €",Tür.xlsx,1973-06-27T22:00:54,Rochlitz,1987-05-19 04:37:31,660417093
Baum AG & Co. OHG,Algerien,2015-04-17,email-50.misicher.org,11:25:34,Hungarian,3e:05:90:03:6b:97,"585,79 €",Wasser.bmp,1975-07-25T13:45:43,Bamberg,2020-03-15 00:55:04,885
Conradi Förster AG & Co. OHG,Suriname,2007-03-23,srv-42.dowerg.de,08:54:43,Ossetian,5f:4f:df:48:fd:91,"928,76 €",Stück.png,1987-04-22T08:16:36,Greiz,1989-08-15 04:38:54,84
Schwital Thies GmbH & Co. KGaA,Martinique,1974-11-18,db-01.schmidtke.de,01:04:35,Tibetan,ff:79:0b:50:38:3f,"99.578,48 €",noch.jpeg,1985-10-07T05:34:44,Berlin,1993-04-23 08:24:48,1303
Pechel,Portugal,2002-02-27,srv-07.stiebitz.com,10:52:03,Burmese,6e:7a:04:7c:70:ff,"1,17 €",unter.bmp,2022-01-06T21:21:23,Apolda,2022-04-17 20:04:30,5
Reichmann AG,Mosambik,2017-12-23,srv-82.roemer.de,05:29:45,Igbo,ec:ab:2e:9d:8e:ea,"818,30 €",auch.gif,2008-05-02T09:41:14,Güstrow,1988-07-22 03:58:30,2
Mans Heser AG,St. Kitts und Nevis,1977-05-26,srv-54.dobes.net,02:03:02,Lao,2d:0f:fd:1c:e9:6d,"672,98 €",lesen.wav,1988-02-11T14:26:04,Marktheidenfeld,1981-08-19 19:07:15,89883150
Radisch AG & Co. KG,Côte d’Ivoire,1973-09-15,email-43.weinhold.org,12:50:51,Ido,3a:d4:56:f0:8e:76,"98,34 €",bis.js,2015-12-24T08:47:37,Worbis,1973-01-08 11:01:27,902
Döring,Bolivien,2015-02-19,email-83.boucsein.org,02:42:23,Rundi,1f:7a:ab:9a:0e:33,"6,20 €",wieder.css,1995-09-22T22:01:30,Eckernförde,1999-06-26 02:07:30,1302
Hamann,Bhutan,1993-09-01,srv-46.ruppert.org,13:22:46,Nepali,7b:1e:0f:db:f5:8e,"946,03 €",sagen.mov,1973-11-23T10:00:03,Regensburg,1987-01-14 21:08:42,611
Misicher,Benin,2004-01-31,web-71.klemt.net,04:37:26,Slovak,50:b0:b7:65:ac:3d,"0,24 €",auf.xls,1971-08-06T08:48:10,Wernigerode,1992-05-03 08:38:10,8532
Hoffmann Mentzel KG,Katar,2016-05-30,web-21.zorbach.com,00:34:24,Tajik,f5:46:44:b8:b1:04,"85.277,68 €",was.txt,1995-06-01T06:36:44,Hersbruck,2004-04-20 01:12:42,97
Kühnert GmbH & Co. KGaA,Angola,1994-02-05,srv-21.klapp.net,03:39:02,Turkmen,0f:bd:bb:b3:46:53,"393,02 €",also.jpg,1979-08-20T13:12:02,Flöha,1995-01-24 01:51:48,73470
Meister,Weihnachtsinsel,2022-06-20,email-16.winkler.net,02:46:50,Occitan,04:6f:71:2d:a4:d3,"5.630,81 €",Affe.tiff,2011-02-14T10:43:00,Hoyerswerda,2000-02-27 19:29:25,5252
Wohlgemut Hahn GmbH & Co. KG,Dänemark,1994-02-11,email-53.hartmann.net,18:42:39,Kinyarwanda,5e:dc:91:35:40:5f,"5,52 €",fast.webm,2020-09-07T11:01:14,Lichtenfels,1998-04-08 19:39:27,111997076
Martin Rose AG,Sambia,2017-06-24,web-03.gnatz.com,23:58:30,Shona,70:b2:37:45:fb:c2,"6,55 €",gesund.xlsx,2011-07-02T05:06:06,Soest,2001-11-21 23:26:12,3268148
Kraushaar GmbH,Palästinensische Gebiete,2010-05-13,web-60.hartung.com,03:28:40,Cornish,20:3d:8c:2e:6e:79,"4.219,45 €",offen.pptx,1971-02-13T19:28:30,Bad Kissingen,2007-01-19 21:39:42,3
Jacobi Jäckel,Vereinigtes Königreich,2011-11-03,web-34.gorlitz.de,01:55:54,Haitian,0d:e0:c6:4b:17:32,"62,73 €",er.mp3,2018-07-02T21:40:30,Waren,2000-01-08 02:43:29,54
Kambs Hölzenbecher GmbH,Estland,2020-10-25,laptop-34.koch.com,06:01:56,Hiri Motu,4b:4e:6b:c5:ff:ee,"12,70 €",vielleicht.tiff,2019-05-27T15:12:15,Sömmerda,2008-04-19 23:33:30,38201
Sorgatz AG,Namibia,2003-08-23,db-74.gutknecht.com,03:35:28,Akan,5e:71:75:41:23:8a,"462,08 €",Zeit.avi,1974-01-11T08:27:26,Reutlingen,2011-04-21 15:13:33,5
Pergande KG,Angola,2011-03-21,lt-81.kranz.de,10:35:58,Italian,d6:76:c3:40:cc:b2,"7.721,16 €",dich.numbers,1976-01-05T01:31:32,Vohenstrauß,1986-02-15 15:33:11,595296889
Striebitz Seip GbR,Norfolkinsel,1992-09-18,web-55.trub.de,10:35:30,Kannada,fe:d2:a6:26:0e:3a,"28.677,91 €",fahren.pages,2008-10-05T04:09:47,Northeim,2002-02-28 17:09:02,2
Zobel KG,Lesotho,1978-02-09,db-47.reuter.de,13:39:25,Mongolian,1f:6b:44:37:f6:2d,"7.820,36 €",plötzlich.flac,2021-10-18T03:20:08,Wetzlar,1977-12-14 19:44:17,70787
Schönland,Malaysia,1978-11-20,laptop-31.gunpf.com,20:10:57,Persian,ba:7a:b7:82:69:e8,"64,56 €",so.odt,1991-03-30T17:37:48,Gerolzhofen,2001-02-15 12:16:04,401188
Haering Oderwald GmbH & Co. OHG,Namibia,2013-05-13,srv-44.aumann.de,16:13:47,Sanskrit,b8:d2:40:a1:58:74,"21.052,99 €",dunkel.wav,1971-09-14T01:33:10,Borna,2009-10-29 16:21:16,561
Kramer KG,Brunei Darussalam,2018-08-05,laptop-66.bender.com,22:04:26,Herero,39:e9:9c:53:38:c9,"21.161,71 €",Seite.xlsx,1986-08-09T12:53:30,Lemgo,2009-11-18 03:54:54,476637525
Kabus Mude e.G.,Island,1972-05-22,web-03.kreusel.com,02:33:45,Hindi,0c:6d:b9:d3:6b:b3,"493,28 €",wirklich.js,2010-08-14T04:57:47,Waren,2013-11-29 10:06:06,900171
Kramer,Mali,1979-01-28,srv-95.schwital.de,23:27:37,Romansh,f7:3a:75:4f:1b:d9,"410,26 €",fast.mov,1989-04-30T22:54:49,Monschau,1985-05-27 18:22:02,76457071
Reuter,Guam,1973-07-12,lt-25.junk.com,23:12:21,Malay,e4:d5:06:f5:1a:93,"75.798,15 €",krank.js,2017-11-29T20:17:19,Jessen,1985-11-18 02:59:57,30779211
Jopich Meyer e.G.,Guinea-Bissau,1976-11-24,web-12.rudolph.de,10:36:47,Zulu,76:7b:a8:55:d2:b9,"6.626,68 €",Freund.flac,2006-05-19T23:22:37,Kleve,1980-03-31 23:22:12,5695
Dippel,Simbabwe,1979-07-26,web-86.fischer.org,20:22:54,Sindhi,ea:e4:b0:50:d0:78,"1,86 €",Frage.json,1971-08-16T16:36:08,Pasewalk,2006-07-13 00:49:02,0
Scheuermann Seifert GmbH & Co. KG,Lettland,1978-01-20,srv-81.davids.de,17:54:17,Ndonga,8b:54:66:a2:e8:b6,"8.623,98 €",oft.json,1980-12-31T14:57:15,Badalzungen,2020-06-12 20:22:44,73
Kensy e.V.,Armenien,2016-02-17,laptop-01.birnbaum.com,23:44:15,Slovak,9b:23:f5:f6:ed:62,"30,18 €",kann.mp3,2010-09-14T00:32:55,Hofgeismar,1999-01-22 00:15:53,22
Stiffel Hellwig KG,Kongo,1996-03-04,srv-97.hande.com,13:27:15,Finnish,00:f0:50:8e:9c:e6,"8,51 €",um.mp3,1988-04-29T02:55:49,Reutlingen,2005-01-26 07:30:37,93
Wernecke Ziegert GmbH & Co. KGaA,Irak,1975-03-26,desktop-19.conradi.com,05:25:33,Inupiaq,72:da:ef:97:de:05,"39,46 €",können.wav,2011-03-23T12:03:05,Gießen,2017-04-04 16:28:37,15735
Weinhold,St. Pierre und Miquelon,2008-02-28,db-86.jopich.org,04:32:17,Lingala,28:ae:35:6a:4f:10,"39.652,95 €",schlagen.webm,2020-03-11T10:24:57,Gelnhausen,1986-07-20 02:27:26,6927261
van der Dussen Stiftung & Co. KGaA,Eritrea,2020-10-02,db-00.ladeck.org,15:12:17,Kannada,f0:2f:18:e8:a0:e1,"3.875,66 €",Wetter.wav,1971-10-02T02:33:51,Neustadt am Rübenberge,2005-05-11 14:45:56,5
Eberhardt AG & Co. OHG,Schweden,1985-12-11,srv-29.schueler.net,07:01:48,Lingala,7b:de:8e:88:0f:24,"5.583,46 €",Fisch.doc,2014-12-29T17:20:46,Ribnitz-Damgarten,1971-04-02 16:56:30,3374411
Kroker GmbH & Co. KG,Australien,1981-05-27,web-44.ernst.de,22:20:53,Kanuri,98:d5:5a:e5:e8:87,"1.475,12 €",heute.mp4,1987-12-03T08:30:07,Eisenhüttenstadt,2008-01-31 01:02:39,4
Spieß,Heard- und McDonald-Inseln,1970-12-10,db-10.kramer.de,03:26:52,Akan,53:d4:89:6d:a1:61,"3,85 €",heute.gif,2019-12-12T02:41:06,Hohenstein-Ernstthal,2005-11-06 02:37:12,380
Meyer GmbH & Co. KG,Dominikanische Republik,2001-03-06,email-30.geisler.net,06:20:30,French,1e:64:57:b4:80:48,"93.619,31 €",brauchen.jpg,1984-11-20T23:48:29,Wolfenbüttel,1989-02-15 07:29:53,21037
Schwital Tintzmann AG,Neukaledonien,2014-04-13,db-63.meyer.de,02:59:10,Lingala,5c:e0:e4:47:0d:9e,"6.441,18 €",Polizei.avi,1979-03-28T04:00:28,Deggendorf,2014-04-04 22:00:18,3
Ullmann Dietz e.G.,Slowenien,1995-03-24,email-41.flantz.com,21:39:36,Uzbek,3f:21:b9:be:d1:e3,"86,36 €",gern.doc,1983-11-15T05:05:54,Ludwigsburg,1977-11-28 06:24:13,51652
Schmiedecke,Weihnachtsinsel,2022-08-21,web-53.lehmann.de,06:34:56,Luba-Katanga,92:e3:cb:15:e0:3d,"758,37 €",nach.flac,2012-09-29T18:22:19,Grafenau,1974-05-05 16:37:22,793272010
Heintze Mielcarek AG,Saudi-Arabien,2000-08-23,web-08.bolnbach.de,20:44:34,Tajik,df:10:19:16:e1:f1,"6.363,73 €",mehr.webm,1997-02-01T23:50:43,Brilon,2005-10-17 14:52:29,71540892
Eberhardt GbR,Turkmenistan,1976-04-26,desktop-90.loeffler.org,12:02:23,Tsonga,f1:05:2d:85:49:ca,"1,67 €",fertig.tiff,1994-02-20T11:45:21,Stollberg,2001-07-21 18:27:04,4
Hofmann Speer GmbH,Palästinensische Gebiete,2011-10-14,db-25.hering.de,13:19:26,Aymara,94:91:54:21:2a:38,"7.165,05 €",aber.ods,1979-10-07T01:16:31,Genthin,2020-02-25 08:04:33,72219
Jungfer KG,Südafrika,2018-11-26,laptop-75.junken.de,16:44:40,Persian,03:22:90:1e:01:fa,"84,64 €",beißen.avi,2009-05-31T06:49:49,Zossen,1977-08-28 07:27:48,605
Wesack GmbH & Co. KG,Guatemala,1984-08-30,email-12.roht.com,17:06:07,Bambara,81:17:23:f4:b2:01,"2,84 €",Klasse.tiff,1985-03-29T04:16:01,Oberviechtach,1989-12-30 08:40:22,55875
Bärer,Saudi-Arabien,1992-10-20,db-76.langern.de,23:19:51,Occitan,dc:46:c6:9a:16:d0,"848,18 €",Straße.ods,2023-02-04T09:00:26,Ebermannstadt,2001-12-12 06:17:08,4
Krause,St. Pierre und Miquelon,1984-06-11,laptop-46.weinhage.org,00:38:55,Hungarian,92:9e:66:76:21:fa,"80,87 €",jetzt.css,2001-10-27T20:40:56,Leipziger Land,2020-07-28 20:53:07,77
Stey Jockel AG & Co. KG,Kaimaninseln,2014-01-12,laptop-49.haenel.com,11:05:11,Hindi,ec:14:b3:34:83:3c,"83,51 €",gewinnen.webm,2011-11-19T23:39:49,Luckenwalde,1984-03-25 07:22:06,0
Heß Kallert e.G.,Weihnachtsinsel,1996-09-30,srv-92.spiess.com,13:48:54,Sinhala,88:9f:52:8f:3e:b3,"5,23 €",ließ.numbers,2014-06-22T12:39:09,Bad Langensalza,1975-03-09 07:35:32,6
Zimmer Sauer Stiftung & Co. KGaA,Färöer,1982-08-01,desktop-47.dippel.com,21:09:32,Kongo,81:aa:a3:42:d8:45,"9.238,91 €",deshalb.mov,1986-05-02T12:16:16,Genthin,1986-10-26 17:50:02,826421
Heidrich Eckbauer AG,Türkei,1985-11-20,laptop-17.noack.com,04:54:36,Sichuan Yi,eb:ff:4d:f9:8b:48,"4.497,28 €",Brief.xls,1989-07-05T20:22:41,Herford,1993-02-17 06:13:26,6357
Holt,Réunion,2014-09-21,db-92.bauer.com,04:57:17,Danish,90:3a:c4:51:9c:13,"47,07 €",Tisch.html,1992-02-05T16:22:59,Weißenfels,2006-07-08 17:53:07,2176620
Kallert GmbH,Panama,2005-06-12,db-96.raedel.net,12:08:08,Xhosa,0f:12:90:14:0c:b7,"0,90 €",beim.mov,2022-04-30T06:49:16,Eutin,2017-04-02 06:24:54,9038
Baum Zimmer GmbH,Kongo,2021-05-18,srv-06.etzold.com,02:23:51,Zhuang,1c:0a:78:6c:c9:f7,"435,84 €",unter.pptx,1980-12-19T12:52:14,Fürstenfeldbruck,1986-11-02 06:45:11,9259
Stolze Stiftung & Co. KG,Vanuatu,1984-08-08,lt-70.beier.org,01:47:24,Faroese,d1:19:87:c0:57:25,"87,78 €",gegen.png,1977-05-13T06:18:15,Gräfenhainichen,2021-02-28 00:37:29,16938022
Kreusel KG,Italien,1970-09-28,laptop-24.soeding.de,10:32:29,Irish,a8:11:12:d6:d7:d3,"4,28 €",leise.mp3,1983-11-03T17:10:37,Eisenach,1970-04-22 11:55:43,32
Etzold KG,Iran,2000-07-01,email-37.benthin.de,12:06:57,Interlingua,e3:16:be:2e:ec:d0,"5.130,64 €",hören.mp4,2009-07-16T05:28:10,Senftenberg,2000-01-01 06:06:33,79579
Reinhardt,Gambia,2020-06-25,lt-00.suessebier.org,05:39:34,Dutch,f7:4f:1d:77:de:86,"3.631,64 €",warten.gif,1973-12-30T13:42:17,Fürstenfeldbruck,1991-07-13 00:14:23,370934
Häring Löchel GmbH,Polen,1981-06-11,srv-98.schueler.com,06:29:09,Maori,86:3b:06:60:6a:23,"6,82 €",bis.js,1974-10-12T19:33:39,Niesky,2002-11-13 17:44:27,0
Jacob,Laos,1980-10-02,web-00.eberth.com,05:37:53,Pali,21:65:e3:53:fc:22,"755,54 €",dabei.pages,2021-04-08T17:41:09,Zerbst,2005-05-22 23:39:42,51156
Preiß,Nördliche Marianen,2016-04-09,desktop-73.gehringer.com,18:32:03,Tahitian,bf:e1:57:31:55:5c,"9.672,42 €",Hand.txt,2006-09-07T23:37:49,Olpe,2015-03-06 11:29:37,1212122
Wulff,St. Barthélemy,1989-08-05,db-61.soeding.de,06:44:20,Abkhazian,1e:d1:38:d1:e7:b7,"75.905,33 €",Vater.wav,2007-06-23T16:00:58,Schrobenhausen,2006-02-20 07:54:58,55495983
Jäntsch,Südgeorgien und die Südlichen Sandwichinseln,1998-10-09,laptop-31.rogge.com,12:20:07,Bosnian,99:6d:71:70:85:5e,"2,36 €",fiel.js,2006-04-08T01:43:49,Cuxhaven,2005-04-29 10:02:45,1839330
Bohnbach,Antigua und Barbuda,1999-05-06,lt-51.beer.de,19:54:30,Shona,13:15:d2:41:be:d8,"5,07 €",am.mp3,1982-08-07T10:03:31,Bruchsal,2012-01-09 11:20:48,52
Eberth Stiftung & Co. KG,Botsuana,1989-10-28,srv-84.wernecke.de,20:09:14,Kikuyu,13:00:63:79:17:a9,"0,04 €",frei.flac,2012-05-11T11:52:05,Gerolzhofen,1998-02-28 22:53:11,8461093
Heinz AG,Rumänien,1985-11-28,srv-79.ruppersberger.org,19:32:50,Swati,28:85:1e:3d:00:53,"1,84 €",blau.tiff,2007-02-21T13:44:07,Rosenheim,1991-10-14 00:48:23,932
Wagner,Nicaragua,1976-05-08,db-15.thies.net,11:01:30,Gaelic,75:a3:15:3d:0f:36,"8,85 €",öffnen.png,1979-06-18T18:28:44,Calw,1979-07-08 13:59:36,84077
Schinke,Indien,2012-11-27,srv-92.hecker.de,09:51:46,Japanese,c3:f9:eb:13:47:0f,"18,98 €",Teller.bmp,1993-02-26T20:01:22,Backnang,2013-10-13 01:37:37,41085703
Dussen van Weinhold KGaA,Philippinen,2004-02-23,email-25.beer.de,05:50:13,Western Frisian,98:9f:5b:f0:a5:e2,"87.810,82 €",machen.mov,1978-07-16T12:30:37,Heinsberg,2005-10-25 02:43:18,6384412
Schweitzer,Malaysia,1974-01-18,db-72.gorlitz.com,11:54:34,Irish,33:4a:63:63:16:86,"83,90 €",treffen.jpg,1999-12-16T05:48:09,Grafenau,1982-08-28 14:54:06,681
Wirth Linke AG,Namibia,2001-12-20,lt-19.eberth.net,00:38:49,Telugu,90:04:0d:e8:3b:b3,"6.081,27 €",daran.css,2020-10-04T11:05:02,Oranienburg,1989-04-22 13:34:10,996920378
Henschel GmbH & Co. OHG,Nigeria,2017-02-28,laptop-62.roskoth.com,07:58:51,English,3f:25:2f:45:d8:8b,"599,82 €",Nacht.flac,1989-09-24T07:28:50,Heiligenstadt,1972-10-18 07:39:15,357548040
Fröhlich,Martinique,1973-07-22,db-91.holzapfel.de,10:58:42,Indonesian,f7:a8:fc:0a:78:4b,"925,84 €",jung.wav,1972-06-09T22:17:14,Hansestadttralsund,1971-12-20 00:57:50,26
Atzler Wähner GmbH & Co. OHG,Neukaledonien,1970-09-26,laptop-43.geisel.org,11:11:05,Irish,cf:de:97:71:e1:5e,"28,58 €",drei.css,1991-03-09T23:05:54,Illertissen,1998-04-07 05:04:17,4181
Pieper,Kuba,1974-05-23,lt-48.wulff.de,05:39:01,Macedonian,1f:15:f5:24:9c:6a,"2.213,86 €",Garten.jpeg,1977-04-30T13:20:42,Finsterwalde,2018-02-10 04:14:22,118431590
Schottin Paffrath KG,Samoa,1979-05-29,lt-94.schleich.de,12:10:36,Chichewa,0b:7f:be:cd:cb:bc,"868,95 €",heiß.numbers,1999-06-07T02:57:19,Wismar,1992-02-15 10:20:12,916
Gunpf AG,Trinidad und Tobago,2008-11-21,desktop-61.jungfer.org,20:10:19,Amharic,13:3e:b5:3f:41:1e,"14.050,03 €",Gott.wav,1994-11-08T22:09:00,Wertingen,2004-05-18 04:18:03,23257930
Neuschäfer Speer GmbH & Co. KG,Gambia,1992-04-09,lt-13.zaenker.de,13:02:49,Tahitian,fd:41:9f:98:af:73,"31.559,93 €",groß.html,1975-03-17T06:35:16,Griesbach Rottal,2013-07-02 07:48:46,40539
Stiebitz Schacht e.G.,Papua-Neuguinea,1998-02-08,db-08.schacht.de,11:18:02,Basque,b1:57:86:0b:64:09,"4.045,04 €",Auto.json,1970-05-07T18:01:29,Melsungen,1985-09-13 12:26:35,0
Eigenwillig Schäfer OHG mbH,Angola,1972-12-30,desktop-53.losekann.net,16:12:15,Dutch,67:b6:47:bc:97:2b,"7,81 €",bauen.css,2017-10-05T20:12:44,Borken,2006-12-25 21:10:44,7433830
Ziegert,Irland,2014-08-26,web-86.baerer.org,11:44:05,Assamese,a1:c3:5c:1a:4f:33,"18,20 €",was.flac,1990-07-03T23:15:41,Staffelstein,2021-05-23 08:32:13,37430318
Vollbrecht Oestrovsky AG,Mexiko,1991-04-10,desktop-26.zorbach.com,16:21:02,Fijian,45:9c:4a:9d:15:4a,"395,03 €",an.avi,2006-04-28T04:22:12,Donaueschingen,2002-11-16 18:28:38,3
Gumprich Mude KGaA,Äthiopien,1990-03-25,srv-22.haering.com,09:19:58,Estonian,b8:90:92:27:65:63,"3.145,17 €",Mädchen.key,2011-08-21T01:18:23,Melle,2020-08-26 02:49:17,0
Zirme KG,Libyen,1970-01-10,email-80.gute.net,03:48:52,Ewe,92:49:0e:76:91:1b,"27.318,70 €",Wort.json,2013-04-19T03:31:02,Ludwigslust,2005-12-19 07:12:49,70525
Juncken Mälzer GbR,Äquatorialguinea,1989-02-11,desktop-89.heinz.de,18:01:58,Kongo,91:e3:10:20:85:70,"91.304,30 €",Wald.mp4,1992-01-28T13:05:47,Dresden,2008-05-03 18:47:04,4265075
Förster Stiftung & Co. KGaA,St. Helena,1983-07-30,desktop-29.faust.org,07:28:23,Tigrinya,96:84:cb:dd:27:9d,"749,69 €",schaffen.wav,1980-04-18T10:39:39,Demmin,2000-04-29 11:39:20,26438
Fischer AG,Litauen,2004-07-23,web-40.buchholz.com,15:13:37,Chinese,ec:e6:c0:05:b6:10,"84,83 €",zwei.wav,1974-10-30T09:08:36,Artern,2017-06-21 10:11:10,40
Renner Margraf KG,Ruanda,1977-06-06,srv-68.niemeier.de,12:27:00,Somali,8e:da:1a:80:10:1c,"50.350,16 €",Wiese.txt,1997-12-05T10:49:29,Passau,1978-01-06 00:52:44,6115
Oderwald Neureuther AG,Französisch-Guayana,1986-12-29,web-76.lorch.org,19:36:59,Bashkir,8b:c0:e6:2b:e1:37,"3.407,85 €",schnell.mp3,2007-01-16T03:30:56,Ebersberg,1996-06-26 11:03:13,23412508
Rose Eigenwillig GmbH & Co. KGaA,St. Vincent und die Grenadinen,2020-04-05,desktop-41.winkler.de,02:19:51,"Sotho, Southern",61:5a:40:50:ed:53,"743,44 €",vergessen.csv,1983-04-26T07:52:31,Reutlingen,2012-11-02 01:50:25,75250065
Wernecke Haering GmbH & Co. KG,Burundi,1998-05-02,lt-88.schwital.com,21:18:07,Russian,d9:b9:f6:79:ec:90,"14,34 €",weit.key,1997-10-15T18:01:54,Parsberg,2005-03-31 21:26:33,3876
Hettner Mälzer KG,Komoren,2008-01-12,email-33.hoerle.net,14:07:27,Manx,b7:79:26:44:8b:e6,"166,69 €",wohl.key,2022-10-28T14:14:44,Kassel,2011-02-04 20:57:23,39236382
Häring,St. Pierre und Miquelon,2006-02-16,srv-18.girschner.org,04:01:44,Kuanyama,d7:0c:02:e1:38:bf,"9.361,84 €",Essen.mov,2017-04-27T10:11:42,Kleve,1999-07-24 07:17:27,23846993
Stadelmann e.V.,Tschechische Republik,1988-07-26,srv-50.mohaupt.com,16:52:41,Maltese,41:e6:db:38:19:27,"5,82 €",ich.webm,1970-06-02T20:04:45,Mettmann,2016-05-28 13:21:33,560864
Mohaupt KG,Kap Verde,1988-03-22,desktop-40.anders.com,03:36:51,Portuguese,d6:07:04:79:70:d4,"4.281,18 €",braun.mp3,1976-05-21T02:29:51,Nordhausen,1971-08-30 19:42:59,50
Lübs KG,Namibia,1981-04-01,lt-62.sauer.de,14:37:15,Korean,75:b9:43:e5:b7:a1,"20.523,45 €",packen.js,2000-06-23T10:33:38,Stuttgart,2019-12-26 04:57:02,386596
Heuser Heydrich AG,Tschad,1974-04-27,web-89.thanel.de,11:35:50,Tibetan,99:be:da:2d:15:37,"44.014,50 €",zum.odp,1999-09-18T01:37:19,Main-Höchst,1997-05-12 22:08:53,4
Söding GmbH,Tonga,2016-06-20,web-05.henschel.de,07:59:06,Nauru,28:c0:6e:a2:b3:14,"66,24 €",Zimmer.webm,2007-11-03T09:41:21,Jülich,2012-08-28 23:44:38,512108067
Textor,Cookinseln,2000-07-14,laptop-82.barkholz.de,10:19:57,Lithuanian,de:cb:8f:35:d1:26,"3.050,02 €",deshalb.flac,2008-12-21T15:06:49,Lübeck,1999-06-21 12:50:30,5578342
Gute Dörr KGaA,Turks- und Caicosinseln,1975-04-24,lt-59.barth.de,18:15:49,Northern Sami,68:ec:75:c1:c4:e2,"9.292,95 €",Vater.json,2016-05-19T07:17:07,Biedenkopf,1991-06-01 06:59:41,712053626
Römer Ditschlerin GmbH,Norwegen,1979-10-06,laptop-72.heser.com,06:20:18,Indonesian,57:7b:66:29:a7:d4,"38.630,72 €",wünschen.pages,1990-06-15T12:14:20,Kronach,1978-05-14 06:46:41,894542
Wernecke Keudel GmbH,Amerikanisch-Ozeanien,2012-03-31,srv-72.jaentsch.com,15:13:56,Chichewa,c5:fd:90:f1:a1:3d,"94.140,13 €",nach.html,1978-07-24T04:52:22,Soltau,1980-06-24 23:40:28,634
Kroker KGaA,Zentralafrikanische Republik,1990-12-01,srv-03.liebelt.org,04:07:54,Cree,c1:7b:89:42:46:bd,"7.165,06 €",fressen.docx,1975-03-29T09:56:42,Nördlingen,1997-06-30 07:10:52,754987843
Thies GmbH,Laos,2000-06-12,lt-86.radisch.de,14:02:10,Church Slavic,53:a3:03:3e:73:0c,"3,15 €",nämlich.mov,2014-08-22T20:50:19,Nordhausen,1979-10-20 16:47:03,4618
Caspar Weller AG & Co. KG,Ghana,1972-11-06,email-46.fechner.com,02:10:31,Faroese,1e:37:83:20:c1:24,"37,92 €",wirklich.mp3,2018-08-11T18:24:39,Lübben,1980-02-03 19:30:22,6049212
Otto AG & Co. KGaA,Serbien,2004-08-08,desktop-69.stadelmann.net,01:14:14,Haitian,aa:72:8d:d4:b7:b8,"4,95 €",sehen.odt,1983-03-25T02:37:35,Lüdinghausen,2013-11-23 08:14:08,164078043
Hölzenbecher Hörle GmbH & Co. KGaA,Österreich,1984-05-29,email-49.davids.de,06:06:13,English,b5:4c:f5:df:d1:66,"7.805,31 €",liegen.gif,2012-10-30T13:10:38,Ebern,1972-08-05 16:17:19,98551276
Finke,São Tomé und Príncipe,1998-10-19,desktop-44.jessel.com,11:21:57,Lingala,26:ed:31:1c:b1:c3,"2,21 €",dürfen.css,2021-05-12T16:24:25,Mallersdorf,1978-10-25 19:08:20,7590170
Schweitzer AG,Republik Moldau,2020-09-21,web-14.luebs.com,06:03:10,Luba-Katanga,92:42:b5:e7:83:9a,"24,83 €",machen.flac,2008-03-13T23:02:38,Delitzsch,2003-08-11 08:12:54,7178550
Klemm Dobes GmbH,Malaysia,1980-04-04,srv-43.spiess.com,23:36:32,Bengali,1f:80:a3:d4:b9:db,"739,46 €",vier.js,2005-05-10T03:26:22,Pößneck,1971-12-26 17:14:59,64
Misicher,El Salvador,2014-06-02,lt-68.flantz.com,00:53:47,Polish,cf:36:98:be:2a:02,"15,31 €",jung.tiff,1988-05-23T20:32:49,Backnang,1980-11-26 23:40:20,99022482
Förster Rogner KG,St. Vincent und die Grenadinen,2019-07-23,desktop-98.roemer.net,16:15:25,Yoruba,cd:11:f3:ad:5a:05,"28,64 €",kein.flac,2011-10-26T22:42:22,Uelzen,1980-12-04 11:55:00,6233
Kostolzin AG,Philippinen,1979-10-20,lt-35.fiebig.com,20:17:03,Macedonian,86:32:3b:f3:f0:53,"0,02 €",Brot.pptx,1997-08-10T13:37:00,Herford,1998-06-29 15:32:32,905816431
Schleich Kuhl KG,Isle of Man,2010-07-01,web-24.kabus.de,07:22:06,Corsican,bc:9f:d3:35:2f:e6,"20,60 €",man.gif,1986-10-09T07:48:26,Bremervörde,1978-09-11 18:30:40,94
Gnatz GmbH,Griechenland,2015-11-19,web-46.drubin.de,09:30:25,Walloon,e7:6b:75:0f:f9:6c,"15.292,99 €",fragen.js,1992-12-10T12:10:08,Waren,1994-02-13 10:43:44,3128
Eberth,Guyana,1980-09-02,lt-75.beckmann.net,08:33:28,Slovak,67:50:09:f6:6e:a6,"2.305,14 €",zwischen.flac,2008-11-29T09:15:03,Fürstenfeldbruck,2012-03-10 20:38:21,90015579
Hofmann Stiftung & Co. KGaA,Cookinseln,1972-12-24,srv-70.etzler.org,04:33:06,Chamorro,8d:54:68:f0:fc:01,"52,59 €",fröhlich.jpg,2001-01-22T15:09:58,Mittweida,1984-06-24 10:03:49,2267
Schulz,Amerikanisch-Samoa,1974-04-04,email-43.lehmann.de,23:30:55,Wolof,81:a1:ba:b5:31:47,"54.041,78 €",Glück.wav,1993-11-03T08:59:50,Beilngries,2012-03-14 19:55:32,3
Kusch,Russische Föderation,2008-03-15,laptop-67.hein.de,23:06:51,Guarani,e7:56:2f:e3:57:bd,"692,63 €",deshalb.wav,2012-06-24T15:19:23,Rochlitz,1972-05-25 23:33:19,1119
Rosenow,Rumänien,2002-11-16,web-34.schweitzer.de,17:06:33,Afar,41:76:bf:ac:15:b7,"855,05 €",Oma.js,2005-11-15T21:10:43,Rockenhausen,2023-01-18 22:42:30,903
Pärtzelt Klemm KG,Senegal,2003-12-12,db-05.girschner.net,12:59:14,Sundanese,d8:12:94:82:e3:b4,"579,97 €",Hunger.csv,1972-04-15T07:47:02,Wittenberg,1994-11-20 17:22:21,2
Langern,El Salvador,1999-07-02,email-66.stolze.com,06:05:08,Kalaallisut,b9:bd:05:78:ee:f6,"420,76 €",schreiben.mp4,2020-03-07T12:25:37,Sternberg,2012-07-29 04:27:45,230462539
Schönland Seifert e.V.,Gibraltar,1986-05-29,desktop-81.wulf.com,14:12:19,Akan,e8:bf:6a:00:97:e9,"299,51 €",gefährlich.mov,2016-02-20T12:19:39,Zschopau,2011-06-13 22:30:55,4329675
Birnbaum,Guinea,2017-12-24,laptop-88.heinz.org,09:02:57,Gaelic,08:11:c3:31:7a:63,"974,62 €",tragen.flac,2012-10-20T13:17:53,Gerolzhofen,2001-04-19 12:05:47,93055661
Löffler Bruder GbR,Nepal,1984-01-03,email-21.hauffer.com,09:33:57,Marathi,67:82:5b:64:63:2a,"1.165,22 €",Auto.js,1975-06-01T19:13:12,Eutin,2017-05-28 14:56:18,54872
Karz AG & Co. KGaA,Martinique,2018-10-19,laptop-61.ebert.com,00:35:54,Hungarian,16:e3:06:66:36:fd,"1.795,73 €",Polizei.js,1980-05-21T22:48:32,Kehl,2003-07-11 13:38:27,2
van der Dussen OHG mbH,Bermuda,1975-09-25,srv-51.scheuermann.com,04:05:14,Tonga,57:68:9e:ce:77:80,"11,48 €",Papa.wav,2015-12-31T05:16:29,Meißen,1976-10-23 17:21:06,65
Heser GmbH & Co. KG,Guatemala,1973-11-09,lt-64.beer.com,04:03:40,Arabic,69:45:19:08:cf:fd,"849,41 €",endlich.mov,2011-02-08T07:18:11,Kleve,1996-07-25 18:16:57,4363849
Wohlgemut,Polen,2006-12-31,web-54.preiss.com,17:41:38,Esperanto,ee:5f:dd:0e:c2:67,"96,42 €",weg.avi,1972-03-19T14:09:35,Stadtsteinach,1976-08-11 22:54:14,73007
Wiek Stolze KG,Nicaragua,1973-08-20,db-90.scholtz.com,20:23:59,Marshallese,49:0e:dd:63:59:56,"98.718,37 €",dunkel.flac,2003-06-06T18:58:38,Hohenmölsen,2017-02-17 20:08:54,6
Dussen van Winkler GbR,Mosambik,1983-02-05,lt-32.christoph.com,17:00:16,Malagasy,15:86:b7:30:68:f2,"95.792,16 €",los.txt,1976-10-31T15:39:19,Melle,2023-08-23 04:44:33,64002
Davids Koch e.G.,Rumänien,1999-09-25,email-22.jaentsch.de,18:01:08,Haitian,6b:4b:58:df:1d:5e,"4.291,71 €",weg.wav,2017-11-23T07:03:42,Staßfurt,2021-01-14 11:50:31,4569875
Noack Ebert AG & Co. OHG,Ruanda,2000-04-30,db-45.hein.net,13:49:29,Kannada,6d:e0:f7:b7:9d:92,"6.187,50 €",schlimm.webm,1981-12-03T01:12:36,Fallingbostel,1988-12-12 23:04:57,87397436
Faust Stiftung & Co. KG,Guernsey,2018-05-22,web-01.wagenknecht.com,21:15:32,Norwegian,72:38:45:53:b0:e7,"97.547,82 €",spät.numbers,2012-03-09T20:52:20,Sebnitz,1980-08-17 12:50:12,21739
Huhn,Armenien,1991-06-13,lt-77.rohleder.com,15:10:43,Tagalog,a2:78:fb:cc:2b:3a,"40,52 €",hören.doc,2006-01-21T14:41:59,Rathenow,2012-11-21 22:15:55,4549
Hiller Reichmann AG & Co. KG,Marokko,1976-09-23,db-29.ullrich.de,11:30:25,Galician,3a:4d:d9:f6:1f:62,"74.429,94 €",Schnee.html,1994-04-18T15:10:16,Regensburg,1996-04-09 08:14:58,6
Heuser,Wallis und Futuna,1996-08-22,email-19.luebs.org,04:44:12,Ojibwa,54:77:0d:55:03:5b,"4.360,68 €",kurz.wav,1977-01-27T02:20:12,Gießen,2016-12-15 14:43:13,944910
Hörle OHG mbH,Jordanien,1980-12-15,laptop-66.geisel.org,17:56:23,Azerbaijani,5b:2d:2c:46:9b:f5,"53.485,00 €",nächste.mp4,1970-01-14T21:53:22,Norden,2010-06-21 06:40:38,5691
Schomber,Liberia,2021-10-16,srv-73.pechel.com,08:56:00,Tahitian,54:fe:92:72:a7:24,"94.937,47 €",Schiff.txt,2018-05-25T06:33:24,Bitterfeld,2022-04-04 02:13:07,62
Schuster Krause KG,Israel,2006-02-06,db-90.hoefig.de,04:44:12,Kuanyama,8e:31:87:cd:68:7a,"446,09 €",und.numbers,1980-03-11T08:24:21,Eberswalde,2008-01-16 04:18:48,962159662
Ortmann,Ungarn,1999-08-10,laptop-17.schoenland.de,20:48:08,Xhosa,76:27:4e:55:50:0d,"2,36 €",Oma.csv,1997-08-30T07:09:53,Stadtroda,1974-11-03 17:24:28,136
Junitz GmbH,Ecuador,1987-04-29,laptop-92.harloff.de,23:03:43,Dutch,48:16:38:8a:79:e4,"52,03 €",Wissen.tiff,2002-03-29T06:44:06,Bremervörde,1988-06-25 20:28:08,2950199
Oestrovsky AG & Co. KGaA,Niederländische Antillen,2003-05-10,srv-98.junck.net,03:10:15,Lingala,3a:d4:22:ed:03:c5,"9.409,90 €",jetzt.pdf,2020-01-31T00:21:11,Neustadt am Rübenberge,2002-04-22 05:51:50,23363
Davids GbR,Dschibuti,2018-08-20,web-70.ditschlerin.org,17:16:08,Slovak,9c:1f:c3:69:66:43,"87.081,50 €",sein.gif,1990-10-18T14:51:16,Roding,1976-04-10 04:35:54,7
Dobes AG & Co. KG,Mexiko,1982-07-13,srv-04.radisch.com,05:07:28,Bislama,95:04:72:0e:b6:00,"68,77 €",Geschichte.txt,1998-05-14T06:24:58,Kyritz,2021-03-27 22:52:35,915272487
Geißler Mohaupt e.V.,Nordmazedonien,2009-11-04,lt-86.eberth.de,10:18:20,Nepali,6c:cd:04:3b:02:56,"528,94 €",neu.mov,1994-05-16T06:12:03,Borken,1985-01-05 22:02:51,641078
Wirth Klemm GmbH & Co. KG,Costa Rica,1973-12-28,db-07.preiss.net,13:57:39,Arabic,07:1f:c9:b3:32:e7,"43.192,44 €",schlafen.mp4,2022-06-14T05:28:36,Berchtesgaden,2013-02-14 10:10:09,492
Schmidt Benthin GmbH,Vereinigte Staaten,1970-02-22,web-14.junitz.com,22:30:57,Luxembourgish,cd:74:93:cf:3b:f1,"7,89 €",tragen.js,1989-10-26T06:21:45,Emmendingen,2012-01-02 05:29:17,54
Reuter AG,Libyen,1987-03-04,lt-85.hiller.com,04:29:39,Nauru,96:3b:c1:25:e3:40,"31,89 €",Mensch.avi,1978-04-29T11:50:26,Gütersloh,1996-04-11 17:52:57,179432
Meister GmbH,Jemen,2011-03-17,srv-25.junken.com,04:01:35,Igbo,8f:42:cb:a0:ab:9f,"4.257,52 €",hinein.css,2005-05-17T18:42:07,Sebnitz,2001-08-24 09:54:53,9863066
Paffrath GmbH,Niue,1990-10-08,srv-45.bolnbach.de,21:33:10,Church Slavic,62:69:fe:10:84:d6,"2.421,03 €",Schiff.png,1991-04-04T20:35:26,Göttingen,1986-08-13 10:35:10,5501
Davids Bruder GmbH,Nordmazedonien,2014-03-26,web-25.doering.com,00:12:23,Croatian,23:93:c9:9e:d7:d1,"76,58 €",weg.mp4,1981-05-16T00:30:33,Koblenz,1987-01-18 11:48:32,4
Dehmel Sorgatz GmbH,Belize,2014-11-23,laptop-14.davids.com,11:14:22,Urdu,d5:f2:94:48:2f:f9,"4,01 €",an.tiff,1976-03-02T20:45:31,Peine,2010-08-11 10:57:44,2
Junck Sorgatz GbR,Irak,1992-12-20,web-96.carsten.org,09:31:59,Sardinian,30:46:55:37:ef:22,"39,63 €",endlich.flac,2009-09-10T09:58:57,Regensburg,2021-11-19 02:59:10,197778770
Werner,Kiribati,2008-03-16,web-22.mude.com,01:06:22,Tsonga,7c:8f:46:11:f1:dc,"5,07 €",auch.tiff,2005-10-02T00:34:50,Brilon,1994-04-03 16:26:24,74296
Junitz Ortmann AG & Co. KGaA,Bolivien,1975-09-04,email-61.becker.com,16:08:22,Armenian,1f:af:c3:8a:f8:f5,"90,13 €",leicht.tiff,1976-09-26T23:52:14,Calw,1983-07-21 04:36:04,619205452
Wiek,Wallis und Futuna,2000-10-21,email-33.hoerle.org,09:07:23,Church Slavic,e0:95:e3:d6:7d:97,"35,71 €",wirklich.json,1989-03-21T03:57:48,Kötzting,1998-11-23 02:12:21,164035385
Siering GmbH & Co. KGaA,St. Helena,1971-01-25,email-37.taesche.de,17:15:28,Vietnamese,09:2b:fb:9c:80:84,"20.223,92 €",klein.json,2014-12-15T22:16:21,Hechingen,2014-09-09 06:22:29,7635524
Mülichen Hoffmann GmbH & Co. OHG,Norwegen,2005-07-13,email-21.hornig.org,15:04:13,Assamese,4c:76:e9:48:4b:1c,"38.550,12 €",dir.mov,1982-05-07T20:46:32,Kamenz,2015-11-17 02:44:22,96
Gumprich Klingelhöfer e.V.,Vanuatu,1996-04-06,email-42.binner.org,04:24:58,Aymara,b9:ec:8b:21:7c:09,"3.109,38 €",war.flac,2011-05-13T19:12:18,Rostock,2006-02-20 16:23:55,63278724
Johann,Indonesien,2015-12-06,srv-82.ziegert.com,13:42:59,Sundanese,d1:40:ef:a6:a3:b4,"6,91 €",Sommer.gif,2019-03-29T02:26:23,Miltenberg,2019-08-28 22:52:23,22744003
Plath Becker KG,Eritrea,1971-05-01,laptop-19.gutknecht.com,16:39:25,Hausa,70:25:f7:08:36:64,"6,81 €",spät.avi,1980-12-13T04:31:58,Viersen,1995-09-09 12:09:37,11
Butte,Kamerun,1992-12-19,srv-56.bachmann.com,11:34:56,Chamorro,1e:a2:e1:01:0f:f8,"7,51 €",heiß.wav,1988-10-25T19:43:03,Ravensburg,1977-05-13 15:48:12,10812726
Heinrich Hornich GmbH & Co. KG,Malaysia,2015-03-28,desktop-82.schacht.com,20:28:51,Sichuan Yi,09:da:2e:81:20:27,"62.749,68 €",Kopf.key,2002-12-20T15:21:23,Saarlouis,2013-03-10 09:07:36,9422291
Weitzel Dippel e.V.,Sudan,1970-12-16,db-20.haenel.com,04:23:32,Finnish,3b:70:04:cc:4a:78,"9,26 €",Fahrrad.wav,1999-04-02T23:07:52,Saulgau,1971-03-03 12:07:18,68
Schmiedecke KG,St. Vincent und die Grenadinen,2017-01-23,db-41.jungfer.de,06:10:27,Georgian,39:15:c1:e2:01:0d,"75.328,25 €",nächste.csv,1988-01-28T21:53:12,Mayen,2005-11-15 13:56:04,5
Paffrath Thies GmbH,Guatemala,2000-01-25,laptop-19.zaenker.com,19:58:42,Yoruba,f9:90:3c:37:1b:43,"819,07 €",schicken.flac,1988-04-08T11:45:23,Bogen,2002-12-10 16:05:13,4
Renner,Angola,2014-05-16,web-49.carsten.com,05:13:25,Arabic,97:48:c7:0f:50:95,"241,41 €",von.mov,2007-12-12T16:20:49,Nürtingen,2020-03-15 17:54:30,615864
Ruppersberger AG,Togo,1977-09-10,srv-83.gerlach.net,12:39:48,Assamese,73:47:1f:f9:3f:a9,"9,86 €",Hase.wav,1979-10-20T03:35:51,Neustrelitz,2004-04-03 17:00:57,193
Süßebier,Iran,1982-06-01,web-23.mohaupt.de,22:55:54,Kannada,45:46:7c:fd:c9:79,"93,97 €",aus.mp3,1985-08-28T01:30:21,Mettmann,1996-07-04 03:24:32,7462
Hübel,Palau,1976-11-02,db-01.dietz.de,10:08:13,English,22:43:c9:c1:96:8b,"54,92 €",auf.jpg,2016-12-18T06:21:25,Brandenburg,1978-05-30 04:12:10,31
Heuser KG,St. Martin,1987-07-18,laptop-33.trommler.de,06:52:17,Sundanese,23:84:df:d5:9d:33,"47.677,49 €",alt.numbers,1978-10-24T11:15:36,Göttingen,2000-08-19 19:00:06,2582
Dussen van AG & Co. KGaA,Äquatorialguinea,1982-02-10,laptop-40.klapp.de,19:41:25,Yoruba,59:9b:6c:ad:a5:9d,"64,68 €",offen.pptx,1991-09-12T02:29:12,Bruchsal,1994-01-24 09:29:09,73
Girschner Hänel Stiftung & Co. KG,Pitcairn,2001-10-16,laptop-80.van.de,07:04:02,Korean,67:1c:39:d8:6e:a2,"2,21 €",krank.tiff,1979-10-26T10:05:59,Hettstedt,1992-05-10 13:24:59,319
Kramer,Cookinseln,1985-11-24,laptop-33.raedel.net,11:41:34,Romansh,37:6e:b7:ca:62:f2,"29,04 €",bekommen.mov,2005-10-02T05:23:01,Nürtingen,1995-01-03 00:32:43,92064
Meister Sontag GmbH,Sierra Leone,2006-05-17,srv-97.flantz.org,12:46:01,Maori,ae:6e:3d:29:3c:9a,"0,50 €",zurück.webm,1976-12-01T05:45:15,Schwandorf,1987-12-18 09:05:18,8260
Krause Wulff OHG mbH,Komoren,2013-03-28,db-84.van.com,00:08:47,Avestan,a3:4c:8f:85:26:de,"59.333,49 €",Welt.odp,2001-07-24T15:44:32,Oberviechtach,1980-11-10 23:57:00,28277329
Scholl AG & Co. KGaA,Tokelau,1986-01-04,email-81.stolze.net,14:25:48,Ukrainian,db:cb:38:e8:03:d3,"4,58 €",wenn.pptx,1982-12-14T03:35:37,Hechingen,2006-11-07 17:03:54,322440295
van der Dussen Gude KG,Frankreich,2008-02-05,db-25.roehrdanz.org,20:51:53,Turkmen,09:6f:53:eb:a2:cd,"7,08 €",Minutenmir.odt,1988-10-24T17:46:51,Düren,2012-06-04 12:03:36,1586745
Scholl,Brasilien,2023-08-13,email-99.pruschke.com,13:44:09,Hebrew,43:46:36:f9:c1:fe,"32,07 €",sagen.wav,1992-06-11T01:29:41,Parsberg,1980-11-05 13:29:57,597367582
Roskoth KG,Monaco,1979-02-14,laptop-19.binner.de,08:57:18,Lingala,c3:9e:05:6c:90:9a,"5,98 €",vergessen.html,2007-03-11T12:55:39,Böblingen,1993-03-04 14:17:33,785556
Klingelhöfer,Bouvetinsel,2005-04-01,laptop-38.kranz.de,05:39:28,Dzongkha,be:b8:75:e9:02:d6,"42,19 €",Finger.odt,2017-11-30T08:54:30,Helmstedt,1976-01-13 15:52:35,656865
Hörle,Tschad,2021-12-04,db-75.drub.com,17:26:05,Russian,db:d7:50:d8:2d:64,"31.016,91 €",laufen.wav,2022-02-24T06:25:34,Kötzting,2000-11-09 21:35:56,188564
Junitz Mosemann AG,Jemen,2019-02-14,desktop-83.steinberg.com,15:53:46,Pali,3e:36:b1:3e:8f:73,"22.468,16 €",Kopf.css,1990-04-14T18:14:55,Augsburg,1999-02-07 00:46:57,759771
Dörr GmbH,Tschad,1980-11-08,laptop-11.wende.com,06:00:04,Faroese,7e:cc:ba:a9:34:7a,"89.114,87 €",liegen.wav,2020-02-11T17:24:55,Beilngries,1974-07-01 23:35:49,225334
Grein Groth AG,Monaco,2005-02-22,laptop-00.kensy.com,12:44:02,Sichuan Yi,89:71:7c:52:05:ea,"505,96 €",Sonne.avi,2002-04-16T04:06:47,Kusel,2015-08-12 05:42:42,91054
Junck Adolph Stiftung & Co. KGaA,Wallis und Futuna,2020-04-16,desktop-72.doerschner.com,04:23:52,Interlingua,eb:85:20:07:55:ce,"9.311,26 €",Bild.avi,1996-06-06T09:12:54,Saulgau,1994-04-04 12:12:39,1
Briemer,Bangladesch,1991-03-01,srv-49.troest.com,07:39:41,Tsonga,bd:cf:ed:c5:74:90,"0,72 €",heute.txt,2023-08-22T10:36:15,Coburg,1975-02-03 06:44:04,12631
Hänel,Katar,2005-08-04,web-05.wernecke.com,09:18:00,Zhuang,14:45:ac:96:4f:89,"6.578,77 €",danach.gif,2003-12-04T21:47:57,Schweinfurt,2008-09-12 00:51:24,167571
Klemm OHG mbH,Tschad,1987-01-07,web-21.metz.net,03:40:46,Nauru,cc:3c:c0:a2:98:bc,"777,32 €",schwarz.ods,1999-09-09T06:12:31,Seelow,2001-04-21 18:10:46,14671822
Weinhold e.V.,Vanuatu,1995-11-22,laptop-95.carsten.com,18:36:54,Sardinian,f1:17:b7:61:be:d8,"57,02 €",fallen.odt,2004-05-10T03:55:17,Gardelegen,1975-09-10 19:53:55,788
Berger GmbH & Co. OHG,Westsahara,2002-02-11,web-83.hesse.com,11:35:38,Gaelic,3f:11:ca:36:cb:a3,"78.513,83 €",zwischen.jpeg,2013-02-18T19:52:05,Neunburg vorm Wald,1977-12-17 16:48:45,601487
Nette,Westsahara,2009-10-22,email-35.zahn.de,23:15:16,Malay,ce:4f:a0:d2:68:a9,"518,30 €",er.mp3,1981-11-11T23:22:46,Crailsheim,1986-08-25 09:51:53,26
Stroh Zobel GbR,Uruguay,1995-03-28,db-48.saeuberlich.com,14:40:39,Galician,02:36:21:64:ed:33,"29,54 €",nie.png,2022-10-21T18:30:54,Höxter,1996-04-05 02:31:03,581573640
Mielcarek Karge AG,Belgien,1983-03-17,srv-26.butte.net,04:20:22,Somali,2d:aa:e1:b3:a6:a2,"2.111,55 €",wünschen.tiff,2005-11-13T14:11:45,Osterburg,2020-12-17 12:29:51,89577818
Heydrich KGaA,Peru,1992-06-28,db-28.nette.de,01:02:32,Turkish,7a:90:12:8b:38:3f,"899,14 €",schaffen.wav,1998-08-23T16:54:55,Schwäbisch Hall,2019-04-20 17:30:42,8
Rohleder,Iran,1980-11-15,desktop-91.naser.de,22:12:50,North Ndebele,6e:38:e9:66:68:a6,"261,64 €",überall.wav,1982-02-21T04:47:00,Parsberg,1973-10-20 03:14:52,771707
Hörle GmbH,Indonesien,2008-05-10,lt-77.kallert.com,04:21:31,Divehi,08:85:fe:82:85:3c,"664,69 €",Spaß.mp4,1985-05-10T01:41:10,Scheinfeld,1985-09-07 10:36:08,1257
Gorlitz,St. Pierre und Miquelon,2018-07-01,db-58.hofmann.com,04:20:08,Tswana,12:76:07:81:b9:6d,"8,52 €",etwas.flac,2017-10-18T15:45:29,Ribnitz-Damgarten,1990-11-09 17:20:16,85
Scheibe Kabus AG,Österreich,2018-03-19,desktop-73.hornich.com,00:50:46,Zhuang,06:79:b9:53:f6:9a,"59,08 €",Finger.mov,2000-01-08T08:14:06,Miesbach,1988-05-01 08:35:01,152788
Wulff GmbH,Brunei Darussalam,2007-06-26,email-56.flantz.com,01:44:49,Finnish,ca:a6:33:09:b0:7c,"1,66 €",Sonne.css,2018-08-28T18:55:50,Gotha,1982-03-08 20:15:47,4708
Bien Stroh GmbH & Co. OHG,Vereinigte Staaten,2022-12-21,db-46.junitz.de,01:05:50,Bashkir,3b:7e:d9:f1:5a:bd,"805,72 €",Schluss.mp4,2008-07-29T08:41:42,Neustadtner Waldnaab,2019-04-11 21:03:04,551
Anders,St. Martin,1987-09-24,email-58.mueller.com,18:16:19,Serbian,3a:04:17:9a:e1:3d,"5,76 €",mich.flac,2013-05-21T22:56:19,Querfurt,2014-05-04 09:44:18,864409
Ditschlerin,Togo,2007-06-02,srv-56.henschel.com,02:08:25,Panjabi,fc:21:14:20:86:73,"89,68 €",gar.mp3,1976-02-16T00:30:33,Sebnitz,1994-10-17 21:09:46,6077245
Heinz Weinhage AG & Co. OHG,San Marino,1988-05-31,laptop-26.radisch.com,22:16:17,Abkhazian,48:cb:1b:2d:28:11,"17.552,11 €",Hase.csv,2009-02-06T06:51:33,Rochlitz,1997-05-28 01:28:09,92
Nohlmans e.G.,Sambia,1973-05-11,laptop-35.kaester.org,21:10:20,Norwegian,a0:f8:87:7c:e6:50,"87,29 €",schenken.csv,1978-10-29T08:26:29,Eichstätt,2004-04-08 14:09:10,0
Klapp Hethur OHG mbH,Palau,2005-02-23,laptop-29.trupp.de,04:33:08,Dzongkha,b3:0e:49:f8:f4:72,"85.860,30 €",los.wav,2000-10-14T00:19:36,Neustadtner Waldnaab,1978-04-08 08:37:09,571086450
Berger GmbH & Co. OHG,Kenia,2012-01-10,laptop-27.beyer.org,13:14:09,"Sotho, Southern",8e:76:5e:02:e2:4c,"66,13 €",leise.pptx,1993-08-01T07:00:24,Recklinghausen,1992-12-14 19:39:37,893730
Stoll Schenk GbR,Anguilla,1981-05-26,desktop-42.franke.com,06:55:38,Pushto,66:b7:ca:1a:e7:bb,"57,01 €",weg.css,1974-07-04T15:13:47,Lippstadt,1995-04-17 01:12:19,891826
Rogge GbR,Belarus,2013-03-05,web-60.steckel.de,11:52:29,Divehi,5e:2b:a0:5d:c4:5a,"0,36 €",offen.txt,2008-06-27T02:35:14,Rochlitz,1980-10-28 15:00:31,347
Radisch GmbH & Co. KGaA,Lesotho,1996-07-30,lt-57.hartmann.com,13:18:25,Lithuanian,2e:a0:e8:8a:61:40,"7.494,73 €",gegen.mov,2017-07-16T21:13:24,Ravensburg,1982-08-12 06:28:56,6350178
Haase,Serbien,1971-08-17,db-44.drubin.com,11:19:55,Afar,3b:d2:e6:59:4b:7d,"939,48 €",mehr.pptx,2020-01-09T22:07:55,Schongau,2020-12-31 08:40:50,87
Karz KG,Bermuda,1991-02-24,srv-42.fritsch.net,14:37:06,Russian,23:cd:9b:3b:98:76,"933,80 €",erklären.mp3,2016-10-21T21:32:21,Burgdorf,1999-10-16 21:26:46,4
Segebahn,Äthiopien,2016-10-04,laptop-49.dietz.de,13:14:17,Bashkir,36:62:38:c0:61:ab,"0,91 €",hören.webm,1974-05-07T11:19:36,Oschatz,1984-05-15 02:20:29,292040
Heintze,Britisches Territorium im Indischen Ozean,2013-08-04,desktop-96.seip.de,08:47:15,Northern Sami,58:b7:bd:77:d4:2e,"49,94 €",Sohn.avi,1988-05-16T00:25:50,Brilon,1985-01-25 15:30:19,6538226
Nerger Steckel GmbH,Pitcairn,2004-05-26,web-82.eberth.com,03:25:31,Maori,79:fa:6e:5d:76:f7,"475,95 €",Spiel.mp3,1972-05-13T21:36:32,Emmendingen,1999-11-10 13:51:26,71868112
Gröttner,Norwegen,2023-01-17,email-97.werner.de,08:48:19,Gujarati,2f:a4:24:f6:0b:1c,"30,41 €",stellen.json,2012-06-02T07:54:57,Wolfenbüttel,1983-05-04 00:53:04,2984157
Reising Krause AG & Co. OHG,Ecuador,1972-07-26,web-82.dussen.de,13:25:37,Tajik,74:57:f9:cb:21:44,"228,16 €",Blume.avi,2023-08-19T18:27:39,Gelnhausen,1995-12-17 08:36:23,3
Roskoth Krause KG,Norwegen,1979-07-27,db-43.jacob.org,04:43:42,Chechen,ff:9a:07:1c:9b:90,"3,58 €",von.flac,1978-09-11T04:06:20,Kleve,2011-07-04 11:34:16,246571
Ackermann,Sambia,1986-04-21,web-40.seifert.com,08:12:11,Gaelic,f1:ed:51:59:bf:f8,"90.788,46 €",Freund.pages,2023-08-11T16:29:27,Stollberg,2008-01-30 12:06:25,9874407
Wende Gude AG & Co. OHG,Myanmar,2020-06-30,laptop-09.ruppert.org,06:36:30,Tonga,72:4a:a0:c2:aa:c5,"7,79 €",Katze.jpeg,2018-10-23T20:59:50,Vohenstrauß,2018-02-22 05:56:44,746
Spieß Stiftung & Co. KG,Demokratische Republik Kongo,2017-03-31,laptop-06.eberhardt.net,20:16:34,Shona,bc:a7:4f:d4:1c:da,"5.756,25 €",hin.js,1991-02-19T12:39:59,Calau,1996-04-11 03:12:31,237715983
Klingelhöfer,Kroatien,2007-11-28,db-56.ditschlerin.com,16:10:11,Tamil,2b:48:7b:27:b6:73,"694,53 €",Spaß.txt,1996-04-19T09:38:32,Helmstedt,1991-02-28 10:22:56,998
Pölitz GmbH,Grönland,1992-11-26,web-39.heidrich.com,04:46:34,Azerbaijani,a2:55:be:6e:7b:8d,"512,78 €",holen.xlsx,2023-03-18T02:56:16,Freital,1982-03-25 05:19:32,878
Meister,Äußeres Ozeanien,1995-04-25,desktop-15.zirme.de,07:06:39,Lingala,b5:80:c3:ec:c0:ce,"35.115,48 €",waschen.mp3,2004-12-16T11:33:17,Lübz,1990-08-23 10:12:46,71293841
Hethur,Deutschland,1980-04-10,laptop-08.nohlmans.org,20:33:53,Avaric,40:15:91:d0:ea:74,"6.326,57 €",werden.webm,1987-11-05T23:28:12,Ebermannstadt,1983-05-02 05:53:47,9240
Stolze Röhrdanz KGaA,Samoa,2003-08-18,srv-62.kramer.com,10:34:10,Hiri Motu,9b:b4:96:0c:af:7c,"45,11 €",Stadt.pages,2000-03-05T10:28:20,Pritzwalk,2007-02-05 01:41:41,809762
Walter AG,Heard- und McDonald-Inseln,1975-11-01,web-46.kuehnert.de,16:36:00,Italian,cc:a9:d6:e9:0b:71,"602,43 €",Monate.mov,1970-04-11T09:17:53,Feuchtwangen,1977-11-15 04:16:01,7993320
Kraushaar Hübel GmbH & Co. KG,Anguilla,1974-03-02,email-65.schueler.de,22:04:49,Kikuyu,40:f7:4a:18:aa:62,"80.459,87 €",Garten.tiff,2012-02-21T19:08:47,Bad Kissingen,1984-05-05 13:43:59,1431
Pechel Henk GmbH,Guinea-Bissau,1994-01-11,lt-43.ortmann.de,09:57:28,Luxembourgish,27:f6:1c:4e:40:13,"9,99 €",holen.png,2018-09-22T03:18:43,Diepholz,1974-06-18 12:27:46,546064
Schulz AG,Swasiland,2019-11-13,db-16.weiss.com,09:39:47,Nauru,3f:cc:54:55:b9:c9,"60,99 €",setzen.jpeg,2002-11-07T02:34:40,Dachau,2014-08-05 17:46:55,1421
Schmidt Sager AG & Co. OHG,Indien,2008-09-21,lt-88.rogge.net,17:31:36,Bengali,b6:ae:9e:ee:b2:a4,"44.999,95 €",Tür.jpg,2014-08-01T01:52:37,Bamberg,1987-04-26 21:44:10,1240
Metz,Mali,1983-01-27,web-28.hoevel.com,15:01:20,Korean,20:53:d7:1d:13:f2,"10,04 €",Ferien.mov,2005-07-22T22:14:05,Freising,1981-05-27 05:14:08,56576
Mende Wirth GmbH & Co. KG,Malaysia,2023-08-07,email-37.ziegert.org,09:23:18,Inuktitut,ea:33:a1:dd:ba:75,"2.877,16 €",Vater.odp,2018-03-29T05:53:59,Bergzabern,1976-12-02 15:22:22,16766814
Bohlander Söding KGaA,Botsuana,2018-07-09,email-98.schoenland.com,15:01:38,Sardinian,66:63:bd:1b:28:12,"38.009,51 €",sagen.js,1971-11-20T05:36:12,Hagenow,2016-01-20 02:28:02,63017
Kuhl AG,Turkmenistan,2007-01-14,web-04.roerricht.de,07:58:19,English,ab:51:22:26:95:c1,"590,55 €",Feuer.pptx,1988-12-27T04:44:58,Halberstadt,2003-01-25 23:37:23,86062984
Stolze KG,Libyen,2011-08-24,lt-94.dietz.com,19:47:20,Bambara,12:e7:19:63:3f:bc,"252,53 €",aber.ods,2001-07-20T15:09:04,Ebersberg,2010-01-28 00:12:21,0
Sorgatz,Afghanistan,1974-03-23,web-10.wernecke.com,13:16:07,Armenian,d2:de:4b:00:29:66,"4,12 €",gewinnen.ods,1993-06-09T12:04:27,Eisenhüttenstadt,1978-12-05 23:19:00,872059
Eberth,Guam,1985-10-27,lt-74.juncken.net,23:58:20,Swati,93:38:0a:d0:6b:fb,"8,61 €",essen.jpeg,2006-06-26T06:49:18,Burglengenfeld,2012-04-05 05:52:21,949619
Loos Kade e.V.,Burkina Faso,1994-02-01,desktop-30.zirme.de,11:01:55,Ido,be:6a:28:35:e3:ae,"45.955,86 €",klein.ods,1992-12-13T10:15:59,Eggenfelden,2007-05-09 05:42:47,3548
Margraf Fritsch GmbH & Co. KGaA,Andorra,1989-01-14,laptop-48.koch.de,12:39:44,Limburgan,85:72:8a:fa:79:9f,"9.136,67 €",Brief.xls,1983-12-12T19:50:49,Jüterbog,1998-12-23 17:58:11,62
Röhricht Höfig e.V.,Tunesien,2002-05-03,laptop-76.kensy.org,20:33:29,Cree,43:70:d6:b1:1c:d0,"3,55 €",rot.avi,2020-05-03T02:39:47,Fürstenfeldbruck,1992-04-30 16:35:37,3276
Nohlmans Beier AG & Co. OHG,Jersey,1995-09-24,srv-28.davids.net,16:50:50,Navajo,56:a1:f3:41:01:36,"96,29 €",bleiben.flac,2003-05-13T20:14:11,Schmölln,1987-11-17 17:09:20,17985
Lachmann,Tadschikistan,2011-09-03,lt-83.klapp.de,20:10:12,Luxembourgish,14:db:ca:18:c8:b5,"629,82 €",finden.css,2003-03-10T23:14:19,Füssen,2003-01-07 20:08:03,72197978
Mende Jüttner AG,Bahrain,1981-01-06,srv-43.koch.org,12:12:56,Bulgarian,7d:b1:6e:0f:45:69,"34,08 €",offen.pdf,2015-07-19T02:37:12,Haldensleben,1988-04-12 01:19:29,8013
Losekann GmbH,Burundi,2007-02-26,lt-47.neuschaefer.com,17:12:26,Hebrew,29:6e:53:2f:c7:01,"78,39 €",kurz.mov,2014-11-05T02:41:59,Schwabmünchen,1985-10-07 14:28:17,58689
Rörricht,Dänemark,1993-12-07,lt-43.foerster.org,20:39:11,Sindhi,77:e6:40:85:d4:9e,"8.651,34 €",dein.html,1981-02-17T00:34:44,Cloppenburg,1971-08-29 23:03:18,7
Gnatz GmbH & Co. KGaA,St. Martin,2014-09-13,laptop-33.ullmann.de,08:53:21,Faroese,a9:21:a2:6e:e0:2b,"55.665,45 €",mal.json,2008-05-17T08:46:45,Hainichen,1973-06-19 23:55:10,66
Hahn,Svalbard und Jan Mayen,2022-06-07,desktop-50.henschel.de,02:20:02,Sundanese,f4:99:3e:16:1d:10,"177,15 €",ab.odt,1997-01-14T18:33:36,Cuxhaven,1972-02-11 19:47:27,162255733
Eberhardt GmbH & Co. OHG,Äußeres Ozeanien,2011-11-05,email-01.beer.com,00:34:16,Corsican,fc:65:74:cd:1a:51,"935,95 €",ließ.mp4,2020-10-27T16:23:41,Kleve,2020-03-05 19:57:13,0
Jäkel,Französisch-Guayana,2019-11-13,desktop-56.rosemann.org,15:50:33,Georgian,0e:f6:14:3e:70:af,"22,52 €",holen.ppt,2007-02-14T03:35:48,Neuruppin,2011-11-27 16:09:33,103701
Tintzmann OHG mbH,Kolumbien,1990-09-15,web-42.heinrich.com,14:24:15,Oromo,01:c1:87:0f:03:b0,"939,15 €",aus.tiff,2010-02-01T19:38:51,Darmstadt,2019-12-24 03:29:30,746
Meyer Hölzenbecher Stiftung & Co. KGaA,Georgien,1994-01-04,srv-07.caspar.de,23:30:21,Ido,ae:13:e0:e8:a4:fd,"1,82 €",tief.mp4,1992-01-11T15:39:15,Dachau,1988-05-30 21:26:30,127918
Henschel GmbH & Co. KG,Portugal,1978-08-16,web-12.bohlander.com,05:15:15,Marathi,92:1d:a2:85:39:d0,"49,82 €",er.wav,2005-01-23T10:21:19,Tuttlingen,2016-02-27 12:09:17,3
Dietz,Martinique,2007-10-09,srv-37.hentschel.net,16:14:48,Hiri Motu,22:90:43:ea:71:91,"34,80 €",da.png,2015-01-09T21:38:05,Gadebusch,2017-02-03 22:10:56,62718
Wagner,Kongo,1995-04-20,desktop-75.conradi.de,00:37:45,Bambara,ef:60:0e:55:44:85,"33.694,38 €",neu.wav,1990-07-09T07:28:46,Hamburg,2007-02-19 05:46:55,7041284
Aumann Klingelhöfer AG & Co. KGaA,Marshallinseln,1970-10-31,laptop-88.junck.net,11:41:46,Finnish,03:12:ef:bc:ec:6a,"888,11 €",Weg.odt,2014-08-15T07:55:34,Schwabmünchen,1994-08-04 05:10:37,872097309
Junk Stiftung & Co. KG,Griechenland,1972-06-01,email-83.berger.com,22:16:35,Kongo,5a:41:a7:d5:b8:8d,"1.322,46 €",fragen.png,2020-09-06T22:36:50,Fürstenfeldbruck,2016-09-19 07:10:25,241
Zirme Biggen AG,Sonderverwaltungszone Hongkong,1970-04-16,laptop-94.schottin.de,19:24:19,Marathi,7d:c5:1a:c5:ff:c5,"394,28 €",dann.mp4,1988-03-21T02:18:46,Saarlouis,1978-01-26 05:41:00,69985108
Atzler GmbH,Liechtenstein,1971-10-12,lt-74.patberg.com,14:41:25,Turkish,be:ba:1b:9d:3e:49,"5.524,51 €",der.mov,2012-06-12T20:03:30,Eckernförde,2008-04-02 15:11:28,208083
Mosemann,Honduras,1973-09-03,srv-46.gumprich.org,06:22:13,Marathi,f4:33:5a:c0:a1:bd,"64.311,84 €",hören.mov,1998-05-29T08:26:50,Freital,1989-08-23 08:10:07,16969928
Schuchhardt,Sambia,2014-11-22,lt-65.metz.net,01:56:21,Interlingua,ca:0c:e0:d2:7c:9f,"562,04 €",müde.png,1981-11-22T14:10:14,Staßfurt,1998-05-04 00:56:02,59247643
Wieloch AG & Co. OHG,Kenia,2008-10-25,srv-36.hoffmann.com,00:43:05,Ojibwa,0a:4a:75:e5:a1:2f,"9,14 €",stehen.mp3,2004-08-12T04:47:36,Königs Wusterhausen,1998-07-10 01:49:21,16
Weller,Britisches Territorium im Indischen Ozean,1991-09-02,srv-18.salz.de,11:56:06,Tswana,2b:6e:8f:0d:22:88,"32.863,39 €",kurz.tiff,2022-09-06T16:39:44,Klötze,2021-07-11 09:19:28,42
Wulff Löchel KGaA,Grönland,2019-04-17,web-85.briemer.com,05:03:06,Maori,af:71:84:89:17:b6,"2,45 €",Bett.json,1998-08-13T13:45:10,Sigmaringen,1977-10-07 07:50:23,35
Seip Stiftung & Co. KGaA,Guernsey,2019-07-04,db-52.ortmann.net,02:33:51,Dutch,5a:67:1a:11:f4:6b,"62,57 €",nur.mov,1970-05-02T17:14:30,Darmstadt,1997-05-03 13:28:42,808
Wilms Hamann KGaA,Ecuador,1990-12-06,email-89.soelzer.org,10:56:18,Wolof,31:39:60:de:a4:6b,"9.829,45 €",Leute.flac,1973-06-28T19:13:57,Vohenstrauß,1992-08-23 14:59:20,74070197
Kostolzin Barth GmbH,Schweiz,1973-09-05,web-34.ruppert.org,02:10:28,Irish,c8:2a:c6:8c:1e:5f,"440,63 €",Freund.mov,1985-04-06T16:34:56,Moers,1982-07-05 18:43:41,18717
Speer GbR,Vanuatu,1994-03-23,desktop-66.salz.de,22:01:56,Northern Sami,e3:a0:ec:89:59:dc,"0,62 €",Wissen.csv,1980-04-13T08:58:37,Auerbach,1988-02-17 07:42:19,2396
Caspar,Norfolkinsel,1975-01-22,email-80.dobes.net,14:42:59,Twi,60:8f:ae:15:a8:70,"0,94 €",nie.wav,1983-02-17T17:18:12,Burgdorf,1998-03-27 15:27:17,99029559
Jessel AG,Tansania,1995-05-24,db-40.roemer.de,03:21:56,Catalan,c6:a0:06:4d:58:fe,"37.796,00 €",viel.flac,2016-06-14T18:07:13,Wolfratshausen,1978-01-08 03:10:11,784
Gute Knappe AG,Japan,2018-11-25,email-25.riehl.com,04:01:45,Luxembourgish,c0:5c:0f:a3:3e:a0,"2,92 €",Platz.mp3,1983-03-22T19:11:01,Feuchtwangen,1994-03-17 13:23:51,7507433
Ernst AG,Island,2021-10-04,srv-59.putz.de,02:05:39,Indonesian,15:d1:47:fe:ca:3f,"8.322,81 €",dauern.webm,1978-04-16T13:45:42,Burgdorf,2016-04-20 04:34:20,3
Blümel Roht e.G.,Deutschland,1994-03-23,db-61.roehrdanz.de,19:20:34,Tajik,5e:48:c0:71:53:a7,"0,92 €",nun.mp4,2010-03-04T12:26:46,Soltau,2007-02-09 18:57:19,8717912
Hande KG,Togo,1999-08-31,desktop-11.rogner.org,23:12:30,Inuktitut,37:d5:39:dd:74:31,"623,21 €",als.tiff,1971-01-19T12:41:14,Luckau,2018-09-11 23:52:46,8153634
Franke Bohnbach KGaA,Costa Rica,2002-10-27,db-28.froehlich.com,18:27:08,Ganda,69:ff:7d:69:e9:be,"85.315,22 €",Bild.csv,1992-07-15T18:45:41,Backnang,2011-05-23 07:58:25,321988385
Schenk,Island,1978-03-17,srv-27.stoll.net,09:07:09,Georgian,b3:5e:4e:04:f9:61,"52.588,44 €",Stadt.gif,2004-11-20T08:49:45,Helmstedt,1984-03-10 00:31:03,6996849
Gute Stey AG,Grönland,1997-02-04,lt-57.giess.org,01:23:58,Marshallese,88:89:21:49:f2:06,"25.097,69 €",Hase.flac,1994-10-13T15:39:30,Dessau,1990-03-05 08:12:48,846214762
Biggen GmbH,Philippinen,1983-08-24,db-74.groettner.de,12:15:18,Ojibwa,42:eb:bf:c8:c0:1d,"441,41 €",gewinnen.gif,1974-01-07T15:12:29,Freising,2000-09-01 02:47:11,4954474
Drub Trupp GmbH & Co. OHG,Jersey,1990-04-20,web-03.kranz.org,06:04:26,Swati,8c:cc:f1:d9:9e:9c,"2.023,46 €",sieht.tiff,1976-03-21T18:54:04,Seelow,1970-05-21 00:15:08,942
Geißler,Guinea-Bissau,1983-12-23,srv-05.drub.net,02:57:11,Amharic,ae:61:55:ce:83:fb,"24.128,99 €",Zeitung.jpg,2010-09-14T23:52:35,Bergzabern,2005-10-23 07:59:45,109
Seip GmbH & Co. KGaA,Komoren,1986-04-10,srv-50.ruppersberger.com,13:54:48,Tamil,fe:e0:4a:96:be:0b,"44.034,06 €",Monat.png,2002-02-11T08:02:38,Neustadtner Waldnaab,2004-03-27 01:32:06,699
Jungfer Boucsein AG,St. Vincent und die Grenadinen,1977-04-15,desktop-22.neuschaefer.net,20:38:14,Nauru,3f:1b:5f:c3:ca:9d,"10,57 €",merken.html,1993-06-26T05:29:21,Bad Mergentheim,1982-11-07 06:30:51,5670121
Rogner OHG mbH,Senegal,1980-03-18,lt-42.giess.org,03:29:41,Afrikaans,4f:9b:80:a1:ad:47,"484,42 €",sitzen.html,2009-03-18T16:09:14,Eggenfelden,1977-03-07 06:57:35,71
Ladeck KG,Norfolkinsel,1983-04-29,db-00.karz.de,00:14:01,Lithuanian,63:cf:76:6b:d9:a7,"94.115,30 €",Finger.flac,1998-04-07T19:26:14,Goslar,1998-05-29 12:09:07,63
Käster Ritter Stiftung & Co. KGaA,Bahrain,1991-03-03,srv-65.hoerle.de,04:20:08,Zhuang,98:8e:24:1c:49:0f,"310,11 €",Minutenmir.mov,1999-09-09T21:00:45,Stollberg,1985-12-23 06:44:56,12
Kabus Stadelmann GmbH,Monaco,2015-02-21,srv-97.huebel.de,21:39:30,Italian,77:1c:8a:c2:a2:d4,"9,54 €",kalt.bmp,2013-12-04T12:28:08,Neustadtner Waldnaab,1986-11-08 18:42:16,99982
Hübel GmbH,Katar,1970-11-02,lt-98.naser.de,00:13:23,Ido,77:75:3a:25:4f:43,"8,65 €",plötzlich.csv,1999-02-04T14:26:41,Rudolstadt,1993-06-03 03:04:30,531888
Tlustek,Mosambik,2003-01-24,srv-14.bluemel.org,18:02:05,Kurdish,71:55:25:41:68:76,"45.409,86 €",nämlich.jpg,1973-04-24T14:39:29,Regen,1970-11-20 07:02:30,38265
Buchholz AG,Amerikanisch-Samoa,2015-04-15,lt-02.mielcarek.de,21:52:06,Faroese,19:fb:3a:0e:c6:0c,"5.416,01 €",müde.wav,1978-05-31T16:09:46,Sonneberg,2014-01-20 21:51:31,55628
Eckbauer Wieloch KG,Indonesien,1992-05-27,laptop-62.roehrdanz.net,12:35:54,Spanish,8d:29:d6:41:0e:43,"85,92 €",fiel.tiff,2008-11-16T11:51:32,Kemnath,1981-05-06 21:17:52,83
Wilms Heß GmbH,Italien,1983-06-19,db-05.kuhl.net,04:38:04,Swati,5b:ec:07:ed:3a:83,"86,99 €",sitzen.mp3,1992-12-10T22:50:15,Northeim,1989-01-20 01:26:03,598059090
Schacht,Israel,1991-07-13,laptop-10.kambs.de,06:35:16,Kirghiz,0f:9c:46:8e:a3:b8,"23.730,34 €",Weihnachten.bmp,1978-09-07T07:06:16,Schwäbisch Hall,2014-08-29 02:52:49,601579
Ackermann,Isle of Man,1972-05-02,db-81.seifert.com,01:49:04,Dutch,60:5d:7c:e8:40:f5,"936,81 €",uns.mp3,1997-12-23T06:55:52,Helmstedt,1990-01-25 04:17:25,618624872
Flantz AG & Co. KGaA,Liberia,1985-08-12,lt-22.harloff.de,08:32:11,Turkmen,35:99:e7:f1:80:6b,"97,24 €",vier.mp4,1979-03-17T02:09:12,Recklinghausen,1982-05-27 00:14:36,8297
Scheuermann Steckel GmbH,Kap Verde,1970-03-13,db-17.hein.de,05:38:31,Slovak,f0:1f:0a:d0:6c:7b,"1,34 €",durch.html,2005-05-13T05:13:09,Luckenwalde,2006-05-09 09:26:09,517034
Drewes Drewes AG,Simbabwe,2020-02-03,web-77.stolze.de,05:46:09,Hindi,a2:ee:1c:71:7b:91,"865,66 €",unten.jpg,1982-07-10T11:37:32,Waldmünchen,1985-03-10 19:40:42,26763393
Mühle,Bahamas,2008-08-16,desktop-32.schuster.de,17:37:15,Kannada,bc:5c:8b:fc:71:d1,"463,28 €",aber.webm,1990-09-13T15:29:56,Warendorf,2021-12-26 02:28:17,7028602
Mans Stiftung & Co. KGaA,Neuseeland,1977-10-17,lt-62.hesse.com,22:47:05,Hebrew,3f:c8:b9:6e:43:ed,"96,39 €",stehen.xls,2004-12-24T15:10:59,Oranienburg,1971-11-24 20:48:49,7123274
Metz GmbH & Co. KG,Monaco,1974-01-07,web-45.paertzelt.net,16:45:09,Yoruba,b1:18:f7:59:61:33,"1,99 €",dick.json,1981-09-24T14:31:52,Niesky,1997-03-03 04:53:28,588959956
Henk,Frankreich,2006-10-28,web-21.ebert.de,10:37:08,Greek,7f:27:b0:02:d0:e4,"4,93 €",turnen.gif,2005-03-18T20:47:03,Diepholz,2003-09-16 05:54:54,386
Geißler Carsten AG,Andorra,2017-06-08,srv-46.gerlach.com,01:35:17,Afar,92:87:82:45:dd:6f,"9.084,22 €",jeder.html,1984-03-23T23:14:33,Siegen,2018-11-05 19:10:06,78
Gehringer,Kanada,1996-12-28,desktop-17.ruppert.com,19:57:39,Oromo,98:87:71:8b:35:dd,"91,91 €",unter.flac,1978-05-08T21:42:41,Stollberg,2003-05-09 04:38:06,7
Dippel GmbH,Russische Föderation,1971-04-20,web-48.schuster.com,04:39:28,Turkmen,13:81:eb:1c:57:e0,"251,01 €",gehören.js,1979-10-26T11:46:35,Beeskow,2013-10-01 00:59:46,320
Dörschner,Bulgarien,1997-07-30,email-59.girschner.com,19:11:03,Macedonian,6f:db:e6:cd:23:92,"0,87 €",selbst.html,1980-12-26T09:56:52,Northeim,1972-04-07 13:44:50,52925200
Jockel Eimer AG,Tunesien,1986-11-12,srv-03.maelzer.de,07:41:04,Romanian,ba:90:cb:78:9e:ea,"55.361,49 €",Bild.mp3,1986-11-21T02:33:00,Roding,2016-09-29 05:24:12,710557888
Kühnert Ortmann e.V.,Tonga,1971-11-09,db-76.froehlich.org,10:05:37,Kurdish,e4:f3:c0:7d:ed:00,"86,80 €",weg.pages,1989-01-02T08:49:12,Erfurt,2006-01-27 13:11:06,88588
Sölzer Faust Stiftung & Co. KGaA,Bosnien und Herzegowina,1990-04-17,srv-11.briemer.com,01:19:49,Kirghiz,3f:0e:34:2b:22:e1,"1.387,65 €",finden.key,1993-10-13T08:09:10,Stade,2006-08-29 14:34:22,465
Textor,Malta,1985-05-25,db-96.bloch.de,11:33:06,Rundi,55:68:b1:b9:9b:7c,"5.670,34 €",also.mov,2008-11-25T23:38:59,Eisenberg,1971-10-12 08:58:50,71593548
Schulz,Serbien,2020-11-20,email-18.eckbauer.net,14:30:35,Azerbaijani,87:19:8f:ff:fa:f0,"46.240,43 €",Minute.bmp,2000-04-02T22:21:29,Pößneck,1986-04-02 02:12:03,960320454
Pärtzelt Stiftung & Co. KGaA,Tschechische Republik,1994-06-12,lt-68.wilms.com,05:31:04,Korean,15:9d:64:5d:36:76,"881,95 €",wohl.pdf,2007-10-04T14:39:10,Ravensburg,2018-06-29 01:03:46,611049
Rosemann,Westsahara,1983-03-23,laptop-53.stoll.com,01:56:06,Aymara,73:df:a6:68:49:7d,"24,33 €",merken.wav,2004-02-19T08:19:33,Dieburg,1988-01-25 08:06:15,9
Stroh Roht GmbH & Co. KG,Kiribati,2016-02-09,web-50.mies.net,21:02:27,Divehi,26:fc:28:e3:7b:94,"23,00 €",sehen.bmp,2020-08-29T14:52:53,Kaiserslautern,1973-07-09 08:01:29,1363
Drewes,Kuba,2019-12-08,email-63.krein.de,00:23:37,Shona,e3:a9:db:2f:01:15,"3,58 €",sicher.gif,1984-06-06T15:52:05,Hettstedt,1989-12-09 14:43:38,7377104
Mielcarek,Tadschikistan,1985-02-19,lt-68.zobel.de,13:25:26,Gaelic,17:bf:0c:04:1e:6c,"57.833,38 €",Hand.wav,2022-01-15T17:11:33,Hagenow,2011-07-27 06:54:04,1
Krebs KG,Kongo,2008-02-22,web-97.mueller.org,16:54:31,Latvian,c8:f8:30:29:0a:7b,"4,83 €",sechs.flac,1997-02-23T07:43:55,Königs Wusterhausen,1988-02-09 18:48:18,655910050
Beckmann AG,Irak,1994-09-03,email-03.misicher.com,08:07:51,Hausa,dd:45:dc:5d:cb:ff,"710,94 €",uns.mp3,1997-12-31T15:16:55,Eggenfelden,1991-09-18 06:02:05,576669626
Gröttner Fischer AG,Jamaika,2001-05-17,laptop-57.harloff.com,02:00:11,English,84:af:36:e0:0d:25,"8.581,70 €",voll.html,1998-03-09T15:32:28,Lemgo,1972-09-21 05:43:25,9297281
Ebert e.V.,Nauru,1975-05-13,laptop-16.maelzer.com,06:19:15,Occitan,3b:d3:67:a4:08:f7,"766,64 €",sagen.webm,1987-07-15T14:47:06,Hagenow,1975-02-24 02:38:14,2
Martin GbR,Mikronesien,1971-01-02,laptop-48.baerer.org,22:02:20,Malay,20:76:31:5b:a4:2e,"157,00 €",Wissen.mp4,1970-01-04T08:43:24,Gadebusch,2016-07-19 00:46:01,64885
Tschentscher,Niederländische Antillen,2009-11-09,lt-63.schottin.com,23:51:21,Ojibwa,8a:d6:eb:fd:58:d0,"136,99 €",denn.mp4,2008-02-11T02:40:09,Dachau,1984-12-27 00:50:01,466
Patberg,Tuvalu,2020-12-24,desktop-46.gnatz.net,20:51:41,Dzongkha,80:a7:b3:57:18:4f,"793,99 €",Himmel.numbers,1976-12-05T12:45:57,Holzminden,1979-09-15 14:07:32,312615967
Pohl Roskoth AG & Co. KGaA,Serbien,1997-05-26,desktop-88.ullmann.com,15:12:54,Igbo,9a:7f:6b:32:9f:ad,"9,15 €",Zeit.ods,1977-08-30T04:25:16,Apolda,1986-04-15 20:26:57,14312111
Patberg,Barbados,1985-12-11,email-25.dussen.org,04:13:30,Chuvash,32:f8:8e:3d:22:48,"21.348,87 €",dick.avi,1976-04-23T06:44:37,Nürtingen,2001-12-12 11:06:31,6975
Kabus GbR,Pitcairn,1983-03-05,lt-17.beckmann.com,00:33:29,Maltese,04:89:76:88:91:5e,"2,21 €",turnen.csv,1973-07-29T18:32:45,Badoberan,2019-06-03 02:55:00,652
Hettner GbR,Israel,2007-04-03,laptop-29.scheuermann.com,10:15:29,Hebrew,df:7b:4d:ad:6d:6f,"323,66 €",dem.png,2007-12-19T08:30:38,Kemnath,2020-12-07 00:57:33,269
Jüttner,Swasiland,2011-08-08,laptop-27.lange.net,12:05:58,Bulgarian,d5:e1:a1:cf:f1:eb,"16,36 €",Fahrrad.txt,2008-01-09T17:50:08,Kehl,1996-03-02 21:52:51,266963
Koch II Schäfer GmbH,Gambia,1999-08-23,email-55.weinhage.de,07:22:27,North Ndebele,7b:5f:5d:47:7d:43,"676,46 €",fehlen.xlsx,1987-05-15T00:51:17,Kyritz,1989-04-20 02:28:12,4
Schmiedecke Stey AG & Co. KG,Zypern,2009-08-22,srv-83.rogge.com,07:35:27,Tswana,30:67:f8:02:5d:61,"33,82 €",mich.key,2004-12-06T23:31:07,Fürstenfeldbruck,1973-03-06 00:36:33,19
Putz OHG mbH,Amerikanische Jungferninseln,2009-11-29,desktop-62.adler.net,03:52:27,Turkmen,48:3a:f8:be:22:b5,"632,53 €",auch.html,1991-02-10T09:39:37,Jena,1989-08-22 09:56:42,85
Vogt,Palau,1990-08-29,srv-45.soeding.de,12:13:26,Kirghiz,5f:ae:5d:f0:4d:fa,"8.622,53 €",Teller.xls,1973-09-09T20:33:09,Schwäbisch Hall,2006-07-20 15:23:22,4
Ditschlerin,Ghana,1989-10-02,srv-78.paffrath.com,20:15:32,Inupiaq,f2:30:a6:3c:37:b4,"560,44 €",werfen.jpg,2022-02-04T20:22:50,Beilngries,2015-08-25 23:59:50,7635193
Schmiedecke,Costa Rica,1994-06-18,lt-46.saeuberlich.net,19:28:25,Burmese,95:95:eb:96:12:b2,"2.466,40 €",Seite.ppt,2000-11-13T07:16:44,Anklam,1980-01-16 21:04:11,6
Hornich,Guinea-Bissau,1973-05-21,web-35.beckmann.de,11:24:27,Panjabi,82:75:9b:50:5a:ef,"84,72 €",bringen.mp3,1976-12-23T01:11:31,Rehau,2017-12-18 00:28:03,11223
Eckbauer Zirme KG,Tadschikistan,2016-12-10,srv-23.johann.com,13:39:30,Central Khmer,e8:d4:ca:9e:2d:af,"2.973,94 €",selbst.wav,1987-09-16T06:39:30,Kitzingen,1991-04-13 09:56:26,8596662
Niemeier,Martinique,2011-05-29,desktop-96.geisler.de,00:22:25,Belarusian,89:44:62:3d:8d:ee,"8.432,16 €",Angst.wav,2023-09-13T05:35:44,Ochsenfurt,1996-11-14 01:47:41,770260
Heidrich Haase KG,Vereinigte Staaten,1980-09-29,web-92.jaehn.com,09:45:59,Twi,f9:87:d9:30:ec:1e,"623,68 €",heute.tiff,1977-01-25T04:14:19,Rochlitz,1974-04-23 03:43:07,38
Bonbach,Nepal,2020-12-08,laptop-51.bluemel.com,01:34:20,Sundanese,08:2b:b4:99:15:af,"46.844,71 €",schlafen.jpeg,2002-12-27T06:58:26,Greiz,2001-08-21 18:30:59,746673128
Noack GbR,Ghana,1996-03-16,web-53.stolze.de,13:05:52,Swati,7b:0f:9f:2d:a8:4c,"775,43 €",Zeitung.json,1974-03-06T23:17:21,Calw,1996-09-19 22:28:21,792
Mude,Komoren,2011-01-15,desktop-19.auch.de,11:38:58,Lingala,d7:e4:47:83:7e:92,"2,96 €",Finger.css,2006-03-14T19:17:34,Lüdinghausen,2011-03-06 18:28:11,82147
Berger AG,San Marino,1989-03-01,email-53.muelichen.com,08:41:31,Uighur,18:18:19:ea:a6:3c,"7.826,15 €",Fahrrad.flac,2021-01-05T14:36:18,Roth,1997-02-27 17:51:59,969
Sauer KG,St. Barthélemy,2000-01-13,email-38.wieloch.de,11:59:35,South Ndebele,bc:58:2b:7f:43:5f,"1.720,34 €",los.webm,2011-03-28T01:27:09,Karlsruhe,1985-02-28 00:54:35,27
Schaaf,Svalbard und Jan Mayen,1995-01-25,lt-74.binner.de,09:21:02,Afar,d2:2d:16:1c:e8:8e,"70.444,43 €",warum.docx,2017-12-18T23:37:08,Sonneberg,2012-06-14 11:54:01,6207380
Barkholz Ziegert AG & Co. KGaA,Sri Lanka,2015-12-20,email-66.holt.com,02:24:01,Sindhi,db:a9:e0:7d:55:7a,"8.050,94 €",frei.avi,2023-03-26T16:26:22,Anklam,1988-08-25 23:25:17,2570
Koch II GmbH,Heard- und McDonald-Inseln,2014-07-23,web-55.birnbaum.com,20:46:11,Hausa,db:f1:84:1a:db:53,"538,52 €",ein.bmp,1971-06-22T07:57:41,Gunzenhausen,1984-12-10 11:08:08,997032301
Radisch GmbH,Guadeloupe,2017-04-16,db-40.trapp.de,01:59:22,Ido,a8:e6:ff:f5:24:30,"3,62 €",endlich.mov,1978-05-29T22:25:06,München,1987-05-14 23:56:46,5
auch Schlauchin AG,Portugal,1987-07-20,web-44.hesse.de,10:29:39,Hausa,a5:5b:e1:d4:11:b2,"28,03 €",gewinnen.flac,2020-05-04T02:12:16,Pegnitz,2012-02-23 03:27:09,401900760
Trubin KGaA,Gibraltar,2013-06-19,email-63.geisel.org,00:36:43,Fijian,f9:ce:fc:ff:8b:93,"8,20 €",kurz.bmp,2004-09-11T09:04:42,Perleberg,1990-11-04 08:33:00,4720205
Hethur GmbH,Guinea,1979-10-15,desktop-13.juettner.net,21:56:35,Spanish,9a:b8:ab:4b:cb:98,"1.165,37 €",noch.wav,2002-06-09T11:11:56,Hersbruck,1974-07-22 03:57:55,851973198
Hänel Fliegner GmbH,Marokko,1970-07-04,srv-44.eckbauer.com,00:13:38,Guarani,7e:57:ab:3c:31:51,"4.338,26 €",Ding.png,2018-12-29T00:50:20,Aurich,1999-08-31 01:58:39,3
Birnbaum Trub AG & Co. OHG,Sambia,2018-05-11,db-42.kreusel.de,22:16:31,Croatian,60:e8:3e:b7:03:41,"5,53 €",Milch.html,1988-02-29T16:59:33,Grafenau,1996-12-01 02:14:50,87490212
Zirme KG,Pitcairn,1971-05-06,desktop-05.trubin.com,10:58:09,French,09:f3:89:23:3c:80,"67,53 €",Frage.csv,2003-02-27T23:42:25,Apolda,2020-08-23 09:30:39,93851
Kallert Stiftung & Co. KGaA,Nicaragua,1998-10-22,web-13.winkler.org,18:23:43,Pushto,4c:e3:f1:91:1e:e8,"129,43 €",kalt.pptx,2000-08-18T09:05:58,Einbeck,2018-08-29 10:06:54,941259
Pechel GmbH & Co. KG,Ungarn,1973-01-19,laptop-68.lindau.com,17:40:37,Komi,2e:51:dd:96:5c:c7,"1.062,17 €",zu.wav,1972-01-22T12:04:36,Helmstedt,1975-09-09 17:41:38,9255431
Hellwig,Ägypten,1998-10-11,srv-60.dippel.de,18:21:38,Dzongkha,11:ad:5a:25:32:68,"81,48 €",Herr.jpeg,1983-08-28T10:33:36,Sankt Goarshausen,1996-12-15 14:24:35,127754409
Scholl Stiftung & Co. KGaA,Seychellen,2014-08-17,email-31.bolzmann.de,12:29:56,Yoruba,37:19:7e:a7:00:da,"6.055,42 €",heißen.doc,2023-09-08T00:56:55,Nördlingen,1994-02-15 14:46:08,183
Zänker AG & Co. KG,Costa Rica,1979-03-23,lt-94.winkler.org,23:47:25,Azerbaijani,65:d3:d3:a1:f7:3b,"66.949,08 €",wichtig.jpeg,2000-07-23T16:01:32,Wurzen,1994-03-02 08:22:02,95055904
Rosemann e.G.,Französisch-Guayana,1999-03-06,laptop-47.baum.com,02:15:11,Polish,98:33:5e:c6:e7:b8,"30.523,82 €",trinken.flac,1994-03-17T20:22:37,Jülich,1991-12-17 09:15:33,156481
Löchel Zänker KG,Gambia,2007-03-19,web-45.segebahn.org,05:53:40,Walloon,18:c7:99:ca:ae:bf,"3.591,78 €",sich.png,1994-05-26T05:06:33,Altötting,1989-06-19 14:31:43,72199786
Jäntsch Fechner GmbH & Co. KG,Marshallinseln,1994-12-02,lt-70.lehmann.de,07:45:04,Cornish,5d:b5:40:f6:99:1f,"99.118,46 €",man.mov,1980-01-20T09:40:17,Cloppenburg,1989-01-27 06:43:37,135510023
Wernecke,Weihnachtsinsel,1992-07-26,laptop-67.kramer.de,14:22:43,Latin,a3:d6:38:f2:84:a0,"821,74 €",See.mov,1993-01-27T20:40:38,Neuruppin,2007-08-07 13:15:49,66
Weinhold,Grönland,1971-01-19,desktop-46.becker.de,10:09:39,Ido,69:20:4a:19:1a:25,"294,44 €",zur.png,2001-11-07T11:08:09,Soest,2015-01-23 03:45:55,9814792
Preiß Kobelt GmbH & Co. OHG,Pakistan,2014-06-19,srv-77.gute.de,17:25:09,Romanian,50:ed:4e:d4:f0:09,"15.488,44 €",hoch.webm,1972-11-15T11:05:27,Viechtach,2017-06-12 11:59:43,6
Lindau AG & Co. KG,Südafrika,2021-08-05,db-71.stolze.com,21:41:29,Belarusian,14:8b:11:b9:af:b4,"3.782,06 €",halten.webm,1974-01-07T21:25:16,Wolmirstedt,2011-09-19 17:35:33,86570
Süßebier KG,Montenegro,1976-09-01,email-41.wulf.org,08:58:22,Western Frisian,5e:5a:2c:e0:3b:f5,"58.099,16 €",Polizei.numbers,1991-02-09T19:03:03,Saarlouis,1984-05-30 18:42:36,84370
Matthäi GmbH & Co. OHG,Turks- und Caicosinseln,1977-04-28,web-52.hoefig.com,21:35:50,Occitan,18:85:53:cc:5e:cd,"9.356,55 €",war.key,1985-09-11T02:21:48,Peine,2019-06-30 19:45:01,10
Zirme Nerger AG,Andorra,1973-09-17,db-72.doering.org,04:58:01,Slovenian,db:f3:59:44:f0:46,"1,92 €",weil.odp,1980-10-02T10:56:01,Kehl,2000-01-26 06:09:36,287710
Bauer KG,Marokko,1997-09-15,laptop-97.caspar.com,08:54:41,Zulu,4f:d2:33:1f:0e:2a,"45,84 €",Geld.css,1973-09-20T16:32:46,Gadebusch,1976-12-28 16:52:49,20
Ladeck GmbH & Co. OHG,Neukaledonien,1972-02-16,desktop-13.hein.com,16:39:51,Irish,17:2a:e0:af:02:ae,"17,09 €",nein.html,1983-03-13T02:18:40,Geithain,2012-06-28 22:06:33,643
Sager GmbH & Co. KG,Katar,2010-10-16,email-47.haering.de,23:25:47,Croatian,7b:22:e3:eb:fd:72,"23.663,96 €",die.mp4,1985-06-02T11:14:23,Weimar,2012-10-14 09:58:40,2017
Kade,Bolivien,2006-01-29,web-10.birnbaum.com,09:49:33,Tagalog,63:f3:ed:bf:7d:e2,"267,52 €",natürlich.flac,1996-12-10T16:20:33,Bad Liebenwerda,1998-03-27 10:41:33,42755
Döring Jäkel GmbH,Salomonen,1996-09-25,desktop-52.hess.com,18:57:26,Slovenian,bb:59:d1:25:1f:33,"78.926,76 €",Geld.mp4,2006-08-17T10:18:22,Naila,1988-03-07 10:57:46,1163652
Becker Junken KGaA,Rumänien,2017-02-03,db-89.gehringer.com,22:44:16,Haitian,d7:0a:d8:36:17:ff,"69,82 €",spät.key,1992-06-26T03:15:03,Wernigerode,2013-10-08 08:22:54,49
Kade Schlosser GmbH & Co. KG,Andorra,2018-06-30,laptop-95.steckel.de,04:02:47,Xhosa,31:3d:82:a1:2e:6a,"29.409,83 €",Himmel.wav,1988-06-24T02:20:57,Hechingen,2020-06-02 09:24:37,33
Ullrich,Kroatien,2021-04-11,desktop-91.neuschaefer.de,09:17:06,Yiddish,8b:d9:cc:60:74:16,"926,09 €",Mann.css,2022-12-21T00:00:12,Euskirchen,2003-06-27 03:12:20,354761893
Herrmann Drewes Stiftung & Co. KG,Frankreich,1975-02-10,desktop-06.gorlitz.org,19:31:02,Galician,89:59:83:63:01:d6,"20.762,73 €",sitzen.jpeg,1973-06-13T00:21:45,Mittweida,2010-05-21 00:15:16,396
Reinhardt Vogt GmbH & Co. KG,Ägypten,2010-07-27,desktop-15.lachmann.org,21:42:15,Indonesian,f7:0e:53:e6:7f:d9,"3.873,20 €",Schule.flac,2019-12-01T17:08:33,Marienberg,1995-12-01 21:09:25,11
Gutknecht Henck AG & Co. KGaA,Republik Moldau,1988-03-02,db-86.mude.com,18:50:54,Twi,f0:99:73:d7:ab:7a,"5.968,11 €",liegen.wav,2009-03-29T21:48:43,Halberstadt,1982-04-11 05:30:01,52865
Dowerg Schweitzer GmbH & Co. KG,Neuseeland,1983-08-13,db-24.binner.de,01:14:41,Japanese,87:69:91:ff:1d:61,"70,76 €",vielleicht.js,1988-11-23T04:19:46,Gütersloh,1975-12-26 11:19:13,13176296
Radisch Roskoth AG & Co. KGaA,Vanuatu,2017-01-13,desktop-90.schwital.com,07:17:47,Russian,9d:5b:56:29:fa:8c,"119,49 €",doch.mov,1996-03-11T19:00:03,Büsingen am Hochrhein,1977-07-03 20:36:49,166508
Krebs OHG mbH,Haiti,1982-01-16,lt-08.segebahn.de,02:20:52,Marshallese,bc:8d:bc:c4:40:02,"14.119,38 €",ruhig.flac,2007-04-17T17:17:51,Ebersberg,1972-09-28 21:52:58,319624
Dörr,Kanada,1986-04-01,db-28.henschel.de,18:59:18,Lao,92:aa:53:c7:59:a8,"14.954,20 €",Gott.jpg,2015-01-27T04:50:28,Ansbach,1970-12-26 19:53:40,39184
Dörschner,Aserbaidschan,1971-04-18,db-33.tintzmann.de,10:28:37,Hausa,7d:fe:0d:da:54:b7,"2.242,76 €",Sohn.json,2011-09-25T08:49:38,Schwabmünchen,2009-03-14 01:46:33,608883155
Radisch,Japan,1974-10-12,desktop-85.juncken.com,06:46:32,"Sotho, Southern",f2:66:cc:31:6c:c9,"7,78 €",merken.csv,1977-04-21T18:56:40,Brilon,2021-04-06 21:07:22,805890921
Walter,Sonderverwaltungszone Macao,2016-07-17,laptop-65.schleich.org,08:43:26,Uighur,33:e8:2f:aa:1d:40,"6,77 €",Seite.wav,1975-05-28T06:17:54,Bernburg,2001-12-17 04:29:52,621223443
Wirth Tschentscher GmbH & Co. KG,Ukraine,1972-11-19,desktop-00.segebahn.de,21:28:53,Swahili,2e:cc:74:f7:8f:0b,"63.429,06 €",verkaufen.tiff,1982-12-31T18:41:19,Augsburg,1985-11-13 20:56:07,768
Lindau GmbH,Französisch-Polynesien,2007-11-17,srv-13.langern.com,21:25:39,Korean,64:69:6d:70:78:d6,"4,49 €",treffen.numbers,1990-05-07T13:37:51,Diepholz,2002-05-22 21:27:11,85
Jacobi Jäckel GmbH & Co. KG,Luxemburg,2016-04-02,db-31.grein.net,15:09:22,Bengali,ba:c7:64:16:d4:46,"4.843,54 €",Zimmer.pages,1973-10-12T11:00:44,Wetzlar,1972-05-09 23:03:44,7
Scheel Söding AG,Kamerun,2006-03-17,desktop-64.hande.com,07:29:05,Kikuyu,23:01:c6:05:d3:fa,"260,87 €",mögen.bmp,1976-06-03T23:31:38,Hünfeld,2004-11-22 03:15:19,288472
Hahn GmbH & Co. KG,Bouvetinsel,2006-09-30,srv-11.kusch.de,16:59:01,Ganda,dc:b6:72:5b:5e:6c,"499,44 €",Arzt.json,2015-12-05T15:31:30,Spremberg,1986-01-13 11:44:32,1
Gierschner AG & Co. KG,Tschad,1995-08-05,desktop-68.kuhl.net,16:09:44,Avestan,49:45:16:2e:22:1d,"6.497,94 €",groß.css,1997-11-30T02:40:13,Lemgo,2005-09-21 07:44:06,785785975
Zimmer,Bahamas,1983-09-11,laptop-52.kostolzin.com,23:20:58,Portuguese,10:63:06:07:c3:ba,"81.695,47 €",mehr.odp,1970-11-15T08:51:04,Borken,2002-02-23 17:07:40,74
Mosemann,Amerikanische Jungferninseln,1993-05-13,lt-23.dowerg.com,19:05:58,Samoan,da:5b:fd:a4:91:a2,"9.417,50 €",Vater.png,2000-06-01T18:17:50,Pasewalk,2006-01-19 02:54:07,49132810
van der Dussen,Montserrat,1984-11-20,desktop-30.doerr.com,03:42:01,Norwegian,72:bb:80:68:15:36,"4,93 €",leben.json,1977-02-15T11:09:06,Rostock,1993-01-28 20:44:35,48632603
Schomber Austermühle KG,Martinique,1987-09-01,email-12.wilms.com,15:17:54,Zulu,2f:b5:1e:a1:25:83,"81.722,34 €",Herr.jpg,2011-12-23T11:41:01,Burglengenfeld,2001-12-25 19:42:43,82
Wagenknecht GmbH & Co. KG,Palästinensische Gebiete,2016-11-16,laptop-00.trubin.com,12:54:12,Tagalog,93:32:b5:9b:86:69,"5.347,03 €",seit.pages,2003-12-19T18:16:21,Gera,1984-08-30 22:47:47,92625921
Franke Lange KG,Venezuela,1994-06-20,laptop-43.kreusel.com,08:37:24,Abkhazian,30:40:23:bd:63:95,"37,04 €",Boden.flac,1987-01-18T07:51:13,Grevenbroich,1978-09-01 08:20:39,2
Ruppert KGaA,Äquatorialguinea,1981-06-11,db-89.mude.com,21:59:45,Kazakh,f3:61:cd:ca:4e:20,"45.000,01 €",daran.jpg,1970-11-06T19:23:04,Lübeck,2012-01-20 17:16:13,903412431
Davids Jüttner Stiftung & Co. KGaA,Costa Rica,2001-08-15,srv-88.mielcarek.net,07:06:15,Azerbaijani,e8:db:9c:2e:52:da,"5,86 €",Sache.mp4,1983-02-03T13:48:05,Bad Mergentheim,1997-09-02 10:53:26,12181728
Speer,San Marino,1982-07-08,db-77.ziegert.com,06:55:12,Lingala,af:85:9e:d3:0c:6a,"759,28 €",braun.flac,1989-10-27T22:47:46,Bad Langensalza,2009-11-03 19:49:57,60
Nette GmbH & Co. KG,Serbien,1977-02-24,desktop-60.wilmsen.org,05:29:36,Pushto,12:63:b8:ca:ba:c5,"5,82 €",am.mov,2017-06-23T05:15:43,Pasewalk,1999-01-27 21:47:07,9264
Tschentscher AG,Bosnien und Herzegowina,1981-11-20,lt-60.hiller.de,11:19:02,Church Slavic,17:bb:a6:42:37:50,"34.442,95 €",dabei.css,2013-11-29T00:43:30,Apolda,2015-07-26 12:54:38,7952637
Segebahn GmbH,Kasachstan,1973-03-02,lt-93.putz.com,23:29:49,Yoruba,9e:22:70:a6:da:80,"294,34 €",den.css,1983-04-08T01:44:06,Bischofswerda,1997-11-17 15:35:52,51
Hörle GbR,Österreich,2016-12-01,web-81.wulf.org,17:46:00,Inupiaq,c4:b4:8f:e6:a3:b0,"84.079,92 €",erklären.mov,1991-09-05T16:05:08,Pinneberg,2011-01-14 10:17:46,97
Klotz Junitz KGaA,Guinea,1998-12-12,web-20.klapp.de,03:37:45,Kashmiri,97:2e:8a:6a:09:80,"40,15 €",Ding.jpeg,2019-11-08T04:02:14,Lübben,1993-07-26 04:05:31,244
Pohl Jäntsch GbR,Malawi,2002-11-10,srv-25.hornig.com,01:17:55,Yiddish,19:8d:bc:88:7e:34,"86.215,40 €",Papa.html,2005-11-22T20:20:40,Kyritz,1980-12-03 12:39:21,32
Wesack AG & Co. KGaA,Mexiko,2007-07-18,desktop-92.hartmann.de,08:14:29,Bambara,35:57:d5:d3:15:54,"626,18 €",schnell.flac,2016-01-19T19:43:50,Husum,2004-09-03 09:37:51,1029780
Reuter,St. Helena,1989-12-29,desktop-36.austermuehle.de,06:38:41,Nauru,67:50:02:fb:8d:03,"6.617,36 €",legen.avi,1998-03-15T01:29:26,Wolmirstedt,1980-11-08 20:40:55,10659
Girschner KG,Niue,1977-05-24,email-32.kostolzin.net,01:46:44,Pushto,51:b3:e6:00:ad:02,"4,19 €",her.jpeg,1986-12-19T06:52:19,Rathenow,1993-12-06 07:35:04,86
Klemt Ritter AG & Co. KG,Liberia,2016-01-24,lt-42.poelitz.com,15:48:58,Kannada,0a:e3:f9:d4:e7:9d,"3.414,64 €",glauben.js,1989-12-06T18:52:40,Sebnitz,1999-04-30 13:06:06,357
Heinz,Grönland,1995-05-08,srv-24.roerricht.com,16:52:16,Twi,75:25:6c:37:f7:93,"369,11 €",Familie.mp3,1997-04-04T19:04:43,Altötting,1987-02-11 11:13:37,797434479
Gutknecht e.V.,Taiwan,2013-08-13,desktop-71.heintze.de,17:28:43,Aymara,7a:a6:f7:5b:f7:d4,"4,11 €",bekommen.jpg,1990-07-14T14:25:14,Lemgo,1998-05-03 08:56:17,124826
Röhricht,Barbados,2018-03-07,desktop-36.maelzer.com,21:17:55,Chamorro,eb:e7:5d:ce:ac:87,"0,36 €",wie.avi,1984-11-16T07:47:29,Greiz,2010-07-24 20:36:00,581074
Wiek,Haiti,1989-10-19,laptop-68.wagenknecht.net,23:50:27,Lingala,a9:67:f7:fe:21:ce,"2.106,45 €",Name.key,2009-10-02T11:58:25,Main-Höchst,1971-09-15 05:00:46,62794109
Hein Hauffer GmbH,Westsahara,2012-03-26,email-62.radisch.de,20:31:36,Tswana,8a:b1:fb:bd:7c:b4,"32,18 €",von.jpg,2009-12-18T06:58:50,Waren,1981-11-04 01:40:31,472
Tschentscher OHG mbH,Mosambik,2015-11-15,desktop-23.berger.de,17:37:45,Armenian,55:a9:0a:90:c8:00,"6.181,71 €",tragen.png,2021-04-05T06:37:29,Seelow,2017-11-30 17:02:32,825659
Wähner GmbH,Kasachstan,1980-05-19,laptop-45.soeding.org,09:55:05,Avaric,de:88:2a:0a:88:37,"41,84 €",nicht.webm,1985-07-02T07:23:11,Hoyerswerda,1970-02-12 21:52:50,785395250
Kabus Röhrdanz KG,Fidschi,1992-11-12,desktop-73.hoerle.com,04:36:10,South Ndebele,13:b0:96:f4:8c:0b,"3,93 €",schreiben.mp3,1991-11-07T05:05:35,Sankt Goarshausen,1984-03-30 02:50:51,364877206
Junitz GmbH & Co. KG,Guinea,1992-07-09,email-94.weimer.de,10:02:31,Polish,57:78:9c:8e:c9:95,"87.572,89 €",neun.webm,2014-07-05T22:45:52,Hettstedt,2001-04-24 13:22:18,8
Tintzmann Bender KG,Britisches Territorium im Indischen Ozean,1970-12-14,lt-58.pechel.de,08:52:14,Ukrainian,be:4f:77:ce:23:04,"3.452,64 €",bin.bmp,1970-12-09T12:19:13,Stade,2004-05-08 20:32:53,19377
Salz Dowerg AG & Co. KG,Guinea,2008-06-19,db-64.wohlgemut.de,11:43:40,Western Frisian,b0:1f:0f:ce:ee:1e,"995,88 €",rechnen.mov,2011-04-07T09:31:56,Höxter,2014-07-25 12:54:51,87780193
Hartung GmbH & Co. OHG,Rumänien,1994-11-23,srv-54.beckmann.com,10:06:58,Kalaallisut,7c:9c:23:2a:bf:a6,"283,78 €",Küche.webm,1978-08-21T12:12:16,Nabburg,1992-06-15 21:44:41,5
Schuchhardt,Kuwait,2013-05-07,desktop-79.bluemel.de,16:32:28,Oriya,a4:e1:c5:46:53:0f,"36.017,23 €",doch.mov,2008-01-05T14:58:35,Wetzlar,2021-04-26 23:20:13,6
Bloch,Ungarn,1978-08-04,web-05.eberhardt.com,18:28:11,Chinese,2d:51:5b:47:4d:fb,"0,38 €",Stadt.gif,1979-05-15T02:40:44,Beilngries,2006-10-15 00:36:12,33279654
Meyer KG,Ukraine,1987-09-15,web-06.wieloch.de,17:22:48,Tonga,08:66:5c:ab:dd:2d,"7,77 €",See.csv,2023-01-03T03:47:34,Teterow,2015-12-08 04:41:43,23646054
Stroh GmbH,Bahamas,2012-09-13,laptop-93.berger.org,08:33:03,Spanish,16:60:2f:7a:8a:85,"725,55 €",Mama.css,1975-09-18T07:42:35,Arnstadt,1983-08-12 18:41:21,2
Geisler,Georgien,1976-06-19,srv-41.stiebitz.net,19:23:02,Catalan,f0:2f:9a:f2:a3:db,"49.587,91 €",Glas.odt,2022-05-01T09:28:17,Kitzingen,2018-07-24 16:03:30,83117664
Wesack AG & Co. KG,China,2002-02-17,laptop-73.berger.com,23:23:48,Kannada,eb:c4:48:1a:87:26,"29,98 €",bald.jpg,1993-04-02T00:07:40,Schongau,2023-07-24 15:22:23,5
Schenk Stiftung & Co. KG,Türkei,1999-11-22,db-35.lehmann.net,16:37:37,Nauru,3c:0f:25:7e:91:17,"39.499,87 €",fest.png,1986-01-21T09:53:46,Fulda,1989-11-28 03:47:15,32755
Gertz e.V.,Dominikanische Republik,1990-06-04,email-15.koehler.org,23:53:18,Kannada,8d:c3:2f:06:41:d3,"45,92 €",Wohnung.mp3,2008-04-29T16:20:52,Geithain,2012-08-05 02:30:38,936138
