email,zrnr,phone,company,bank_country,language_code,date,mac_address,pricetag,timezone
joëlle.baumann@gmail.com,JB-2247-5489-BANK,0794383256,"Berger, Stutz and Schmid",CH,br,1980-07-31,f6:29:e8:33:8f:bd,$610.12,Europe/Tallinn
andres.kohler@gmail.com,JB-0173-4760-BANK,0775353055,Bieri-Schäfer,CH,niu,1971-11-18,17:ac:39:99:4e:95,$88.95,Africa/Djibouti
alba.müller@hotmail.com,JB-0825-3758-BANK,+41(0)787136464,Frey Ltd,CH,am,1975-01-07,f5:8d:0f:9d:ec:b8,"$66,786.64",Pacific/Apia
péter.lutz@hotmail.com,JB-2879-7316-BANK,+41(0)764140737,Kaiser-Vogt,CH,ka,1986-12-05,a1:45:01:97:d6:0b,$806.28,Africa/Gaborone
zoe.imhof@msn.com,JB-5215-7429-BANK,+41(0)785226216,Bühlmann-Häfliger,CH,doi,1998-09-23,b5:3d:d7:ff:1a:6d,$84.07,Africa/Maputo
federica.ott@hotmail.com,JB-0121-3415-BANK,+41 0792437986,"Schär, Knecht and Fehr",CH,az,2001-11-13,52:88:cd:b1:04:5d,$190.98,Asia/Jerusalem
angelo.amrein@aol.com,JB-6223-7576-BANK,+410764871891,Felber PLC,CH,brx,2010-06-18,53:fd:33:7b:5d:8e,$2.60,Europe/Rome
fred.albrecht@gmail.com,JB-3235-6236-BANK,+41 0762661803,Stucki and Sons,CH,nr,1984-06-27,bb:a7:1d:06:f3:46,$718.25,Asia/Nicosia
jara.ackermann@gmail.com,JB-0106-3646-BANK,+41785793923,"Stalder, Eugster and Betschart",CH,sa,1972-01-02,cc:11:85:29:42:32,$0.38,Europe/Minsk
lauriane.leunberger@hotmail.com,JB-4655-7646-BANK,+41(0)795310198,"Wyss, Aebi and Kohler",CH,kw,2000-09-30,75:06:00:7f:54:3d,"$76,883.30",Atlantic/Reykjavik
josip.meyer@gmx.de,JB-0197-3330-BANK,0780441014,"Bader, Häfliger and Wirz",CH,ak,1983-02-14,b9:f6:a7:b8:74:78,$0.15,Asia/Oral
denis.rey@gmx.de,JB-2323-6640-BANK,+41(0)765440091,Wolf-Friedli,CH,ber,1992-02-15,4a:05:b6:69:4d:92,"$59,906.14",Europe/Riga
liliana.iten@gmail.com,JB-4511-3557-BANK,0790227667,Blum PLC,CH,ber,1995-06-04,22:1f:7f:cf:d1:f1,"$9,122.39",Asia/Tokyo
nevio.tobler@aol.com,JB-6855-1387-BANK,+410797291573,"Zimmermann, Gloor and Mayer",CH,yue,2014-03-07,fe:65:f2:12:ee:ee,$4.97,Africa/Abidjan
giuseppina.steiger@hotmail.com,JB-1119-6174-BANK,+41783964513,Ziegler-Probst,CH,ht,1993-11-09,4c:d6:b1:d4:48:62,$36.56,Africa/Blantyre
judith.berger@gmail.com,JB-1970-5031-BANK,+41 0774181041,Marti PLC,CH,mhr,2015-07-20,7a:03:a2:82:77:c4,$377.24,Europe/Bratislava
burak.baumann@proton.ch,JB-2834-3197-BANK,+41 775666031,Stalder PLC,CH,vi,2017-04-23,58:21:9a:4b:ce:76,$0.97,America/St_Lucia
nico.schürch@hotmail.com,JB-6849-3987-BANK,+41 0773154547,Wolf LLC,CH,ug,2009-09-30,76:86:55:95:f2:af,"$85,782.70",Africa/Kampala
umberto.vogt@hotmail.com,JB-6310-7009-BANK,+41(0)795933332,Müller-Schenk,CH,az,1990-03-12,62:52:08:80:ff:d1,"$2,529.28",Europe/Helsinki
melina.bühlmann@hotmail.com,JB-2379-7773-BANK,+41 0790850158,Vogel-Ackermann,CH,ht,2017-06-27,b6:5c:d2:c3:70:f0,$164.14,Indian/Mahe
samuel.steiner@gmail.com,JB-7200-1211-BANK,+41772771944,Hodel-Forster,CH,shs,1981-08-01,2f:bb:06:a7:31:fc,"$2,138.18",Europe/Prague
frida.steiner@msn.com,JB-2360-3491-BANK,0774595079,Sigrist and Sons,CH,aa,1993-11-04,9e:9e:a0:52:af:04,$143.66,Asia/Baku
adnan.steinmann@aol.com,JB-1855-4548-BANK,+41(0)787413025,Bader-Rey,CH,apn,2002-10-19,e8:f3:d5:29:9f:1c,$599.84,Indian/Mahe
aaron.michel@aol.com,JB-0647-3460-BANK,+41 796083131,Stocker Group,CH,ka,1996-10-10,43:7a:9b:ab:1a:0b,"$9,327.95",Europe/Chisinau
vitor.giger@aol.com,JB-4779-1064-BANK,+41(0)786270072,"Knecht, Kohler and Sidler",CH,it,2010-09-08,ad:7c:9c:2b:9e:b1,$2.03,America/Montevideo
arbnor.ackermann@aol.com,JB-6764-6082-BANK,+410770735782,"Schürch, Schweizer and Gerber",CH,nan,1992-11-03,ba:e4:74:77:a4:1b,$4.90,Asia/Jerusalem
bujar.baur@msn.com,JB-5464-1893-BANK,0790086329,Lehmann LLC,CH,kw,1984-11-24,b5:4f:37:1d:41:e8,$0.27,Europe/Vienna
mimoza.fehr@hotmail.com,JB-6855-7084-BANK,0762407606,"Bader, Wegmann and Moser",CH,hne,2019-06-06,d6:f2:d8:06:db:cb,"$37,173.02",Europe/Kiev
pirmin.stauffer@gmx.de,JB-2368-0104-BANK,+410771547817,"Peter, Fuchs and Betschart",CH,ur,2000-11-09,de:7b:88:e4:d1:d5,$96.31,America/Lima
brigitte.zbinden@gmx.de,JB-6102-4038-BANK,+41(0)764216738,"Bachmann, Grob and Kälin",CH,shs,2016-03-26,35:47:71:89:b7:89,"$22,835.70",Europe/Amsterdam
rico.schäfer@aol.com,JB-1077-6160-BANK,+410783966477,Wehrli and Sons,CH,tg,1974-01-05,b0:13:31:cf:c8:80,$27.50,Asia/Bishkek
hava.gerber@proton.ch,JB-4901-2278-BANK,0791816204,Mettler-Probst,CH,pt,1988-12-25,52:07:30:53:00:68,$57.01,Africa/Conakry
angel.benz@gmail.com,JB-5558-7268-BANK,+41782191157,Käser Inc,CH,ps,2013-05-04,78:f3:04:b0:1e:74,$142.47,Europe/Berlin
john.wüthrich@hotmail.com,JB-7005-3387-BANK,0776173619,Schweizer-Herzog,CH,en,1989-04-17,ee:91:c8:59:bf:53,"$6,607.46",America/Port_of_Spain
max.merz@proton.ch,JB-3576-7486-BANK,+41 780672145,Stalder-Stucki,CH,nr,2017-03-01,6c:4f:eb:5e:58:f8,"$15,700.36",America/Jamaica
samanta.suter@gmx.de,JB-7136-0253-BANK,+41(0)790182524,Benz-Betschart,CH,ro,1980-08-16,4c:a0:51:20:49:60,$0.05,Asia/Baku
pavel.schlatter@gmx.de,JB-1913-2765-BANK,+41773547377,Gfeller Group,CH,mr,1972-11-24,51:13:40:d1:47:bb,"$50,641.21",Asia/Qatar
deborah.gloor@hotmail.com,JB-7781-7975-BANK,+41 0783110528,"Haas, Wegmann and Zollinger",CH,sq,1974-10-04,52:6d:f0:0e:93:14,"$84,783.61",Europe/Malta
ian.weber@hotmail.com,JB-0331-3159-BANK,+41(0)780352231,Meili Group,CH,ms,2001-04-29,d2:2a:0d:7f:15:25,$69.76,Asia/Tbilisi
jolanda.blum@msn.com,JB-3238-2318-BANK,+41 0780572122,"Wolf, Siegrist and Roth",CH,sid,2017-11-07,31:38:33:cc:d4:30,$493.68,Asia/Singapore
hakan.peter@hotmail.com,JB-0228-2824-BANK,+41 0775855661,Widmer and Sons,CH,gez,2004-02-23,b7:34:73:ba:1c:f1,"$3,947.53",Africa/Accra
hanife.koch@hotmail.com,JB-1759-1316-BANK,+41 0765175736,Hunziker PLC,CH,wa,1977-02-11,89:5e:1b:71:49:0b,$789.22,Asia/Nicosia
cheyenne.zürcher@proton.ch,JB-6942-1577-BANK,+41766770229,"Leunberger, Bader and Albrecht",CH,cv,1984-05-13,ca:ed:e9:ac:c9:8d,$48.54,America/Argentina/Ushuaia
neil.bolliger@proton.ch,JB-3278-1345-BANK,+410770603338,Kaufmann Inc,CH,si,2013-07-22,09:b9:22:95:23:f1,"$25,059.45",Asia/Qyzylorda
katja.ferrari@msn.com,JB-4899-3278-BANK,+410765533834,Roth-Stocker,CH,the,2018-11-08,ae:a7:5f:32:cc:93,$99.91,Indian/Mauritius
istvan.stucki@gmx.de,JB-3512-2055-BANK,+41 786435536,"Gross, Brun and Stucki",CH,pl,1978-12-27,b0:13:5f:b8:73:95,"$70,915.85",Asia/Baku
nelly.felber@msn.com,JB-7135-3212-BANK,0781827407,Studer LLC,CH,unm,1981-03-07,0f:b4:d9:76:03:7f,$68.58,Africa/Ndjamena
arno.meyer@hotmail.com,JB-1555-6041-BANK,+41780335103,"Fehr, Stucki and Arnold",CH,bo,2015-07-24,f6:1c:09:55:ba:c6,"$30,871.15",America/El_Salvador
noa.senn@aol.com,JB-7297-5471-BANK,0772846725,"Iten, Kaiser and Meister",CH,ia,2018-01-29,4e:e4:37:ca:17:57,$54.80,Africa/Bamako
janik.sidler@aol.com,JB-1939-2205-BANK,+41(0)792327736,Kohler-Gloor,CH,ig,1996-01-29,ba:56:4f:e5:df:df,"$4,100.91",Pacific/Enderbury
manuela.stettler@hotmail.com,JB-6125-0541-BANK,+41 780703621,"Kuhn, Wolf and Kohler",CH,am,1980-12-14,f4:1e:f9:e4:80:07,$14.28,America/Montreal
elif.schärer@aol.com,JB-4718-2021-BANK,+41(0)781227219,"Fehr, Roth and Ritter",CH,it,2004-11-13,6f:9c:a5:6a:37:c5,$3.71,Europe/Andorra
erik.knecht@gmail.com,JB-7089-5961-BANK,+41(0)790827593,Winkler and Sons,CH,wo,1989-06-25,68:a5:04:d0:2f:1b,"$59,729.64",Asia/Tokyo
ruzica.meier@hotmail.com,JB-5281-1860-BANK,+41 0794831639,"Bauer, Stucki and Käser",CH,uk,2022-05-25,78:a8:e4:96:a4:fa,$49.18,Asia/Beirut
andres.bernasconi@msn.com,JB-1859-2139-BANK,0790313723,Schärer-Knecht,CH,pa,1998-09-07,85:9b:d5:d3:70:56,$8.81,Africa/Harare
eleonore.furrer@proton.ch,JB-1597-6302-BANK,0791405274,Müller-Steinmann,CH,mi,2021-04-17,6f:75:6c:1a:7f:3c,$5.53,Asia/Seoul
sebastiano.meister@proton.ch,JB-1102-4907-BANK,+41784614648,Weber PLC,CH,mk,2013-11-20,25:0c:ff:4a:f4:be,$77.03,Pacific/Funafuti
avni.roos@gmail.com,JB-0627-0711-BANK,+41 765496615,Hermann Inc,CH,wa,1977-11-07,eb:95:63:26:ad:33,$946.36,America/Guatemala
adriano.merz@aol.com,JB-5662-5546-BANK,0760825831,Zbinden-Schlatter,CH,ig,2002-10-05,0e:8b:cd:61:90:c3,$378.92,Africa/Libreville
caterina.gfeller@gmail.com,JB-6247-0200-BANK,+41 781507904,"Sutter, Kaufmann and Portmann",CH,lij,2004-10-06,d5:f8:5c:2a:75:08,"$42,209.44",Africa/Freetown
bilal.frei@proton.ch,JB-6918-2839-BANK,+41 0797287707,"Kunz, Bader and Schwarz",CH,mk,1977-09-26,2d:07:89:cd:c1:ab,"$65,063.68",Asia/Colombo
ingrid.fehr@aol.com,JB-2820-5068-BANK,+41797672862,Friedli-Schoch,CH,wa,1991-05-24,0e:0a:35:a9:2a:c7,"$51,941.57",Europe/Chisinau
frida.bachmann@proton.ch,JB-2782-4769-BANK,+41 791990843,Zürcher-Kälin,CH,uz,1982-04-27,fc:06:9e:d9:ce:ce,"$9,479.34",Asia/Yerevan
natalie.herzog@gmail.com,JB-3871-6645-BANK,+41 0763071091,Schweizer PLC,CH,ha,2018-04-04,3f:34:8a:3b:54:18,$85.30,Asia/Rangoon
danny.tanner@gmx.de,JB-4646-3710-BANK,+41 0763155590,"Weibel, Herzog and Schwarz",CH,ms,1990-10-10,e1:f2:17:2b:0a:5c,"$16,920.58",Europe/Luxembourg
monica.scherrer@aol.com,JB-1098-1483-BANK,+41 0775532878,"Furrer, Winkler and Meister",CH,sq,2013-11-23,d6:6f:ab:98:b9:a8,"$68,781.79",Europe/Dublin
aude.frick@hotmail.com,JB-3007-2897-BANK,0792864960,"Schumacher, Eugster and Bucher",CH,br,1981-11-24,f0:b2:96:ef:30:14,"$42,571.72",Africa/Bamako
tanya.stauffer@aol.com,JB-1353-0474-BANK,+410777984123,"Iten, Jäggi and Bauer",CH,mni,2013-09-26,c1:bb:39:99:42:3b,$139.92,America/Barbados
manon.zbinden@proton.ch,JB-7474-2853-BANK,0766302284,Widmer-Stucki,CH,rw,1998-10-25,69:38:8f:4c:d8:db,$1.69,Africa/Khartoum
boris.wüthrich@aol.com,JB-7775-0414-BANK,+41774060685,"Stettler, Ferrari and Spörri",CH,sq,2008-04-06,05:e9:81:0b:89:19,$38.39,America/North_Dakota/New_Salem
diana.steffen@aol.com,JB-6450-1970-BANK,+41777130737,Arnold-Giger,CH,hsb,1992-05-26,55:5d:ff:a9:ff:10,$538.21,Europe/Paris
semir.benz@aol.com,JB-7665-1085-BANK,+41(0)787750709,"Marti, Frey and Zehnder",CH,wal,1996-11-08,1f:74:13:2f:8b:93,"$2,461.69",America/Jamaica
stefania.stauffer@proton.ch,JB-3188-7123-BANK,+41(0)782463464,Vogt-Zimmermann,CH,et,1983-08-27,41:58:9b:ab:b7:0a,$747.46,Africa/Accra
josefine.isler@proton.ch,JB-3758-3910-BANK,0786024753,Frick-Schär,CH,ig,2001-05-04,90:dc:8b:29:2d:c1,"$99,641.77",Africa/Algiers
andri.maier@proton.ch,JB-3396-3889-BANK,+41793403708,Wegmann Inc,CH,as,2021-07-16,3f:ee:36:8d:5d:d4,$34.08,Europe/Sofia
andrew.wettstein@hotmail.com,JB-5040-6369-BANK,+41 793785522,Kuhn-Wegmann,CH,ur,1985-11-26,54:43:5d:b9:af:01,$69.00,Asia/Jerusalem
mila.hermann@gmx.de,JB-4613-5866-BANK,+410796547427,"Hauser, Felber and Gloor",CH,kn,2001-04-27,f4:82:6f:83:b4:01,"$2,303.86",Africa/Lubumbashi
julian.gerber@gmx.de,JB-7044-6120-BANK,+41(0)776791993,Flückiger-Eichenberger,CH,raj,1978-01-13,ec:ff:73:84:50:43,$3.32,America/Tijuana
nenad.hofstetter@msn.com,JB-1637-5584-BANK,+41 0784522484,"Suter, Wagner and Stettler",CH,nn,1981-05-09,2f:0f:e5:12:d2:55,"$49,422.07",Asia/Karachi
josefine.wettstein@hotmail.com,JB-3371-0745-BANK,+41 0793850502,"Lüthi, Hermann and Schär",CH,or,2007-03-28,b6:77:81:14:5e:3b,"$65,875.16",Europe/Uzhgorod
vinzenz.graf@hotmail.com,JB-1942-2029-BANK,+41 767423516,"Felber, Gasser and Bolliger",CH,hr,2018-12-19,8e:54:96:5b:cb:7f,"$80,586.99",Pacific/Efate
nazmi.moser@msn.com,JB-4064-0423-BANK,+410776637845,"Kägi, Betschart and Ferrari",CH,mt,1999-12-27,52:12:bd:90:a3:f3,$544.88,Pacific/Auckland
cinzia.ferrari@gmx.de,JB-5008-2574-BANK,+41(0)773354142,"Brunner, Kaufmann and Tobler",CH,th,1997-07-15,91:eb:86:d2:dc:d2,$223.15,Asia/Urumqi
emina.ritter@gmx.de,JB-1094-2031-BANK,+41 762024154,"Fischer, Hartmann and Berger",CH,nb,2016-10-11,a3:b1:81:9e:f1:16,"$4,144.76",Africa/Asmera
fanny.ott@aol.com,JB-2836-7485-BANK,+41 771956097,Lang-Schumacher,CH,ia,2008-09-30,85:74:30:73:62:e0,"$9,353.86",Asia/Karachi
benedikt.schmidt@hotmail.com,JB-2811-2176-BANK,0792387584,Schnyder-Schenk,CH,ln,2020-04-18,a7:d7:16:45:9d:48,$572.18,Africa/Tunis
lucas.bieri@hotmail.com,JB-4783-5174-BANK,+41(0)763271173,Felber LLC,CH,ce,1977-11-27,48:37:be:3b:68:dc,$84.10,Africa/Kampala
pauline.frei@gmx.de,JB-6990-7238-BANK,0764863576,Frick LLC,CH,as,2010-12-21,39:96:cc:3a:32:71,$2.90,Asia/Kuala_Lumpur
cordula.bär@msn.com,JB-7521-3726-BANK,+410770076473,Jäggi-Wolf,CH,ve,2010-06-25,12:51:aa:bf:b3:77,$252.24,Indian/Mauritius
annamaria.meili@gmail.com,JB-5812-3671-BANK,+41(0)772471813,"Schweizer, Kägi and Weber",CH,cs,1982-02-02,b6:96:a2:18:02:d9,$91.27,Africa/Kampala
gabriel.hermann@proton.ch,JB-7380-2924-BANK,+410792213441,Haas-Schwarz,CH,pt,2013-07-04,3f:95:ac:0e:97:9e,$654.06,Pacific/Nauru
aleksandra.felber@hotmail.com,JB-7212-4605-BANK,0767544968,Bär-Bättig,CH,it,2000-02-06,0f:bf:5f:ab:60:c3,$390.99,Europe/Vatican
richard.frey@aol.com,JB-5544-1529-BANK,+41795010760,Wenger Inc,CH,ga,1982-07-22,93:af:4b:b3:eb:dc,$67.43,Europe/London
amalia.stöckli@gmail.com,JB-7692-4530-BANK,+41 0787264705,Jost Inc,CH,dz,1976-12-04,f7:7b:35:2d:3f:69,$437.22,Pacific/Easter
ricardo.felber@msn.com,JB-0222-0877-BANK,+41 761093019,Scherrer-Felder,CH,ko,1989-10-16,22:01:f9:7d:fd:6d,$7.00,Europe/Zagreb
véronique.wüthrich@gmx.de,JB-6955-1560-BANK,+41793083504,"Wegmann, Hauser and Berger",CH,mag,2021-07-12,6c:11:a1:0e:68:8f,"$8,566.97",Africa/Malabo
käthe.hofmann@gmx.de,JB-7564-0817-BANK,+41(0)791557207,Jenni-Furrer,CH,ln,2007-11-03,5b:4b:67:29:5c:32,$37.23,America/Guatemala
elisabetta.schmid@gmail.com,JB-3377-2598-BANK,0771372595,Schaller LLC,CH,ka,2007-10-11,e6:bd:ac:be:cc:aa,$1.27,Europe/Budapest
mimoza.bianchi@gmail.com,JB-3319-0160-BANK,+41795904464,"Martin, Gross and Brun",CH,cv,1982-12-24,17:19:67:a7:52:56,"$8,700.07",Pacific/Port_Moresby
fred.kern@hotmail.com,JB-0532-5152-BANK,+41 0776767677,Bachmann Inc,CH,tr,2020-04-13,3c:70:c5:2e:bd:24,$520.87,Europe/Budapest
ina.stettler@msn.com,JB-7252-2661-BANK,0795485174,"Wenger, Hürlimann and Käser",CH,zu,1995-04-11,44:32:82:b2:0e:91,"$8,295.33",Africa/Dar_es_Salaam
yasmina.kohler@proton.ch,JB-3178-2433-BANK,+41763227848,Lang-Huber,CH,or,1972-02-06,64:68:f1:24:1a:23,$895.45,Europe/Amsterdam
carol.bosshard@proton.ch,JB-6376-1689-BANK,+41 797157185,"Ackermann, Ziegler and Kohler",CH,kk,1994-10-31,e8:43:13:44:59:35,"$92,709.39",Africa/Ndjamena
emine.blum@hotmail.com,JB-1343-5230-BANK,+41 767852249,Zehnder PLC,CH,ti,1972-11-01,a5:44:44:48:6f:f5,$29.24,America/St_Lucia
ursula.wyss@gmx.de,JB-7580-2471-BANK,+41 770416402,Ferrari LLC,CH,el,2006-05-21,3b:cf:c0:d0:4b:19,"$8,409.05",Africa/Casablanca
julien.mäder@gmail.com,JB-0569-4181-BANK,+41(0)783214189,"Meister, Gfeller and Lüscher",CH,lzh,1986-09-04,1c:95:c8:30:12:a0,$93.76,Africa/Porto-Novo
zeynep.hoffmann@proton.ch,JB-0664-3218-BANK,+410767945526,Hasler PLC,CH,bhb,2020-01-29,28:1b:3a:02:cb:2f,$9.90,Asia/Vientiane
karin.michel@gmail.com,JB-1959-7493-BANK,+410762820315,Zimmermann-Meili,CH,gd,1978-08-13,bb:e6:63:8d:3d:64,$5.26,Europe/Tallinn
theodor.moser@gmail.com,JB-6868-2068-BANK,+41 780395519,Wenger-Wyss,CH,rw,2020-07-09,4f:c7:76:15:39:f9,"$1,044.69",America/Jamaica
metin.maier@gmx.de,JB-4921-7747-BANK,+410761600866,Felder-Leu,CH,gl,1987-12-27,fc:f6:d4:5a:1b:46,$67.30,Africa/Freetown
lorena.fehr@hotmail.com,JB-7424-5310-BANK,0760917558,"Gross, Ott and Meyer",CH,ur,2016-10-29,76:3f:32:70:2a:26,$5.51,America/Nassau
pius.siegrist@hotmail.com,JB-7356-7293-BANK,+410786166194,Keller and Sons,CH,fi,2003-02-06,f7:41:83:43:27:59,$6.55,America/Santo_Domingo
lionel.zürcher@proton.ch,JB-4565-7309-BANK,0781171591,"Eugster, Wagner and Bieri",CH,doi,2017-02-16,76:b0:ac:54:f3:a8,$610.11,Asia/Baku
ruben.weber@gmx.de,JB-5525-3558-BANK,+41(0)786676609,Wettstein-Peter,CH,fa,2020-05-06,0b:b3:c8:c6:7c:de,$776.40,America/Nassau
melvin.sigrist@msn.com,JB-5094-7652-BANK,+410790712301,"Koch, Zingg and Gfeller",CH,uk,1970-10-03,c3:37:2b:1e:d2:11,$791.22,Europe/Copenhagen
patrizia.bolliger@gmx.de,JB-0115-0539-BANK,+41 765032885,"Spörri, Lehmann and Hartmann",CH,hu,2019-03-30,59:d0:60:06:b9:6d,$647.58,Asia/Beirut
raquel.tanner@gmail.com,JB-4506-1698-BANK,0790617919,Portmann-Bader,CH,mai,2014-09-08,20:16:d3:41:88:9b,$6.07,Asia/Nicosia
laurent.stettler@aol.com,JB-6705-4428-BANK,+41 0765790149,Burri-Michel,CH,nan,2015-03-24,17:7c:ea:37:a2:85,"$33,453.86",Europe/Monaco
ewald.bader@gmx.de,JB-6857-3568-BANK,+41 790296972,Schwab-Hotz,CH,th,1980-08-12,da:42:d6:6a:93:29,"$60,807.89",America/Mexico_City
annemarie.zbinden@msn.com,JB-0926-7733-BANK,+41 795556427,Bühler-Lang,CH,nb,1994-12-10,db:36:c6:6e:eb:69,$98.70,Africa/Brazzaville
joachim.thommen@gmail.com,JB-0726-0967-BANK,0766023640,"Kuhn, Lang and Hermann",CH,ia,1971-01-01,50:57:54:4a:37:1d,$524.82,Africa/Bissau
blerta.bader@msn.com,JB-5278-4254-BANK,0760990278,Christen-Stadelmann,CH,om,2002-12-27,da:e8:6d:49:9d:8a,$454.66,America/Costa_Rica
aldo.meyer@gmail.com,JB-1354-1058-BANK,+410774416223,Michel-Schaub,CH,cmn,1987-08-31,af:94:bb:02:91:23,$79.18,Atlantic/Cape_Verde
agathe.weibel@proton.ch,JB-4554-1876-BANK,+41775624276,Martin Ltd,CH,brx,1998-11-23,e3:27:b0:17:df:50,$5.53,Asia/Seoul
mirjana.küng@msn.com,JB-1846-3970-BANK,+41787945339,"Moser, Mettler and Amrein",CH,ur,1981-04-10,a2:aa:12:ef:fe:86,$770.55,America/Paramaribo
greta.kunz@proton.ch,JB-6622-3810-BANK,+41(0)783046478,Ziegler and Sons,CH,ms,1980-06-04,14:12:72:90:29:7e,$27.26,America/Panama
jakub.egli@aol.com,JB-4909-4173-BANK,+41 797736917,Kohler LLC,CH,tk,2002-06-05,51:fc:44:44:26:7a,$1.27,Asia/Rangoon
ronald.eichenberger@aol.com,JB-7871-5592-BANK,0781666726,"Schmidt, Moser and Käser",CH,nds,1971-10-21,1d:7b:6c:1a:d4:17,$34.79,America/Jamaica
hans-rudolf.schlatter@aol.com,JB-3685-1993-BANK,+410763000773,Kern PLC,CH,unm,2019-11-30,47:24:95:e1:cd:dd,$1.14,America/Paramaribo
antonio.zürcher@aol.com,JB-7109-7042-BANK,+41 767863854,Stutz LLC,CH,rw,1980-09-30,4d:9e:60:82:fd:5a,$51.98,Africa/Maputo
renate.zbinden@proton.ch,JB-5077-3652-BANK,+41 761235486,"Betschart, Ott and Felber",CH,cv,2000-07-16,a5:d8:bf:92:55:4b,$192.42,America/El_Salvador
safet.meyer@gmx.de,JB-5283-3934-BANK,+410794735984,Jäggi Group,CH,ne,1977-12-10,ec:36:9f:1e:e5:2b,"$14,838.79",Africa/Accra
ophélie.schenk@gmx.de,JB-7905-4980-BANK,+41791791301,Sigrist-Roth,CH,pa,1971-01-05,7b:9a:a1:c1:47:97,$28.80,America/Adak
abel.steinmann@hotmail.com,JB-0751-4962-BANK,+41797450966,"Bernasconi, Stucki and Hug",CH,is,2002-05-16,f2:f6:3c:58:21:e6,"$9,973.87",Asia/Muscat
balthasar.christen@gmail.com,JB-5390-3654-BANK,+410787917912,"Walter, Blum and Baumann",CH,lb,2002-06-27,24:04:70:af:b7:ad,$10.68,Africa/Asmera
xavier.häfliger@aol.com,JB-6592-1394-BANK,+41(0)780333808,"Erni, Forster and Erni",CH,or,2020-09-10,a8:69:51:23:49:80,"$7,890.92",America/Nassau
cosimo.wirth@aol.com,JB-6714-0826-BANK,+41775203403,"Scherrer, Braun and Schumacher",CH,sr,2019-07-06,40:fc:13:10:59:1b,$8.41,Africa/Brazzaville
aleksandar.forster@msn.com,JB-6870-4613-BANK,0787522011,Schwarz-Frei,CH,cy,2022-01-06,e8:d6:74:9f:11:f6,$524.12,Africa/Libreville
anastasia.erni@hotmail.com,JB-7509-7886-BANK,+41 782954592,Lustenberger PLC,CH,or,2004-12-24,46:9c:de:16:02:90,"$2,317.87",Pacific/Tongatapu
wendelin.wagner@gmx.de,JB-1077-2739-BANK,+41 771567507,"Brun, Iten and Fischer",CH,is,1990-05-23,49:54:45:6c:20:6f,"$2,164.32",America/Tijuana
jérôme.bader@proton.ch,JB-1648-0456-BANK,0772171846,Ernst and Sons,CH,xh,2011-08-21,74:a6:ae:cf:31:7b,$817.93,Africa/Lusaka
aurore.haas@hotmail.com,JB-1496-0485-BANK,+41 0781514656,Stalder LLC,CH,gu,2022-07-26,e6:9e:48:76:03:72,"$93,459.32",Africa/Accra
pascale.wegmann@proton.ch,JB-6771-1740-BANK,+41 782155752,Berger PLC,CH,fr,2000-11-19,5d:fd:9f:f7:ed:2e,$762.93,America/Belize
nico.gfeller@aol.com,JB-2436-3575-BANK,0766356301,Bolliger-Graf,CH,so,1990-09-11,f9:fd:72:4a:e6:ec,$66.81,Europe/Sofia
valerie.schaller@hotmail.com,JB-0735-2335-BANK,+41(0)791317284,"Hermann, Christen and Michel",CH,ve,2021-12-14,60:7a:14:12:5a:6f,"$16,531.98",Pacific/Apia
tino.studer@gmx.de,JB-2638-4891-BANK,+410771693186,Hartmann-Bucher,CH,my,1974-04-20,7e:3a:92:8b:12:5b,$353.06,Asia/Pyongyang
sylviane.hirt@proton.ch,JB-4518-4717-BANK,+41(0)791393345,Weber PLC,CH,ht,2000-04-07,16:da:33:fa:76:1e,$283.18,Europe/San_Marino
tommaso.stadelmann@proton.ch,JB-0502-6684-BANK,+41(0)771573193,Wegmann and Sons,CH,mr,1999-12-03,3b:8c:36:c2:75:64,$689.60,Africa/Luanda
valon.thommen@proton.ch,JB-6201-7626-BANK,+41 775822166,"Studer, Hartmann and Bucher",CH,os,1990-12-13,fe:5f:5a:d9:b9:69,$5.52,Asia/Brunei
danica.schoch@gmail.com,JB-6685-7054-BANK,+41792884570,Schuler-Thommen,CH,brx,2015-08-10,93:4a:cc:8c:00:bb,$0.82,Europe/Vatican
corinna.wyss@aol.com,JB-2566-4420-BANK,+41775633714,Brun-Sutter,CH,ml,1988-07-15,81:34:ec:11:8a:e7,$921.51,Europe/Vaduz
pierre.friedli@aol.com,JB-4637-5665-BANK,+41 0767367209,"Maier, Tanner and Stucki",CH,li,2006-10-13,c4:48:a4:4a:c5:87,$41.66,America/Antigua
joanna.bauer@gmx.de,JB-6818-3653-BANK,+41783484733,"Stutz, Gloor and Schürch",CH,ug,1990-09-30,4b:bb:99:89:0c:82,$3.84,Africa/Tunis
noëmi.scherrer@aol.com,JB-3931-4777-BANK,+41 0770922234,Wirz-Baumgartner,CH,sk,1973-07-23,cb:f1:06:a0:0c:a9,$47.00,Atlantic/Reykjavik
mile.meili@hotmail.com,JB-6486-1524-BANK,+41 776536219,Koch-Schmidt,CH,cmn,2010-05-26,a9:bf:aa:2b:86:28,$512.80,Asia/Katmandu
berta.schoch@gmail.com,JB-1598-2443-BANK,+41793535243,"Staub, Meier and Hauser",CH,ayc,1998-08-06,53:70:38:37:b2:d3,$72.87,Asia/Bishkek
charlotte.maurer@gmx.de,JB-1028-2030-BANK,+41(0)785084171,"Mayer, Michel and Kälin",CH,ml,1999-06-05,d3:94:b8:76:df:28,"$65,498.20",Europe/Vaduz
alexandre.hirt@gmail.com,JB-2679-1953-BANK,0776637239,"Eugster, Fischer and Hauser",CH,bhb,2019-07-09,63:cc:f2:25:a8:9a,$1.05,Europe/Paris
marie-josé.stocker@msn.com,JB-2608-1838-BANK,+41 766205993,Meister-Schwab,CH,lb,1988-12-21,75:8b:d2:b8:01:ae,"$2,748.17",Pacific/Fiji
ingrid.hofer@gmx.de,JB-5623-2025-BANK,+410787740428,Müller-Thommen,CH,nhn,1993-05-29,ab:01:51:7d:e8:1c,$82.96,Pacific/Fiji
lisette.staub@aol.com,JB-1964-3437-BANK,+41(0)785707357,Fischer LLC,CH,mag,2013-12-12,14:40:9d:98:64:6f,$521.32,Europe/Athens
ömer.käser@proton.ch,JB-6634-3355-BANK,+41 0774753844,Jost PLC,CH,hy,2000-07-31,d4:e7:7b:7a:21:28,$8.15,Asia/Pyongyang
rene.wyss@gmail.com,JB-5556-4815-BANK,+410783042454,Widmer Inc,CH,bo,2015-07-21,03:b2:58:c8:c0:bd,$7.76,Pacific/Palau
lukasz.schuler@msn.com,JB-1853-7781-BANK,0795805745,Felber and Sons,CH,zh,2002-09-04,c2:b6:24:e4:67:8b,$659.11,Africa/Tripoli
fatima.steiner@gmail.com,JB-3413-0528-BANK,+41(0)790693120,Lutz-Bieri,CH,mag,1982-04-24,99:2b:25:f2:55:04,"$1,249.08",Africa/Tripoli
jasin.meyer@gmx.de,JB-6126-1841-BANK,0787914578,"Bianchi, Albrecht and Wenger",CH,cv,1983-05-21,4b:d4:56:51:9f:ec,$24.84,America/Santo_Domingo
meinrad.kaufmann@gmail.com,JB-6702-0230-BANK,+41 771662103,"Hotz, Walter and Wolf",CH,hy,1975-02-12,54:29:10:9d:13:a0,$85.46,America/Santo_Domingo
giada.stocker@hotmail.com,JB-3740-5925-BANK,+410796404817,Schär Inc,CH,sw,1976-08-30,2c:14:f2:4b:84:f6,$541.88,America/El_Salvador
eleni.hofstetter@gmx.de,JB-1825-0220-BANK,+41 795474325,"Amrein, Meister and Hauser",CH,aa,1970-09-12,f4:41:2c:7a:30:33,$70.16,Asia/Dushanbe
rino.lanz@hotmail.com,JB-2242-7081-BANK,+41 781497504,Widmer-Peter,CH,om,2022-11-24,59:66:b4:e5:48:13,"$1,000.01",Asia/Tbilisi
victoria.ritter@proton.ch,JB-1209-6284-BANK,+41782357150,Zürcher-Spörri,CH,or,2000-01-05,61:43:88:80:cb:04,"$2,678.17",Africa/Libreville
gladys.küng@msn.com,JB-4829-0229-BANK,+41 0775313003,Stucki Group,CH,el,1986-04-05,4e:e3:ff:06:ef:30,"$9,480.56",Asia/Bangkok
konstantinos.peter@hotmail.com,JB-4020-6436-BANK,+41(0)781550736,"Maurer, Hasler and Stucki",CH,lb,2006-01-18,2d:21:f7:57:01:48,"$71,566.79",Asia/Urumqi
katherine.lehmann@hotmail.com,JB-6873-2291-BANK,+41773594315,Isler and Sons,CH,nan,2008-11-05,c9:7f:8f:ce:9a:ae,"$67,061.04",America/St_Vincent
marius.lustenberger@aol.com,JB-6576-7240-BANK,+41 797532919,Probst-Wenger,CH,th,1987-09-06,68:a0:f3:f2:bb:c9,$505.60,Europe/Berlin
edmond.gasser@gmail.com,JB-7912-1552-BANK,+410792263620,"Vogel, Kälin and Ritter",CH,zu,2017-12-15,59:e3:b4:8a:9f:d8,$4.46,Africa/Bamako
mariella.christen@proton.ch,JB-4283-5497-BANK,0776634882,Widmer-Brunner,CH,aa,1985-01-22,ae:38:78:1d:fc:19,"$1,354.95",Europe/Malta
paula.lüthi@proton.ch,JB-5873-2548-BANK,0786975036,"Wirth, Hirt and Roos",CH,cmn,1993-05-08,0b:8f:b7:de:0e:d3,"$10,373.20",Asia/Amman
eugenia.rey@proton.ch,JB-6308-5895-BANK,0791351346,Bühlmann LLC,CH,sa,1990-05-26,74:5c:d7:90:52:bf,$38.52,Africa/Ouagadougou
blerta.stadelmann@msn.com,JB-6948-3052-BANK,+410761705552,Hoffmann-Gloor,CH,ss,2008-07-12,93:48:66:9b:57:c6,$0.67,Africa/Dakar
käthi.burri@hotmail.com,JB-7492-5574-BANK,+41(0)765160688,Stalder-Mäder,CH,eo,1975-05-17,1a:f0:b1:a7:2a:d7,$5.49,Pacific/Enderbury
gabriele.schumacher@aol.com,JB-5206-2279-BANK,0781874748,"Leu, Hasler and Lehmann",CH,om,1980-02-08,b8:7e:19:4e:a6:e7,$647.67,Europe/Podgorica
arian.meyer@proton.ch,JB-5726-7598-BANK,+41 0783185520,Bucher-Jost,CH,cs,2009-11-28,1d:b7:9b:09:55:47,$6.16,Atlantic/Cape_Verde
giuliano.gasser@msn.com,JB-4313-3560-BANK,+41 0771794986,"Haas, Scherrer and Ammann",CH,sv,1978-12-07,3b:e7:7b:a8:21:1c,"$5,109.73",Africa/Abidjan
christophe.bachmann@aol.com,JB-6079-0641-BANK,+41 770846498,"Vogt, Weibel and Sidler",CH,wa,2018-08-12,97:1e:7d:70:c6:80,$563.26,Africa/Mogadishu
florian.hermann@msn.com,JB-7596-3559-BANK,+41762150097,"Zbinden, Portmann and Lustenberger",CH,sk,1978-05-02,1f:8b:15:d7:68:09,$75.08,Asia/Thimphu
jeremias.schweizer@aol.com,JB-5019-0232-BANK,+41786877191,"Hodel, Imhof and Schneider",CH,nan,1992-10-22,71:94:a3:c3:22:11,$458.22,Asia/Karachi
lydia.schwab@gmail.com,JB-5026-4998-BANK,+41770876430,"Sutter, Schaller and Schneider",CH,kw,1970-11-25,f4:c1:2a:1b:44:c2,"$8,761.23",Asia/Hebron
margaux.steffen@proton.ch,JB-3713-2695-BANK,+41781945363,Amrein-Schärer,CH,bg,2001-09-19,b4:73:79:d1:7f:a7,$611.20,Asia/Nicosia
anisa.leu@msn.com,JB-2489-6704-BANK,+41(0)770435144,"Sigrist, Ferrari and Fehr",CH,is,2005-12-08,22:ce:75:66:b6:17,$46.54,Africa/Lagos
artan.felder@gmail.com,JB-5222-4936-BANK,+41781563464,Lüthi-Vogel,CH,mi,1985-10-15,41:1e:1a:f5:25:da,$496.54,Africa/Dar_es_Salaam
hamza.bucher@gmx.de,JB-1799-4553-BANK,0772922684,"Scherrer, Baumann and Kaufmann",CH,lij,2022-05-16,e7:8b:70:d3:47:9d,$5.19,Asia/Colombo
mandy.bosshard@msn.com,JB-6424-1741-BANK,+410793142032,Bauer Ltd,CH,ne,1975-11-06,04:d2:50:de:a0:fc,$6.24,Asia/Aden
pascale.mäder@gmx.de,JB-2003-1618-BANK,+410765127607,Stauffer-Blum,CH,as,1970-10-08,84:0d:95:1b:59:ab,"$25,798.15",Asia/Bishkek
nadia.geiger@hotmail.com,JB-4205-2487-BANK,+41 0767363817,Sigrist Inc,CH,eo,1979-08-05,f3:19:7d:83:02:44,"$34,968.68",Africa/Mogadishu
valerio.suter@gmx.de,JB-4277-1916-BANK,+41 782881961,Hess Ltd,CH,lb,2007-04-02,ef:3b:58:14:cc:ff,"$95,626.84",America/Antigua
peter.kunz@aol.com,JB-0273-7333-BANK,+41 0777500013,Beck Group,CH,af,1981-07-13,d2:52:63:34:c0:82,$614.60,America/Havana
sarina.wyss@msn.com,JB-3320-7656-BANK,+410792384316,Ott Group,CH,doi,1979-05-05,12:29:43:a7:a6:9f,$839.59,America/Monterrey
aurora.furrer@proton.ch,JB-4280-2307-BANK,+41 0770141058,"Schaub, Schär and Hoffmann",CH,cv,2014-04-08,17:8d:9c:fd:f3:3b,$3.98,Asia/Yerevan
jayden.beck@gmail.com,JB-1680-6918-BANK,+410784152887,"Bucher, Eichenberger and Schürch",CH,fo,2012-09-06,4b:c7:a8:34:20:58,$251.70,Africa/Johannesburg
adnan.benz@aol.com,JB-1639-7671-BANK,0762011448,"Hofmann, Stucki and Steffen",CH,ce,2002-05-25,3b:07:04:b8:c1:d2,$1.49,Africa/Freetown
patrick.zollinger@proton.ch,JB-1809-5061-BANK,+41 786273745,Michel-Hunziker,CH,wal,2020-07-22,57:ee:08:9f:f8:cd,"$13,856.58",Africa/Ceuta
bluette.gross@proton.ch,JB-4204-6561-BANK,+41760677344,Portmann-Bachmann,CH,ja,2005-05-26,56:7a:64:36:3d:a3,$4.09,Asia/Baghdad
bilal.schaller@proton.ch,JB-5637-0841-BANK,+41780185531,Zollinger-Senn,CH,nr,2005-09-27,c8:16:cc:82:34:b4,$54.76,Africa/Maseru
zorica.lüscher@hotmail.com,JB-7916-3889-BANK,0777826125,"Zimmermann, Knecht and Leu",CH,lzh,1987-01-13,7b:27:73:4c:47:93,"$9,850.71",Indian/Mahe
stéphane.pfister@hotmail.com,JB-1595-2945-BANK,+41(0)794444098,"Stucki, Wettstein and Gasser",CH,fy,2015-01-23,e8:41:f1:a4:b9:1d,"$61,752.77",America/Sao_Paulo
filipa.fehr@hotmail.com,JB-1464-5402-BANK,+41797323924,"Zbinden, Brunner and Spörri",CH,or,1982-08-15,15:b9:a7:02:25:67,"$2,442.71",Indian/Mahe
maurus.iten@aol.com,JB-0343-0352-BANK,+41 0771945247,Vogt and Sons,CH,hak,2016-08-31,c6:86:3b:ab:3a:a2,$105.62,Europe/Tallinn
maurizio.wegmann@msn.com,JB-1206-1151-BANK,+410781005151,Kaufmann-Schaub,CH,vi,2001-06-02,ca:62:00:65:af:e1,$7.72,Africa/Lubumbashi
marie-louise.giger@hotmail.com,JB-2802-1860-BANK,0795644635,Weibel LLC,CH,unm,1971-10-20,86:5b:e4:c3:62:3c,"$45,959.20",Asia/Hovd
ronald.staub@gmail.com,JB-1047-7013-BANK,+41794783903,Flückiger Group,CH,hne,1975-05-01,2e:9f:2e:0d:6b:b0,"$7,623.88",Indian/Maldives
sandy.bühler@msn.com,JB-2181-3223-BANK,+41 0775214407,Schwarz-Kohler,CH,tg,2017-05-06,24:f4:59:4a:76:ca,"$59,309.69",Asia/Pyongyang
kaspar.gut@hotmail.com,JB-1917-2016-BANK,+41(0)774793732,"Frey, Steiger and Schweizer",CH,zu,1995-08-06,20:93:d4:cf:ad:28,"$79,401.88",Asia/Calcutta
jasmine.vogel@aol.com,JB-4744-2047-BANK,0785572005,"Eugster, Furrer and Hafner",CH,hu,1997-11-13,fc:5c:67:9a:e7:b1,$712.69,Atlantic/Azores
maeva.wehrli@gmx.de,JB-3919-3337-BANK,+41 0775662435,Hodel Ltd,CH,ig,1977-03-04,fc:96:4f:9c:76:50,$85.02,Africa/Blantyre
jannik.bosshard@msn.com,JB-7347-7594-BANK,+41(0)762140230,Kern Ltd,CH,ti,1995-08-09,17:3e:bd:51:aa:7a,$7.32,Africa/Khartoum
sylviane.rey@gmail.com,JB-4982-7684-BANK,+41765640500,Hoffmann Group,CH,ayc,1970-09-27,64:a3:c2:0a:47:38,$73.09,Africa/Asmera
malgorzata.zehnder@hotmail.com,JB-7964-4234-BANK,+41 0765970801,Gfeller Ltd,CH,sd,2017-04-13,79:39:4e:c0:28:ae,"$40,012.99",Asia/Vientiane
alyssa.blum@gmail.com,JB-7042-0719-BANK,+410776917276,Roos LLC,CH,mt,2010-04-06,9a:3f:75:49:a3:f0,$7.10,Asia/Taipei
georgette.hofstetter@proton.ch,JB-4242-5423-BANK,+41 0784070604,Michel-Roos,CH,am,1999-10-13,8c:a7:83:7d:be:eb,"$1,936.98",America/Monterrey
arno.christen@hotmail.com,JB-5822-7044-BANK,+41 776057199,Steiner Ltd,CH,ln,1970-11-01,63:95:37:8c:5a:2c,$0.70,Africa/Kinshasa
gabriele.merz@gmail.com,JB-5492-7896-BANK,+41(0)786251196,Grob LLC,CH,zu,2001-06-09,22:7d:1f:f3:df:46,$418.76,Europe/London
vivian.kunz@gmx.de,JB-4821-3415-BANK,0774910929,Peter Inc,CH,nan,2018-02-06,b8:54:ef:10:a0:eb,"$20,258.99",America/Port_of_Spain
silke.hermann@msn.com,JB-7775-4925-BANK,+41(0)795410936,Kuhn Group,CH,so,2021-11-07,5f:99:4d:ce:76:65,$6.72,Africa/Windhoek
shpresa.vogel@gmail.com,JB-4433-7149-BANK,+410774654293,Scheidegger Ltd,CH,ja,1994-07-26,13:23:ca:8c:41:a6,"$47,783.45",Europe/Berlin
roger.burri@aol.com,JB-6972-1277-BANK,+41(0)775753947,Fischer Ltd,CH,tcy,2007-02-02,ea:c6:28:3b:bd:18,"$7,470.46",Africa/Monrovia
clemens.stöckli@aol.com,JB-4918-5229-BANK,+410782176017,Rüegg Group,CH,kok,1971-02-10,4f:40:1d:c0:a2:8f,$6.70,Asia/Rangoon
pia.hunziker@msn.com,JB-1758-1938-BANK,0767773658,"Lanz, Schmid and Schenk",CH,the,1985-04-03,af:c3:5e:aa:0d:66,"$77,767.80",Europe/Stockholm
ronja.schürch@proton.ch,JB-7376-7711-BANK,+41(0)785210898,"Blaser, Bernasconi and Frei",CH,nr,1999-01-03,d0:d6:ca:b2:24:99,$22.05,Asia/Saigon
arif.flückiger@msn.com,JB-4308-6101-BANK,+410793763543,Berger-Müller,CH,sl,1981-09-06,5d:dd:e9:4c:49:2e,$231.45,Europe/Brussels
gladys.wirth@msn.com,JB-5181-0446-BANK,+410774801712,Ferrari and Sons,CH,bhb,1975-07-02,5e:09:3b:f1:5b:ef,"$7,045.58",Africa/Bangui
jaqueline.häfliger@aol.com,JB-3076-6317-BANK,+41 762403696,Winkler-Gfeller,CH,sid,2016-09-06,32:94:9d:57:3a:fc,"$8,911.67",America/Bogota
anaïs.lüthi@msn.com,JB-3723-4332-BANK,+41793833580,Schumacher-Giger,CH,ja,2002-01-23,1f:b9:77:e7:6b:7d,"$6,754.39",America/St_Lucia
elvira.schwab@hotmail.com,JB-4004-4172-BANK,+41 765547612,Christen-Knecht,CH,mt,2014-03-05,7d:e4:6c:b6:a7:fb,$5.36,Europe/Chisinau
morris.schumacher@hotmail.com,JB-3896-5007-BANK,+41(0)795130979,"Wehrli, Bühler and Schoch",CH,gv,1982-02-19,53:42:e7:2b:7f:de,$883.26,Pacific/Tongatapu
diana.friedli@proton.ch,JB-4365-5821-BANK,+410780181349,Bucher-Vogt,CH,sl,1974-09-17,36:83:52:97:a8:37,$7.59,Europe/Luxembourg
vitor.kägi@gmail.com,JB-4722-3604-BANK,+41(0)760221688,Zürcher Ltd,CH,hak,2014-12-26,77:02:b4:da:36:9c,$637.66,America/Dominica
antoine.steiner@msn.com,JB-2441-0952-BANK,+41 791413984,Rey-Baumann,CH,ka,2006-03-19,37:2d:28:3e:ef:73,$2.53,Europe/Oslo
michal.steiger@aol.com,JB-1196-2124-BANK,+41(0)772333041,"Fischer, Lanz and Hartmann",CH,th,1972-03-11,0d:9d:21:04:d0:cd,$269.67,Europe/Vatican
astrit.steffen@proton.ch,JB-0544-4463-BANK,+41(0)797231437,Spörri and Sons,CH,mg,2023-07-12,d2:fa:7e:a3:d2:f9,"$35,360.45",Africa/Windhoek
ilaria.aebi@msn.com,JB-7432-3646-BANK,+41764410228,Hafner Inc,CH,doi,1979-09-12,4a:e8:12:42:b5:5c,$196.48,Europe/Minsk
ramazan.christen@aol.com,JB-7777-7663-BANK,+41 0794783790,Merz PLC,CH,gv,2013-08-07,ac:5e:52:f9:31:76,$52.38,Europe/Tallinn
lorik.peter@gmx.de,JB-7407-7187-BANK,+41(0)764190985,Isler Ltd,CH,ca,2019-10-20,47:ee:8a:f3:f0:75,$874.80,Asia/Yerevan
armend.hug@gmx.de,JB-6695-0313-BANK,+41762015121,Knecht and Sons,CH,sq,1992-08-22,5f:8c:dc:a0:cc:a7,$9.81,Europe/Bucharest
zeno.stadelmann@aol.com,JB-4156-1208-BANK,+41 0781344350,"Vogel, Siegrist and Ernst",CH,lg,2004-01-16,61:e2:ae:6e:01:58,$8.73,Pacific/Kwajalein
michele.hess@gmail.com,JB-3583-5495-BANK,+410772386043,Kägi-Bernasconi,CH,as,1976-06-04,41:80:f7:f4:6c:65,$14.80,Asia/Choibalsan
neil.kaiser@aol.com,JB-3397-5504-BANK,+41763054191,"Giger, Baur and Bolliger",CH,hi,1995-11-23,78:87:df:a9:84:83,$8.65,Asia/Tehran
florent.kern@proton.ch,JB-0424-0612-BANK,+41 782833784,"Brunner, Beck and Thommen",CH,ts,1984-11-22,fb:15:67:80:71:7b,$55.81,Europe/Tallinn
elin.keller@gmail.com,JB-1943-0202-BANK,0776963806,Bolliger Group,CH,ia,2018-08-31,2e:6b:15:d7:b5:76,"$1,136.11",Africa/Nouakchott
federico.schaub@gmail.com,JB-1299-4138-BANK,+410790077351,Merz-Mettler,CH,yue,2016-01-19,ec:5e:aa:f5:f0:1b,"$53,359.91",Asia/Qatar
michal.hartmann@aol.com,JB-5616-4295-BANK,+41 782927398,"Stutz, Aebi and Kaiser",CH,raj,1990-07-31,5c:0c:fa:61:30:70,$3.96,Pacific/Efate
dimitrios.schweizer@msn.com,JB-5666-6272-BANK,+41 796832727,Huber-Wegmann,CH,nhn,1980-09-03,53:99:66:72:d1:ec,$994.33,America/Argentina/Rio_Gallegos
michael.kunz@gmx.de,JB-3889-2063-BANK,+41 780076622,Lehmann Inc,CH,the,1999-05-06,db:56:6d:ef:27:0f,$81.76,Pacific/Nauru
gerhard.berger@msn.com,JB-7481-5657-BANK,+41791802580,Hermann Group,CH,ayc,1990-10-02,14:ef:33:e7:6b:b9,"$17,114.26",Africa/Nairobi
orlando.rüegg@proton.ch,JB-1775-0578-BANK,0784550805,Bucher-Rüegg,CH,uz,1982-03-27,10:f8:b3:46:dc:6d,$56.65,Asia/Ashgabat
aurel.hermann@hotmail.com,JB-0582-4485-BANK,0787902288,"Sidler, Wyss and Schaller",CH,sk,1971-12-27,f9:85:64:34:e6:7d,$0.08,Africa/Porto-Novo
anika.mayer@msn.com,JB-5439-3416-BANK,+41 797540296,Erni and Sons,CH,yi,2002-03-02,50:cf:a5:43:0a:9b,$15.13,Africa/Porto-Novo
lazar.zürcher@aol.com,JB-1244-4349-BANK,+41 794473950,Blum-Kälin,CH,om,1990-01-28,ce:82:be:aa:3d:4b,$361.96,Africa/Dar_es_Salaam
philipp.rey@gmx.de,JB-0229-5609-BANK,+41 771585764,"Merz, Leu and Blaser",CH,ve,2021-05-31,3d:67:60:87:8b:6b,$631.93,Europe/Tirane
vivienne.hodel@aol.com,JB-6907-1675-BANK,+41(0)767834503,"Vogel, Zürcher and Bauer",CH,sl,1976-05-14,89:c5:e5:12:87:e2,$32.99,Europe/Berlin
lars.peter@aol.com,JB-7698-3889-BANK,+41 0794242085,Kaiser Ltd,CH,sw,1988-07-18,12:8c:c3:1f:be:df,"$81,352.03",Asia/Phnom_Penh
zuzana.jäggi@proton.ch,JB-0401-1840-BANK,+41767864213,Gasser Inc,CH,gd,2010-12-26,f5:14:96:75:32:48,"$3,714.20",Asia/Katmandu
lola.hirt@gmail.com,JB-6787-3292-BANK,0791344378,Moser and Sons,CH,nn,1981-10-16,8f:62:1b:4f:8e:fb,$399.48,Africa/Tripoli
yvette.steiner@gmail.com,JB-1039-2842-BANK,+410763464263,Fehr LLC,CH,ber,1987-04-29,c6:dc:7b:18:7a:6e,"$91,768.77",Europe/Chisinau
antoine.jost@aol.com,JB-6210-2007-BANK,+41 0791192627,Gfeller-Roos,CH,aa,1979-11-27,ec:af:5a:23:f3:93,$4.52,Europe/Paris
gustav.hoffmann@gmx.de,JB-6008-3118-BANK,+41(0)766981122,Kälin Ltd,CH,ne,2009-08-24,25:07:29:33:44:f4,"$35,749.47",America/Asuncion
frederik.kälin@gmail.com,JB-5367-0776-BANK,+41(0)794662322,"Bieri, Meili and Lanz",CH,ln,2016-04-14,8b:18:0d:cc:9c:5d,$2.93,Asia/Aden
leonora.schär@gmx.de,JB-1934-0112-BANK,+41 760101520,"Ferrari, Wolf and Ziegler",CH,nb,1997-03-20,fa:9d:1f:e1:e6:55,"$81,147.23",Europe/Budapest
romano.fankhauser@msn.com,JB-0485-4928-BANK,+410760990361,Maier-Mäder,CH,iw,1982-04-15,40:f7:9f:3e:2c:94,"$4,850.70",Asia/Gaza
sophia.steinmann@proton.ch,JB-2197-0356-BANK,+41(0)785481766,"Wenger, Stettler and Kunz",CH,ik,1990-04-21,23:93:62:e5:f9:ea,"$1,659.33",Pacific/Majuro
erica.kunz@proton.ch,JB-7678-6342-BANK,+41 782223300,Roos Inc,CH,eu,1982-11-04,79:a5:e0:6e:20:f2,"$8,097.02",America/North_Dakota/Center
dimitrios.bader@aol.com,JB-0553-1446-BANK,+41787324479,Giger Inc,CH,szl,1995-05-09,f9:c9:c3:0e:03:78,$64.49,America/Antigua
driton.ernst@hotmail.com,JB-6728-2438-BANK,+410761583756,Erni Group,CH,pa,1977-03-20,3a:c8:9f:3c:42:ba,$393.84,Europe/Andorra
frédérique.hodel@aol.com,JB-2182-2843-BANK,+41(0)783414899,"Ackermann, Hafner and Walter",CH,lg,1972-08-10,53:44:6c:0f:ce:df,$95.73,Pacific/Truk
vittoria.frey@aol.com,JB-4888-1095-BANK,+410770587096,"Hotz, Wehrli and Portmann",CH,bn,1987-12-16,3d:94:1f:f2:a7:48,$748.68,Africa/Blantyre
yolande.wirth@proton.ch,JB-7503-5591-BANK,+41786700379,Senn and Sons,CH,am,2006-10-16,0e:0c:d9:5b:5f:d3,$42.51,America/Guatemala
amandine.wüthrich@msn.com,JB-5638-2521-BANK,+410783241708,Walder PLC,CH,os,1980-12-25,a0:a1:fb:88:cd:2b,$7.94,America/Lima
diego.rey@gmx.de,JB-5692-7078-BANK,+41(0)793526343,"Moser, Geiger and Lüthi",CH,ne,2018-12-24,e1:75:8f:7f:7a:28,"$1,202.33",Pacific/Efate
beat.lustenberger@proton.ch,JB-2109-0997-BANK,+41(0)797593614,Felder and Sons,CH,am,2019-12-03,1d:58:eb:f9:9d:01,$101.51,Africa/Tunis
igor.pfister@gmail.com,JB-5972-5599-BANK,0793754669,"Lüscher, Wolf and Scherrer",CH,ko,1987-09-14,4a:58:50:2e:63:83,$395.95,America/St_Vincent
sybille.scheidegger@proton.ch,JB-6497-6476-BANK,+41 765014437,Hasler LLC,CH,crh,2015-02-26,1f:da:08:7d:8d:6c,$481.43,Asia/Karachi
tara.knecht@aol.com,JB-3274-1531-BANK,+410792153633,"Meier, Pfister and Hotz",CH,nan,1978-06-19,ee:75:55:6c:ac:62,"$94,723.32",Asia/Thimphu
eric.berger@hotmail.com,JB-0602-6004-BANK,+41(0)795684088,"Kunz, Schuler and Lutz",CH,dv,1992-07-22,0b:6d:3d:d5:8c:be,$330.57,Europe/Bratislava
debora.bättig@gmx.de,JB-7401-0313-BANK,+410792092102,Betschart LLC,CH,kw,1976-12-03,c9:93:fc:40:50:9a,"$2,925.59",Asia/Brunei
nikolaus.sutter@aol.com,JB-1405-2368-BANK,+41767797620,Steiger Group,CH,cs,2000-12-01,1f:d6:11:d1:34:f1,"$3,977.94",Asia/Kuching
séverine.martin@gmail.com,JB-0936-7721-BANK,0761466813,Hasler PLC,CH,el,1999-10-03,4f:23:43:fd:88:87,$7.52,Africa/Maseru
katherine.suter@hotmail.com,JB-1352-6487-BANK,0794630110,"Merz, Eugster and Brun",CH,mag,2022-07-24,d1:05:c0:e0:eb:4d,"$2,030.58",Africa/Niamey
livia.benz@gmx.de,JB-4254-6561-BANK,+41 0767012403,"Frei, Hasler and Gerber",CH,hr,2021-01-20,0a:ca:89:60:dd:3c,"$41,855.01",Asia/Muscat
annelies.meister@proton.ch,JB-2293-4039-BANK,+410784717474,Frick Inc,CH,ce,1988-02-25,dc:b7:e4:c7:51:52,$89.15,Africa/Lubumbashi
thi.frei@gmx.de,JB-1764-6722-BANK,0792742328,Studer PLC,CH,kw,1983-02-19,f3:4e:47:14:10:19,"$64,911.23",Europe/Budapest
nelli.flückiger@proton.ch,JB-5178-3879-BANK,0776011479,Meier-Bühlmann,CH,brx,1974-08-26,ad:25:6b:30:a8:1c,"$9,133.54",Europe/Malta
cindy.wegmann@gmx.de,JB-2936-3510-BANK,+41761940427,Meister and Sons,CH,nl,1987-07-18,c0:be:94:ba:45:0d,$44.28,Asia/Pyongyang
nicola.schwarz@aol.com,JB-6137-6905-BANK,0787022718,Aebi Ltd,CH,ja,2020-02-06,2d:97:25:c7:e1:3d,$574.14,America/Argentina/Catamarca
marlise.lehmann@gmail.com,JB-3747-4168-BANK,+41 777642615,Wettstein Ltd,CH,kn,2011-04-09,91:24:1a:ee:41:5a,$478.50,Europe/Vaduz
patrícia.graf@gmx.de,JB-0817-6711-BANK,+41766871719,Bachmann-Kuhn,CH,si,2010-02-18,82:6d:64:ce:cb:5e,$7.05,Indian/Comoro
tenzin.gasser@proton.ch,JB-5070-0380-BANK,+41(0)771030608,"Schweizer, Weibel and Steiger",CH,tt,1974-11-10,5d:df:70:d9:8f:d3,"$9,161.47",Africa/Lagos
florentina.walter@gmx.de,JB-2635-3487-BANK,+41 0787961926,Stucki and Sons,CH,sid,1974-12-01,51:70:8b:38:76:6e,"$76,428.11",Africa/Bujumbura
niklas.meister@msn.com,JB-5102-3882-BANK,+41 767005990,Baumgartner LLC,CH,ast,2004-10-26,7f:5f:c5:b4:92:41,$88.07,America/Bogota
jacques.lüthi@aol.com,JB-0768-4491-BANK,+410792692874,"Moser, Braun and Bosshard",CH,doi,2005-06-18,23:70:e0:ec:d9:43,"$66,335.07",Europe/Simferopol
heinrich.schaub@hotmail.com,JB-2542-6083-BANK,0780441805,Fehr Inc,CH,wal,2000-11-16,15:96:b8:cb:a2:5a,$24.68,Asia/Baghdad
ibrahim.portmann@hotmail.com,JB-4074-7978-BANK,+410767022145,"Meili, Aebi and Fuchs",CH,raj,2009-04-29,b8:b6:fc:b4:79:aa,"$59,546.05",Europe/Amsterdam
linda.baur@aol.com,JB-1309-1296-BANK,+41 777690520,Eichenberger Ltd,CH,sq,1983-03-14,f0:d7:e6:c0:41:39,"$23,485.57",Pacific/Guadalcanal
alisa.steiner@proton.ch,JB-3494-5831-BANK,+41783391712,Winkler Ltd,CH,ik,2006-04-11,f2:ad:52:27:7a:1f,"$49,768.09",Europe/Berlin
celia.ott@hotmail.com,JB-7205-3292-BANK,0764651479,Wagner Inc,CH,xh,1977-07-04,f4:b9:84:62:97:4b,$84.42,Africa/Blantyre
greta.suter@msn.com,JB-0842-7691-BANK,0780210575,"Bühlmann, Spörri and Hess",CH,lo,1993-03-09,6b:a0:ec:34:41:39,"$41,477.12",Pacific/Kiritimati
emmanuelle.hirt@proton.ch,JB-1218-3358-BANK,+41 0761314066,"Stadelmann, Frick and Hess",CH,aa,2000-03-24,bb:80:b8:db:72:d1,$118.56,Pacific/Apia
can.meyer@aol.com,JB-2992-2161-BANK,+41(0)787670322,Hess-Bernasconi,CH,ja,1983-09-20,22:52:97:c0:80:d2,$487.85,Asia/Thimphu
irmgard.lang@proton.ch,JB-0899-1317-BANK,+41794672424,Bader and Sons,CH,bn,2021-01-21,a2:71:8a:28:9a:0e,"$3,433.15",Europe/Sarajevo
lio.knecht@hotmail.com,JB-6021-4682-BANK,+41791641372,"Schäfer, Ritter and Meister",CH,hr,1999-04-05,34:9e:00:84:67:29,"$9,051.80",Africa/Addis_Ababa
amalia.schenk@gmx.de,JB-7525-1524-BANK,0781034767,Schwab-Wirz,CH,bg,2022-11-06,e1:29:46:10:bc:23,$19.32,Asia/Aden
frederik.hermann@msn.com,JB-0255-7781-BANK,0760345098,Meyer-Albrecht,CH,sat,1973-01-14,61:00:46:fb:d1:95,$69.66,Africa/Accra
fitim.eichenberger@msn.com,JB-5918-0561-BANK,0797221204,Schlatter-Egli,CH,mt,2023-01-25,8b:bb:8a:1d:86:55,$92.26,Asia/Rangoon
evelyn.portmann@msn.com,JB-2407-5956-BANK,+41797131004,Lüthi-Kägi,CH,ne,1980-08-24,a0:48:60:5c:12:df,$415.51,Asia/Choibalsan
hélène.hasler@hotmail.com,JB-2652-2188-BANK,+41763035108,Leunberger Ltd,CH,mn,1981-05-04,6d:bb:bc:42:18:8d,$68.22,Pacific/Port_Moresby
carlo.meili@aol.com,JB-5824-0241-BANK,+41(0)773160416,"Scheidegger, Fehr and Bühler",CH,br,1987-12-22,f3:75:ad:1f:4f:a3,"$98,471.01",Asia/Taipei
kim.stucki@gmail.com,JB-7757-0951-BANK,+410788004803,Fischer-Steiner,CH,ks,1996-01-31,e3:86:04:d0:ef:f8,"$90,174.15",Europe/Andorra
oskar.stöckli@proton.ch,JB-4293-7669-BANK,0785260270,Hotz Ltd,CH,ko,1999-08-07,0a:2c:1d:5e:c7:98,$0.96,Africa/Harare
livio.meister@hotmail.com,JB-7826-1611-BANK,+41781483897,Lutz Inc,CH,brx,2021-02-22,24:20:c3:f5:c5:a6,$8.49,Pacific/Port_Moresby
imelda.jäggi@gmail.com,JB-4343-1760-BANK,+41 793851443,"Baumgartner, Suter and Fischer",CH,as,2012-03-09,c6:26:59:c9:9c:e6,$8.01,Asia/Kabul
emilie.siegrist@gmx.de,JB-3210-4542-BANK,+410764806001,"Hotz, Hafner and Senn",CH,pa,2007-09-29,39:f6:bb:20:51:d3,"$17,247.45",Pacific/Guadalcanal
christelle.schoch@hotmail.com,JB-0712-2305-BANK,+41 0766784302,Peter and Sons,CH,xh,2007-10-23,90:3d:76:e5:f0:5e,$126.24,America/Guatemala
marianna.walter@aol.com,JB-4448-2809-BANK,0776484716,Brunner PLC,CH,ca,2006-05-23,77:4c:91:ec:29:a8,$97.46,Europe/Andorra
aldo.ernst@gmail.com,JB-7169-2560-BANK,+41 0771261635,Blum-Huber,CH,nb,2020-06-20,ae:8d:34:15:dc:01,"$60,520.90",Africa/Casablanca
anaïs.schwab@gmail.com,JB-4281-3898-BANK,+41(0)796624315,"Mettler, Wenger and Fuchs",CH,bem,2004-08-03,ad:59:49:70:22:24,"$1,146.13",Asia/Kabul
silvan.seiler@gmail.com,JB-2775-5704-BANK,+410766591578,"Lehmann, Felber and Koch",CH,mn,2000-08-05,52:7c:51:88:3b:3b,"$33,004.76",Pacific/Tongatapu
joyce.meister@hotmail.com,JB-2358-4000-BANK,+41(0)777263574,Kohler PLC,CH,da,1990-10-24,fc:81:22:3e:8a:3a,$582.47,Africa/Porto-Novo
driton.hermann@msn.com,JB-6941-7954-BANK,+41 760146862,Pfister-Schnyder,CH,tg,1986-01-20,0a:cd:d2:48:28:d1,$363.25,Africa/Ndjamena
eliana.roth@aol.com,JB-1462-3547-BANK,+410762853714,Baur LLC,CH,pa,2019-09-19,85:ec:c0:74:60:9b,$2.44,Asia/Dubai
friedrich.schäfer@msn.com,JB-4150-3553-BANK,0787103701,Hotz PLC,CH,cy,1976-08-31,c4:6b:05:aa:d7:ba,"$9,098.59",Asia/Manila
jordan.grob@hotmail.com,JB-6023-1666-BANK,+41(0)780546392,"Lanz, Mettler and Huber",CH,hi,1982-08-03,c6:f1:f0:1a:84:e7,$23.99,Africa/Niamey
chris.amrein@gmail.com,JB-0387-4061-BANK,+410762934637,"Stettler, Scherrer and Frei",CH,hak,2022-08-27,f2:15:09:96:26:4a,$616.96,Africa/Sao_Tome
senad.aebi@gmail.com,JB-6075-4384-BANK,+41(0)781540802,Fuchs Inc,CH,id,2008-03-15,f9:c0:2e:d1:43:9c,$99.80,Europe/London
joseph.hodel@gmx.de,JB-2305-5271-BANK,+41(0)787097356,Zimmermann Ltd,CH,vi,2010-08-20,5a:63:f8:93:2c:72,$8.31,Pacific/Nauru
jorge.koch@gmail.com,JB-6467-2252-BANK,+41(0)784046750,"Gut, Hafner and Knecht",CH,the,2014-06-25,11:56:56:51:ae:75,"$7,779.99",Indian/Mauritius
flavia.roth@proton.ch,JB-0843-6228-BANK,0797446168,Lüthi-Burri,CH,de,1975-10-04,5e:11:95:8d:dd:bf,$3.62,Pacific/Tongatapu
christelle.egli@hotmail.com,JB-6811-6547-BANK,+41 0771345755,"Huber, Gross and Blaser",CH,gl,1988-02-19,2c:1f:65:22:cc:dd,$720.30,Europe/Warsaw
katarzyna.schenk@gmail.com,JB-0455-6636-BANK,+41(0)781214042,"Meyer, Steiner and Graf",CH,am,2023-02-15,43:10:36:ef:ce:ae,"$2,705.02",Africa/Johannesburg
torsten.schenk@aol.com,JB-3234-5879-BANK,+410764167489,"Felder, Felder and Widmer",CH,lij,1980-07-27,a7:31:00:af:d2:ec,$6.13,Europe/Bucharest
mario.aebi@msn.com,JB-4846-1726-BANK,+41(0)764423872,Hunziker-Gasser,CH,tr,1970-07-27,37:b7:08:4d:86:1a,$30.34,Africa/Lusaka
claire.lüthi@aol.com,JB-4966-6885-BANK,+41775782348,"Zbinden, Sigrist and Lanz",CH,or,2009-03-09,d7:b3:92:1e:db:59,"$19,424.08",Africa/Kigali
patrizia.schwarz@aol.com,JB-0888-3507-BANK,+41(0)783253022,Hasler-Lutz,CH,ast,1993-06-26,17:cd:11:b7:5c:c4,$924.00,Africa/Bissau
remo.bachmann@msn.com,JB-7469-1968-BANK,+41 0794800700,"Steinmann, Pfister and Scherrer",CH,el,1974-05-29,8f:a4:b1:a2:87:40,$263.39,Pacific/Majuro
claudia.huber@gmail.com,JB-6617-1940-BANK,+410775416801,Kuhn-Aebi,CH,mg,1976-03-07,b6:16:d8:59:72:93,"$51,362.85",America/Havana
joséphine.giger@gmail.com,JB-6311-2604-BANK,0767513533,"Kaufmann, Lanz and Walder",CH,mhr,2007-02-11,08:8e:e6:3b:4d:74,$7.22,Africa/Tripoli
johann.kern@gmx.de,JB-6052-0702-BANK,+41793572605,"Schweizer, Ammann and Lutz",CH,zh,2001-03-03,b5:91:68:ee:4a:27,"$9,877.78",America/Argentina/San_Juan
renée.imhof@proton.ch,JB-4359-4076-BANK,+41 0763761196,Baumgartner Inc,CH,tr,1988-09-17,47:b0:ac:df:ae:b2,$62.50,America/Panama
vincent.schumacher@hotmail.com,JB-1539-6783-BANK,+410786533380,Probst and Sons,CH,bs,2008-03-23,ee:c2:b6:af:73:75,$98.99,Africa/Blantyre
noël.vogel@hotmail.com,JB-5511-2823-BANK,+41772885428,Hoffmann Inc,CH,tr,1993-12-27,54:95:72:41:5d:ff,$3.71,Asia/Bangkok
delia.betschart@msn.com,JB-4898-5372-BANK,+41 766226105,Hafner Inc,CH,ht,1992-04-02,b4:6e:05:3b:a2:b7,$328.98,Europe/Luxembourg
melina.frick@aol.com,JB-6076-7957-BANK,+410781784538,Müller Ltd,CH,wa,1971-09-12,3b:dc:a6:60:79:40,"$9,498.15",Africa/Bujumbura
yvette.schumacher@gmail.com,JB-4908-0299-BANK,+41 0786246994,"Berger, Schaller and Isler",CH,csb,2000-05-30,c6:35:01:e4:78:68,$35.23,Europe/Bratislava
aleksandar.sutter@gmx.de,JB-4991-3396-BANK,+41773500174,Steffen-Vogel,CH,ro,1973-07-18,b2:0d:0e:32:bb:b1,$2.55,America/Jamaica
juliette.studer@proton.ch,JB-3615-1488-BANK,+41760394338,Flückiger-Schwarz,CH,dz,1987-04-08,be:6b:e5:6f:11:08,$755.20,Pacific/Apia
gloria.stocker@proton.ch,JB-2636-3092-BANK,0784312543,Schumacher Inc,CH,kn,2000-04-05,e0:91:27:ee:61:b9,"$1,089.81",America/Santo_Domingo
marcus.ammann@msn.com,JB-5864-4127-BANK,+41 0786877850,"Wirz, Arnold and Walder",CH,ca,2013-05-11,52:7c:76:32:51:a7,"$4,691.04",Africa/Johannesburg
odette.isler@hotmail.com,JB-6824-2280-BANK,0777012297,"Hess, Hunziker and Senn",CH,sc,1996-08-21,02:bc:f1:bb:7b:6b,$1.55,Pacific/Funafuti
michel.widmer@gmail.com,JB-0544-5098-BANK,+41797322047,Fuchs LLC,CH,the,1978-01-15,9e:e2:fa:b9:92:e4,"$7,751.10",America/Argentina/Jujuy
christine.schaub@gmx.de,JB-4738-6268-BANK,+41(0)776186576,Lehmann PLC,CH,ms,2013-09-12,64:19:4f:cc:2d:9c,$564.20,Africa/Lusaka
natasha.huber@aol.com,JB-2215-2812-BANK,+41 0771976795,Hartmann-Blum,CH,sk,1992-04-05,3e:8c:b9:45:ca:4f,$79.98,Europe/Athens
fatmir.ott@msn.com,JB-5057-1874-BANK,0760845720,Sidler-Senn,CH,rw,2021-07-15,ae:da:c5:20:53:5f,$947.28,America/Paramaribo
emmanuel.mäder@gmx.de,JB-3670-6752-BANK,+410785181628,Hofstetter-Schaller,CH,ur,1971-05-27,8b:7c:f1:0f:59:52,"$6,005.49",Europe/Minsk
umberto.mayer@msn.com,JB-5756-1196-BANK,+41(0)762990586,Wagner-Kunz,CH,niu,1974-05-04,b9:59:b6:1c:c9:16,"$24,654.95",Asia/Bangkok
lana.huber@gmx.de,JB-3591-1164-BANK,+41771396989,Albrecht-Bucher,CH,tt,1988-10-30,e8:8d:41:30:ba:b2,$4.49,Asia/Karachi
elke.friedli@gmail.com,JB-3453-2874-BANK,+410785383260,Kälin-Jenni,CH,ne,1972-03-17,d8:de:4e:fb:a3:6b,$9.44,Europe/Stockholm
romeo.beck@proton.ch,JB-4748-2864-BANK,+41(0)794115313,"Lüthi, Ott and Bosshard",CH,ff,2022-05-13,50:4d:45:e7:09:46,$77.21,Asia/Kuching
tomasz.meier@proton.ch,JB-0182-1003-BANK,+41(0)782905645,Wagner-Gloor,CH,tk,2019-12-22,75:60:bf:29:e6:6e,$117.64,Asia/Beirut
niko.betschart@hotmail.com,JB-1968-2663-BANK,+41 0774187094,Christen PLC,CH,ro,1978-01-11,ad:d6:7b:9a:28:c9,$2.09,Africa/Bamako
juliana.schürch@aol.com,JB-2601-6354-BANK,+41 780413171,Wirth PLC,CH,lij,1985-09-05,c0:37:40:4e:15:13,"$8,211.07",America/Costa_Rica
thi.stalder@gmail.com,JB-4349-6085-BANK,0781593397,Walter PLC,CH,si,2008-11-01,78:99:19:05:16:7f,"$1,070.99",Asia/Bishkek
jaël.egger@aol.com,JB-2525-0754-BANK,+41 0770843354,"Brun, Näf and Sigrist",CH,ia,2013-12-24,86:1e:42:74:b0:be,"$8,788.74",America/Havana
angel.stadelmann@proton.ch,JB-4093-5044-BANK,+41793981527,"Aebi, Meili and Brunner",CH,az,2020-11-13,b2:74:90:96:3d:ca,$2.78,Africa/Djibouti
berta.fischer@proton.ch,JB-6187-1829-BANK,+41 766452363,"Probst, Lang and Spörri",CH,tl,1980-02-24,c1:d2:0b:de:f0:e4,$12.65,Europe/London
danny.probst@proton.ch,JB-5242-4240-BANK,+410772976493,"Walter, Blum and Amrein",CH,eu,1995-12-22,49:7b:23:81:ed:56,$56.65,Europe/Minsk
andri.ferrari@proton.ch,JB-1731-7687-BANK,+41 785935079,Roth and Sons,CH,fil,2016-02-28,36:a8:47:4a:cd:b6,$68.63,Asia/Saigon
raffaela.lüthi@proton.ch,JB-7424-1057-BANK,+41(0)794647059,"Lutz, Wehrli and Gasser",CH,hy,2004-04-07,a4:33:49:3d:59:19,"$8,302.44",Asia/Thimphu
pierrette.herzog@aol.com,JB-4373-2705-BANK,+41 760874556,Albrecht LLC,CH,mi,1977-12-09,71:67:a9:00:43:fa,$3.86,Pacific/Truk
raymonde.hafner@aol.com,JB-3024-7583-BANK,+41 761711721,"Baumgartner, Hotz and Schaller",CH,unm,2018-02-09,94:86:d3:d9:c7:c6,"$8,192.48",Asia/Urumqi
leonora.albrecht@gmx.de,JB-5645-2046-BANK,+41767142489,"Müller, Steiner and Schenk",CH,nl,1975-08-22,9b:be:8f:34:c5:57,$994.65,Asia/Tehran
micha.mayer@aol.com,JB-7467-7042-BANK,+41(0)767845901,"Bucher, Schwab and Sidler",CH,gez,1988-11-25,9a:52:ae:45:65:10,"$6,263.39",Africa/Addis_Ababa
milka.wagner@msn.com,JB-1411-5541-BANK,+410795402849,"Huber, Fehr and Schnyder",CH,kw,1997-08-09,8b:12:c3:27:7a:ca,"$98,143.18",Africa/Freetown
adam.kuhn@proton.ch,JB-0940-7512-BANK,+410794245946,Stöckli LLC,CH,sk,1983-11-16,0c:09:e8:4d:7a:6f,"$1,178.16",Europe/Skopje
clémence.zbinden@hotmail.com,JB-2117-2710-BANK,0767686567,"Ferrari, Frei and Amrein",CH,pa,2003-02-14,71:64:65:2c:7f:87,"$3,508.77",Asia/Almaty
liam.lang@hotmail.com,JB-5195-4589-BANK,0761487196,"Jäggi, Maurer and Giger",CH,tt,1975-12-01,a8:18:62:0b:ee:7f,$9.45,Europe/Dublin
kristina.felder@aol.com,JB-2545-6081-BANK,+41785303671,Schär-Leunberger,CH,lg,2020-10-14,17:3b:d9:df:7d:ab,$6.09,Africa/Tunis
laszlo.baumann@aol.com,JB-6359-7366-BANK,+41(0)793575382,"Thommen, Schaub and Siegrist",CH,pap,1983-01-08,73:07:ff:2a:68:32,$5.67,Indian/Mahe
daisy.weibel@gmail.com,JB-7589-4758-BANK,+41(0)770563797,"Beck, Hartmann and Kägi",CH,bn,1982-01-01,39:21:06:a6:f8:47,$67.68,Africa/Niamey
lilia.bolliger@hotmail.com,JB-5750-0902-BANK,0793762498,Ammann-Peter,CH,mg,2015-10-29,e7:14:33:4a:fc:ab,"$1,379.60",Europe/Bratislava
kathleen.kessler@hotmail.com,JB-4081-5097-BANK,+41(0)796140539,Marti and Sons,CH,he,1971-11-21,3b:48:b5:bc:43:e8,$724.61,Africa/Niamey
gerd.braun@proton.ch,JB-4102-4545-BANK,+41794637496,Schumacher-Schaller,CH,ro,2018-12-18,44:05:11:4b:0b:4f,$1.22,Asia/Sakhalin
gaëlle.giger@msn.com,JB-1792-0232-BANK,0797357668,Ammann-Maier,CH,ts,2018-07-20,77:da:a0:ce:65:6c,"$72,275.94",Pacific/Easter
leandro.hermann@gmx.de,JB-1706-4790-BANK,+41(0)763194213,"Knecht, Albrecht and Wolf",CH,gd,2022-06-12,02:a0:ec:86:ea:33,"$12,631.53",Asia/Dili
muhammad.gasser@hotmail.com,JB-2184-6789-BANK,+41(0)782772517,Keller LLC,CH,lzh,1971-03-30,28:90:22:9d:3d:e3,$62.30,Asia/Pyongyang
eloïse.giger@proton.ch,JB-5098-2977-BANK,+41792755919,Zehnder-Lüthi,CH,se,2000-02-26,1c:33:fb:f4:57:fc,"$28,759.54",Asia/Damascus
sandrine.sutter@msn.com,JB-5660-1058-BANK,+410780013591,"Zimmermann, Baumgartner and Hunziker",CH,cmn,1972-07-12,5c:79:4b:1e:78:bd,"$4,121.79",Asia/Baghdad
diego.kälin@hotmail.com,JB-0388-0424-BANK,+41790591691,Zehnder-Hoffmann,CH,yo,2001-08-01,3c:52:65:59:42:a6,"$84,491.21",Africa/Windhoek
viktoria.haas@proton.ch,JB-7277-2979-BANK,+410780875132,"Staub, Erni and Flückiger",CH,sk,1997-09-29,b8:0c:c0:28:33:b6,"$9,734.10",America/Guatemala
kirsten.stucki@proton.ch,JB-2890-4126-BANK,+41(0)777423712,Schärer Inc,CH,ss,1978-03-14,72:3c:cc:5a:c4:6b,"$6,455.57",Asia/Jerusalem
floriane.schäfer@gmx.de,JB-1639-0819-BANK,+41 0766925809,"Mayer, Hauser and Suter",CH,sv,1977-12-25,b0:72:fc:39:00:e3,$4.55,Africa/Dakar
dardan.walter@aol.com,JB-2899-1349-BANK,+41794004078,Leu Ltd,CH,kn,1971-04-18,8c:99:f7:80:e0:09,"$44,973.36",Asia/Rangoon
helga.kägi@hotmail.com,JB-6570-6556-BANK,+410767700396,Berger-Bosshard,CH,wo,2011-08-30,5c:8b:c4:51:f9:54,$328.04,America/Port_of_Spain
chloé.weibel@gmail.com,JB-1558-4489-BANK,+41 767674591,"Haas, Huber and Mayer",CH,hak,2012-01-05,0e:93:ac:f6:9b:00,$6.18,Asia/Karachi
joaquim.baumann@gmx.de,JB-4437-4731-BANK,+410787042742,Schürch Ltd,CH,quz,1986-07-31,03:d0:1b:89:83:20,$880.47,Europe/Stockholm
natasa.imhof@gmx.de,JB-4875-7549-BANK,0761904491,Keller Inc,CH,pl,1971-10-30,9a:74:1d:cb:18:aa,$4.29,Africa/Brazzaville
karsten.felber@proton.ch,JB-5256-0733-BANK,+41792266925,Schürch-Baumgartner,CH,quz,1999-03-04,32:02:79:6b:44:da,"$2,699.36",Pacific/Tongatapu
tomas.koch@gmx.de,JB-1577-1726-BANK,0770171080,"Sidler, Kohler and Beck",CH,cy,2017-11-16,4a:44:4d:09:dd:30,$680.90,Europe/Berlin
hans-jürgen.stöckli@gmx.de,JB-6813-7555-BANK,+41 765592142,"Schneider, Schweizer and Bühler",CH,ku,1974-11-26,ac:83:f3:d8:3d:33,"$6,131.90",Europe/Ljubljana
frieda.egger@hotmail.com,JB-6706-7010-BANK,+41786141263,"Lanz, Schmid and Schär",CH,apn,1984-04-20,2e:21:5f:ec:fb:c1,$546.82,America/Bogota
zeno.egger@proton.ch,JB-1511-6424-BANK,0791297773,Beck-Kuhn,CH,bo,1989-12-13,de:2b:a8:f5:eb:ba,$917.42,Europe/Skopje
emir.kessler@proton.ch,JB-0814-3762-BANK,0775934094,Bucher-Iten,CH,pap,1980-03-23,a5:c9:cd:99:8f:28,$893.39,Africa/Kampala
mireille.vogel@gmail.com,JB-2587-4872-BANK,0793416542,Marti-Lüscher,CH,ne,2020-11-22,55:a8:a5:5a:90:4f,"$85,546.89",Europe/Bratislava
tenzin.forster@gmail.com,JB-3449-5524-BANK,+410791397181,"Fischer, Knecht and Kuhn",CH,is,1988-12-08,48:fc:6a:78:d7:56,$698.72,Asia/Baghdad
loris.wolf@gmail.com,JB-3452-4209-BANK,+41 764441262,Felber Group,CH,ti,2020-06-01,0f:82:9f:1d:0f:4c,$7.37,Europe/Tallinn
viktor.hofstetter@proton.ch,JB-1141-3162-BANK,+41774970995,"Fehr, Gross and Fankhauser",CH,mr,1987-08-08,db:0d:2c:87:81:85,$54.58,Pacific/Tarawa
ismet.wenger@gmx.de,JB-3375-4509-BANK,+41 793124953,Steffen-Vogt,CH,nds,1970-03-01,4e:2b:de:69:49:47,"$8,963.71",Africa/Accra
sonia.merz@hotmail.com,JB-3318-5201-BANK,+410793410014,"Lustenberger, Sigrist and Schaller",CH,id,1984-08-02,03:e6:e7:42:b9:d3,$45.74,America/Guyana
gani.leunberger@msn.com,JB-3638-2829-BANK,0760123297,Roos Group,CH,mni,2015-01-12,6b:b2:2a:07:3a:d2,$6.58,Asia/Kuwait
carlos.bader@proton.ch,JB-7545-1056-BANK,+41778007136,"Schuler, Thommen and Favre",CH,or,1981-08-03,54:6b:dc:e8:7e:b7,"$8,545.84",Pacific/Funafuti
nicola.bättig@proton.ch,JB-4047-1114-BANK,+410793625882,"Koch, Walder and Frey",CH,kl,1990-05-17,dc:2c:3f:f0:b0:61,"$5,777.22",Asia/Damascus
ali.schneider@gmx.de,JB-7942-1070-BANK,+41 772833087,"Maurer, Schlatter and Maurer",CH,bho,2021-01-23,7f:0f:48:f3:30:89,"$7,008.22",Pacific/Apia
kerim.bolliger@msn.com,JB-5386-0375-BANK,+41794202359,"Lanz, Braun and Bättig",CH,ak,2002-03-13,35:76:ce:46:2f:e8,$8.10,Africa/Bujumbura
esther.knecht@aol.com,JB-5152-4110-BANK,+410791211512,"Gut, Gross and Felber",CH,be,1991-07-05,4a:68:be:ce:12:a5,"$75,541.04",America/Jamaica
malea.stöckli@hotmail.com,JB-4262-7798-BANK,0793937607,Kohler-Kaiser,CH,ckb,2021-05-05,b7:b7:55:f0:2a:5f,"$7,951.11",America/Managua
sanije.lutz@aol.com,JB-1984-4379-BANK,+41764204818,Näf-Haas,CH,sid,1986-11-15,a8:e9:bc:76:12:57,$38.56,Africa/Tunis
matthew.hermann@hotmail.com,JB-6694-4511-BANK,+41(0)774523587,"Hess, Käser and Huber",CH,an,1978-05-14,47:2d:4e:ab:8c:b3,$8.27,Africa/Khartoum
safet.amrein@gmail.com,JB-5071-3981-BANK,+410786324954,Stutz Group,CH,sv,1983-02-22,b8:9b:45:98:46:30,$627.98,America/Argentina/Mendoza
pierre.gerber@gmail.com,JB-4168-1472-BANK,+41 0760994603,"Bühler, Baumann and Ritter",CH,ik,2022-02-05,8a:9b:e4:86:ef:bb,"$3,996.05",Europe/Vilnius
amir.brun@hotmail.com,JB-7072-0290-BANK,+41 776332471,Hürlimann-Wehrli,CH,nl,2020-12-09,0b:50:a4:80:e3:26,$32.82,Asia/Bahrain
marilena.peter@aol.com,JB-4289-4611-BANK,+41 795450292,"Staub, Schwarz and Meyer",CH,an,1990-12-16,38:be:c1:01:f6:53,"$56,016.68",Pacific/Funafuti
ueli.brunner@proton.ch,JB-6945-4931-BANK,+410767916228,Hasler-Merz,CH,hy,1978-11-16,85:09:9c:59:59:00,$7.49,Asia/Thimphu
gemma.jäggi@gmx.de,JB-0915-3894-BANK,+41 784066129,Brunner-Kern,CH,mk,1980-09-03,85:11:d0:8b:15:3d,"$50,748.44",Asia/Bangkok
arif.lüscher@gmx.de,JB-7574-3802-BANK,0791541924,Beck-Stettler,CH,mhr,1991-12-18,a0:39:21:07:fc:6f,$238.89,America/Asuncion
eveline.schumacher@aol.com,JB-6758-4064-BANK,+41776377821,Bühlmann-Frick,CH,unm,2021-10-02,62:52:54:1b:22:53,$6.49,Asia/Sakhalin
german.hug@hotmail.com,JB-5482-7036-BANK,0763216350,"Egger, Ziegler and Blaser",CH,ky,2013-07-24,e4:8f:63:d3:1a:49,$67.09,Africa/Kigali
zoran.hofmann@gmail.com,JB-6567-5651-BANK,0790615210,"Hess, Stettler and Bolliger",CH,mhr,1983-06-07,88:d2:32:d6:32:d7,$79.44,Europe/London
giulia.walder@gmx.de,JB-5729-5612-BANK,+41 0777712707,"Iten, Forster and Pfister",CH,wal,1970-03-03,d5:e7:6d:c7:24:da,$2.48,America/Bogota
esma.hug@gmail.com,JB-2271-7408-BANK,+41 773315319,"Schumacher, Wagner and Roth",CH,is,1998-01-04,4d:2b:d7:92:32:0f,$498.11,America/Managua
viviana.kälin@proton.ch,JB-1769-4437-BANK,+41 783152512,"Hofmann, Haas and Mayer",CH,hi,2009-04-11,d7:9f:82:8c:23:86,$33.51,Asia/Kuwait
annemarie.lanz@proton.ch,JB-3231-3697-BANK,+41(0)795795643,Forster and Sons,CH,byn,1995-12-07,c2:78:1b:71:bc:31,$5.62,Pacific/Kosrae
gregory.arnold@aol.com,JB-6271-4327-BANK,+41 765126727,Isler-Huber,CH,lo,2002-08-20,b1:d8:ca:bf:12:bd,"$8,850.30",Asia/Oral
kata.lehmann@proton.ch,JB-4824-1550-BANK,+41780231004,Kägi LLC,CH,yo,2009-10-24,a6:96:8e:ec:7f:e8,$99.75,America/Porto_Velho
stephen.merz@gmail.com,JB-2793-5904-BANK,+41 774107622,Egger Ltd,CH,ce,2023-04-07,24:d6:79:3f:4d:37,"$38,585.40",Asia/Phnom_Penh
lydie.leunberger@hotmail.com,JB-4374-4015-BANK,+41 794697815,Fankhauser-Hess,CH,raj,1983-05-19,fc:09:84:03:c1:9d,$2.80,America/Guayaquil
xaver.flückiger@proton.ch,JB-4568-3336-BANK,+410786687683,"Meier, Marti and Wettstein",CH,hak,1993-03-06,49:8b:9f:d3:80:c5,$831.25,America/Argentina/Jujuy
adelina.hoffmann@proton.ch,JB-6308-3438-BANK,+41 764665739,Isler LLC,CH,ko,1973-02-23,11:b6:1c:20:96:3a,$7.33,America/Paramaribo
skender.fischer@proton.ch,JB-4336-4734-BANK,+41 0794823628,Maier-Steiger,CH,ur,1987-02-04,3c:78:09:1d:1d:04,$44.74,Europe/Stockholm
rémy.schwarz@gmx.de,JB-5527-2102-BANK,+41(0)777254698,Haas-Maurer,CH,doi,1977-12-12,e2:ca:fc:73:9b:43,$13.72,Asia/Saigon
joëlle.gloor@gmail.com,JB-0784-4987-BANK,+41765025134,Hauser LLC,CH,ber,1995-10-23,e9:c0:76:79:35:9c,$5.85,America/Paramaribo
aurel.kern@proton.ch,JB-2491-5115-BANK,0796707478,Bucher Inc,CH,mk,1996-06-17,06:d1:1c:fc:b0:98,$29.90,Africa/Cairo
claus.staub@aol.com,JB-6840-7940-BANK,+41771651629,"Beck, Beck and Seiler",CH,shs,2014-11-30,18:67:cf:6b:4c:69,"$7,455.22",Asia/Dhaka
marie-louise.steiner@aol.com,JB-3878-0575-BANK,+41 782903255,"Gfeller, Knecht and Brun",CH,fa,2010-04-07,77:d5:e4:11:eb:f0,$6.89,Atlantic/Reykjavik
niko.weibel@gmail.com,JB-6885-0728-BANK,0775004391,Hürlimann LLC,CH,kw,1974-02-13,fa:5d:10:57:0d:b4,$620.03,America/Tegucigalpa
aurel.meyer@hotmail.com,JB-1518-3341-BANK,+41781641679,Schär-Lüscher,CH,ber,2019-12-01,36:5f:58:ac:fa:cc,"$6,799.51",Pacific/Ponape
yasin.huber@msn.com,JB-6925-1956-BANK,+41 0777777067,Wenger-Fischer,CH,cmn,2008-06-27,88:f2:8b:da:d2:df,"$43,668.44",Africa/Addis_Ababa
cindy.wirz@hotmail.com,JB-6124-6369-BANK,+41 762215732,"Hasler, Brunner and Hofer",CH,zh,1976-01-31,3a:07:83:d1:73:5b,"$26,951.79",America/Belize
heiko.zürcher@gmx.de,JB-6597-1414-BANK,+41 0796630750,"Flückiger, Wolf and Giger",CH,niu,1992-10-21,bf:4b:90:a2:5f:dc,$38.25,Asia/Bahrain
donatella.sutter@gmail.com,JB-0299-0936-BANK,+410782186068,"Blum, Stettler and Betschart",CH,mk,1972-07-23,5a:f2:97:da:40:f0,$847.80,Europe/Brussels
amélie.schlatter@msn.com,JB-3166-2708-BANK,+410790107025,"Schaller, Benz and Stadelmann",CH,hsb,1989-09-11,29:3c:c5:23:66:bc,"$76,079.25",Africa/Gaborone
ida.winkler@aol.com,JB-5278-2254-BANK,0786690621,Benz PLC,CH,the,2023-01-14,98:a2:c5:2c:c8:06,$58.50,Asia/Aqtau
muriel.keller@msn.com,JB-2591-3532-BANK,+410791083589,"Eugster, Eugster and Egger",CH,fo,1976-02-26,11:66:e1:7d:3c:65,"$87,486.87",Asia/Phnom_Penh
eva.brunner@aol.com,JB-1378-5259-BANK,+410793293831,Imhof-Mettler,CH,sr,2004-04-20,01:40:ac:01:9f:c4,$1.06,Atlantic/Canary
norbert.scheidegger@gmx.de,JB-3742-4419-BANK,+41 0782393643,Baumgartner PLC,CH,uz,2007-11-06,22:3e:ac:df:57:38,$92.46,Africa/Algiers
estelle.rey@aol.com,JB-2273-2421-BANK,+41 765514287,Müller-Hürlimann,CH,shs,1975-07-13,8f:a5:45:f7:84:45,"$9,341.42",Europe/Copenhagen
sami.schwab@aol.com,JB-4867-7332-BANK,+41785162880,Portmann LLC,CH,iw,2003-11-28,f1:d7:4a:3e:ad:24,"$24,294.15",Africa/Maputo
elisa.moser@proton.ch,JB-4162-3393-BANK,+41(0)773442420,Meyer-Lang,CH,os,1995-05-01,24:46:c3:7c:5f:a2,$6.89,Asia/Katmandu
ingeborg.eichenberger@aol.com,JB-4402-0705-BANK,0761156996,Bernasconi-Bianchi,CH,dv,1980-12-29,82:67:62:75:e6:84,$1.11,Africa/Monrovia
kristian.walder@aol.com,JB-5844-1462-BANK,+41 772585163,Merz LLC,CH,ks,1996-07-10,08:32:8b:3c:2a:a3,"$59,713.67",America/Panama
isidor.zehnder@msn.com,JB-1965-0324-BANK,+41774001655,Scherrer-Eugster,CH,el,1985-07-20,13:41:87:08:53:5b,$5.38,Europe/Minsk
sonia.käser@msn.com,JB-6684-5137-BANK,+41 0773332678,Zingg-Bosshard,CH,fi,1999-09-01,0f:63:70:93:ee:cf,"$52,742.73",Africa/Brazzaville
florentina.wenger@gmx.de,JB-2795-0284-BANK,0780471159,"Müller, Herzog and Merz",CH,zu,1985-02-09,5c:03:c4:d4:a9:24,"$91,764.66",America/Havana
till.fischer@proton.ch,JB-1597-1363-BANK,+410774332129,Häfliger and Sons,CH,mhr,1989-06-21,c5:6e:6f:17:11:48,"$8,099.87",Asia/Thimphu
carina.beck@msn.com,JB-6094-0238-BANK,+410775563827,Schnyder PLC,CH,zu,2003-07-02,e9:07:5c:b7:ee:89,$817.58,Asia/Bahrain
dimitri.sidler@proton.ch,JB-2937-7336-BANK,+41787922855,Benz-Haas,CH,yo,2020-12-25,83:66:83:ff:9c:94,$8.92,Asia/Tbilisi
sadik.albrecht@gmx.de,JB-6212-5567-BANK,+41 0765495649,Koch-Aebi,CH,tg,1991-07-11,2c:48:f8:d3:d9:36,"$46,008.01",America/La_Paz
lothar.jäggi@proton.ch,JB-0558-3583-BANK,+41 0777870456,Wegmann Inc,CH,lv,1993-12-16,74:25:49:c1:f2:46,$24.45,Africa/Monrovia
remzi.grob@proton.ch,JB-1512-5541-BANK,+41 785564933,Stauffer and Sons,CH,lt,1995-12-19,71:bd:1d:08:af:e8,"$7,508.36",America/Dominica
josefine.jäggi@proton.ch,JB-0907-3824-BANK,+41 787295498,"Sutter, Hafner and Spörri",CH,eo,1983-09-30,2e:bd:d6:73:42:8a,$420.18,Africa/Khartoum
hendrik.marti@gmx.de,JB-5057-6297-BANK,+410770995073,Schwarz Group,CH,lt,1972-01-12,54:10:dc:af:24:55,$1.63,Europe/Sarajevo
