phone,fullname,iban,time,file_name,timezone,latitude,language_name,date,country,iso8601,date_time,city,pricetag
+410764494490,Harun Wüthrich,CH0878982318654965278,21:17:35,ea.pages,America/St_Vincent,47.5628155,Telugu,2008-07-30,Botswana,1971-10-11T11:04:10,1997-10-07 06:24:38,Martigny,$4.55
+41780210654,François Huber,CH4241569680340240034,16:31:10,ut.json,Africa/Kampala,-30.517680,Fijian,2021-03-12,South Africa,1998-10-01T01:52:35,2023-06-20 10:59:48,La Chaux-de-Fonds,$609.86
+41 0796802362,Christos Aebi,CH5824792977290267658,02:25:38,sint.css,Africa/Nairobi,-86.391182,Faroese,2004-03-07,United Kingdom,1989-01-16T18:04:11,1986-07-01 10:32:06,Basel,"$5,628.76"
+41 0785451546,Raphaël Zbinden,CH4312488187198985998,03:42:49,debitis.wav,Europe/Bucharest,39.2483335,Swahili,2008-03-14,Suriname,1995-04-24T22:25:47,2016-02-15 06:20:01,Romanshorn,$4.42
+410773802884,Visar Egger,CH6221699508771338380,21:37:13,iste.xlsx,Indian/Comoro,-19.5052235,Interlingua,1995-04-06,Papua New Guinea,1996-07-11T00:16:46,2003-04-27 23:16:03,Spreitenbach,"$3,936.83"
+41 0765716288,Diar Gerber,CH8176401343759434191,01:40:44,quo.pptx,Asia/Pyongyang,-69.798037,Galician,2014-08-23,Luxembourg,1977-10-12T05:14:24,2002-09-11 19:48:54,Wil,"$32,586.98"
0764686269,Radmila Wüthrich,CH0732751795539004921,20:35:25,veritatis.avi,America/Dominica,16.0980055,Vietnamese,1983-01-15,Federated States of Micronesia,1975-04-25T13:33:29,1975-04-15 11:24:22,Binningen,"$17,352.46"
+41 761217418,Said Walder,CH8396769021520779322,02:24:33,aliquam.ppt,America/Maceio,26.5950855,Norwegian Nynorsk,2010-10-18,Bosnia and Herzegovina,1984-08-20T14:21:54,2001-03-29 02:39:51,Gossau,$10.07
0784707491,Katalin Graf,CH5735205732405608664,17:02:49,pariatur.js,Asia/Damascus,-49.246671,Bislama,2003-03-04,Grenada,2013-05-03T19:22:48,2008-07-19 21:27:28,Einsiedeln,$90.87
0784230340,Jamie Walder,CH8584677464955392414,04:00:21,at.html,Europe/Warsaw,-70.288882,Inupiaq,1984-09-01,El Salvador,1989-11-05T18:09:53,1970-10-28 07:05:51,Delsberg,$818.80
+41 0760967625,Tina Grob,CH1547892826955035885,21:15:50,quos.mov,Asia/Kuala_Lumpur,-83.7825375,Romanian,1996-04-01,Cambodia,2015-04-21T14:37:17,2014-02-16 17:01:02,Aarau,"$2,717.78"
+41 0793812827,Arno Portmann,CH8542093261641808357,19:38:18,id.xls,Africa/Tripoli,-89.4487615,Aymara,2022-08-18,Liechtenstein,1992-11-10T21:58:54,1973-07-01 13:02:04,Adliswil,$8.87
+41(0)782622733,Alois Steiner,CH4509475739537553560,13:21:42,nesciunt.mov,Europe/Prague,59.5505355,Venda,1982-01-20,Cyprus,1992-09-23T02:00:11,2012-02-25 13:05:02,Thônex,$53.18
+41 785444402,Aldin Beck,CH2710297504100355645,20:50:27,modi.odp,Asia/Muscat,67.741516,Tibetan,2010-03-22,Estonia,1991-11-29T00:32:44,2011-10-09 09:44:25,Villars-sur-Glâne,"$3,288.84"
+41 793736997,Biljana Gloor,CH7012562417350354132,03:34:56,odio.tiff,America/Costa_Rica,-49.675617,Assamese,2022-01-27,Venezuela,2004-10-13T10:03:44,1984-10-07 01:41:51,Möhlin,"$37,906.55"
+41763261786,Agatha Bühlmann,CH1435678593960633438,09:59:31,aspernatur.css,Indian/Comoro,43.898166,Lao,2014-09-14,Vietnam,1970-02-21T05:39:17,1975-06-29 23:56:58,Luzern,"$6,532.76"
+410791143000,Joel Hartmann,CH9159834404639386065,00:19:45,aperiam.pptx,Europe/Bucharest,-19.871238,Dzongkha,1984-12-19,Tunisia,1997-02-09T00:51:19,1976-02-17 06:26:38,Frauenfeld,$7.80
0773615828,Margaux Herzog,CH8082975611754689784,23:06:40,dolorem.mov,Africa/Kinshasa,-23.9598245,Slovenian,1991-08-25,Egypt,2020-07-26T05:52:04,1998-08-04 05:30:07,Montreux,"$62,921.21"
+41 0780461421,Neil Küng,CH1834310815240461167,22:19:36,ratione.flac,Africa/Conakry,79.2682475,Kurdish,1975-02-03,Niger,1981-11-02T17:49:00,1982-04-22 00:01:16,Männedorf,"$2,396.37"
+41 772796618,Erica Zingg,CH4384031746180755646,13:37:48,distinctio.avi,America/Swift_Current,-76.4669565,Bengali,2014-03-14,Mexico,2013-01-19T20:42:24,1996-04-03 21:08:16,Olten,"$11,398.94"
+41 776155744,Jolanda Kern,CH4146140059832805420,07:00:09,ratione.txt,Africa/Tripoli,39.217307,Wolof,2017-05-15,Finland,1972-06-02T17:41:09,2023-03-13 15:47:56,Carouge,$89.68
+410796660833,Shpresa Lüscher,CH0415657001735703093,05:15:50,dolorum.wav,Africa/Khartoum,-70.298675,Korean,2023-02-13,Armenia,2018-12-19T02:49:19,2013-12-30 15:26:54,Wallisellen,$6.29
+41793345188,Ines Betschart,CH5498108379135412066,18:39:56,voluptatibus.jpeg,Europe/Prague,-24.181510,Uzbek,1975-08-08,Tuvalu,1973-05-27T06:11:59,2019-03-30 05:48:06,Veyrier,$392.12
0761086679,Nevio Schnyder,CH5319827210528104194,02:16:03,dignissimos.doc,America/La_Paz,-55.623548,Corsican,1987-05-01,United States,2014-01-21T00:11:08,2016-07-30 03:54:30,Sarnen,$58.41
+410795151764,Chris Giger,CH6286148862671010774,09:12:16,necessitatibus.jpg,America/Goose_Bay,44.3492905,Chinese,2014-04-29,East Timor,1996-09-12T12:50:33,1977-07-28 04:41:12,Meilen,"$75,729.14"
+41790142505,Alessio Schaller,CH5022198773698010854,13:06:29,aliquam.jpeg,Africa/Casablanca,-40.125784,Polish,1975-03-13,Saudi Arabia,1986-06-21T14:32:31,2019-08-19 16:39:29,Stäfa,"$9,254.61"
+41 772657608,Gino Peter,CH8558627426861200288,01:06:03,ea.mov,Africa/Dakar,-31.3811345,Inupiaq,2012-11-28,Belgium,1975-01-31T21:18:27,1989-07-16 03:50:56,Montreux,"$77,064.24"
0786796864,Maja Stucki,CH3870480704136600732,20:11:43,necessitatibus.avi,America/Nassau,19.931290,Georgian,2004-10-23,Vanuatu,2003-07-12T21:39:09,2011-06-19 20:25:39,Mendrisio,"$60,982.99"
+41773931008,Asia Kägi,CH1135741110729191863,22:01:22,laborum.flac,America/Guatemala,0.351912,Twi,1979-05-31,El Salvador,1985-10-07T00:34:16,1989-03-20 13:10:41,Glarus,$481.15
+41 0780740237,Rudolf Bieri,CH5762338941849140840,14:58:03,explicabo.csv,Asia/Qatar,60.141606,Catalan,1971-03-17,Mali,2009-08-28T20:57:31,1987-08-20 22:40:30,La Tour-de-Peilz,"$56,820.60"
0761355102,Flora Schneider,CH5552185545011500801,21:03:07,odio.ods,Asia/Kuwait,87.274379,Kashmiri,2013-11-15,Sudan,2013-02-03T02:29:12,2002-09-12 19:58:03,Brig-Glis,$17.59
+41(0)774962747,Lana Kunz,CH9422278016292654541,09:12:56,vero.odp,Africa/Johannesburg,-73.631364,Inuktitut,2001-04-26,Kuwait,1974-10-18T01:37:24,1995-08-22 00:46:37,Rheinfelden,$294.10
+41 796212907,Amelia Kuhn,CH7842325414144929163,23:22:40,aspernatur.wav,Pacific/Funafuti,-71.5456155,South Ndebele,2007-06-02,Hungary,1979-04-07T08:13:06,2000-03-01 13:30:46,Ittigen,$83.22
+410766680764,Rosetta Senn,CH8879621629396623700,11:58:30,voluptates.gif,America/Argentina/Catamarca,-38.1746195,Limburgan,1971-04-22,Cameroon,2017-03-17T00:55:33,2022-11-28 03:11:38,Freiburg,"$9,105.19"
+410786605161,Milos Peter,CH9560932720109977769,14:11:58,facilis.pptx,America/Recife,-45.977398,Xhosa,2015-11-25,Laos,2000-03-02T19:29:58,2022-09-13 14:45:32,Zürich,$566.91
+41791422518,Leyla Schoch,CH8313551689635067024,18:04:35,consectetur.webm,America/Costa_Rica,18.8801945,Latvian,1987-07-04,Brazil,2003-12-10T21:26:06,2016-05-16 17:29:10,Ostermundigen,$79.87
+41 0783782087,Daniele Friedli,CH3037539498227370964,04:06:29,laudantium.csv,America/Costa_Rica,55.8628875,Luxembourgish,2000-02-28,Saint Kitts and Nevis,1976-09-17T22:55:38,1977-06-23 19:13:12,Meilen,"$5,315.38"
+41(0)771945348,Lidia Ott,CH8559719818194068404,23:21:47,recusandae.gif,Europe/Sofia,-89.8691455,Northern Sami,2013-02-21,Panama,1970-12-02T07:11:17,1989-11-29 18:16:55,Bernex,"$3,728.18"
+41794417534,Sara Meili,CH2593466061350668707,02:07:53,nesciunt.flac,Europe/Tallinn,85.3634135,Northern Sami,2018-08-23,Panama,1997-06-16T20:12:45,2004-11-15 23:56:51,Rüti,$86.04
+41773755933,Imer Schuler,CH8622133026003813443,16:14:24,molestiae.jpg,America/St_Vincent,-81.8998335,Luxembourgish,1976-12-12,Saudi Arabia,2006-11-09T00:24:53,1996-03-08 22:12:21,Steinhausen,$673.78
0772285846,Luís Marti,CH9250587317650592165,16:51:03,exercitationem.csv,Africa/Ndjamena,-44.9180645,Sindhi,2007-01-22,Malaysia,2010-12-21T06:07:45,1984-07-16 19:51:19,Münchenstein,$843.65
0790320846,Gil Probst,CH4655507201846475043,10:01:07,nesciunt.tiff,Pacific/Galapagos,86.8844495,Pali,1977-03-29,Greece,1994-09-19T04:16:50,2010-12-17 02:55:52,Bulle,"$75,073.12"
0780961381,Eliana Siegrist,CH6141255642421718545,12:42:28,consequatur.png,America/El_Salvador,-29.4702735,Malayalam,2009-05-18,Honduras,1977-05-20T19:23:28,1980-01-22 15:00:32,Thônex,"$7,035.59"
+41766442549,Lydie Jenni,CH9694613631353124048,16:01:39,fuga.bmp,Europe/Budapest,14.9241675,Nepali,2005-10-30,Turkmenistan,2017-08-29T18:05:41,1990-06-28 16:32:28,Pully,$5.50
+41 774161282,Jiri Schweizer,CH9745526741854780678,02:03:04,ipsam.mp3,Africa/Blantyre,-80.4749145,Corsican,2004-01-10,Palau,2021-12-20T00:54:43,1984-03-28 09:07:06,Schwyz,"$3,715.40"
+41(0)776387475,Sabina Näf,CH7011513957450304624,00:44:41,totam.txt,Asia/Qatar,-29.8925735,Tamil,1986-05-08,Cameroon,2013-01-30T00:51:52,1997-09-30 11:31:00,Hinwil,"$7,480.57"
0783592983,Rachel Ziegler,CH8727264564219285692,14:39:32,molestiae.js,America/Costa_Rica,47.852985,Tswana,1983-12-06,Saint Lucia,1970-11-14T17:56:13,2019-07-24 05:52:24,Sarnen,"$6,557.59"
0770020406,Pierina Frick,CH3802469180717576207,05:05:58,quasi.png,Europe/Copenhagen,2.4922135,South Ndebele,1977-05-09,Dominican Republic,1973-05-13T08:32:15,1979-07-02 02:39:19,Mendrisio,$21.93
+41 786731922,Orlando Walder,CH2030952680405079661,14:23:09,totam.wav,America/Managua,26.663289,Indonesian,1981-04-10,Bulgaria,1984-11-24T18:08:46,1988-05-09 09:04:32,Wettingen,$2.76
+41 797543999,Renata Furrer,CH7711120884241126730,05:02:17,laborum.wav,America/Bogota,-11.8995955,Navajo,2011-05-17,France,2012-01-28T09:27:18,2001-07-05 15:20:51,Wald,$855.28
+410783985552,Mira Bolliger,CH1262918265332535459,20:43:45,mollitia.json,America/Belize,-25.8417665,Occitan,2009-06-04,Romania,1992-02-02T06:24:57,2017-12-08 19:40:12,Veyrier,"$6,783.85"
+41771293983,Giuseppa Suter,CH6512936979715659057,19:01:48,omnis.flac,Europe/Amsterdam,64.3481185,Latin,2014-05-16,Moldova,1974-12-27T12:41:26,1985-08-08 12:54:25,Wil,$9.14
+41(0)786813035,Mathis Roth,CH7423242890452668986,14:53:43,provident.ppt,Africa/Nouakchott,26.502773,Luxembourgish,1990-11-09,Cyprus,1984-01-13T20:24:47,2010-02-14 16:39:41,Oberwil,"$72,358.21"
+41(0)766772003,Arian Isler,CH3113680575443503578,12:58:26,accusantium.webm,Africa/Cairo,30.1996105,Luba-Katanga,1997-05-06,Slovakia,2019-02-16T20:29:13,2003-05-18 01:27:42,Romanshorn,"$2,995.93"
+41 794771483,Igor Fischer,CH6854200593345107382,23:57:45,recusandae.mp4,Europe/Ljubljana,-44.571639,Russian,1981-10-11,Paraguay,2003-08-16T07:14:54,2019-09-12 04:19:29,Lutry,$521.45
0797964870,Artur Senn,CH6253012747788148044,03:54:11,itaque.webm,America/Tegucigalpa,88.4679485,Czech,1980-04-11,India,2012-03-30T20:20:29,1979-07-05 10:35:03,Wohlen,"$9,579.37"
+41 760091380,Cristiana Beck,CH3605970526211994403,21:10:16,eum.xlsx,America/Belize,22.6468365,Uzbek,2005-10-03,South Korea,1981-09-25T00:09:48,2014-01-31 03:20:41,Wohlen,$6.12
+41 780993628,Faruk Amrein,CH5037007738476042627,00:49:29,impedit.bmp,Africa/Kinshasa,54.997186,Fulah,2021-03-28,Bulgaria,2007-03-11T19:12:44,2021-07-20 00:43:55,Flawil,$7.57
0792920328,Claus Fankhauser,CH7150411304796077147,22:11:41,placeat.key,America/La_Paz,57.3026295,Finnish,2004-08-05,Luxembourg,1995-08-13T19:50:19,2007-10-03 06:13:35,Lausanne,"$12,068.65"
+410775232548,Myrtha Kern,CH7550135191267703416,12:45:18,sint.gif,Europe/Tirane,-89.243215,Luxembourgish,2002-10-07,Samoa,1993-04-04T10:18:59,2019-06-06 07:55:06,La Tour-de-Peilz,$5.66
+41(0)780805424,Celina Hess,CH4311899670072281621,17:59:40,assumenda.mov,America/St_Kitts,-50.073119,Albanian,2009-05-14,Guyana,1973-04-28T01:10:34,1993-03-02 15:57:57,Onex,$563.78
0771487542,Andrea Stadelmann,CH1119990486587176809,00:58:24,consectetur.json,Pacific/Nauru,-15.3547805,Igbo,1982-11-08,Cuba,2022-03-06T00:39:36,1971-08-09 05:39:55,Monthey,$96.85
+41 0776547542,Susana Rey,CH0582604323306391684,22:31:08,quae.css,America/Costa_Rica,-44.543375,Norwegian,1984-06-15,Myanmar,1976-09-08T07:28:03,1988-03-30 14:43:57,Richterswil,$49.72
+41783970373,Daria Probst,CH4107194589909836756,03:06:54,explicabo.txt,Pacific/Guadalcanal,80.515807,Malay,2005-09-16,Bosnia and Herzegovina,2021-05-07T05:43:22,2014-06-28 15:03:53,Birsfelden,$687.51
+41(0)766417087,Alberto Keller,CH3175103298001087330,14:08:12,molestias.mp3,Asia/Brunei,-43.0459845,Afar,1990-07-22,Norway,1970-04-30T03:18:43,1973-06-13 01:42:46,Cham,$645.98
+41 0784586538,Drilon Gut,CH9161821950585352544,09:00:09,dignissimos.webm,Europe/Samara,-76.862126,Maltese,1999-04-16,Algeria,2000-05-13T23:22:03,1992-07-29 23:22:58,Arth,$93.91
+41 0773186004,Hedwig Huber,CH4577652207785871590,23:53:11,quasi.pages,Asia/Colombo,85.288517,Swedish,2010-09-30,Tunisia,2020-10-26T19:46:22,2013-09-11 14:01:02,Stäfa,"$61,498.60"
0792710172,Jael Stalder,CH8867840987589904076,04:16:55,accusamus.flac,Africa/Douala,71.9696075,Afrikaans,1979-02-26,Bahrain,2014-06-08T00:23:37,1991-09-09 21:27:50,Horgen,"$1,872.76"
+410766271082,Udo Schnyder,CH4759611949811634017,14:00:08,aut.mp4,Asia/Samarkand,37.947998,Nepali,1976-05-01,Malaysia,1984-04-04T17:31:57,2000-07-04 21:41:58,Lancy,"$26,296.97"
0766910385,Jonas Mayer,CH7523532066738810853,07:26:13,dolores.html,Africa/Dakar,28.3445025,Gujarati,1997-12-12,Latvia,1984-06-24T12:49:09,2014-05-26 06:22:23,Freienbach,"$9,011.82"
+41 0772327530,Concetta Näf,CH2617139240791061985,10:03:47,maiores.mp3,Europe/Bratislava,-6.284241,Malay,2012-10-22,Egypt,1979-01-29T12:37:38,2004-05-24 23:54:05,Einsiedeln,$19.08
+41 760882874,Jacqueline Senn,CH4417572715546021261,03:14:44,praesentium.bmp,Europe/Dublin,19.2954255,Slovak,1986-01-01,San Marino,2019-05-30T11:48:48,1989-12-16 05:01:44,Amriswil,$1.07
+41(0)795111078,Erich Graf,CH7719847188186644401,23:47:47,temporibus.flac,Pacific/Port_Moresby,46.4798855,Icelandic,1995-01-01,Democratic Republic of the Congo,2003-05-31T02:57:16,2014-07-14 05:43:53,Steffisburg,$44.99
+41 770403405,Geneviève Gross,CH2674640671205147088,09:27:22,nihil.key,Africa/Tripoli,28.607859,Burmese,1970-03-27,Chile,1988-08-02T05:09:56,2020-08-16 09:21:27,Solothurn,"$40,088.10"
+41(0)766723136,Leonie Egli,CH0733460564494210758,07:23:23,sapiente.mov,Australia/Perth,38.073364,Greek,2020-07-14,Ukraine,1995-01-19T21:50:27,2022-10-24 21:26:38,Chur,"$6,335.39"
+41(0)797923491,Petar Bühlmann,CH8521701384301990801,22:51:32,molestiae.json,Europe/Brussels,-11.5215035,Afar,1980-10-03,Mozambique,1973-06-29T01:09:17,1988-11-05 02:39:49,Crans-Montana,$337.78
+41(0)783907702,Sandy Schmid,CH7941562244184903416,07:15:43,sed.flac,Asia/Ashgabat,50.386771,Ukrainian,2013-07-16,East Timor,2003-11-16T11:09:04,1997-05-19 03:13:47,Wohlen,"$9,040.17"
+41(0)780415848,Rebekka Schneider,CH6999938929814072288,15:16:42,eos.bmp,Africa/Bamako,-79.234999,Kannada,1980-03-18,Azerbaijan,1992-08-21T00:51:27,2005-02-03 22:22:12,Delsberg,$36.01
+41(0)763546494,Hélène Lüthi,CH7212757567627152220,11:43:46,qui.txt,Asia/Karachi,87.949294,Bihari languages,1995-04-12,Chad,1982-08-24T01:05:37,1972-09-07 00:43:42,Naters,$869.44
+41(0)785101775,Quentin Kägi,CH2968837381136582282,20:30:31,incidunt.css,Africa/Nouakchott,39.8109095,Pushto,2016-06-05,Switzerland,2019-01-01T04:00:50,2011-07-17 00:57:52,Muri,"$36,620.84"
+41 0774773623,Audrey Mäder,CH9718933554742601757,23:26:56,tempora.docx,Asia/Samarkand,-76.5043585,Chechen,2013-03-12,Vietnam,1989-11-10T14:53:54,2021-08-22 07:43:32,La Tour-de-Peilz,$210.34
0784446110,Hansueli Kälin,CH4089394494458800273,04:27:49,aut.odt,Africa/Bissau,78.112779,Urdu,1981-10-18,Sri Lanka,1976-01-04T06:40:06,1993-05-31 00:52:39,Risch,$66.83
+41 0762461848,Clemens Maier,CH0623394972048912551,20:48:47,pariatur.mov,Africa/Dakar,73.2528925,Hindi,2010-09-15,Sierra Leone,2005-02-18T05:42:30,1997-07-25 17:47:37,Lyss,"$61,133.51"
+41793694657,Leopold Martin,CH2360285614331942483,18:25:57,similique.js,Asia/Bishkek,46.7546735,Finnish,2014-07-17,Mozambique,1977-03-13T18:27:56,1976-08-26 21:08:01,Vernier,$63.65
+41 766130093,Marie-Laure Schoch,CH0919353113717874169,17:02:35,fuga.jpeg,Asia/Calcutta,-51.7115255,Turkmen,1977-05-30,Finland,1981-01-06T00:53:23,1979-07-15 21:41:56,Le Grand-Saconnex,"$30,495.11"
+410793236340,Geraldine Bühlmann,CH5955020827863552591,12:06:11,amet.key,Asia/Amman,-25.665734,Slovak,2004-06-10,Benin,1988-09-04T15:41:02,1980-12-24 01:27:18,Zollikon,$247.12
+410770320308,Valerio Baur,CH6954050931760502671,23:04:09,impedit.csv,America/St_Vincent,-25.019926,Central Khmer,2001-06-20,Guinea-Bissau,2019-01-06T18:01:52,1971-08-03 00:24:56,Glarus,$83.91
+41763225617,Kristin Hunziker,CH5455871514174808163,19:46:01,provident.ods,Asia/Bishkek,-9.171954,Hausa,1990-01-04,Portugal,1980-04-15T03:55:15,1984-10-23 18:47:52,Neuhausen,$65.69
+41 0760626403,Paolo Meili,CH0802068052323765629,00:49:26,labore.jpg,Asia/Rangoon,-6.5732385,Finnish,2011-11-12,Andorra,1978-11-19T06:00:49,2014-07-06 19:15:10,La Tour-de-Peilz,"$6,791.22"
+41 0797145509,Florence Wehrli,CH8844490252993370504,03:45:37,odit.docx,Africa/Bujumbura,84.7641285,Panjabi,2017-08-06,Guinea,1997-07-23T09:45:13,2017-07-27 23:24:41,Oftringen,"$16,697.47"
+41 795531751,Raffaele Tanner,CH5884040797861042031,17:22:20,fuga.xlsx,Asia/Chongqing,3.2565975,Dutch,2007-05-30,Federated States of Micronesia,1971-05-16T10:40:26,2004-04-29 11:25:25,Crans-Montana,$7.58
+41(0)777223805,Leonard Michel,CH5510266871393627399,06:18:47,quidem.txt,Pacific/Port_Moresby,-44.804496,Indonesian,2006-06-11,Latvia,1991-01-02T01:46:51,2009-10-07 12:46:30,Gossau,$7.61
+41 775180502,Kemal Wirth,CH2076580237545843897,15:11:44,tenetur.webm,Europe/Amsterdam,88.6118985,Burmese,1988-12-22,Ecuador,1977-08-12T10:10:32,1993-08-22 20:47:35,Bern,$65.42
+41796663141,Nives Wehrli,CH4384896807249012581,11:27:57,molestiae.png,Pacific/Palau,42.623326,Persian,1994-03-11,Sierra Leone,1988-09-21T18:49:07,2013-08-30 09:48:34,Meyrin,"$63,897.90"
+41(0)776191600,Lucy Felder,CH8249048313832060110,18:40:47,quasi.avi,Asia/Damascus,-18.487714,Arabic,2014-04-26,Rwanda,1978-01-01T00:23:44,2014-07-09 16:46:34,Frauenfeld,$85.83
0770807052,Paulina Bader,CH1649025287083390075,04:48:53,numquam.wav,Europe/Zagreb,67.5018745,Malagasy,1985-09-18,Brazil,2018-02-01T06:32:42,2008-05-27 10:20:29,Aigle,"$10,374.81"
+41 0764654429,Charlotte Wyss,CH8179264832237461654,08:58:34,incidunt.bmp,Pacific/Tongatapu,36.047604,Kanuri,1988-07-12,Bahrain,1992-01-11T06:22:30,1987-04-07 08:50:01,Schaffhausen,"$7,112.87"
+41(0)762050336,Filipe Egli,CH6624395915016244975,18:02:10,doloribus.mp3,Atlantic/Reykjavik,-76.6259395,Hindi,1985-05-01,Grenada,1977-11-10T07:02:46,1975-12-08 08:46:36,Cham,$49.95
+41(0)771961237,Flavia Häfliger,CH7688503968240091216,12:33:47,enim.mp3,Africa/Lubumbashi,38.2738605,Afar,1990-04-07,San Marino,2002-03-04T21:56:20,1997-07-31 23:21:40,Vevey,"$8,299.73"
+41 770730034,Renate Meili,CH3629324568950351238,06:16:23,nihil.xls,Asia/Pyongyang,-10.950266,Dzongkha,1981-01-31,Monaco,1976-11-17T17:40:27,2012-10-16 14:29:05,Flawil,$9.70
0797262630,Artan Erni,CH8751604335635647025,09:41:50,fugiat.mov,America/Grenada,50.8658335,Romanian,2003-04-17,Bhutan,1999-05-09T08:55:06,2006-12-15 04:21:22,Maur,$818.94
+41761061904,Erik Haas,CH5341822454665796358,05:02:50,quae.key,Indian/Maldives,38.6016625,Fulah,2006-04-27,El Salvador,2021-06-05T18:30:37,2013-03-31 09:52:56,Münsingen,$2.86
+410764051691,Rüdiger Wettstein,CH2563056021484044995,20:20:33,nihil.txt,America/St_Vincent,39.826570,Pushto,2012-09-17,Slovenia,1972-02-21T05:51:59,1997-12-04 11:32:18,Carouge,"$40,839.16"
+41 774855408,Khadija Bader,CH7824971616203111951,13:14:28,voluptate.js,Africa/Banjul,-74.179323,Limburgan,2003-02-18,Paraguay,2001-08-16T00:56:46,2010-02-17 12:16:39,Freiburg,$992.39
+41 783681537,István Hunziker,CH5118797981051931296,14:48:50,exercitationem.txt,America/Belize,-30.079546,Ewe,2015-07-21,Sweden,1977-07-08T13:03:32,2023-07-07 12:45:46,Veyrier,$3.51
+41 775415395,Rinor Bachmann,CH9833601104500173898,05:09:34,laboriosam.jpg,America/Santo_Domingo,83.2643795,Estonian,1977-11-17,Estonia,1998-04-20T01:21:17,2014-04-14 01:36:34,Aigle,"$5,565.69"
+410782291022,Jean-Pierre Steinmann,CH7732136309807128574,07:12:08,laudantium.pages,Asia/Saigon,-84.800189,Herero,2019-08-13,Myanmar,2021-03-05T14:41:52,2010-11-12 11:56:03,Flawil,"$9,875.20"
+41 794794373,Amalia Hug,CH9187897607592582438,00:18:13,reiciendis.pages,America/Grenada,77.815783,Malay,1996-03-14,Finland,2008-09-24T13:28:22,1982-07-20 17:56:30,Locarno,$4.90
+410794247847,Kevin Bühlmann,CH9197352776524944440,18:33:20,dolore.bmp,America/Jamaica,-11.4255985,Pushto,1995-03-16,Sierra Leone,2003-05-03T22:15:26,2012-11-13 13:23:15,Pratteln,$134.20
+41(0)781374440,Gabriele Sidler,CH7060957380183485332,17:10:30,sequi.ods,Europe/Budapest,-71.0991135,Afrikaans,2000-03-26,Vatican City,2016-06-02T23:51:55,1999-03-17 02:29:14,Illnau-Effretikon,"$42,765.85"
+41 777720962,Mihajlo Maurer,CH2378551625089109063,23:34:34,possimus.js,Africa/Kampala,-44.433725,Chinese,2010-07-19,Singapore,1973-04-27T11:45:12,1978-07-22 04:07:15,Vevey,"$1,803.31"
+41 0767487635,Petra Hafner,CH7887348589228149530,06:49:22,saepe.jpg,Europe/Riga,-4.8432665,Czech,2021-04-20,Bahrain,2019-10-17T20:13:10,1985-04-11 17:40:38,Wald,"$14,870.34"
+41(0)787122452,Lorenz Lüthi,CH1385173705879116388,01:20:22,corrupti.mov,Europe/Skopje,41.464685,Norwegian Nynorsk,1990-01-25,Niger,1988-07-22T13:05:37,1992-12-07 08:02:11,Lancy,"$35,865.29"
+410794806142,Erik Bär,CH5292236732964038586,04:39:50,fugiat.avi,Africa/Djibouti,27.8540005,Oromo,2011-02-04,East Timor,2005-02-21T21:09:52,2022-01-28 09:40:19,Veyrier,$98.39
+41790715936,Sam Brunner,CH3027810393176362326,21:49:25,culpa.pages,Asia/Vientiane,80.252491,Georgian,1984-01-27,Mauritius,2004-01-13T16:33:53,2011-01-06 10:15:01,Ebikon,"$9,863.14"
0787492997,Michael Schlatter,CH0483118359865930424,10:53:10,et.tiff,Africa/Freetown,38.785207,Yiddish,2004-01-17,Eritrea,2011-01-23T14:39:48,1987-04-05 14:44:03,Münsingen,"$7,064.10"
+41772921050,Joshua Hotz,CH5617548760060632812,20:28:33,numquam.css,Europe/Skopje,23.6161845,Czech,2014-06-23,Guatemala,1976-12-31T09:48:13,2021-11-24 20:15:42,Worb,"$57,264.22"
+41 775881695,Gabriele Maier,CH7970834578004998706,03:39:52,nihil.mp3,Africa/Abidjan,-11.9170345,Urdu,1979-08-02,New Zealand,1973-09-19T23:41:15,1980-07-29 01:47:29,Villars-sur-Glâne,"$62,129.37"
0782562642,Willi Bieri,CH6239925447562558639,08:49:57,aspernatur.wav,Africa/Banjul,6.710817,Hiri Motu,2013-02-02,Egypt,2021-08-07T22:37:39,2011-10-08 10:17:42,Zug,"$3,610.12"
+41 766351473,Predrag Wettstein,CH6099409515888709274,18:59:48,veniam.bmp,Pacific/Kosrae,-23.1947055,Tsonga,1993-10-24,South Korea,2021-09-18T06:16:54,1995-06-21 01:58:04,Liestal,$42.83
+41(0)773763217,Yvette Widmer,CH7191011288478444611,13:39:02,exercitationem.flac,Atlantic/Canary,-73.8982645,Estonian,2008-08-09,Papua New Guinea,1998-05-31T20:12:00,1985-10-31 06:43:46,Onex,$3.60
+41 0761806814,Lucas Hürlimann,CH7584882996224634835,19:29:07,accusantium.avi,Africa/Nouakchott,2.8763205,Chichewa,1977-11-14,Jamaica,1981-08-23T03:54:26,2007-10-01 12:06:03,Bellinzona,$3.06
+41764837370,Norbert Fuchs,CH8033097389929760731,06:19:55,fugiat.flac,Pacific/Port_Moresby,80.8180495,Norwegian,1990-06-18,France,1993-10-05T02:22:39,2021-06-09 20:06:42,Volketswil,$674.17
+41 767280573,Oswald Wegmann,CH5362123831050111791,11:58:27,iure.wav,Africa/Harare,47.334927,Tonga,2020-01-25,Nauru,1990-01-31T08:27:49,2008-07-28 18:22:59,Payerne,$7.23
+410791110020,Jaqueline Graf,CH5260260296408338128,02:46:45,mollitia.csv,Africa/Blantyre,-86.1599545,Western Frisian,1971-03-14,Peru,2006-07-29T00:26:19,1978-10-26 23:16:01,Glarus,$3.78
+41791963408,Ardit Lüscher,CH3370306111955474875,18:47:30,nihil.avi,Africa/Dakar,36.660053,Corsican,1981-06-07,Algeria,1979-12-24T13:01:49,2006-10-28 09:42:56,Lutry,"$9,367.05"
+410780846425,Jutta Bär,CH5076132257652156125,22:02:02,veritatis.numbers,Europe/Brussels,75.6283395,Chichewa,2003-08-29,Iraq,1980-07-13T01:38:42,2001-09-24 10:19:13,Wil,$9.64
+41(0)770235041,Aylin Leu,CH2737939553790113757,04:04:27,consectetur.mov,Europe/Athens,37.4103605,Hiri Motu,2019-08-06,Vatican City,1975-11-04T22:59:06,2002-09-22 00:20:50,Montreux,"$2,813.91"
+41785470645,Dietmar Meier,CH3848405273432163606,09:04:32,ipsa.pdf,Europe/Dublin,87.226654,Norwegian,1978-07-26,Jamaica,2011-08-24T05:17:03,2020-09-06 19:38:22,Wohlen,$65.88
0763622236,Bettina Ziegler,CH8281880942295907821,06:28:32,quos.docx,America/Havana,27.871599,Oromo,1973-09-22,Benin,1980-12-05T21:39:04,1981-04-10 18:30:15,Delsberg,"$52,906.50"
+410795041596,Daniel Küng,CH7215388449257680207,07:09:46,debitis.flac,Africa/Freetown,-44.654043,Bengali,2022-07-17,Romania,1987-02-07T14:09:50,1992-07-16 05:36:54,Weinfelden,$7.44
+41 0765444183,Hedwig Favre,CH1479998107673604714,20:51:41,delectus.wav,Europe/Ljubljana,20.869146,Portuguese,1994-03-27,Federated States of Micronesia,2021-09-25T23:14:12,1979-07-31 11:20:43,Herisau,$457.38
+41 767584943,Noëmi Kern,CH2863692153167895450,23:49:29,eum.flac,Africa/Dakar,84.6951495,Swati,1988-09-01,France,1990-01-17T03:19:00,1986-11-10 22:12:53,Worb,$41.63
+41(0)792225441,Alea Zimmermann,CH1450663853683834591,00:46:47,error.css,Europe/Vienna,89.467193,Thai,2006-07-28,Laos,2005-05-02T01:53:13,1995-05-07 14:17:10,Vernier,"$13,048.00"
+41 786396109,Tanja Bauer,CH0722518528798976884,04:52:26,numquam.ppt,Europe/Vaduz,-84.036563,Italian,2008-11-25,Ethiopia,1974-04-06T15:24:44,2020-07-30 18:56:36,Münchenstein,"$6,364.79"
+41 771276549,Davide Schmidt,CH8653129137796305846,21:12:31,enim.mp3,Africa/Freetown,67.745769,Norwegian,2003-11-03,Croatia,1995-08-08T09:15:54,1990-08-04 16:42:10,Richterswil,"$4,595.34"
+41 797516679,Leonie Walter,CH7092437830606992033,09:47:58,voluptate.flac,Europe/Budapest,-76.910878,Rundi,2022-01-20,Suriname,2013-07-01T05:35:31,1997-11-15 03:00:31,Neuhausen,$3.18
+41 766487590,Annalise Suter,CH5678265988798951771,09:53:50,optio.flac,Pacific/Ponape,89.3438945,Church Slavic,2015-05-06,Uganda,1993-07-07T01:44:46,1982-03-07 15:20:50,Baden,"$77,392.14"
+41777302359,Alisha Braun,CH2608911166720956028,03:59:51,expedita.docx,Pacific/Port_Moresby,88.2489585,Bislama,1971-06-30,Slovakia,1975-12-12T23:01:30,1996-07-09 08:31:59,Renens,$264.80
+41 787223606,Urs Steiner,CH6042019891724018957,05:12:06,quam.html,Pacific/Apia,-33.134315,Vietnamese,1984-06-01,East Timor,1971-03-31T11:17:16,2011-02-06 20:28:09,Mendrisio,$873.52
+41 794850026,Dominic Schäfer,CH4097814980661936649,02:26:07,a.flac,Europe/Paris,0.7121335,Kikuyu,2013-09-09,Guyana,1977-01-09T08:16:05,2007-07-03 01:40:14,Bern,"$7,137.29"
+410763635194,Jari Schweizer,CH8709674001950582500,13:08:40,optio.wav,Indian/Mauritius,-37.038027,Hiri Motu,2012-05-21,Uganda,1995-02-17T19:06:21,2001-02-08 07:00:17,Crans-Montana,"$92,052.57"
+410777800241,Joshua Merz,CH4567377671113245048,12:22:12,dolore.flac,America/Denver,-45.6227825,Afar,2004-03-25,Honduras,2011-06-24T17:37:10,1975-03-31 07:13:53,Buchs,"$59,456.69"
+41 783937509,Andrin Scheidegger,CH2707052087454059437,07:10:54,recusandae.mp3,Asia/Jakarta,-39.0291235,Catalan,2015-03-11,Japan,1978-08-06T21:59:53,1980-01-18 07:38:22,Risch,$8.97
+410771835719,Paola Baumgartner,CH3273490452927047126,07:09:09,voluptates.jpeg,Europe/Stockholm,-25.0613575,Interlingue,2005-08-24,Kazakhstan,2007-01-28T13:46:06,1997-12-27 21:57:59,Rheinfelden,"$70,494.78"
+410760091550,Lynn Zingg,CH8709075513475194938,10:19:15,maxime.doc,Europe/Malta,-24.1788085,Pushto,1983-12-18,Yemen,1972-08-31T08:17:52,1999-11-07 16:49:14,Steffisburg,"$2,445.38"
0796991830,Raphael Spörri,CH9072937852985129473,19:09:05,a.doc,Indian/Antananarivo,-46.8332975,French,1979-04-14,East Timor,1988-07-12T06:00:08,2003-04-06 20:32:59,Maur,$4.80
0771603772,Amandine Probst,CH0520276545801958866,15:04:36,veritatis.mp3,Africa/Harare,63.117380,Breton,2004-01-08,Tonga,2004-02-09T03:57:36,1987-10-26 12:14:46,Horw,"$77,135.38"
+41(0)793797866,Jeton Kuhn,CH9247454317350663795,18:35:08,voluptatibus.bmp,Europe/Monaco,-6.886595,Tahitian,1976-10-31,Austria,2009-01-27T09:23:01,2010-11-26 15:01:06,La Tour-de-Peilz,"$4,962.37"
+41 782360546,Desirée Bär,CH4662572511064521919,23:36:12,recusandae.pages,Asia/Kuala_Lumpur,-46.7806395,Aragonese,2013-05-02,Denmark,2008-09-17T00:05:37,2006-09-13 17:23:24,Altstätten,$1.57
+41 0760430233,Edmond Wegmann,CH7952649049731562863,12:59:55,corrupti.flac,Asia/Tbilisi,-56.783938,Dzongkha,1990-04-16,Guyana,2005-03-13T20:31:19,2003-07-20 11:20:35,Meyrin,"$5,603.94"
0795137617,Leonora Winkler,CH6364198303019059436,14:24:50,laboriosam.txt,Europe/Bucharest,-55.588015,Church Slavic,2012-04-19,Palestine,1986-06-24T01:25:05,1982-04-29 02:58:43,Spiez,"$7,071.52"
+41(0)760835557,Sylvie Schwarz,CH8388829640580474753,14:02:00,corrupti.mp3,America/Mexico_City,-68.3078805,Czech,2002-09-30,Russia,2018-05-21T04:54:23,1987-11-14 03:00:49,Delsberg,$8.34
+41(0)793740641,Lia Stucki,CH0378005703598718333,02:10:13,temporibus.odp,Pacific/Palau,-71.204676,Chechen,2014-12-17,Argentina,2015-06-06T16:19:50,1972-05-02 19:03:10,Riehen,$92.78
+41794494064,Margot Spörri,CH0722264827511065667,16:24:03,at.html,Asia/Pyongyang,2.636289,Hebrew,1980-01-19,Saint Vincent and the Grenadines,1995-08-22T05:46:04,1975-06-15 12:46:59,Baar,"$6,574.62"
+410781883750,Karl-Heinz Gasser,CH2270123066279322130,16:25:19,tempora.css,Asia/Katmandu,-35.7206795,Japanese,2010-09-26,Bhutan,1980-08-26T00:02:59,1972-08-09 20:06:55,Chur,$862.96
+41 0787566544,Andres Gfeller,CH8088179015822800316,14:22:06,mollitia.pptx,Europe/Zurich,-82.6160885,Swahili,1972-09-08,Botswana,2004-01-22T23:02:23,2021-09-26 07:38:31,Freiburg,$0.21
+41763900299,Levi Steiner,CH8063151885803584721,13:11:54,perferendis.txt,Europe/Athens,4.484798,Occitan,2002-08-28,Finland,2003-03-19T18:20:40,2021-08-17 18:19:12,Muttenz,$3.37
0790243874,Mike Sutter,CH5786225699960418652,23:02:37,amet.numbers,Africa/Nairobi,-68.420515,Cornish,1977-01-12,Georgia,2004-08-26T10:39:45,1975-03-22 05:18:31,Wettingen,"$69,152.99"
+41770823683,Estelle Blum,CH7985307551745657062,17:57:48,magni.txt,Africa/Mbabane,72.8296965,Georgian,2008-12-03,Swaziland,2018-02-25T00:56:42,2013-08-09 20:44:54,Glarus,$67.31
+41762604831,Giuseppe Sutter,CH7219264852099690080,22:19:12,voluptate.webm,Asia/Dhaka,73.6793695,Czech,2008-08-13,Tunisia,2021-08-31T07:59:27,1999-10-29 01:25:22,Adliswil,"$6,400.99"
0791941990,Melchior Lüscher,CH9153208048941416929,00:14:32,laudantium.docx,Europe/Vilnius,-15.4829385,Galician,2022-03-14,Hungary,1995-07-17T02:39:14,2009-08-09 02:31:22,Uzwil,$8.86
0791291413,Alfonso Siegrist,CH0231614772686728944,18:44:28,unde.odp,Asia/Taipei,67.996430,Sanskrit,1970-01-23,Bangladesh,1997-05-05T08:23:05,1971-06-24 05:34:28,Opfikon,$564.98
0786907698,Alessia Gasser,CH1767866152890885032,04:28:34,odio.tiff,Pacific/Palau,-0.5641725,Swati,2002-07-23,Venezuela,2012-09-19T01:29:08,1975-09-16 09:44:46,Cham,"$93,361.55"
+41(0)784207712,Martha Bühler,CH7886397367609848800,14:31:44,eum.avi,Asia/Manila,-4.7002875,Maori,1980-06-19,Panama,1972-09-30T21:34:30,1983-11-29 23:43:02,Lutry,$25.86
+410773895054,Rexhep Rey,CH8790387431307265855,05:14:33,quo.html,America/St_Kitts,-26.929501,Sanskrit,1981-03-01,Bulgaria,2022-10-27T07:42:18,1972-10-07 15:33:27,Bellinzona,$930.42
+41(0)780051235,Luigia Bieri,CH0569072881458060367,22:14:28,nihil.bmp,America/Costa_Rica,18.8879315,Indonesian,2018-06-14,Niger,1996-10-05T12:53:01,2009-07-23 14:47:42,Nyon,$5.51
+41 772903131,Leyla Müller,CH5100725993597722482,02:40:35,placeat.avi,Africa/Accra,-61.7766655,Afar,2014-04-01,Armenia,1983-09-19T17:18:55,2006-02-22 10:43:51,Münchenbuchsee,"$8,598.24"
+410790111594,Flurina Schneider,CH3640584745083384913,16:35:56,sint.mov,Europe/Zagreb,81.0452505,Malayalam,2005-11-20,Sierra Leone,2013-03-29T16:23:55,1976-05-26 11:28:10,Meyrin,$663.04
0765576405,Christoph Kuhn,CH2518951404720713189,05:13:33,dolorum.csv,Africa/Gaborone,-17.192699,Malagasy,2002-07-10,Bulgaria,2018-03-23T08:00:28,1983-11-02 19:36:09,Gossau,$5.53
0780344796,Erwin Winkler,CH1186894922312672200,15:14:47,explicabo.css,Europe/Podgorica,22.1688515,Chamorro,2016-11-02,Guinea-Bissau,1992-01-18T17:23:58,2005-03-05 14:14:36,Weinfelden,$72.30
0794845915,Nemanja Hug,CH2057413992541908438,19:30:27,aspernatur.mp3,Asia/Baku,53.5691845,Panjabi,1980-01-16,Iceland,1970-06-01T13:57:12,1997-10-18 05:58:32,Zofingen,$660.96
+41765686880,Goran Schwarz,CH0796919706576461462,07:45:22,possimus.mp4,Africa/Algiers,72.5736075,Kanuri,1981-07-02,Maldives,1988-07-01T20:04:00,2015-10-23 00:34:07,Villars-sur-Glâne,$9.85
+41784757988,Luise Schenk,CH8301271745432410285,00:33:26,magni.webm,Africa/Kigali,-47.410847,Tonga,2000-03-31,Guinea-Bissau,1997-04-17T23:23:02,2005-08-21 10:14:06,Schwyz,"$3,908.01"
+410796317040,Agim Hauser,CH4870933641278618017,22:18:50,iusto.txt,Asia/Kuala_Lumpur,74.7045655,Malayalam,1990-03-18,Equatorial Guinea,2015-12-18T22:24:38,1993-07-13 03:32:10,Kloten,$658.57
+410783494062,Antonio Egli,CH3848741430607439383,00:14:50,atque.tiff,Africa/Windhoek,83.3427845,Kannada,1990-04-02,Norway,1996-03-13T12:01:19,2005-09-27 17:04:58,Ebikon,"$48,081.08"
+41(0)761833282,Claudio Brun,CH1226114805876177280,16:32:05,voluptatem.avi,Africa/Ndjamena,-87.0771325,Sundanese,2014-11-22,Lebanon,1985-07-17T12:41:20,2003-08-26 14:07:16,Adliswil,$200.57
+41774096068,Irène Haas,CH8940166241262422982,23:28:39,praesentium.csv,America/Asuncion,-4.8509565,Guarani,2016-05-16,Ecuador,1975-12-16T22:16:15,2022-12-07 05:41:59,Yverdon-les-Bains,"$36,644.82"
0776837077,Patrick Christen,CH8804141832773693649,19:15:52,dolorem.bmp,Europe/Lisbon,41.4176405,"Sotho, Southern",2013-04-24,Gabon,1992-11-15T12:30:31,2008-05-10 09:14:54,Burgdorf,"$7,979.77"
0773825606,Chris Suter,CH2939937190387317665,11:20:12,dolore.json,Africa/Banjul,75.7699025,Igbo,1995-07-22,Uruguay,2009-07-27T06:19:35,1975-08-15 23:39:14,Uster,$0.00
+41 0783755599,Boris Jost,CH1336750184237778086,04:57:32,aliquid.mov,Africa/Douala,65.8994905,Danish,2017-09-26,New Zealand,1983-03-06T23:26:44,1984-01-05 08:02:07,Risch,"$60,385.43"
+410782842543,Lindita Tanner,CH1451895213716926265,15:46:32,provident.xlsx,Asia/Bishkek,-0.6534735,Somali,2002-06-30,Sri Lanka,1980-07-31T10:12:35,1970-02-06 15:38:29,Chêne-Bougeries,$59.13
+41791402069,Besnik Hasler,CH5483001379124169292,01:24:24,quibusdam.js,Asia/Bahrain,-7.0981795,Urdu,2020-09-08,India,1997-08-10T09:29:57,1970-11-25 05:49:51,Glarus,$22.47
0791532795,Edmund Baumann,CH1678051688809195445,13:12:06,atque.flac,Pacific/Auckland,10.8971365,Tsonga,2008-04-06,Guatemala,1988-01-15T03:38:42,1994-12-22 05:50:56,Suhr,$0.06
0762404341,Can Herzog,CH1964414626601107316,03:35:53,libero.pdf,Africa/Kinshasa,-47.893249,Gaelic,2013-03-25,Senegal,2007-03-19T15:16:38,2021-12-11 00:38:32,Sursee,$0.83
+41783330040,Mélissa Stucki,CH7923649458238375199,16:53:24,omnis.js,Europe/Belgrade,-53.5283725,Abkhazian,2019-09-11,Guyana,1990-07-19T01:35:59,2021-08-12 08:52:16,Zollikofen,$65.09
+41 0763585386,Myrtha Hafner,CH5078306320054117786,21:10:05,soluta.jpeg,Africa/Asmera,25.8194555,Tajik,2023-05-25,Djibouti,1991-11-08T19:37:41,2018-10-07 01:55:48,Kloten,"$3,646.29"
+41(0)792781330,Flamur Kuhn,CH9238058454773971919,15:04:37,quos.numbers,Asia/Phnom_Penh,85.2790835,Assamese,1985-11-28,Benin,2011-11-16T01:21:11,1996-04-07 21:29:56,Gossau,$761.16
0774565168,Emanuele Tobler,CH3419673796791386784,05:54:22,veritatis.avi,Africa/Conakry,-0.9156665,Inuktitut,2022-05-25,Malawi,2021-01-26T05:03:24,1973-03-12 09:42:38,Morges,$919.83
+41777782649,Nuria Portmann,CH3320087044380124765,21:52:32,aspernatur.jpg,Asia/Chongqing,-23.816796,Czech,2009-11-19,Guinea,1998-07-03T08:37:16,1992-02-29 03:40:38,Wohlen,$449.84
+41 0791492054,Mariam Steiger,CH5626600398127012910,20:22:57,in.csv,Africa/Algiers,55.290502,Turkish,2019-01-15,Brazil,2019-10-31T19:40:29,2017-02-22 21:51:17,Volketswil,$2.89
+41(0)795922650,Joaquim Wegmann,CH9509043256536266729,05:21:24,necessitatibus.html,Atlantic/Madeira,-55.072045,Akan,2019-10-06,Kyrgyzstan,1985-06-17T20:49:27,1999-10-20 03:42:36,Freiburg,"$9,769.52"
+41793013116,Lisette Schaub,CH7934820916836424840,23:30:14,nulla.txt,Asia/Pontianak,84.632560,Czech,2017-04-21,Saint Lucia,1990-05-13T10:47:50,1980-03-29 06:59:28,Lancy,"$3,256.37"
0762541953,Giancarlo Baur,CH4446993728040551834,19:39:20,mollitia.xlsx,Europe/Monaco,-60.2899745,Sinhala,2022-04-13,Vietnam,1992-12-07T16:02:09,2004-09-02 08:42:19,Plan-les-Ouates,"$2,414.81"
+410774400858,Hakan Thommen,CH4001009872308229674,08:01:56,molestias.webm,Pacific/Truk,20.3584475,Hiri Motu,2004-06-27,Papua New Guinea,1997-05-30T18:11:10,2018-07-26 10:19:46,Zofingen,$689.88
+410767023892,Ferenc Leunberger,CH9209465543635143624,20:51:35,ullam.txt,Africa/Sao_Tome,-38.3749385,Wolof,1990-06-19,Malawi,2015-12-23T16:07:01,2008-12-23 05:17:35,Rheinfelden,$230.71
+41760817895,Rosetta Rey,CH1249717068387088908,16:41:51,aut.jpeg,Europe/Luxembourg,-6.9526935,Tsonga,1981-04-26,Burundi,1975-01-14T23:13:59,2022-10-07 10:40:39,Lenzburg,"$83,656.30"
+41 0776433676,Dominique Benz,CH8743110731502981148,09:32:13,aliquam.pptx,America/St_Vincent,40.852658,Avestan,1999-06-21,South Korea,1975-03-26T14:39:35,2010-03-17 03:22:39,Lutry,$6.02
+41 0780230485,Romina Betschart,CH7033213173696397333,17:42:09,rerum.mp3,Europe/Podgorica,0.936496,Kurdish,1974-09-21,Latvia,2016-02-03T10:15:32,2013-09-15 18:18:07,Uster,"$58,475.45"
+41767446264,Fabienne Roth,CH2443931722880298504,17:13:56,ipsam.xls,Asia/Dili,-4.869756,Ndonga,1971-08-04,Sri Lanka,1977-07-31T05:24:36,1987-10-21 07:23:25,Val-de-Ruz,$16.08
0781713465,Erik Peter,CH3491137180304321247,17:48:48,mollitia.jpg,Pacific/Easter,-33.474585,Telugu,1997-04-12,Trinidad and Tobago,1993-03-09T23:03:05,1987-09-07 02:59:41,Suhr,"$7,519.88"
+41763536753,Medina Hofstetter,CH8376736796886790842,10:24:52,deleniti.avi,Asia/Tbilisi,-26.7459775,Lithuanian,1973-08-18,Australia,1990-02-19T10:36:53,1975-03-02 19:02:29,Schaffhausen,$0.64
+41(0)773635779,Faruk Hodel,CH2140567677562865553,21:11:49,quidem.docx,Europe/Paris,15.715799,French,1998-07-26,Denmark,1975-07-15T13:44:50,1978-07-31 12:31:30,Münchenstein,$682.31
+410761912168,István Mayer,CH5281439132081151742,06:10:30,odio.png,Africa/Blantyre,34.9367865,Latvian,1993-10-14,Bangladesh,1972-02-25T19:26:38,2007-07-07 10:30:52,Zofingen,$93.25
+41 0786516476,Agnese Vogel,CH2131659568125097953,23:27:45,dolores.wav,Africa/Maseru,-68.844186,Central Khmer,2003-01-21,Laos,1996-08-01T14:45:27,2004-11-26 22:45:34,Solothurn,$42.08
+41 0776662086,Xaver Schlatter,CH6657742933718751520,07:39:35,ea.json,Africa/Algiers,-79.421806,Shona,1997-08-06,Lebanon,1999-02-27T18:13:15,1991-09-29 03:33:31,Binningen,$5.43
+41(0)770217070,Cornelia Schweizer,CH3485238888707027180,22:14:36,beatae.xlsx,Europe/Vilnius,78.9963975,Tonga,2017-12-09,Norway,2006-01-06T16:57:39,2022-08-16 12:08:45,Ebikon,$688.97
+41 0782861437,Marlen Steinmann,CH8877296628465842202,09:39:48,maiores.mp3,Africa/Djibouti,45.017004,Fulah,1983-12-23,Ethiopia,1985-08-07T03:50:30,1985-02-13 20:41:56,Risch,$83.23
+410761836309,Muhammad Bolliger,CH9771637654595103551,09:30:20,veniam.flac,Asia/Qatar,17.5508495,Breton,1997-08-20,Benin,2006-07-14T13:51:36,1970-07-08 16:26:43,Martigny,$0.37
+41(0)761746761,Gilles Aebi,CH9562804415087025043,12:41:46,quam.ods,Asia/Karachi,-56.397872,Rundi,2010-02-01,Serbia,1999-01-20T00:03:32,2016-07-29 04:00:44,Ebikon,$85.51
+410762226179,Ada Winkler,CH1134156313317785652,20:38:49,velit.txt,Europe/Warsaw,-79.097724,Lithuanian,1980-08-20,East Timor,1988-08-14T04:07:21,1984-11-11 12:36:30,Lutry,$7.30
0781651809,Mona Stauffer,CH9013678061777522035,02:22:21,voluptatem.pptx,Europe/Sofia,27.136822,Breton,2006-08-24,United States,1978-05-09T19:04:23,1990-05-05 14:10:16,Val-de-Travers,"$2,608.29"
+41791925208,Ewa Gerber,CH2347427024823795110,21:45:06,eos.doc,Asia/Vladivostok,-60.5784535,Breton,1983-03-25,Haiti,1985-09-02T08:14:05,1974-07-28 08:52:00,Rheinfelden,"$7,690.48"
+41 0776375451,Grzegorz Schneider,CH9237275091292883817,14:01:27,eveniet.mov,Africa/Sao_Tome,-10.905710,Twi,1986-03-09,Cuba,1992-06-15T01:35:38,1973-05-19 15:20:52,Affoltern,$1.21
+41(0)796732138,Tiffany Schaller,CH9465867698309702232,14:17:24,quam.xls,Asia/Colombo,-37.086470,Swati,1974-09-16,People's Republic of China,1995-02-16T18:05:11,1972-08-23 08:15:25,Biel/Bienne,"$12,490.77"
+410766752254,Annabelle Lutz,CH3741263482120631070,18:50:27,esse.ppt,Indian/Antananarivo,-75.264701,Hiri Motu,1976-09-15,Swaziland,2003-09-08T20:54:18,2017-11-09 12:39:03,Chur,$887.51
+41 0774307599,Lydia Imhof,CH6375618945916340512,06:48:10,distinctio.xls,Pacific/Tongatapu,-19.867263,Navajo,1985-09-01,Mauritius,1979-09-01T20:50:28,1974-04-12 08:57:51,Grenchen,$937.68
+410773550257,Kim Huber,CH6527121823693797956,15:39:56,nam.mp3,Asia/Karachi,32.3698825,Aymara,1998-06-15,Libya,1982-06-18T23:30:05,1973-09-23 01:48:53,Küssnacht,"$82,125.93"
+41 777865594,Catherine Näf,CH1845111103960843990,10:35:39,nesciunt.tiff,America/Belize,-69.581741,Tahitian,1986-08-04,Palau,2014-08-29T01:52:43,2015-05-01 12:49:29,Gland,$143.04
+41772081455,Jannik Kohler,CH3335680373426997304,12:21:51,eum.flac,Indian/Comoro,-4.711143,Telugu,2007-03-06,Afghanistan,1973-05-12T21:03:44,1999-04-01 03:55:03,Val-de-Ruz,$5.66
+410776165469,Cécile Frey,CH8045733650078715431,13:29:29,quibusdam.mp3,America/Dominica,40.5142455,Thai,2008-12-27,Burkina Faso,1989-01-15T13:14:54,1999-02-25 13:12:19,Wallisellen,$2.32
+410795622304,Heinrich Meister,CH3414967280549437612,00:33:54,molestiae.mp3,America/Caracas,7.761380,Hindi,1992-12-24,Canada,2021-09-05T09:35:01,2022-12-06 11:00:23,Cham,"$2,845.05"
+410794703910,Geraldine Iten,CH4653689201840796965,16:40:36,dolores.png,America/Belize,-87.1319015,Kongo,2001-04-11,Benin,2007-03-17T13:16:27,1982-04-27 18:44:25,Gland,"$86,543.92"
+41784644288,Noa Stucki,CH3394177838918742482,22:18:31,tempora.js,Africa/Ouagadougou,-81.167994,Kikuyu,2021-04-23,Federated States of Micronesia,2010-06-20T03:02:37,2003-07-03 02:58:08,Altstätten,$75.10
+41 765557793,Beate Burri,CH7318408028937169735,15:23:03,asperiores.mov,Asia/Kabul,-49.993382,Interlingue,1980-07-13,Portugal,1998-11-03T03:00:36,1971-07-22 09:44:04,Wallisellen,$672.92
+41 782655451,Selma Scheidegger,CH5240212247019621123,05:15:03,aliquid.bmp,Asia/Riyadh,42.224808,Croatian,2017-01-31,Honduras,2011-08-27T18:23:48,1993-03-26 20:52:35,Monthey,$837.60
+41(0)777367132,Wilhelm Schaub,CH7682189459525322243,08:05:31,voluptates.wav,Asia/Dushanbe,60.749957,Telugu,1975-03-01,Eritrea,2005-09-25T17:18:13,1986-06-14 18:24:34,Adliswil,"$90,853.17"
+41(0)794835125,Mike Bühlmann,CH2754904240883201637,09:58:07,quae.json,Europe/Sarajevo,-44.5579885,Akan,2021-05-16,Belarus,1990-02-04T17:41:41,1983-09-25 01:02:20,Gossau,$94.62
+41 0791845521,Baris Schlatter,CH1534185849251586589,06:26:14,iste.bmp,America/Havana,-81.6501525,North Ndebele,1972-07-27,Jordan,1998-12-24T06:50:58,1993-10-09 23:08:02,Dietikon,$36.74
0793822818,Gani Berger,CH4867134178963534681,04:59:05,incidunt.gif,America/Santo_Domingo,-55.2848295,Abkhazian,1983-08-01,People's Republic of China,2010-08-12T11:20:42,1981-02-19 12:36:00,Richterswil,$546.67
+41 763922136,Andreia Felder,CH6721376933544872344,04:18:08,recusandae.webm,America/St_Kitts,35.7464885,Ganda,1984-12-05,South Korea,2018-04-06T23:10:46,2020-07-05 10:35:41,Arth,"$36,041.10"
+41 766510142,Saverio Ackermann,CH9551988843825419427,20:12:58,perspiciatis.mp4,Europe/Vienna,-66.5981255,Javanese,1972-12-03,North Macedonia,1985-12-02T05:27:58,2019-01-21 00:34:29,Chur,$3.26
+41 793792366,Regula Walter,CH6101187054555622846,13:24:02,qui.mp3,America/La_Paz,-39.350323,Shona,2011-11-05,Cape Verde,1973-03-28T03:23:28,2006-05-25 00:55:35,Adliswil,"$88,187.42"
+41770225892,Musa Steinmann,CH9213809774178444621,05:24:30,quae.mp3,Pacific/Efate,-70.341492,Korean,2021-08-31,People's Republic of China,2013-04-18T02:13:21,1991-09-24 01:00:52,Rüti,$150.08
+41 0787277443,Mia Schenk,CH4957736837265860838,02:51:44,veniam.odt,Europe/Lisbon,49.715699,Slovak,2016-06-28,Zambia,2016-09-09T10:48:11,2022-10-08 07:27:20,Vevey,$2.70
+41 0780135648,Myrta Zbinden,CH0596024407468545714,00:43:06,nesciunt.mp3,Africa/Ndjamena,51.201918,Irish,1999-12-08,Saint Lucia,1975-11-20T05:22:26,1993-08-31 17:37:29,Zollikon,"$5,269.75"
+410771570019,Béatrice Bianchi,CH0955681610285766331,23:56:16,libero.pptx,Europe/Stockholm,1.115091,Amharic,1989-04-03,Germany,1982-06-04T05:24:10,2001-12-06 10:50:36,Altstätten,$9.72
+41 762914186,Darko Baumgartner,CH6676956463811664970,11:41:12,quis.gif,Pacific/Easter,-68.283720,Aymara,1972-04-22,United States,2003-03-28T01:13:00,1985-02-02 17:12:28,Wetzikon,$866.20
+41(0)761496829,Marie Wirth,CH9567301065267869577,16:56:10,accusantium.wav,Africa/Djibouti,-36.0899475,Afar,1992-11-25,Portugal,1996-12-13T16:28:35,1997-03-18 10:16:52,Naters,$9.80
+41 791475600,Edward Wirth,CH7670445624898369962,20:02:39,amet.pptx,Asia/Amman,-85.6193595,Church Slavic,1977-06-02,Vietnam,1990-02-13T03:27:50,1994-05-30 00:03:07,Vernier,"$62,577.87"
+41 770032244,Zeljko Hofstetter,CH5874998212768511197,10:20:29,sint.jpeg,Pacific/Guadalcanal,18.763151,Croatian,1972-07-11,Iceland,2002-04-25T21:27:46,2005-09-09 03:35:44,Burgdorf,$475.61
0774094346,Luca Staub,CH9270169272791203846,20:45:56,soluta.avi,Atlantic/Cape_Verde,-0.979208,Afar,2013-09-19,Cambodia,1971-05-12T23:29:44,2010-05-03 10:29:03,Aarau,$1.94
+41775551913,Caspar Näf,CH6912454347243899968,20:21:20,assumenda.wav,Asia/Dhaka,58.936909,Yoruba,1987-07-06,Belarus,2003-02-04T01:38:42,1972-01-24 14:53:34,Wetzikon,"$22,153.06"
+41 0772881933,Lidija Stucki,CH7437727406962233863,17:18:59,ipsa.pages,Europe/Vatican,-50.639262,Spanish,2005-06-12,CÃ´te d'Ivoire,2002-09-10T03:23:07,2023-08-09 21:37:36,Wallisellen,"$60,488.03"
+410780132897,Cosimo Widmer,CH7355494560535130831,11:46:09,optio.key,Asia/Aden,44.119144,Interlingua,2016-08-26,Bahamas,1990-05-11T01:00:50,2021-09-09 01:27:29,Wetzikon,"$57,954.71"
0793842447,Diane Bianchi,CH5676389873631148786,23:37:00,aliquid.mov,Africa/Freetown,53.6310015,French,2000-02-16,Venezuela,2019-06-19T00:35:55,2017-04-23 01:49:41,Crans-Montana,"$30,844.70"
+410784012322,Zsolt Lehmann,CH2026934920778549353,00:37:26,corporis.txt,America/Tijuana,59.747113,Finnish,1995-06-18,Zambia,2015-03-15T09:46:23,2006-07-17 07:47:46,Thônex,"$97,640.36"
+41 792011054,Gabrielle Maurer,CH2463384405486919543,01:31:08,maxime.xls,Africa/Dar_es_Salaam,-68.2090985,Walloon,1986-04-19,Djibouti,2016-07-31T03:26:40,1980-09-04 14:41:18,Bülach,"$54,332.88"
+410781283427,Pablo Friedli,CH5621571659455658395,09:00:38,magnam.html,Asia/Vientiane,89.9967935,Ukrainian,1982-10-06,Iraq,1973-02-17T18:58:12,1989-11-23 18:58:15,Aesch,"$72,062.74"
+41(0)764551911,Tomislav Wehrli,CH6623958376469444513,05:50:30,aliquid.png,America/Guyana,-87.193521,Bosnian,1980-07-18,United Arab Emirates,2018-05-31T05:17:01,1991-01-16 04:51:57,Muri,$780.52
+41787487242,Dino Sidler,CH3806212481256146151,14:13:47,voluptatem.json,Asia/Bangkok,60.2307535,Abkhazian,1995-10-21,Chile,1985-03-19T16:19:26,2004-09-14 22:56:06,Lausanne,$6.83
+41 782565470,Kim Kälin,CH8043171385279658837,23:27:38,tempore.js,Africa/Gaborone,-79.500530,Czech,2022-07-28,Tuvalu,2006-07-02T20:22:00,1993-12-16 06:30:05,Aarau,$19.73
+410766965286,Lias Winkler,CH5724894793652298731,03:55:30,atque.json,Asia/Aden,22.032346,Manx,2002-07-21,Central African Republic,1979-07-17T02:47:22,2004-11-25 01:11:27,Kreuzlingen,$50.79
+41(0)795185771,Janine Bachmann,CH8440873184397551691,11:55:11,impedit.mp3,Europe/Warsaw,-22.537473,Spanish,1992-09-18,Yemen,1976-03-21T02:19:29,2005-08-31 09:08:28,Chêne-Bougeries,$7.68
+41 0763735979,Annelies Kohler,CH5060575126304328189,06:45:03,accusantium.tiff,Europe/Brussels,-52.769999,Georgian,2000-03-10,Cuba,1995-06-26T00:21:38,2008-07-29 20:57:57,Spreitenbach,"$8,993.73"
+41785323183,Bruno Berger,CH0743649313168933569,10:58:27,fuga.odt,America/Lima,70.270623,Serbian,1998-04-09,Portugal,2011-07-24T02:41:05,2023-06-19 21:37:18,Aesch,$740.66
+41783081661,Geneviève Steiger,CH8647681058102629643,06:22:16,amet.mp3,Africa/Freetown,-40.8716785,Latin,1981-05-21,Bolivia,1983-10-20T08:23:42,1981-10-22 12:14:14,Oberwil,"$8,937.66"
+41 0763405508,Antje Geiger,CH3505138870085461538,08:32:45,voluptatem.jpeg,Asia/Dhaka,42.868628,Kannada,1997-03-31,Belarus,2001-12-01T20:35:16,2018-08-18 01:58:00,Riehen,$0.27
+41(0)765034311,Silvano Baur,CH7922671483304229116,11:51:38,ipsa.jpeg,Pacific/Guadalcanal,-81.485677,Central Khmer,1983-11-16,Vatican City,1999-10-27T07:11:52,2020-04-09 02:10:18,Weinfelden,"$78,736.93"
+41776182893,Giorgia Wirz,CH1572035762604749348,22:48:41,aperiam.js,Europe/Tirane,-15.896045,Tswana,1974-07-05,Antigua and Barbuda,2010-10-08T00:25:42,2006-12-17 16:50:47,Wetzikon,$15.53
+41 781445986,Elias Ackermann,CH0591962891019995614,22:56:33,in.html,Atlantic/Reykjavik,14.026770,Zulu,2000-03-27,Hungary,1971-02-08T18:39:48,1989-04-23 04:58:28,Wohlen,"$36,871.93"
+41 791441853,Admir Ziegler,CH6010822505302629930,14:36:43,doloribus.css,Asia/Bishkek,-69.657052,Ewe,2000-07-06,Solomon Islands,2004-06-02T10:46:49,1993-07-31 19:31:28,Horgen,"$53,984.04"
+41 0777793609,Kathrin Schärer,CH5842600080398668653,02:27:08,voluptatem.mp4,Africa/Kigali,-16.1156625,Armenian,1985-07-28,Croatia,1987-02-08T16:41:10,2014-12-10 17:11:52,Dietikon,"$37,883.13"
+41(0)762413143,István Kohler,CH2331095585668962635,18:36:28,impedit.webm,Pacific/Nauru,75.8835825,"Sotho, Southern",1984-03-11,Serbia,1971-02-12T23:59:46,1994-08-03 07:13:06,Martigny,$0.20
+41 765411266,Zuzana Benz,CH8474517289845744840,20:34:41,asperiores.odp,America/El_Salvador,46.1018755,Ndonga,1999-01-22,Republic of the Congo,2022-06-29T15:23:53,2010-09-11 16:57:38,Freienbach,$7.94
+41786761733,Dragan Hafner,CH8445353737055421137,03:44:15,laudantium.mp3,Asia/Harbin,-32.595241,Sinhala,2016-06-14,Jordan,2005-03-31T18:21:30,2021-11-20 21:09:16,Genf,$87.25
0782060532,Deniz Schär,CH7847895290457019517,05:42:25,asperiores.txt,America/St_Kitts,-44.555518,Xhosa,1976-08-07,Bosnia and Herzegovina,1989-08-14T11:01:31,1999-06-05 11:44:48,Aarau,"$74,982.94"
+410794960898,Marlis Gut,CH2884137649291865765,23:10:44,perferendis.mov,Asia/Gaza,42.201166,Kinyarwanda,2023-03-09,Tunisia,1976-08-15T06:18:26,1993-06-16 20:12:05,Aarau,$303.23
+41 785744874,Norma Hirt,CH6410665489372627244,08:16:59,ex.jpeg,Pacific/Nauru,81.046819,Korean,2019-06-03,United States,1987-07-01T08:59:29,2012-02-22 17:52:14,Birsfelden,"$8,347.29"
+410763612579,Zsolt Hodel,CH1274651383958589241,05:38:42,necessitatibus.mp3,America/Hermosillo,30.037322,Malagasy,2011-10-30,Vanuatu,1990-09-29T11:06:13,1978-04-19 14:03:55,Zollikofen,"$3,978.42"
+41 766202217,Noa Bär,CH1485550688532019682,01:56:14,commodi.mp3,Europe/Vaduz,86.7378405,Marshallese,2012-08-24,Luxembourg,2005-12-19T14:56:34,1978-05-30 04:27:58,Versoix,$634.50
+41771090152,Alyssa Kägi,CH3818256232319838294,19:20:47,provident.mp3,Asia/Kuwait,88.8890175,Romanian,1980-02-08,Lebanon,2014-02-23T03:07:13,2015-12-19 18:18:27,Kloten,"$9,720.24"
+410795350652,Dimitrios Walder,CH1680526696975325543,14:24:16,id.wav,Europe/Tirane,3.9871935,Hungarian,1990-02-23,The Gambia,1996-07-23T00:36:18,2020-06-13 15:16:19,Belp,$911.51
+410760055544,Iva Gloor,CH3640126862259257754,08:23:07,deleniti.png,Pacific/Ponape,34.0710025,Oriya,1982-11-06,Swaziland,1989-06-26T01:22:45,2006-01-22 15:28:48,Worb,$437.99
+41787044921,Béatrice Blaser,CH5613960325836407671,13:35:21,debitis.wav,Europe/San_Marino,62.992629,Pushto,1985-01-29,Armenia,2021-04-08T03:10:52,1989-09-23 23:01:59,Val-de-Ruz,$26.94
+41 761125626,Nathanael Hoffmann,CH8771567477094203988,09:01:11,at.mp3,Asia/Kabul,-42.8385055,Turkish,1979-04-01,Afghanistan,1988-03-19T05:06:30,2017-01-07 18:59:55,La Tour-de-Peilz,"$96,703.25"
+410764796596,Antje Steiger,CH1190783190714297881,18:34:19,aperiam.flac,America/St_Lucia,-76.0535185,Guarani,1977-10-06,Kenya,2011-05-10T01:41:48,2008-03-03 12:25:14,Zofingen,$992.83
+41(0)790633667,Bryan Suter,CH8717016692288694780,22:53:18,animi.flac,Asia/Kuwait,-1.2033285,Turkish,1996-04-02,Cambodia,2008-07-09T02:01:32,2003-04-06 00:17:42,Volketswil,"$9,286.87"
0793284295,Slavko Isler,CH0697618355126952977,21:35:00,ad.pptx,Pacific/Majuro,48.1838555,Burmese,1998-01-16,Taiwan,2005-11-04T09:58:30,1971-11-26 03:16:57,Locarno,$1.18
+41 786545681,Timothy Schaub,CH4888708241097523463,20:49:52,rerum.json,Africa/Tunis,46.4960605,Tagalog,1989-05-16,Angola,1992-02-20T06:47:46,2004-04-28 14:54:14,Le Grand-Saconnex,$8.66
+41 0764195912,Jamie Steiner,CH1972801190703849680,09:56:38,suscipit.pages,Africa/Bangui,16.977667,Abkhazian,1999-01-13,Tunisia,1983-11-24T17:15:59,1999-10-13 09:46:38,Neuhausen,"$28,529.10"
0763764980,Osman Kern,CH8479692810611485946,07:22:41,eos.wav,America/Lima,-56.3162775,Vietnamese,1984-06-01,Sri Lanka,2023-05-15T08:44:46,1982-09-02 19:18:58,Thun,$73.84
0792326807,Thierry Ackermann,CH8045923652169126644,03:16:54,impedit.avi,America/Hermosillo,11.5087585,Chichewa,2022-05-15,Honduras,2014-04-16T00:32:40,1983-11-08 05:38:05,Carouge,"$4,091.28"
+41 0765417262,Marie-Louise Lanz,CH5989284930126914031,18:55:28,dolorum.jpeg,Europe/Andorra,24.279781,Italian,1978-05-17,Malaysia,2009-05-19T23:45:45,2020-03-08 09:47:45,Uster,$84.59
+410770501588,Nemanja Stutz,CH9512840648912861700,13:27:11,ducimus.mp3,America/Nassau,-29.377642,Sinhala,2017-03-12,Sweden,1999-08-21T12:22:07,2013-11-27 16:56:33,Opfikon,"$8,970.71"
+41 797741538,Lorena Peter,CH4183990002206027957,23:14:03,molestias.wav,Europe/Samara,34.064861,Samoan,2003-06-12,Mauritius,1970-11-09T20:35:04,2017-12-25 01:41:28,Suhr,"$63,644.14"
+41781084966,Isabel Kaiser,CH8230132872546786852,11:38:14,recusandae.odt,Africa/Lome,16.2278555,Somali,2007-11-18,Bulgaria,2016-03-11T22:20:43,2005-04-16 07:45:32,Gossau,$458.27
+41 0765335028,Csaba Kern,CH5722998389399633221,00:44:42,debitis.flac,Europe/Lisbon,-12.2709535,Avestan,2009-07-23,Libya,1972-08-21T02:36:04,1976-05-19 03:18:04,Baar,$8.18
0780227774,Jakob Peter,CH4344448208548688013,01:38:35,atque.png,Asia/Bangkok,-44.8920115,Bislama,1989-02-23,Czech Republic,1997-05-24T00:51:32,2023-04-05 07:26:44,Freienbach,"$5,908.05"
+410777193878,Lara Eugster,CH3403348508336662511,11:33:59,quas.jpeg,America/Rio_Branco,73.8117375,Hungarian,1986-07-23,Honduras,1971-10-14T14:58:59,1998-12-01 00:21:46,Luzern,"$5,021.64"
+41 784686321,Vanessa Baur,CH8670674879074855552,09:28:54,id.mp3,Asia/Ashgabat,-60.563360,Amharic,2001-09-09,Colombia,1982-04-23T16:19:27,1987-09-13 19:24:02,Münsingen,"$6,925.89"
+41793070735,Nico Felder,CH5345633004531297448,11:48:49,sapiente.tiff,Indian/Comoro,2.777394,Tonga,2000-09-03,Guinea-Bissau,1975-02-19T01:34:56,1984-03-29 22:25:59,Kriens,$654.99
+41 0777080732,Valerie Kessler,CH9213115319073775434,18:16:28,reiciendis.jpeg,Africa/Gaborone,-77.875489,Bosnian,1981-04-09,Saudi Arabia,2004-03-07T23:09:45,1986-11-25 12:59:30,Uzwil,$658.28
+41 0761563954,Ginette Hotz,CH6065955909200134620,05:18:33,eius.odp,Asia/Seoul,-29.3065115,Armenian,1996-06-19,Sierra Leone,2020-04-07T22:59:41,1987-10-25 02:48:41,Hinwil,"$1,626.96"
+41(0)795446104,Jeannette Hermann,CH6535606800497552634,19:55:57,quae.flac,Africa/Kinshasa,77.976326,Chechen,1982-11-09,Kenya,1984-05-02T03:37:33,2014-07-19 06:19:39,Winterthur,"$82,930.34"
0794267516,Eliane Senn,CH5892783420802797939,17:32:12,perspiciatis.mp4,America/Barbados,-66.3442075,Polish,2009-03-12,Zambia,2019-12-24T16:52:26,1971-01-02 12:54:43,Pratteln,"$2,255.88"
+41 774684581,Avni Probst,CH4691610054641863702,01:33:39,vero.bmp,Asia/Phnom_Penh,-2.770849,Chamorro,1998-03-10,India,1995-12-03T21:00:20,1998-12-04 10:19:31,Frauenfeld,"$40,542.61"
+41(0)765790991,Eugenio Bättig,CH9560097663423570853,23:58:15,quas.js,Africa/Casablanca,-10.7958925,Sinhala,2015-12-08,Ethiopia,1992-10-25T01:41:00,1976-07-17 09:39:42,Weinfelden,$7.40
+41(0)785673040,Yasmina Ott,CH1143285423770305568,08:51:44,asperiores.tiff,Asia/Aden,-47.7861945,German,2002-01-27,Nepal,2013-03-12T11:08:56,2018-07-29 08:06:31,Stäfa,$822.07
+41(0)772706049,Dominik Egli,CH3764368977164755953,23:57:26,ex.webm,Europe/Belgrade,-69.8555525,Fulah,1996-12-04,Mozambique,2006-03-19T13:26:23,2005-07-12 10:09:30,Emmen,$282.36
+41 786660603,Mireille Staub,CH2639472553142837217,02:47:30,suscipit.key,America/Campo_Grande,6.993119,Thai,1989-01-10,Kuwait,1975-12-22T23:22:58,1999-11-20 07:42:56,Einsiedeln,$5.88
+41 760347656,Yasmin Kaufmann,CH7051331857440810294,00:10:47,aut.jpeg,Asia/Ashgabat,29.992879,Bulgarian,2005-08-15,Kenya,2021-09-12T18:39:56,1970-02-20 13:54:16,Langenthal,"$3,180.18"
+41(0)783604141,Detlef Scherrer,CH8238168931491709966,02:34:45,repellendus.json,Africa/Brazzaville,78.860692,Dzongkha,2001-06-20,Niger,2013-05-01T15:26:36,1991-11-26 07:49:15,Vernier,"$7,342.42"
+41(0)791973018,Sofie Bühler,CH6421107589236396804,06:37:35,expedita.tiff,America/Port_of_Spain,88.3959725,Chamorro,1986-03-22,Mexico,2001-07-09T20:17:58,1972-03-22 13:02:14,Illnau-Effretikon,$466.02
+410784257992,Danièle Hofer,CH8070627678227327407,19:46:27,illum.wav,Africa/Maseru,85.619012,Romanian,1990-10-22,Oman,1972-01-22T07:03:12,1996-06-09 05:17:35,Gossau,$66.79
+41 792665508,Lauriane Stadelmann,CH2000969808634284578,14:14:09,repellendus.wav,America/Managua,-38.023780,Norwegian Nynorsk,2017-06-03,Cyprus,1997-06-26T00:50:24,2008-05-22 18:21:32,Freienbach,$4.88
0760730632,Nada Hofer,CH0843791953053448501,10:53:30,eligendi.txt,Asia/Almaty,-37.560858,Finnish,2017-01-01,Uganda,2015-01-22T13:50:29,2005-07-26 17:09:19,Bassersdorf,$83.64
+41 0775686732,Veronica Stocker,CH4175231486241173026,19:47:48,quibusdam.wav,Asia/Samarkand,85.6289975,Lithuanian,2019-03-02,Palau,2015-05-22T03:09:22,2016-02-26 21:46:21,Schaffhausen,"$52,748.87"
+41765434402,Oliver Lanz,CH2715674354030816532,01:58:25,aliquid.wav,Atlantic/Reykjavik,-7.445522,Azerbaijani,2008-06-24,Malta,2007-10-20T01:43:07,1989-05-12 08:14:16,Ostermundigen,$99.16
+41 0762662687,Hannah Lutz,CH9210584281568397636,09:47:36,quasi.wav,Europe/Istanbul,13.0512015,Ossetian,2020-08-26,Iraq,2019-07-26T11:06:15,1993-12-17 15:11:51,Regensdorf,"$9,182.15"
+41777884121,Joaquim Schmidt,CH3289379707961572473,13:39:17,perspiciatis.png,Pacific/Apia,12.298741,Uzbek,2003-11-14,Senegal,1998-11-01T02:05:46,1978-08-29 02:31:42,Grenchen,$502.97
+41761315657,Elizabeth Leu,CH6327488963005658822,15:12:28,laboriosam.mp4,America/Costa_Rica,-7.830336,Mongolian,1999-04-07,Italy,1970-08-23T01:42:54,1988-01-29 05:26:56,Olten,"$41,512.60"
+41 764971948,Slavisa Brunner,CH3530313606344110266,16:41:04,voluptates.pdf,Africa/Kampala,-74.1263285,Kalaallisut,1972-11-22,Antigua and Barbuda,2014-12-29T17:00:21,1988-09-28 14:30:34,Solothurn,$3.36
+41760525836,Maurus Vogt,CH4240987142924926311,04:08:34,deleniti.mp4,Europe/Budapest,-61.700954,Gujarati,1977-11-13,Albania,2010-02-27T23:44:28,2019-01-24 18:50:14,Delsberg,$0.51
+410793612047,Janis Lüthi,CH4313928771669780157,13:04:40,est.mp3,America/Montevideo,-13.2592595,Czech,2006-03-05,Bahrain,2000-08-15T22:49:59,2001-04-11 07:34:39,Luzern,$49.91
+41 795946102,Ronny Fankhauser,CH9455936227600775968,08:27:25,quos.doc,Pacific/Guadalcanal,29.8408385,Akan,2013-07-07,Pakistan,2017-11-20T09:34:15,2017-11-14 23:21:48,Rheinfelden,"$5,229.38"
+41(0)791554112,Amar Pfister,CH5273850036534676358,21:02:17,quis.js,Africa/Lubumbashi,-2.1118555,Persian,2021-11-04,Liberia,1992-10-11T04:43:22,1970-02-09 10:11:57,Crans-Montana,$344.28
+41 770970867,Baris Käser,CH1934758981508557304,12:03:56,nesciunt.mov,Europe/Vatican,33.5814115,Italian,1977-11-10,Lesotho,2007-01-26T04:33:57,2022-06-01 11:36:23,Basel,"$8,391.50"
0772841742,Gabor Steiger,CH4975023246870404931,07:24:55,blanditiis.png,Asia/Kabul,86.354504,Shona,1982-05-05,Trinidad and Tobago,1983-06-07T17:47:22,2004-12-05 04:12:20,Morges,$40.07
+41 0791802359,Dominik Käser,CH7153430885687661912,02:20:57,asperiores.mp4,Asia/Saigon,30.4520915,Bambara,1973-05-19,Australia,1987-06-01T14:26:19,1998-03-07 03:39:27,Horw,$377.43
+41 783194369,Lazar Meili,CH9360453404846354922,08:56:52,sit.js,Europe/San_Marino,-78.2729575,Kalaallisut,1971-11-07,Grenada,1976-02-07T09:36:26,1997-03-15 16:43:24,Thun,"$2,200.24"
+41 0794080010,Léa Hofstetter,CH6656203683928473855,05:44:42,aspernatur.doc,Europe/Athens,9.2999495,Hindi,2007-03-19,Switzerland,1972-08-19T08:10:22,1990-09-07 18:43:17,Davos,"$98,676.64"
+410785832449,Elisabetha Bär,CH1610100217250439010,05:32:24,quisquam.gif,Asia/Tbilisi,-85.277591,Belarusian,1997-05-23,Tonga,1988-04-06T21:58:16,2002-12-12 10:22:48,Mendrisio,$35.17
+410762757216,Agnese Burri,CH3183284733794761653,03:48:06,exercitationem.png,Pacific/Auckland,9.4832225,Avaric,1980-02-19,Central African Republic,1988-11-13T21:42:53,1971-03-20 18:59:21,Onex,$61.50
+410770744350,Ernesto Stocker,CH8571495932171212385,10:03:10,repudiandae.avi,Europe/Andorra,-83.140601,Kuanyama,1988-02-25,Iceland,1983-01-08T09:35:23,2005-04-29 16:34:27,Solothurn,"$1,530.84"
+41 782522741,Sibylle Schenk,CH7289867212735614323,00:17:38,accusamus.csv,Europe/Monaco,82.7390475,Polish,1972-02-02,Armenia,1995-05-06T17:35:55,1998-06-16 14:55:39,Lancy,"$1,157.15"
+41 0760604902,Luis Sutter,CH9551500612155215631,13:39:28,rem.css,Asia/Phnom_Penh,29.255493,Corsican,1984-07-08,Colombia,2018-09-22T18:17:10,2002-01-03 00:16:50,Birsfelden,"$1,799.97"
+41 765264466,Vito Hartmann,CH4920813763848489244,23:59:00,sequi.tiff,Asia/Dubai,-6.545105,Slovenian,2020-08-19,Latvia,1998-12-22T12:15:14,1986-01-27 01:29:38,Romanshorn,"$5,909.21"
0774260751,Luz Hodel,CH3481539568287688698,20:49:53,sequi.flac,Asia/Rangoon,-46.968211,Avaric,1995-06-04,Namibia,1974-05-24T13:47:15,1994-09-04 22:10:00,Schlieren,$9.13
+41 0765541580,Marie-France Vogel,CH1125777793967534315,21:23:36,exercitationem.jpeg,Asia/Jerusalem,77.579533,Georgian,2002-10-31,Uzbekistan,1971-04-17T08:00:01,1978-12-31 16:25:55,Uster,$5.53
+41 764807100,Niclas Mäder,CH5998942815650098853,23:03:42,doloribus.mov,Europe/Madrid,-66.6803005,Bulgarian,1994-06-16,Mauritania,2004-07-22T03:36:27,1991-08-10 23:01:53,Rapperswil-Jona,"$5,489.68"
+410796682850,Elizabeth Baumgartner,CH7091764961180717481,15:48:38,sequi.avi,Europe/Luxembourg,-34.147923,Persian,2018-09-24,Syria,1988-07-03T10:49:45,2012-06-18 02:24:33,Bellinzona,$3.35
+41 0764630674,Malea Walter,CH4254316185408576911,02:13:24,velit.ods,Africa/Maputo,-77.6019975,Kanuri,2012-02-14,Guinea,2011-02-25T02:50:11,1995-02-27 04:22:20,Siders,$0.83
0780406362,Margarita Meister,CH1592756540663040323,17:29:56,minima.pdf,Pacific/Port_Moresby,-10.322428,Basque,1996-07-24,Seychelles,1990-03-08T13:04:13,1997-04-12 05:14:19,Belp,$8.15
+410785323220,Josefina Wenger,CH6743780145395911069,23:24:38,tempora.mov,Africa/Ndjamena,-26.5449655,Abkhazian,1982-10-04,Tuvalu,1980-08-03T17:18:16,2022-10-10 18:23:03,Kreuzlingen,$0.98
+41(0)794236185,Tamara Hug,CH5055662579471843958,09:03:05,voluptate.mov,Pacific/Fiji,84.5723395,Ossetian,1977-11-03,Swaziland,1995-05-04T16:02:11,2002-02-28 15:36:50,Zug,$49.24
+41 760254160,Matti Kaiser,CH4091204080860061252,23:01:35,facilis.css,Africa/Bangui,69.964591,Latin,1987-06-12,Democratic Republic of the Congo,1972-03-28T18:23:06,1986-05-01 18:42:40,Weinfelden,$66.44
+41762774452,Maude Imhof,CH4814011211914339135,03:01:15,at.css,Europe/Vaduz,-57.737904,Latin,1971-12-04,Malaysia,1971-11-23T15:25:18,2006-07-01 21:40:51,Suhr,"$8,611.09"
+41(0)797346337,Albina Gasser,CH7950566535473997731,16:55:06,laborum.txt,Europe/Luxembourg,-49.414811,Luxembourgish,2018-12-22,United States,1991-11-05T11:12:32,2003-07-26 07:40:43,Schwyz,$553.03
+41 787933794,Veronica Sutter,CH4758553449764578116,12:06:32,facere.js,Pacific/Fiji,5.481111,Tsonga,2004-06-23,Ecuador,2022-12-21T05:48:21,1977-11-14 14:12:28,Winterthur,$128.32
+41 0774343031,Jörg Walter,CH8426867515052789302,18:15:24,dicta.ppt,America/Paramaribo,5.3766905,Ukrainian,1999-11-26,Brunei Darussalam,2023-05-28T00:12:08,1974-09-24 21:31:43,Montreux,"$26,414.72"
+41 790721374,João Hartmann,CH0558279145163885012,21:00:31,deleniti.tiff,Europe/Amsterdam,-45.8385905,Afar,1986-02-26,Swaziland,2015-02-10T15:50:29,1999-02-19 23:23:32,Belp,"$7,062.01"
+41(0)780063395,Nevio Schoch,CH3011661297695689935,06:57:51,tenetur.mp3,Europe/Monaco,58.798808,Wolof,2008-10-05,Mozambique,1981-12-04T13:21:42,1999-05-02 01:29:50,Zug,$259.76
+41 0770405693,Khadija Fuchs,CH3299408709647317568,05:47:49,accusamus.mp3,Africa/Casablanca,71.4994765,Romanian,1976-05-16,Sierra Leone,2019-12-04T12:40:38,1972-07-27 18:43:35,Rüti,$70.04
+410791963810,Julio Favre,CH9727158849421688694,12:33:13,dolorum.json,Asia/Hebron,-16.9076015,Navajo,1979-05-07,Afghanistan,2017-10-23T19:54:45,2008-09-20 06:09:02,Spreitenbach,$926.44
+41763586758,Roswitha Wenger,CH0758670476530238304,03:29:56,inventore.flac,Asia/Tokyo,-51.2632925,Hausa,2003-01-06,Sierra Leone,1993-07-08T14:15:14,2017-07-04 21:01:19,Adliswil,$544.34
+41785557302,Melina Brunner,CH7249186734108298699,19:04:01,amet.bmp,Asia/Bishkek,-71.461938,Welsh,1993-12-21,Haiti,1982-01-31T08:18:32,1979-09-08 22:27:04,Pfäffikon,"$90,025.49"
+410793522125,Anne-Lise Suter,CH3327954814326594049,13:31:34,quas.odp,America/Guatemala,-2.1683805,Uzbek,2008-12-09,Romania,1998-03-09T23:28:12,2023-08-18 05:33:09,Renens,$6.89
