file_name,time,mac_address,hostname,iso8601,country,random_number,city
sein.docx,00:32:10,27:8b:c6:1b:4a:02,db-48.stumpf.net,1981-07-03T13:50:14,Aruba,817187,Hildburghausen
fröhlich.ppt,10:55:48,ab:d8:68:c0:97:d7,lt-60.steinberg.org,1990-02-24T17:55:00,Sierra Leone,80189732,Iserlohn
neu.key,02:43:11,f7:dc:e7:e6:93:12,lt-62.speer.com,1976-02-14T05:00:04,Barbados,1032755,Füssen
Nase.ods,16:01:35,e8:88:3f:8c:5b:0b,srv-02.barkholz.de,1998-01-06T02:17:48,Ungarn,57792130,Büsingen am Hochrhein
Vater.docx,10:57:40,a4:40:fa:c7:a4:48,desktop-22.huhn.de,1994-01-27T10:42:41,Gibraltar,3407,Klötze
selbst.jpg,03:54:10,e0:fd:63:58:86:f7,db-72.gerlach.com,1986-03-17T23:18:49,Ecuador,9,Berlin
gesund.json,10:14:49,04:f3:16:05:43:90,srv-14.scheel.de,1989-12-17T00:58:00,Polen,5503,Ueckermünde
so.mp3,14:49:06,a9:a0:59:ac:d6:93,desktop-63.meyer.net,1993-07-01T14:02:12,Haiti,582736,Grevenbroich
Vater.key,14:02:23,98:05:ed:7a:63:d2,db-69.losekann.de,2004-01-29T20:19:38,Liechtenstein,95323,Crailsheim
vielleicht.js,20:27:22,dd:c7:79:5a:20:a0,lt-68.reising.de,1999-02-13T09:29:09,Vatikanstadt,85554,Eisenberg
viel.jpg,16:01:49,ee:96:76:35:3c:dd,web-32.beier.com,1972-03-22T04:38:07,Brunei Darussalam,4,Oschatz
gehören.doc,02:32:54,8d:3a:21:89:1f:2b,db-84.tintzmann.com,2005-10-03T04:06:14,Zentralafrikanische Republik,98169321,Mühldorf am Inn
Feuer.mp3,23:15:52,9d:fc:45:8c:fa:ec,db-30.muehle.com,1997-02-19T01:18:17,Costa Rica,21320111,Bogen
Schnee.css,06:26:25,b1:a0:77:2f:c2:4b,desktop-54.tintzmann.org,2002-08-11T13:41:35,Liechtenstein,579994452,Weimar
bis.mov,19:54:56,cf:15:58:0d:c6:d3,db-09.hauffer.com,1988-03-02T20:51:58,Kongo,95212693,Roth
sein.tiff,06:02:47,58:bc:26:17:fb:a9,desktop-86.scheuermann.de,1985-09-21T04:29:07,Seychellen,311237400,Hettstedt
Rad.csv,23:37:26,03:c6:3a:8c:d8:dd,db-36.bolzmann.de,2001-01-24T20:05:44,Saudi-Arabien,57222,Hechingen
hin.gif,09:26:51,d0:a8:7b:84:61:96,db-92.beier.com,2021-03-04T00:09:05,Demokratische Volksrepublik Korea,508498,Pinneberg
hart.txt,23:07:05,7f:45:fd:2d:ff:6f,db-41.hoefig.com,2013-04-26T00:56:28,Bahamas,99201,Staffelstein
gefährlich.docx,08:10:42,fa:ca:69:2e:b6:ee,desktop-92.klapp.com,2013-05-10T20:27:41,Venezuela,29256054,Hamburg
fiel.csv,01:33:52,d1:94:23:cc:43:a6,laptop-03.eberth.de,1972-09-22T06:16:52,Isle of Man,340463,Zossen
schreiben.flac,14:37:47,04:b3:53:15:b2:65,lt-75.metz.net,1983-01-05T18:29:06,Amerikanische Jungferninseln,86889,Eggenfelden
wünschen.mp3,12:41:48,4e:c2:68:36:a5:17,db-36.groettner.com,1989-06-15T12:15:08,Kanada,144250678,Guben
heraus.webm,13:25:28,c5:01:ea:d7:37:6c,laptop-87.zobel.de,1973-06-25T11:06:46,Antigua und Barbuda,7,Rosenheim
Flasche.css,10:06:17,74:cf:48:65:d1:a0,lt-80.etzold.com,2009-02-27T14:44:17,Laos,728398,Reutlingen
Luft.js,21:40:34,6b:91:e8:a6:8c:9e,email-50.misicher.com,2010-07-08T00:51:47,Tokelau,4434,Emmendingen
es.txt,06:55:13,d9:30:05:78:1d:ba,email-52.holt.com,2011-05-09T14:29:58,Vatikanstadt,7919,Saarlouis
plötzlich.wav,14:18:00,20:ee:38:f6:d3:73,email-23.schmidt.com,1979-11-27T12:00:44,Suriname,42621,Karlsruhe
heiß.mov,19:55:36,f8:2d:b7:13:43:02,db-33.hendriks.de,1999-06-21T03:41:34,Palästinensische Gebiete,72,Kehl
Straße.jpg,22:30:43,0b:6f:fe:79:c8:7f,desktop-14.koester.com,1995-11-17T21:26:02,Mexiko,9731,Schongau
tragen.jpeg,23:46:56,f7:c8:43:1a:7e:ea,lt-89.heser.org,2015-04-25T21:01:09,Uganda,348765,Ingolstadt
er.mp4,17:31:29,e7:71:14:93:e5:aa,web-55.franke.de,1986-03-09T06:01:11,Kamerun,32,Wolfenbüttel
dein.js,08:27:34,ba:52:ca:c5:ad:14,desktop-60.barth.de,2012-06-02T18:47:50,Kiribati,4999179,Höxter
Woche.gif,06:33:36,ad:ac:8d:3b:4e:20,db-93.girschner.com,2003-07-25T15:02:43,San Marino,249161952,Soltau
schicken.mp4,09:15:16,69:70:81:41:f4:67,email-69.striebitz.com,1971-05-10T02:14:41,Vereinigte Staaten,5637,Dinkelsbühl
lassen.mp4,03:13:56,bb:e7:64:57:20:b8,db-44.preiss.com,2022-11-14T10:46:04,Tansania,48,Jülich
Auge.jpg,22:09:47,32:f8:63:39:9d:6d,laptop-14.schmiedecke.com,1974-11-03T04:25:48,Bermuda,837193,Meißen
fiel.gif,16:27:37,ee:45:a3:5e:0b:b2,laptop-19.kobelt.de,1991-12-06T18:30:24,Brunei Darussalam,5,Erkelenz
davon.webm,07:58:01,89:95:de:4b:8e:f3,desktop-79.heinz.com,1996-06-22T18:05:31,Deutschland,203560,Sankt Goar
dick.txt,12:31:11,5e:c7:14:c5:fd:03,desktop-18.loechel.com,1983-08-10T18:01:11,Tunesien,3360,Cloppenburg
Musik.csv,13:49:13,db:25:df:e8:bd:03,email-16.wirth.com,2005-04-10T11:12:26,Togo,19,Torgau
mein.png,23:50:26,f5:e8:ed:8c:1e:06,lt-95.mentzel.com,2016-09-09T19:10:04,Mexiko,94224,Garmisch-Partenkirchen
wissen.tiff,04:47:18,cc:61:1b:83:eb:5b,web-44.becker.de,1970-03-01T00:07:41,Gambia,33704,Starnberg
fest.txt,01:39:43,a4:e5:aa:04:5e:ac,web-81.stolze.de,1994-11-01T16:08:46,Belarus,598610,Husum
Brot.jpg,21:57:40,26:8e:21:21:d0:b0,srv-17.bender.de,2021-08-13T23:22:30,Belgien,9852,Bayreuth
zwei.bmp,21:34:17,94:8e:fd:8e:8d:71,laptop-15.hornig.com,1984-05-23T18:41:39,Vereinigte Arabische Emirate,851372,Viechtach
Katze.xls,22:18:50,dd:8f:f1:5b:cb:2a,db-05.berger.org,1994-10-22T03:50:00,Komoren,9541462,Vohenstrauß
Tag.docx,03:40:09,24:93:81:28:eb:d8,desktop-68.huebel.com,2010-01-05T16:58:34,Ungarn,18867855,Pegnitz
sprechen.bmp,09:51:57,97:ae:d8:d3:bd:1b,lt-29.bender.com,2002-09-15T22:15:50,Peru,2891362,Osterburg
andere.gif,23:47:13,e6:0b:bc:90:46:ac,email-90.steinberg.org,2015-07-07T05:34:46,Osttimor,994,Neunburg vorm Wald
Glas.avi,14:01:09,6b:46:d1:f9:01:67,web-61.krebs.de,2020-05-05T05:14:19,Vereinigtes Königreich,639783,Hersbruck
Ball.js,20:49:01,47:d1:de:9f:2e:3d,web-34.haering.com,1970-12-17T16:41:41,Irland,5,Grevesmühlen
uns.ppt,06:19:34,0a:b9:01:ad:4e:70,srv-57.hecker.net,1974-10-31T03:12:07,Wallis und Futuna,294,Bad Kreuznach
Hand.webm,00:38:40,8c:1a:56:28:2a:6c,db-79.hoffmann.net,1974-01-28T05:34:32,Cookinseln,2897944,Ueckermünde
ihr.mp3,09:01:39,3d:cc:bb:68:cb:ac,web-55.ritter.de,1994-03-17T20:16:16,Belgien,71821793,Döbeln
Bruder.jpg,12:44:38,53:ff:99:24:f2:5e,lt-03.schaefer.de,1985-07-31T07:17:36,Salomonen,997,Sondershausen
leicht.gif,15:17:22,71:4e:e7:40:e2:96,db-79.textor.net,2004-08-31T12:09:39,Kokosinseln,328373,Hofgeismar
Boden.gif,03:59:35,6b:25:23:af:06:10,laptop-77.waehner.de,1981-10-19T08:02:36,St. Vincent und die Grenadinen,5,Wanzleben
seit.pages,11:39:52,9c:f5:98:3c:06:07,web-66.paertzelt.com,2017-05-21T00:00:55,Aruba,765998,Calw
Fußball.gif,22:42:52,2a:cb:44:a0:74:fe,lt-30.moechlichen.net,1976-12-20T17:45:43,Gibraltar,90307476,Rottweil
Spaß.avi,13:33:31,82:20:11:d2:d2:da,laptop-15.mohaupt.de,1979-05-11T04:15:53,Uruguay,94,Bruchsal
andere.ppt,14:51:06,a5:fa:02:bd:5f:fa,srv-18.steckel.com,1987-10-21T08:51:00,Südafrika,163413675,Moers
eigentlich.mp4,17:28:22,d0:b5:0c:df:75:f0,srv-24.trub.net,2010-09-08T09:41:35,St. Barthélemy,863,Ochsenfurt
später.wav,11:01:27,16:5e:70:bd:da:02,lt-33.gertz.com,1973-08-12T23:35:58,Iran,93048170,Bad Langensalza
der.json,05:28:29,18:27:2b:9d:21:07,db-43.reising.net,1991-07-01T23:07:16,Algerien,884427707,Pinneberg
bei.html,00:08:14,49:9a:69:14:8e:8d,srv-12.martin.com,1987-05-08T08:09:09,Vanuatu,699,Zschopau
Sohn.flac,14:17:04,c4:90:7d:fb:d9:f0,web-56.barkholz.com,2011-08-31T16:40:14,Kasachstan,15,Nordhausen
dick.txt,22:39:58,5f:2b:04:d8:f5:f0,desktop-43.beer.de,2021-06-16T10:02:13,Rumänien,144216,Göttingen
Stelle.xlsx,07:00:43,40:ac:10:03:db:47,laptop-30.trommler.com,1986-12-03T15:27:52,Serbien und Montenegro,25387244,Reutlingen
leicht.mp3,13:01:55,ea:10:64:b7:3f:1e,db-03.rogner.com,1992-12-20T04:48:48,Kuba,988604,Pößneck
schauen.jpeg,03:19:32,b5:86:75:a4:cf:a5,email-06.raedel.org,1994-01-21T14:27:45,Vereinigtes Königreich,27036,Potsdam
Mensch.txt,19:15:33,92:48:7d:d9:15:f6,email-89.eberhardt.com,2020-10-17T12:45:26,Ägypten,314335656,Mettmann
gelb.jpg,03:08:28,af:4b:75:e7:39:25,desktop-39.fechner.de,1992-07-18T17:22:06,Isle of Man,2895,Recklinghausen
gewinnen.webm,08:33:47,f4:94:e4:51:ba:ae,srv-72.junck.de,1971-08-19T23:27:23,Brasilien,364,Meißen
nass.mp4,02:26:31,19:ad:99:64:c8:c5,srv-59.wirth.com,1995-02-16T11:15:07,Uruguay,426305673,Meißen
sprechen.mp3,01:13:12,d8:c7:b5:c3:4d:f0,lt-84.barth.net,1975-06-10T17:56:30,Swasiland,436469775,Scheinfeld
stellen.tiff,21:36:28,49:90:db:d7:39:35,email-12.heydrich.com,1979-07-05T13:34:34,Sambia,847129974,Jena
sehen.tiff,21:46:32,f1:3c:71:e8:5a:5a,laptop-67.scheel.com,2015-07-31T04:39:54,Dominikanische Republik,266324157,Wittenberg
sollen.mp3,15:02:24,1d:f4:4a:4a:3d:7c,laptop-57.roerricht.de,1976-04-25T00:19:50,Französisch-Guayana,89111,Greifswald
hören.flac,03:21:18,6c:fc:0b:22:f8:e9,email-83.trub.com,2007-06-01T07:21:49,Spanien,45492,Geithain
Jahr.numbers,16:32:07,ee:50:9a:23:f7:ed,db-58.krebs.de,1999-12-04T04:41:32,Martinique,153680,Pfaffenhofen an der Ilm
hoch.flac,02:43:21,2c:55:00:bf:45:52,desktop-20.kitzmann.de,2010-04-02T08:52:47,Luxemburg,987,Sonneberg
kaufen.odp,15:27:22,12:62:ef:dc:ef:7f,desktop-56.wohlgemut.com,1999-11-15T06:37:37,El Salvador,51559,Lübz
fast.css,22:09:30,78:fd:8d:c5:e5:2b,email-80.noack.net,2010-05-26T23:54:10,Palau,169224,Nürtingen
tun.avi,12:37:31,35:31:42:f0:ea:84,db-42.scheel.org,1991-04-03T20:07:06,Israel,233308,Grimma
lange.tiff,04:14:39,c7:01:4a:92:16:11,desktop-89.seifert.de,2005-09-04T20:23:24,Syrien,58,Schleiz
Bruder.png,00:17:52,ff:58:e9:df:aa:df,srv-00.gumprich.net,2019-02-24T17:08:35,Britisches Territorium im Indischen Ozean,9374321,Illertissen
ohne.jpeg,19:48:51,a1:90:d1:85:1b:54,email-52.trommler.de,2013-01-11T11:56:08,Bangladesch,2796460,Darmstadt
wirklich.html,23:17:24,c2:6a:22:36:61:a1,srv-34.scheel.com,1984-05-13T21:01:54,Bahamas,7090,Hainichen
Monate.ppt,16:05:40,6d:03:d9:5b:a9:6e,db-70.jopich.de,2005-07-27T07:38:34,Monaco,93021101,Dinslaken
genau.json,13:48:56,64:c0:10:1e:73:d4,desktop-79.schinke.de,1979-01-29T06:15:41,Amerikanisch-Ozeanien,787562,Forst
ihn.mp3,19:05:16,9e:f2:73:b9:cc:d6,srv-66.rose.com,2013-08-05T00:24:50,Jersey,0,Marktheidenfeld
lassen.wav,05:59:25,4e:df:30:8b:ae:e6,srv-45.gehringer.com,1998-01-08T00:07:27,Vereinigte Staaten,8,Eilenburg
alt.css,11:27:23,69:81:5a:f8:a1:53,web-58.meister.de,2019-02-10T00:06:51,Republik Korea,90273,Wolgast
letzte.numbers,15:13:32,e2:c3:8b:b3:6d:31,laptop-52.stumpf.com,2013-02-16T20:39:29,Sonderverwaltungszone Macao,70,Eberswalde
wir.flac,11:32:44,41:b2:de:0d:5d:33,db-08.schoenland.com,2005-08-11T09:06:55,Alandinseln,62277,Wesel
sind.webm,00:41:56,43:72:52:6f:3c:0b,email-90.mohaupt.org,1987-06-30T06:39:42,Vereinigte Arabische Emirate,231591,Berlin
eigentlich.wav,01:34:54,9b:0a:c2:18:2f:54,srv-31.etzler.de,1977-08-03T18:04:37,Indonesien,294371147,Nürtingen
sechs.mp4,08:37:06,6d:20:d0:2f:95:13,lt-43.etzold.de,1989-03-24T22:44:02,Finnland,23622,Hettstedt
beide.avi,10:12:43,a9:46:b3:77:db:1b,email-11.gutknecht.de,1973-12-29T06:39:23,Bahamas,233919,Mainburg
mein.ods,21:50:19,e8:b6:d4:c1:e5:97,desktop-95.trupp.com,2010-09-25T17:28:54,China,3,Kamenz
hinter.mp3,11:31:58,07:28:c1:e1:7b:e2,laptop-68.tschentscher.de,1977-12-17T10:53:55,Portugal,41405,Monschau
Stadt.html,14:50:03,86:30:c1:ec:fe:1e,srv-69.muelichen.com,1996-11-05T19:20:12,Somalia,9283,Monschau
wenig.html,23:39:16,1a:0d:ee:1f:cf:12,lt-31.doehn.de,2005-02-20T13:38:29,Litauen,56331360,Bamberg
sollen.gif,07:19:28,fc:a7:7a:e2:b1:90,desktop-64.grein.com,1990-04-27T12:36:29,Benin,4,Sternberg
Nacht.key,13:36:59,5f:f7:ae:74:08:47,laptop-66.juettner.de,2016-08-28T11:42:53,Demokratische Republik Kongo,9,Rudolstadt
Blume.txt,02:47:57,aa:79:71:08:03:20,laptop-69.schaefer.de,2021-12-31T00:27:47,Australien,5,Scheinfeld
möglich.xlsx,09:14:27,0a:1e:04:d4:f8:43,desktop-10.schinke.com,1982-12-23T08:29:08,Bahrain,0,Gransee
dumm.pdf,21:23:50,73:fa:c8:70:81:9f,desktop-04.briemer.de,2012-12-25T22:24:17,Chile,805,Gransee
schreien.json,02:56:34,bc:89:26:3c:1f:e4,laptop-27.striebitz.de,2021-01-11T07:05:27,Brunei Darussalam,577236,Rastatt
sehr.mov,12:23:49,7d:cb:dd:e2:93:a0,db-04.gumprich.de,1975-11-07T20:56:06,Oman,3419808,Bischofswerda
heraus.js,19:03:38,6f:f1:7c:aa:76:b0,laptop-89.kruschwitz.org,1977-01-27T20:36:24,Lettland,849,Hechingen
den.bmp,16:52:47,16:3e:6e:20:36:6c,lt-00.juncken.com,1981-08-27T15:00:48,Estland,51588026,Borna
Teller.js,17:29:35,d6:ea:ad:8c:db:f6,web-98.linke.de,1976-02-24T07:25:55,Libyen,4837580,Starnberg
dunkel.css,02:28:39,df:30:d1:81:3d:61,srv-12.paertzelt.de,1985-09-16T04:46:46,Afghanistan,18,Hofgeismar
Loch.wav,03:48:30,0a:4a:21:06:41:00,email-99.junitz.com,2005-01-19T11:07:10,Kolumbien,70776,Stade
rechnen.mov,23:18:37,c4:7b:4a:a9:1a:6b,email-74.walter.de,1984-10-23T16:54:27,Armenien,453045,Zeulenroda
Monate.mp3,03:45:21,30:03:76:04:19:fc,srv-66.hauffer.com,1995-03-04T06:52:14,Bahrain,3810540,Dieburg
so.wav,19:45:27,8f:c1:ff:d8:b0:3c,desktop-84.koch.com,1988-04-15T14:40:21,Französisch-Guayana,384009892,Wiedenbrück
oben.pptx,14:26:10,c0:42:ae:11:45:ec,desktop-68.weinhage.net,1991-02-24T12:45:30,Estland,528339,Einbeck
mal.wav,09:14:03,16:42:9d:b1:4f:a9,srv-56.junck.com,1983-05-21T09:26:10,Libyen,6,Freudenstadt
glauben.csv,18:16:26,ed:e0:62:0c:b5:01,desktop-02.doerr.org,2001-05-22T03:39:27,Färöer,0,Hettstedt
kein.mov,17:06:43,22:78:d7:0a:12:05,email-74.dobes.de,1970-07-28T02:56:29,Mali,262,Schmölln
voll.js,14:44:12,7d:c3:be:38:87:e0,lt-65.kobelt.net,1993-10-14T07:27:03,Togo,3707,Freital
bald.jpeg,17:12:49,a5:8d:8c:de:10:a2,web-92.hornig.de,1974-10-16T16:53:11,Kamerun,21,Bremen
natürlich.jpeg,22:39:45,68:87:d2:87:5c:69,email-85.bloch.de,1971-05-07T06:45:45,Senegal,5,Bergzabern
hart.jpeg,17:44:31,a8:ed:0f:34:a3:65,srv-92.seifert.net,1975-04-18T22:25:09,Frankreich,1,Plauen
besser.mp3,17:37:32,2c:e2:4c:76:b0:e9,srv-93.schmidt.de,1995-11-29T22:54:08,Haiti,166,Tübingen
kann.bmp,10:25:46,28:8b:0f:be:9e:45,laptop-94.winkler.de,1977-11-26T05:21:10,Mali,7752,Lüdinghausen
Wetter.avi,18:28:46,ef:57:b4:c9:98:e1,web-68.jungfer.com,1986-03-16T23:54:40,Kamerun,936,Jena
Auto.tiff,03:53:16,a9:d6:f1:67:06:d8,laptop-74.scholz.de,2015-01-06T20:37:46,Armenien,21833,Marktheidenfeld
Blume.mp3,18:15:51,f9:7b:63:77:35:ee,web-09.koehler.org,2015-11-22T02:42:45,Südgeorgien und die Südlichen Sandwichinseln,25,Miltenberg
den.mp4,09:53:13,6b:97:33:3c:50:61,srv-37.reichmann.net,1974-06-12T17:32:15,Liechtenstein,3138,Stadtroda
weiter.json,00:35:16,23:f3:35:17:c7:73,srv-39.seifert.net,1993-05-28T20:51:31,Uruguay,668996,Hainichen
unser.mp3,04:08:04,38:e8:b1:bb:19:23,email-61.lachmann.com,1998-06-16T22:26:56,Italien,674816753,Riesa
Maus.wav,09:03:41,4b:15:46:8f:b2:a7,email-89.caspar.com,2022-08-17T23:24:10,Oman,713654934,Sternberg
trinken.pdf,23:30:35,fc:08:51:78:03:05,web-68.naser.com,2005-06-22T10:55:00,Zypern,17,Stuttgart
danach.wav,11:15:59,73:f6:0e:81:3a:34,desktop-28.soeding.com,2018-02-27T00:20:32,Brunei Darussalam,9565232,Roding
an.tiff,20:00:54,db:59:d7:89:d5:0c,email-95.sauer.com,2005-08-31T10:47:15,Vereinigte Arabische Emirate,898,Havelberg
müssen.tiff,10:44:24,b9:18:bf:69:12:76,desktop-86.heser.com,1977-07-05T05:59:16,Kongo,406,Kötzting
doch.jpeg,06:57:21,41:49:0c:f2:46:c5,laptop-81.ernst.com,2007-02-24T16:33:03,Färöer,4534944,Neuss
doch.js,20:21:20,ec:57:92:0c:77:3f,email-63.bachmann.de,2021-04-28T15:31:29,Montserrat,1,Bogen
Haus.avi,21:04:06,f3:39:40:52:cc:76,web-40.hoevel.org,2011-01-28T15:41:57,Komoren,646386,Bischofswerda
dem.flac,09:11:14,ec:21:99:2a:c1:47,laptop-03.wende.net,2018-07-10T08:54:09,Cookinseln,853,Kronach
wirklich.xls,03:39:43,3f:83:4e:79:bc:f0,email-23.rust.com,2000-01-22T22:46:48,Jersey,942,Erkelenz
dunkel.wav,09:28:43,6d:05:5b:d0:4f:40,desktop-12.schweitzer.de,1999-03-14T11:28:21,Benin,6,Wittmund
bekommen.csv,23:12:39,c1:a6:ae:cf:b6:3e,web-71.scholtz.org,1973-04-28T15:25:45,Taiwan,18,Pinneberg
fröhlich.jpeg,02:13:48,c0:1a:97:5f:f0:f5,web-65.juettner.de,1996-06-02T08:14:24,Bhutan,663,Fürstenwalde
Hand.gif,14:22:50,85:3b:bb:fe:25:c6,email-80.flantz.com,1978-12-25T13:15:40,Brunei Darussalam,32089,Artern
draußen.js,13:30:03,66:78:24:ba:52:05,lt-95.putz.com,1976-08-27T12:04:13,Guam,647,Regensburg
ich.html,07:09:39,b0:62:ef:1b:77:eb,desktop-54.schleich.org,1984-11-09T04:42:54,Sonderverwaltungszone Macao,94,Gardelegen
fangen.css,23:47:15,4d:e5:50:20:3d:e8,laptop-10.patberg.de,2014-07-19T09:47:57,Brasilien,779891,Pinneberg
will.key,07:09:20,33:dd:7b:b4:34:47,desktop-70.weller.com,1999-10-15T17:42:46,Salomonen,761276783,Pfaffenhofen an der Ilm
tun.mov,20:26:25,55:2b:88:4d:ea:05,lt-29.ziegert.de,1975-04-27T00:03:53,Aruba,3941714,Plauen
ist.tiff,17:11:27,25:ed:25:bc:6c:0c,lt-78.meyer.com,2007-09-15T23:39:07,Tschechische Republik,76637,Bautzen
sollen.jpeg,18:16:56,fd:78:15:9d:b8:14,desktop-06.davids.org,2013-10-26T05:25:35,Suriname,875081,Marktheidenfeld
zur.mp3,22:02:11,74:17:ac:ef:e1:20,email-70.klapp.de,1981-09-07T11:02:01,Marshallinseln,697251,Eilenburg
von.mp3,06:01:09,33:ed:c3:46:d2:48,laptop-43.jessel.de,1988-07-22T19:42:39,Neuseeland,309661,Warendorf
Straße.mp3,20:42:34,bc:ff:e1:b9:92:38,srv-95.metz.de,1991-04-17T13:55:44,Guinea,35,Herzberg
reiten.xls,06:16:58,ef:09:dd:a9:d9:8e,email-48.oestrovsky.de,1991-01-20T06:35:44,Jemen,3212644,Zschopau
es.pptx,14:55:34,05:79:7b:f0:7b:e2,web-70.killer.org,1971-04-12T14:14:16,Niederlande,4,Heiligenstadt
vier.avi,02:42:09,a3:6d:86:b9:1a:b6,lt-11.ernst.de,2013-10-06T09:30:44,Kuba,3057,Mayen
Zeit.flac,16:19:44,d5:0e:32:92:45:07,db-00.adler.net,2010-09-08T14:48:09,Venezuela,5,Rochlitz
voll.png,13:28:27,01:31:70:b6:8d:b4,laptop-41.weiss.de,2018-04-24T21:40:54,Kuba,35,Merseburg
treffen.jpeg,03:22:33,2f:31:6b:7a:5d:87,srv-43.butte.org,2004-11-10T07:10:22,Tuvalu,340152,Stuttgart
rennen.doc,02:13:35,9f:00:51:f7:f4:6a,laptop-70.knappe.de,1997-05-03T22:28:05,Monaco,108377650,Euskirchen
Wissen.html,16:50:46,1f:d1:43:24:12:2e,laptop-38.beer.com,2012-05-01T04:52:48,Südgeorgien und die Südlichen Sandwichinseln,395312,Stadtsteinach
Geschenk.tiff,17:16:10,b6:23:ed:ae:80:df,srv-69.winkler.com,1978-03-24T10:22:47,Ukraine,1045,Schongau
wenn.odt,10:52:45,5f:05:f3:7d:8d:6c,email-32.doering.com,1975-10-17T20:28:27,Guam,675217,Berlin
Seite.webm,19:32:45,75:05:d4:74:2b:d5,laptop-15.beier.net,1996-10-31T12:51:18,Sonderverwaltungszone Hongkong,74244,Greiz
zehn.ods,02:05:04,81:e2:06:45:d5:b8,laptop-83.segebahn.com,2003-11-16T08:00:05,Irland,5675114,Regensburg
früher.html,15:48:04,19:6f:cd:ec:72:88,lt-89.seifert.de,2011-12-17T18:42:16,Côte d’Ivoire,4621003,Bad Langensalza
spielen.js,16:17:11,f0:80:84:f1:b9:d3,web-07.albers.de,1979-03-20T03:05:51,Sonderverwaltungszone Hongkong,1060858,Freudenstadt
vom.mp4,07:55:33,31:c9:08:32:ac:54,web-37.buchholz.com,2004-05-14T22:50:08,Palau,7215682,Burg
neun.flac,14:56:10,73:c2:c1:34:42:88,web-07.winkler.de,1980-11-23T20:22:35,Südgeorgien und die Südlichen Sandwichinseln,405,Main-Höchst
sollen.xls,08:09:31,9f:a0:e0:3f:ff:e8,laptop-98.schoenland.org,2011-03-18T02:34:09,Portugal,2616,München
schreiben.docx,23:35:20,d3:3c:17:3e:b3:2c,desktop-39.loechel.de,1995-03-31T11:44:52,Kokosinseln,48954714,Badoberan
dann.wav,03:30:57,52:85:92:55:6a:ec,laptop-95.krebs.com,1997-06-13T03:49:24,Madagaskar,9642,Amberg
leicht.tiff,16:29:35,71:7d:38:4c:d0:b1,db-36.sorgatz.de,2012-05-22T09:46:43,Dominikanische Republik,8,Saarbrücken
Abend.csv,08:02:42,95:9e:c9:bd:86:98,lt-52.wulf.de,2021-07-20T08:22:15,Bangladesch,14,Kamenz
schnell.odp,18:45:52,80:24:48:e7:36:ea,web-82.eberth.de,1970-11-25T17:07:06,Katar,399485043,Lübeck
voll.odt,18:07:07,0b:31:db:41:5e:3a,db-86.metz.de,2008-04-02T11:31:54,Tuvalu,35,Darmstadt
Leben.xlsx,13:41:24,53:7e:94:86:33:7b,srv-11.zaenker.org,1986-06-10T15:41:53,Portugal,306283048,Rochlitz
oben.mov,21:58:46,a7:b5:f8:ba:b7:85,lt-54.schuchhardt.org,2023-02-18T22:15:11,Philippinen,1,Gifhorn
Eltern.ppt,08:28:53,0d:6f:fa:2c:7a:52,lt-69.seidel.com,1974-04-27T00:51:48,Sierra Leone,32232,Nordhausen
ziehen.ppt,12:16:37,5b:81:1d:0c:13:b7,web-37.hauffer.net,2016-10-17T10:40:27,Saudi-Arabien,3466,Stuttgart
grün.js,06:32:00,3c:dc:fd:52:30:ea,web-74.wulff.com,1971-10-08T14:36:56,Ghana,410,Stendal
ihm.webm,20:07:39,27:a4:e9:19:fc:b5,web-48.meyer.de,1975-04-21T05:46:56,Saudi-Arabien,635,Marktheidenfeld
nah.avi,14:59:44,13:b1:d5:7b:87:d4,desktop-31.rose.com,1990-08-13T12:41:48,Mikronesien,0,Bad Langensalza
tot.mp4,05:04:13,08:72:23:15:59:70,db-37.geissler.com,1995-07-15T22:47:46,Westsahara,0,Garmisch-Partenkirchen
alt.flac,07:08:38,cf:12:b9:f4:2e:c9,desktop-81.christoph.com,2008-10-09T22:03:57,Haiti,5098933,Schlüchtern
gut.wav,03:54:30,be:8a:2b:d2:47:28,srv-69.ortmann.org,1983-09-12T19:27:00,Malaysia,9853100,Mallersdorf
Fußball.docx,22:07:07,c0:24:76:5c:f2:ca,desktop-04.fliegner.de,1996-03-19T00:10:57,Kuwait,46917,Backnang
Loch.key,02:26:21,7b:fb:98:59:77:0a,srv-01.karge.com,1988-07-08T03:33:28,Weihnachtsinsel,51125078,Parchim
geben.txt,07:09:33,13:08:3a:f1:3c:ef,laptop-09.staude.com,2017-11-12T15:08:49,Liberia,61583358,Sankt Goarshausen
Dorf.flac,00:20:08,46:18:cc:e0:02:a2,web-06.kaul.com,2002-03-18T00:55:46,Israel,64396,Witzenhausen
da.csv,00:42:23,42:f5:97:80:33:2e,srv-68.schaefer.com,2014-11-29T15:55:16,Botsuana,5785032,Lüdenscheid
Lehrer.pdf,06:00:40,36:52:c6:81:0d:7d,web-54.otto.com,2004-05-23T18:38:27,Liberia,742,Schwerin
Monate.png,22:44:08,25:e7:40:7b:42:59,desktop-63.bachmann.de,1997-01-05T12:34:20,Spanien,92376628,Ravensburg
allein.js,00:11:05,90:bb:51:43:d6:03,laptop-03.rohleder.de,1980-03-13T05:44:10,Vereinigte Arabische Emirate,2534,Guben
antworten.css,17:12:04,22:00:58:c6:92:a3,laptop-92.siering.org,1999-01-03T13:53:37,Tadschikistan,6,Wittmund
bleiben.pages,04:07:36,34:16:13:9f:df:5c,laptop-12.stroh.de,2001-04-15T16:45:36,Burundi,351,Kötzting
fertig.mov,12:22:15,d6:be:a0:4a:e5:21,desktop-86.junk.de,2007-11-05T10:52:45,Ukraine,4219695,Osterburg
zu.avi,04:57:05,9c:5f:3a:d9:91:7c,laptop-02.schomber.de,2004-01-21T16:15:23,Mauritius,5,Eilenburg
Wald.pdf,05:16:30,4d:b2:f5:6c:54:ee,srv-32.kohl.de,1996-03-31T02:01:37,Angola,939670,Crailsheim
fröhlich.webm,16:22:11,03:82:75:17:aa:ae,web-22.doehn.net,1981-12-05T22:22:56,Armenien,696450435,Dinslaken
führen.jpeg,18:39:26,42:93:8d:a9:d3:9f,email-40.drubin.com,1998-12-06T05:59:23,Russische Föderation,895,Plauen
schwarz.mp3,00:31:41,94:52:4e:11:50:ad,web-69.mies.de,1971-12-13T03:06:21,Vanuatu,2,Wolmirstedt
zu.mp3,15:52:20,9f:2f:08:1a:02:dc,email-01.koch.com,2013-02-19T18:52:08,Portugal,190739,Nördlingen
glücklich.csv,15:52:40,a6:0e:71:a1:1b:38,email-06.bachmann.net,1980-07-22T23:18:18,Mayotte,63487,Hechingen
jetzt.xls,20:06:48,87:53:4e:10:87:63,laptop-87.hoerle.org,1972-06-10T07:45:41,Türkei,16677,Dessau
Luft.mp3,23:45:06,0f:fa:ba:98:68:18,laptop-09.lange.com,2019-09-27T10:42:35,Südgeorgien und die Südlichen Sandwichinseln,17865,Burg
gar.gif,08:04:23,de:d8:e8:bb:0d:62,web-67.zaenker.de,1986-09-18T23:05:42,Russische Föderation,0,Bernburg
was.mp4,13:13:15,fe:e6:3e:5b:cb:85,srv-02.adolph.de,2004-03-04T00:44:29,Ungarn,6799341,Forst
Lehrerin.mov,23:13:01,c6:d8:46:ce:c6:c7,laptop-27.schacht.com,1976-08-25T23:51:09,Frankreich,764,Rochlitz
neun.avi,13:53:15,b7:a2:fe:21:c7:e0,srv-32.ernst.de,2007-07-19T17:55:00,Griechenland,40433,Wittmund
legen.mov,04:59:16,16:f0:2c:b6:73:0d,email-64.klapp.de,2011-10-20T01:30:49,Marshallinseln,2950440,Stade
erschrecken.pptx,18:30:32,51:af:f5:ce:08:0e,db-34.kabus.de,2022-12-15T20:56:07,Komoren,751695339,Sankt Goar
gehören.xlsx,03:17:52,5d:6a:bb:34:35:33,db-51.conradi.com,2007-07-14T18:55:05,Côte d’Ivoire,181,Miesbach
Tier.ppt,06:47:31,47:9e:4d:94:3f:3d,srv-01.schulz.de,1977-07-24T17:31:35,Ecuador,28407207,Badoberan
wahr.mp3,22:46:53,c1:68:8c:a7:9d:ba,email-03.junitz.com,1986-02-24T16:25:08,Turks- und Caicosinseln,9704251,Sömmerda
los.jpg,04:12:29,d1:53:8b:a2:87:47,email-71.bien.com,1979-06-07T12:28:37,Barbados,526659485,Quedlinburg
Glück.ppt,11:45:05,e9:31:f7:bc:f4:dd,desktop-75.paffrath.com,2013-04-15T16:05:15,Jamaika,1685,Witzenhausen
antworten.avi,23:38:53,d5:16:a4:94:41:ad,laptop-63.junitz.de,1984-12-13T18:52:53,Lettland,2256769,Groß-Gerau
los.json,06:43:29,d6:8c:9a:39:fe:69,db-23.freudenberger.com,1996-08-24T12:06:53,Martinique,15625974,Hofgeismar
Tag.mov,23:02:44,c5:ca:60:15:c8:0a,desktop-99.radisch.com,1973-09-20T04:17:19,Guam,477,Badibling
schaffen.gif,14:13:27,0f:9a:04:25:57:f0,web-39.gumprich.com,1976-07-14T09:52:19,Republik Korea,35123,Zschopau
her.webm,16:00:45,70:51:36:61:71:17,email-03.barkholz.de,1973-11-27T07:58:53,Tschechische Republik,92711,Altötting
über.js,10:39:51,2c:9e:d8:42:51:88,web-61.thies.net,1976-06-10T20:49:59,Honduras,697,Anklam
zusammen.wav,10:04:00,a2:0b:a1:95:ad:d6,web-49.dowerg.net,2004-06-05T01:16:34,Belize,84209887,Riesa
gibt.flac,14:31:52,7b:c5:69:86:35:0b,db-43.bloch.com,1988-10-20T13:37:25,Kuwait,923,Luckau
hinter.mp4,00:25:31,43:34:a2:a7:e9:0d,db-26.wagenknecht.com,2008-02-04T18:04:39,Demokratische Volksrepublik Korea,2,Berlin
Schluss.webm,10:41:36,ab:74:93:83:ac:8e,lt-11.caspar.com,2017-09-19T06:36:33,Mali,705,Bernburg
laut.ppt,08:56:16,64:a2:e4:93:fd:0a,db-77.auch.com,1984-12-28T18:19:14,Nauru,74650510,Ingolstadt
vier.bmp,14:21:45,b2:63:a9:bf:15:4f,web-31.dehmel.org,1996-10-03T11:44:06,Puerto Rico,791419866,Hersbruck
einige.pages,03:14:53,4d:d4:fc:c1:a4:1e,web-26.johann.de,2009-11-21T09:56:27,Dänemark,5016706,Wittenberg
seit.mov,10:05:57,cd:34:24:f9:9e:a6,email-62.radisch.com,1984-12-25T09:43:48,Falklandinseln,9324,Geithain
Tante.jpg,19:13:40,ab:c8:3b:3a:0f:e7,lt-75.schenk.net,1971-11-14T12:26:47,Papua-Neuguinea,980825,Eisenberg
ja.mov,01:11:10,ab:01:da:bc:35:a8,srv-62.loewer.de,1970-04-28T01:07:50,Südafrika,150,Wunsiedel
schon.js,15:22:20,c2:5d:6d:71:75:02,db-15.siering.de,1981-06-29T11:22:45,Nepal,24333997,Brand
singen.bmp,19:09:46,c4:2a:63:d0:60:f1,laptop-84.haenel.de,1981-04-04T11:40:53,St. Helena,79969,Vohenstrauß
Blume.mp4,12:03:37,dd:62:a9:c9:f6:5d,desktop-07.luebs.de,2008-09-06T02:27:25,Suriname,348,Hildburghausen
davon.wav,08:19:07,9f:4d:84:e1:79:d9,db-67.saeuberlich.de,1974-03-11T23:01:31,Nigeria,5550877,Geldern
werden.flac,19:13:53,42:7c:66:39:88:3b,db-61.bolzmann.com,2008-02-28T22:22:11,St. Kitts und Nevis,62882751,Koblenz
Monate.numbers,10:12:40,9b:e2:19:d1:ee:40,email-27.peukert.de,2000-02-17T11:44:37,Antarktis,774,Eisenhüttenstadt
ganz.mov,21:13:31,02:b3:e0:34:70:d0,lt-22.muelichen.com,1995-03-16T01:39:45,Puerto Rico,837185,Brilon
brauchen.mov,10:33:46,5a:db:5e:00:88:fc,laptop-68.gunpf.com,2018-01-31T17:47:34,Syrien,7,Stade
Stunde.jpeg,08:31:35,83:f1:3d:e7:89:48,lt-40.steckel.org,2021-01-05T13:42:46,Iran,663510427,Regen
Woche.css,07:47:15,b2:02:83:87:cc:22,srv-97.hoerle.net,1995-08-09T07:44:20,Mosambik,7,Halberstadt
klettern.avi,05:23:55,7a:73:f4:b3:3c:10,laptop-98.gehringer.com,2009-07-25T21:26:14,Marshallinseln,58874233,Herford
Minute.pptx,00:09:13,0e:de:c9:3c:fe:38,web-36.boerner.com,1989-10-01T11:06:40,Guatemala,773,Luckau
leicht.flac,00:15:30,35:26:fe:48:83:53,lt-74.gutknecht.com,1984-01-20T11:51:18,Algerien,318,Nabburg
der.css,16:09:27,2a:3f:07:05:bc:72,email-69.thanel.net,2008-12-11T19:29:07,Oman,64398,Guben
liegen.docx,01:40:56,83:75:35:60:df:5b,lt-12.sorgatz.de,1987-11-28T00:10:17,Burkina Faso,2708,Mellrichstadt
deshalb.wav,18:45:26,1b:6a:f2:13:2a:ab,web-21.hoffmann.de,2014-04-29T05:14:08,Côte d’Ivoire,80044,Anklam
bis.js,11:52:58,b5:21:a4:26:aa:e2,desktop-23.kaul.com,2019-10-13T09:13:51,Heard- und McDonald-Inseln,44,Tübingen
hören.webm,00:41:20,7d:c8:1b:39:a9:d7,lt-47.zirme.com,2004-04-03T21:03:24,Ecuador,907291,Olpe
Seite.gif,07:47:55,1e:91:07:f7:db:7c,web-38.buchholz.net,2007-05-27T06:42:38,Papua-Neuguinea,35282056,Mühlhausen
Sonne.webm,04:34:50,3c:23:fe:60:2a:8f,srv-08.buchholz.com,2011-06-10T07:04:43,Island,61,Weißwasser
nehmen.json,01:41:08,f8:b0:13:26:2e:7e,db-31.benthin.com,1985-03-25T07:17:17,Dominikanische Republik,9451,Reutlingen
will.css,06:50:44,cb:ec:99:0a:a4:75,laptop-12.drubin.de,1999-05-28T12:20:27,Irak,90145,Bruchsal
damit.webm,22:33:42,46:0b:88:ca:42:39,srv-55.rose.de,2004-02-05T13:58:56,St. Martin,64,Monschau
ist.bmp,00:09:11,ec:40:d0:9d:f1:93,srv-06.hoelzenbecher.de,2009-02-09T19:47:53,St. Lucia,3,Forchheim
reich.json,04:18:45,10:a4:50:49:a5:b1,srv-89.dehmel.net,1970-05-25T09:45:38,Dänemark,77028,Gotha
Hilfe.mp3,09:44:23,ca:e4:4e:14:53:f8,db-49.mosemann.de,2020-06-23T17:15:02,Uganda,2,Bad Brückenau
Brot.ods,03:17:14,0c:a9:9e:12:8f:ae,desktop-39.matthaei.net,1974-10-04T22:41:34,Vereinigte Staaten,967245,Mühldorf am Inn
langsam.html,16:10:26,ad:d3:05:1e:6a:bd,lt-07.stiebitz.com,1994-04-23T23:00:02,Gambia,617,Grimmen
freuen.css,21:02:54,0c:39:f8:ed:51:49,email-51.zahn.org,2003-10-14T23:08:02,Island,667130,Kötzting
Tag.mp4,21:37:04,10:d9:6c:82:c6:79,web-36.kitzmann.de,2019-09-11T01:15:32,Malta,75315874,Cottbus
ins.numbers,22:57:24,08:3a:d8:f8:c1:6a,web-04.tschentscher.com,2018-04-29T20:38:02,Swasiland,350,Soltau
daran.wav,20:32:29,30:38:9e:e2:08:7a,laptop-97.werner.com,2016-12-05T08:59:59,Israel,1,Hoyerswerda
Gott.jpg,02:50:02,c2:d6:42:e8:35:fd,laptop-02.taesche.org,1998-08-17T22:59:42,Portugal,320,Döbeln
weiter.doc,19:46:48,d1:08:42:f0:bd:0f,web-84.mielcarek.de,1984-12-16T15:59:13,Senegal,9595,Kitzingen
wie.flac,19:53:12,0f:e4:33:85:13:b8,srv-20.meyer.net,2017-01-14T03:52:04,Lettland,682909,Nordhausen
kalt.flac,22:41:47,17:48:70:e4:8e:cc,db-15.henck.com,2019-01-24T04:44:14,Französisch-Polynesien,27952025,Marienberg
ja.mp4,06:40:19,d1:32:92:e4:41:02,laptop-21.schlosser.de,1998-07-13T17:37:33,Costa Rica,3307763,Bad Mergentheim
kaufen.webm,19:32:55,8b:59:a5:95:9b:26,lt-61.kostolzin.com,2003-01-02T05:48:13,Liberia,96259,Kemnath
der.wav,09:38:10,f9:56:b4:fe:0f:f0,laptop-57.stroh.com,1983-07-24T08:27:59,Bouvetinsel,30448596,Karlsruhe
möglich.txt,15:59:27,87:72:7d:70:51:35,srv-84.dussen.com,1984-12-02T00:23:39,Norwegen,890,Ebersberg
ein.wav,11:53:34,cb:cd:7a:4e:23:f7,laptop-45.roehricht.org,2012-07-05T19:48:37,Heard- und McDonald-Inseln,43931,Burgdorf
Wissen.png,23:28:45,2b:29:05:f8:0c:28,laptop-88.faust.com,1993-12-17T09:20:22,Kenia,70613,Lübeck
hin.pptx,04:48:53,29:4d:82:c9:44:7e,db-51.carsten.de,2013-12-06T11:53:44,Suriname,362610,Klötze
zeigen.mp4,14:34:25,6b:2a:06:b2:81:09,laptop-85.schulz.com,2008-08-24T14:58:18,Philippinen,24141,Döbeln
sitzen.jpeg,06:02:21,b6:cf:67:96:11:9a,desktop-06.christoph.de,2011-11-23T21:07:03,Venezuela,1,Gotha
Fußball.jpeg,02:13:07,2f:a0:bc:b3:94:30,lt-08.wagner.com,1970-09-11T09:14:45,Liechtenstein,55230,Rathenow
lange.html,07:20:12,07:54:8a:6b:f6:b3,db-70.weinhage.de,1990-05-28T10:57:50,Schweiz,299234,Backnang
verstecken.doc,21:44:10,c3:18:ad:10:b1:d9,email-17.etzler.de,1997-12-01T22:00:36,Französisch-Guayana,10443,Naila
langsam.mov,12:42:05,16:da:65:ea:7d:c6,email-42.mohaupt.com,2016-05-05T12:49:44,Falklandinseln,7965930,Gütersloh
Wetter.docx,15:59:27,be:9d:71:4f:90:1a,lt-31.birnbaum.com,1994-09-11T01:04:53,Liechtenstein,703,Nauen
noch.mov,04:29:31,e3:7a:2c:df:79:12,email-31.schulz.de,2009-07-07T05:27:36,Gabun,51,Lichtenfels
weg.png,05:33:53,ee:76:2e:7c:d3:9b,desktop-00.seifert.com,2001-04-18T12:09:37,Philippinen,21008205,Burgdorf
Stück.wav,16:19:00,19:03:64:66:ee:66,email-89.briemer.net,1989-08-28T02:02:14,Oman,361058242,Wertingen
heißen.mov,07:52:03,e5:fb:32:0c:9b:6f,db-64.wagner.de,2007-01-16T09:30:04,Litauen,49453139,Spremberg
Geburtstag.mp4,00:39:23,4f:57:65:27:43:d6,lt-85.bonbach.com,1970-04-10T23:08:46,Kasachstan,97849,Bad Freienwalde
Auto.png,05:21:44,c1:b5:cf:af:9b:1a,srv-91.bonbach.de,1992-12-12T22:58:38,Guatemala,9,Hansestadttralsund
weil.csv,09:48:08,81:0f:01:f5:83:ec,email-50.schlosser.com,2012-10-30T08:06:17,Australien,98,Feuchtwangen
gehören.odp,13:28:49,5e:a9:0a:33:76:e1,web-94.roemer.de,1987-04-18T15:46:42,Britische Jungferninseln,582,Erkelenz
Luft.json,00:10:29,c0:fb:9a:06:56:c0,email-95.vollbrecht.com,1992-11-30T13:08:35,Kaimaninseln,826999,Hannoversch Münden
Land.jpg,05:53:41,5f:b2:07:f8:6f:63,laptop-99.wernecke.de,1971-02-21T16:28:13,Simbabwe,42119870,Wetzlar
Weg.odt,05:34:55,ae:20:d3:7a:1c:be,lt-10.scholz.com,1992-05-17T13:58:29,Kap Verde,984880,Celle
nass.doc,12:32:53,c9:21:c7:01:fc:05,lt-95.schmiedt.com,1971-04-17T19:23:41,Irak,62916,Hainichen
und.html,23:41:20,28:a8:a9:98:42:3f,web-15.wilms.com,1990-04-08T00:28:55,Alandinseln,74401279,Backnang
Eltern.txt,12:44:31,69:02:94:58:2c:36,db-78.wiek.com,2008-04-04T00:25:20,Montenegro,14,Kehl
beißen.wav,06:56:38,18:21:24:1d:63:28,web-60.weller.com,2018-10-23T07:06:25,Bouvetinsel,95093,Jüterbog
Monat.tiff,12:26:26,07:fc:79:0a:b7:e8,web-50.soelzer.de,1999-07-05T07:54:04,Paraguay,9990992,Wittenberg
weit.xlsx,22:22:07,e6:b6:06:ee:12:e1,lt-97.spiess.com,2012-12-21T04:41:47,Costa Rica,369545887,Sebnitz
aber.doc,20:33:13,78:4f:26:f8:2e:fb,db-43.gumprich.de,1989-01-06T23:12:01,Tschechische Republik,332507,Schwandorf
suchen.css,07:25:37,68:42:29:28:5b:64,db-95.junck.de,2003-05-02T21:07:07,Pitcairn,43,Fallingbostel
Teller.odt,18:16:27,c1:08:c2:66:00:31,web-36.froehlich.org,2006-08-24T18:42:22,Belize,99,Greifswald
mich.avi,04:52:48,44:3f:98:53:57:0f,email-81.renner.de,1975-05-10T09:29:26,Norwegen,976,Eisenhüttenstadt
zusammen.flac,13:29:32,a6:00:93:58:ab:c0,db-54.wagenknecht.net,2013-06-17T05:59:42,São Tomé und Príncipe,0,Schrobenhausen
groß.ppt,19:21:33,c7:da:78:9c:2e:7b,desktop-42.hering.de,1978-08-09T03:26:59,Guyana,858720092,Sternberg
her.mp3,09:04:34,7c:b1:98:14:72:ca,web-59.schulz.de,2013-11-12T09:51:58,Zypern,53,Königs Wusterhausen
Finger.ods,15:58:48,21:22:cd:25:54:36,lt-64.franke.com,1988-05-08T13:31:31,Kolumbien,9,Schlüchtern
finden.json,21:23:01,d8:34:fb:9d:ed:42,web-21.doehn.com,2015-01-04T06:29:27,Republik Moldau,7,Nürtingen
wir.mp4,10:53:12,e6:48:8d:b0:f1:2f,lt-93.geissler.net,1989-06-17T02:49:20,Aruba,7775861,Burglengenfeld
als.js,20:50:45,fa:27:7d:2b:56:9f,db-04.auch.org,1973-05-08T16:52:49,Honduras,149,Griesbach Rottal
lassen.mov,19:55:36,3f:cd:ea:14:38:78,laptop-41.suessebier.com,2007-03-14T21:48:32,Amerikanische Jungferninseln,47734,Görlitz
bleiben.css,04:28:23,76:d6:83:42:81:f8,desktop-25.niemeier.de,2021-08-14T04:06:22,Tunesien,994,Mittweida
Stunde.key,03:26:55,40:fb:fa:2f:36:4a,desktop-55.baerer.de,1979-01-02T23:35:23,Bouvetinsel,9830272,Pasewalk
Freund.html,01:32:51,55:c4:a9:71:83:54,lt-64.keudel.com,2022-12-06T16:22:53,Frankreich,183905425,Erbisdorf
früh.ods,21:22:14,ea:ab:e4:59:3a:6f,email-43.renner.com,1980-03-10T16:48:28,Guinea-Bissau,7009459,Wolfenbüttel
jetzt.flac,02:41:53,c3:46:96:e4:35:63,web-49.muelichen.net,1974-02-15T03:31:20,Bosnien und Herzegowina,34,Angermünde
Geschichte.docx,13:56:17,df:c7:88:f8:b9:75,srv-46.junitz.de,2006-10-23T04:23:04,Falklandinseln,86364898,Nabburg
Frau.pptx,22:31:07,8a:12:31:68:fe:4a,desktop-29.ruppert.com,1994-03-21T00:29:13,Äthiopien,28923579,Wetzlar
Blume.ods,21:25:05,88:28:94:79:16:c4,db-40.junken.de,2020-01-06T08:43:50,Italien,9337,Grevesmühlen
holen.flac,14:06:19,bc:01:53:45:53:8b,email-37.juettner.de,1987-06-10T06:47:15,Ukraine,39288937,Passau
Papa.flac,07:16:57,7a:c7:12:78:ed:80,lt-53.schleich.de,1977-02-20T12:06:39,Paraguay,205231,Zeulenroda
Tür.js,15:36:34,39:f6:c4:17:ea:25,lt-18.mohaupt.com,1989-01-08T15:07:41,Neukaledonien,71520170,Saarlouis
lachen.flac,03:47:44,a0:34:7f:e5:f0:0e,desktop-54.gorlitz.com,2019-10-27T00:07:00,Britische Jungferninseln,61,Cottbus
noch.js,21:44:54,d1:0b:da:85:d0:db,web-09.textor.net,1993-07-13T17:04:41,Singapur,40420,Ludwigsburg
drehen.txt,13:51:08,46:36:00:eb:a8:ce,lt-05.scheuermann.net,1991-06-23T23:52:37,Jordanien,575488815,Ilmenau
dumm.js,15:14:45,79:95:a3:9f:86:de,desktop-66.plath.com,1972-07-22T14:37:26,Antarktis,10037548,Ebermannstadt
grün.mp3,10:47:29,d9:2b:da:76:4d:83,web-23.losekann.de,1983-08-26T22:18:19,Lettland,9828,Rathenow
Luft.gif,10:10:35,b3:d5:8d:7b:c9:9f,db-44.textor.de,1972-05-27T11:20:24,Sonderverwaltungszone Macao,924208,Flöha
Küche.css,06:43:32,05:00:d3:a8:3f:48,db-18.klapp.com,1992-09-10T10:20:55,Myanmar,150864,Pößneck
Teller.xlsx,23:35:24,f0:5d:bc:da:05:55,db-40.beier.com,2022-12-09T06:56:21,Syrien,52386723,Naila
singen.txt,05:47:06,db:10:cc:9d:64:4b,laptop-14.ullrich.org,2006-02-13T02:10:14,Guyana,8080,Hagenow
erklären.avi,09:31:30,14:0e:c4:d9:bf:39,srv-33.jockel.com,1979-06-10T19:17:30,Portugal,84,Schwerin
Land.avi,18:18:10,7a:e8:00:d6:f1:67,desktop-46.haase.de,2010-03-10T09:50:39,Österreich,25732070,Berchtesgaden
rufen.gif,06:34:36,24:36:f6:07:b0:98,email-36.bolzmann.com,1993-09-29T10:49:05,Finnland,17,Bernburg
Wissen.odt,13:32:48,14:f4:b0:6e:34:53,srv-44.juncken.org,1996-05-05T09:05:29,Gabun,24005,Schmölln
Milch.mov,18:48:27,74:1f:3d:5c:c2:16,email-20.kuehnert.com,1976-09-20T17:24:38,Estland,384013582,Neustadt am Rübenberge
jetzt.wav,04:11:04,a7:63:48:94:1f:db,desktop-18.drubin.org,1981-03-01T05:20:55,Britisches Territorium im Indischen Ozean,4383058,Diepholz
spät.xls,07:00:29,ae:95:3c:bd:d1:cb,lt-95.bonbach.com,2021-12-29T06:56:58,Guam,735798395,Ingolstadt
können.json,08:36:57,9a:17:25:a0:59:04,email-80.heydrich.com,1987-01-25T17:31:09,Weihnachtsinsel,14537316,Regen
noch.avi,18:06:16,f6:7d:34:95:25:3f,lt-67.haase.com,1979-04-24T22:58:19,Tokelau,51,Stollberg
nennen.docx,02:38:23,ac:8d:88:38:35:13,laptop-57.koehler.com,1980-01-08T14:28:05,Demokratische Volksrepublik Korea,3,Eggenfelden
fast.wav,12:37:55,37:32:46:f2:df:ef,laptop-47.henschel.com,1979-07-02T10:17:40,Marshallinseln,80,Herford
Woche.wav,10:41:38,c4:a1:94:13:22:49,lt-52.dussen.com,2017-08-30T23:05:02,Mikronesien,7315,Erbisdorf
Fußball.docx,00:33:13,d8:8b:cc:46:7d:23,email-53.geisel.com,1979-02-10T21:33:27,Malawi,9712,Lübz
Stück.jpeg,07:52:38,36:f4:b3:5e:40:de,db-03.ritter.com,2003-09-27T00:26:26,Georgien,390,Strasburg
Sonne.mp3,05:26:21,fe:7b:37:5f:cc:6e,email-79.zahn.com,2012-11-16T19:08:25,Burundi,83281046,Aue
Eltern.webm,19:55:02,7a:03:9c:81:6c:fd,lt-90.trommler.org,2009-12-27T23:02:17,Eritrea,74556912,Zeulenroda
Spaß.mp3,00:48:00,89:8f:99:7c:3a:b1,laptop-21.wilms.de,1993-05-27T23:18:58,Vereinigte Arabische Emirate,55233,Stade
rufen.json,08:23:27,dd:cf:c8:27:34:db,email-53.cichorius.com,1989-08-22T13:34:44,Ungarn,43591,Bad Liebenwerda
gewinnen.webm,14:50:10,c7:b5:70:a9:4b:9b,desktop-92.kraushaar.de,1994-04-28T21:44:33,Mauritius,83288927,Grevenbroich
laut.css,02:23:22,1c:da:08:4b:a3:51,lt-29.nerger.com,1981-08-18T20:33:33,Venezuela,423814,Mittweida
uns.gif,10:42:03,6d:ac:16:62:93:70,lt-16.fritsch.de,2005-11-24T22:19:49,Vereinigtes Königreich,637773091,Guben
sieben.flac,16:30:23,f1:b5:19:b4:c3:cd,db-36.franke.org,1982-03-28T00:13:45,Französisch-Polynesien,699,Hamburg
Tisch.tiff,18:55:37,0d:77:b6:83:0b:93,desktop-35.briemer.com,1994-02-16T00:44:07,Trinidad und Tobago,894055036,Burgdorf
tragen.webm,09:33:56,2b:8b:4f:2c:d3:6b,laptop-00.heidrich.net,1984-11-30T12:46:40,Ukraine,851253,Bruchsal
Boden.js,12:12:27,e6:6a:b2:b1:99:27,laptop-70.barkholz.com,1985-10-16T00:36:42,Malaysia,34897,Herzberg
kalt.wav,16:14:33,61:67:e8:ed:d7:c3,email-07.groettner.com,1995-02-14T13:01:53,Usbekistan,476,Griesbach Rottal
reiten.txt,03:51:24,43:6a:ad:ab:f5:f9,db-38.rudolph.net,1977-03-24T17:20:47,Kanada,10,Griesbach Rottal
mich.ppt,01:15:09,85:f2:06:67:0e:e0,db-50.schleich.org,2011-11-05T09:14:30,Kirgisistan,423775,Kleve
dir.ods,14:12:40,d5:97:9f:6c:68:34,laptop-72.sorgatz.com,1992-09-25T05:53:19,Peru,168757,Badibling
lange.numbers,19:32:16,e9:27:a4:f6:2e:0d,email-77.schinke.com,1981-05-21T11:19:16,Albanien,2196,Wittmund
seit.mp4,15:48:47,7d:9e:05:83:31:f4,srv-87.boucsein.com,1970-02-02T12:35:51,Costa Rica,51307017,Vohenstrauß
Sache.jpg,03:24:43,57:10:15:6c:f7:9d,db-23.schmiedecke.org,1973-10-12T19:20:00,Kambodscha,38,Bogen
fehlen.odp,21:34:47,39:0e:fa:91:c7:53,desktop-32.krause.com,2006-04-23T14:09:23,Aserbaidschan,7193586,Hechingen
Oma.wav,05:47:52,8c:01:1f:2d:e6:44,laptop-92.doerr.com,1983-12-06T15:52:41,Australien,7343530,Husum
wenn.mp4,20:56:37,14:ef:42:aa:e3:4d,db-70.adolph.com,1986-10-01T21:37:16,Kenia,9,München
ist.jpg,21:04:17,aa:5a:b1:b3:1c:17,srv-12.jungfer.com,2015-08-30T05:49:10,Island,266833,Eilenburg
mein.tiff,01:50:53,98:1c:ca:89:6a:78,web-13.davids.com,1974-05-27T09:31:26,Swasiland,4,Roding
Baum.odt,10:12:33,5e:aa:4b:8a:eb:8d,web-96.kuehnert.com,2011-11-29T11:25:49,Aserbaidschan,6,Tübingen
hängen.avi,07:49:36,13:84:84:f5:0a:b4,srv-06.junken.net,1998-01-12T23:13:50,Kanada,32543389,Uffenheim
nimmt.jpg,10:26:30,b9:f6:2c:4c:fd:6c,db-58.huebel.net,2021-12-07T22:10:16,Iran,2793,Burglengenfeld
gewinnen.docx,14:49:47,62:2a:aa:c2:e3:36,desktop-42.ziegert.org,1973-10-23T04:04:34,Montenegro,9154,Apolda
ließ.flac,05:10:27,6a:5d:7a:ce:8b:1e,web-81.holsten.de,1971-05-28T15:13:19,Mayotte,675,Hersbruck
Stück.mp3,13:13:56,61:5f:49:01:0d:8e,db-75.staude.com,1995-10-10T10:33:47,Peru,149,Wolmirstedt
baden.flac,05:30:39,35:c0:3e:95:ef:46,lt-35.bohlander.org,1981-08-22T10:09:21,Heard- und McDonald-Inseln,2323,Stadtsteinach
unser.wav,12:16:42,d2:2e:4f:6f:47:d4,email-98.rudolph.com,2022-03-06T18:49:37,Suriname,1,Demmin
warm.html,02:32:03,85:08:f1:f9:1a:17,desktop-81.schmidt.de,2011-09-02T23:37:14,Aserbaidschan,98,Grafenau
fertig.jpg,23:36:29,97:f4:b3:27:d6:9f,srv-16.nohlmans.com,1998-08-28T11:26:29,Algerien,522953,Griesbach Rottal
auf.mov,10:59:02,c6:5a:b3:9b:b0:b7,laptop-19.atzler.de,2016-03-10T11:20:27,Dominica,29652895,Ingolstadt
durch.html,05:07:29,cf:5b:1f:be:7c:8e,srv-94.briemer.de,1984-06-10T07:34:22,Türkei,212,Dresden
suchen.mp4,16:44:23,b8:95:5b:42:b3:f0,web-90.stiffel.de,2001-02-24T01:46:34,Peru,5,Karlsruhe
Rad.json,17:05:24,3f:d6:1f:48:0a:bf,desktop-37.anders.net,2017-02-15T17:09:57,Gabun,53,Görlitz
finden.png,19:11:41,c6:13:e2:ba:8e:6f,lt-00.kruschwitz.de,2012-04-15T02:17:30,Togo,27,Eisenhüttenstadt
jung.csv,05:36:11,0e:24:12:47:23:19,lt-65.ziegert.org,2000-08-04T07:12:44,Malawi,415,Grafenau
weit.js,20:10:04,ac:de:3f:8a:44:5e,srv-14.hermann.net,2018-11-29T16:29:02,Dschibuti,49084063,Griesbach Rottal
wenn.bmp,16:09:59,13:f6:69:b1:f5:30,lt-42.henck.de,2015-11-21T21:46:19,Algerien,175275222,Riesa
bei.gif,17:21:11,f2:7d:b5:05:75:3f,desktop-97.kitzmann.com,1987-10-31T02:26:45,Singapur,634142,Pegnitz
einige.pages,17:42:47,a2:aa:48:49:7e:f2,laptop-51.adolph.org,2003-04-21T12:22:17,Lesotho,68,Helmstedt
reich.avi,05:22:00,25:a8:1b:36:33:a1,lt-97.hendriks.org,2008-08-23T16:03:39,Algerien,178,Hersbruck
gar.flac,15:48:58,08:81:ef:71:aa:08,db-51.stoll.de,2021-11-15T10:03:28,Kamerun,86780,Pfaffenhofen an der Ilm
ziehen.xls,09:04:25,5e:08:5b:b0:1b:92,db-79.kabus.de,1970-08-16T13:26:19,Andorra,2,Mellrichstadt
nass.mov,15:25:38,a5:a0:a7:eb:a1:d5,laptop-30.stiffel.net,2018-09-07T18:05:24,Armenien,7418,Hannover
weit.mp3,13:03:39,63:b3:31:11:06:10,lt-43.kambs.com,2006-10-04T13:11:25,Jemen,20310,Arnstadt
Essen.docx,16:15:27,0c:99:8e:63:f6:08,laptop-64.doehn.com,1999-03-18T09:57:31,Saudi-Arabien,491999375,Kronach
Klasse.pages,02:37:44,c7:c6:99:f0:fc:70,srv-80.eberth.net,2008-10-10T22:27:44,Senegal,21768860,Dinkelsbühl
bis.json,17:44:43,5e:f1:0d:6d:30:1a,db-63.roemer.com,2003-10-19T12:33:13,Bermuda,8091517,Augsburg
Arzt.css,22:15:58,32:30:6c:f5:a0:12,laptop-25.roemer.net,2015-07-27T12:53:47,Zentralafrikanische Republik,93499418,Querfurt
mit.wav,20:41:34,fc:a2:82:69:ee:1f,web-52.hoevel.com,1990-06-16T09:57:35,Britisches Territorium im Indischen Ozean,98129865,Mittweida
bald.xlsx,12:02:22,69:73:05:d5:75:2c,desktop-96.kallert.de,1977-06-09T22:10:26,Grönland,7,Querfurt
müssen.mp3,02:52:15,3d:07:21:1c:61:19,db-39.heser.org,1977-05-01T11:10:03,Burundi,18118190,Jena
andere.tiff,04:44:35,5b:44:15:54:e6:53,desktop-32.margraf.de,2018-07-02T00:34:42,Guatemala,87684,Tirschenreuth
beide.xlsx,02:19:03,d5:01:c4:f6:38:16,desktop-37.mitschke.de,1999-03-30T12:05:15,Kiribati,7,Neubrandenburg
essen.js,02:14:42,7a:e3:61:62:72:f2,srv-68.schleich.com,1997-10-20T20:13:14,Jemen,7522549,Bad Freienwalde
Geburtstag.json,13:46:02,39:69:1c:a8:d6:79,srv-22.mude.net,1984-04-01T06:25:03,Niue,42,Kaiserslautern
wirklich.png,16:03:01,2b:0e:23:31:c4:57,desktop-18.mitschke.com,2011-06-22T06:09:31,Armenien,4,Altentreptow
spielen.mp4,15:17:23,c5:e9:be:eb:37:61,laptop-08.carsten.com,1986-01-03T11:41:28,Bangladesch,2207854,Neu-Ulm
wichtig.odp,14:41:44,46:0e:b4:c2:fa:f0,db-84.krause.com,2007-04-10T19:23:10,Vereinigte Arabische Emirate,7,Schwabmünchen
sind.html,13:52:36,e5:eb:67:3b:4d:bd,lt-43.segebahn.com,1997-05-04T04:30:43,Österreich,2,Säckingen
Küche.webm,03:26:27,b7:ec:10:b7:5e:1d,laptop-57.hauffer.org,2009-12-23T20:34:18,Nördliche Marianen,962,Leipziger Land
dein.pdf,10:51:36,01:6b:3c:19:26:84,laptop-57.loechel.com,2022-08-18T20:16:09,Slowakei,395,Lüneburg
Kind.avi,19:08:17,c4:e9:1c:85:9b:77,srv-72.nette.com,2004-01-28T14:02:45,Demokratische Volksrepublik Korea,5358000,Dinkelsbühl
sehr.txt,01:17:14,bc:25:81:19:2c:ca,srv-79.stolze.de,2012-02-29T08:33:36,Wallis und Futuna,46,Heinsberg
laut.gif,03:15:27,73:84:ae:45:ac:4d,web-78.schinke.com,1987-07-11T07:47:38,Marokko,79011,Osterburg
tief.mov,23:37:53,15:65:95:17:c2:7d,web-49.speer.de,2007-09-04T06:57:37,Usbekistan,8629205,Lörrach
warm.mp4,10:19:21,9f:e3:3e:74:53:33,db-63.heidrich.org,2004-01-18T15:18:03,San Marino,2,Hammelburg
Uhr.png,20:57:15,3a:35:e4:7b:89:e0,srv-46.kostolzin.com,1978-11-18T21:52:31,Neuseeland,565310,Hohenmölsen
beißen.mp3,09:47:29,3b:ef:5d:82:49:1d,email-73.schulz.com,2012-05-13T01:03:19,Zypern,97863,Emmendingen
tief.key,09:10:33,43:d7:d3:36:eb:7e,desktop-08.koch.de,2011-09-20T04:00:05,Vereinigte Arabische Emirate,856958,Bitterfeld
können.js,06:39:33,1e:74:44:c3:fd:d3,srv-82.juettner.com,2014-05-02T02:57:28,Bermuda,133202,Wolmirstedt
führen.flac,13:57:10,ab:bc:6e:ad:fb:20,srv-21.klemm.de,1979-05-06T22:12:03,Nördliche Marianen,10656,Eisenberg
glauben.odp,02:48:22,99:30:0b:fc:d9:2f,db-64.wulff.com,2013-04-18T07:15:14,Kongo,62602,Marienberg
sein.odt,07:07:05,2d:84:65:9a:f4:a8,db-15.gorlitz.de,1992-10-29T01:22:01,Seychellen,91467,Siegen
Kopf.numbers,12:52:35,ea:80:30:fd:c2:65,laptop-28.peukert.org,2000-02-01T14:37:50,Papua-Neuguinea,9,Soltau
helfen.bmp,03:24:36,d5:4d:1e:f3:86:8c,srv-95.trommler.com,1995-02-08T07:43:14,Benin,9,Erkelenz
spielen.mp3,13:27:54,e5:78:62:af:9d:d3,laptop-81.franke.com,1984-11-05T07:16:16,Liechtenstein,624056,Emmendingen
Wohnung.webm,21:32:53,df:00:17:b1:8a:08,laptop-59.seifert.org,1976-02-11T07:39:54,Chile,8906,Pegnitz
schreien.wav,16:35:08,15:6d:1c:84:7d:e1,desktop-70.kranz.com,1983-08-10T15:50:07,Kanada,2007,Guben
jetzt.mov,15:06:02,7f:3e:a2:26:95:44,srv-42.junck.net,1986-05-18T09:47:01,Serbien,2038423,Neubrandenburg
klein.mov,00:00:13,78:0c:8d:fa:f6:44,laptop-02.heydrich.com,2009-08-13T00:14:34,Dänemark,994,Stuttgart
Milch.avi,06:41:48,0c:9a:5a:64:f7:6c,srv-71.mosemann.de,1970-01-25T05:58:25,Aserbaidschan,2706345,Mittweida
wirklich.gif,05:04:13,55:cc:42:48:06:27,laptop-46.martin.com,1980-11-02T08:18:29,Uruguay,22,Badoberan
Leute.flac,05:10:05,28:09:13:01:c1:b5,laptop-74.kobelt.com,2019-03-29T07:27:53,Isle of Man,2709,Böblingen
rechnen.webm,11:16:41,87:d5:a8:a7:60:0c,srv-97.kohl.com,1974-05-20T14:58:59,Serbien,5,Vechta
leicht.txt,21:10:41,32:14:69:9a:25:f6,lt-71.renner.net,1972-03-10T00:58:11,Kiribati,1058,Fallingbostel
wissen.json,05:10:08,ae:a9:e8:71:d5:ba,web-48.kraushaar.net,1977-03-18T19:57:13,Serbien und Montenegro,31,Monschau
einige.ods,02:21:40,ef:e9:95:2a:87:bb,desktop-26.moechlichen.com,1996-03-17T08:49:25,Malawi,8,Kötzting
zum.txt,20:02:19,7e:9c:26:02:03:a1,email-79.austermuehle.net,2003-11-19T18:49:08,Niederlande,4641115,Cloppenburg
Name.txt,01:40:02,b2:59:e8:27:d1:b0,laptop-10.schuchhardt.de,1973-09-21T10:37:15,Trinidad und Tobago,81543704,Erkelenz
Stein.avi,09:17:27,2d:60:bc:96:ad:04,web-25.benthin.org,2006-03-08T22:49:49,Malediven,28607,Eichstätt
allein.mov,20:31:07,a4:00:d6:40:ab:89,db-48.gunpf.com,1971-11-30T21:01:50,Irak,6981,Luckau
im.webm,18:16:00,4a:e4:02:e5:6d:29,desktop-58.kaul.de,1999-08-22T19:16:54,Türkei,7707723,Einbeck
schauen.mp4,02:45:29,7c:67:59:ad:81:f7,web-65.loewer.org,2006-01-17T16:29:03,Guadeloupe,11,Gifhorn
kaufen.mp3,14:39:10,6f:9e:c4:28:96:ea,lt-13.schenk.org,1990-10-17T02:08:10,Namibia,697771,Pinneberg
Luft.odt,02:30:21,78:70:87:05:5a:44,email-92.ullmann.org,1970-12-22T09:37:03,Niederländische Antillen,10413,Lüdinghausen
hat.avi,05:28:34,e7:e4:91:f9:a5:bb,db-34.mielcarek.com,1978-10-15T04:06:28,Lesotho,55,Gadebusch
Zeitung.webm,20:29:16,a3:0b:14:5d:c7:9c,db-60.peukert.com,1987-09-18T18:37:42,Brunei Darussalam,78881420,Schweinfurt
jetzt.css,12:36:03,8c:1c:e5:b0:78:bb,email-51.seifert.de,1970-09-17T16:00:28,Australien,1210439,Groß-Gerau
gut.odt,22:34:22,fd:02:18:f4:bd:55,laptop-25.junitz.org,2014-01-29T20:07:41,Samoa,92,Belzig
Vogel.pptx,23:00:24,a9:2f:4a:b9:48:9b,email-91.saeuberlich.de,1971-02-01T15:18:14,Russische Föderation,110,Güstrow
Eis.mp3,08:54:18,1e:00:5e:12:71:fc,web-66.zaenker.de,2015-09-30T12:39:38,Ukraine,15398834,Tübingen
mein.odt,08:31:29,cc:ed:97:e3:28:47,lt-79.eberth.com,1999-05-22T02:39:24,Guinea,32,Ueckermünde
mehr.pdf,16:46:27,b0:7c:43:71:80:c0,lt-14.suessebier.com,1980-04-15T16:49:55,Osttimor,4816895,Jena
Kopf.flac,17:27:32,7e:82:bd:a1:d2:1e,srv-23.kallert.de,1978-11-29T09:41:13,Wallis und Futuna,342213,Weißenfels
im.csv,05:01:53,c8:e7:35:35:ab:4f,srv-68.wilmsen.com,2011-03-15T18:24:31,Jamaika,82065,Säckingen
alle.flac,23:19:05,2e:2f:34:8d:82:36,laptop-95.bohlander.net,1999-05-08T00:49:17,Swasiland,4533768,Sankt Goar
versuchen.webm,08:46:14,71:c1:43:24:49:b1,email-85.gnatz.de,2022-07-17T19:15:56,Neukaledonien,7554,Strausberg
gehören.json,01:49:12,07:6b:1f:3c:fb:c7,srv-39.muehle.com,1987-05-01T16:17:23,Lesotho,204757241,Grevesmühlen
einige.mp4,08:28:45,b4:77:ae:1d:b3:2d,email-68.gude.de,1985-04-23T18:13:38,Färöer,510543,Ebersberg
Freund.wav,08:19:23,74:31:6f:79:e4:36,email-03.spiess.net,1995-09-01T12:24:53,Französisch-Guayana,13679391,Aschaffenburg
lustig.avi,07:30:06,c2:da:bc:86:2d:96,laptop-24.jungfer.org,1974-10-18T16:38:46,Albanien,433075647,Eisenberg
reiten.mp3,01:39:04,13:14:91:f9:5c:f1,lt-11.bohlander.de,2015-04-03T03:47:44,Dschibuti,1,Ilmenau
Schnee.gif,16:47:42,39:1b:42:89:af:03,laptop-06.scheibe.de,1987-10-19T02:16:00,Guernsey,6,Kyritz
leben.wav,19:11:44,7c:1d:bd:06:e1:78,laptop-38.fritsch.org,1994-02-23T06:05:07,Amerikanisch-Ozeanien,433879884,Donaueschingen
Eltern.bmp,15:56:00,af:20:38:db:bd:62,lt-86.heintze.de,1986-02-03T05:13:17,Nördliche Marianen,50749,Bad Kissingen
schenken.mp3,19:03:50,b2:5d:83:f8:7b:74,web-98.roht.com,1989-05-20T16:28:42,Bouvetinsel,5369,Bad Kreuznach
schwimmen.mp4,01:02:17,15:16:23:02:02:aa,laptop-72.berger.com,1994-10-29T08:33:17,Tokelau,696236,Gunzenhausen
gern.csv,21:51:48,41:e7:6c:17:3e:81,web-10.jopich.com,2016-04-07T07:20:23,Aserbaidschan,354,Strausberg
Weihnachten.flac,11:43:22,3a:5a:96:8f:2f:b5,desktop-80.christoph.de,1995-06-09T05:20:00,Nauru,49600294,Grimmen
davon.jpeg,02:03:59,6b:f3:2c:9e:bb:25,web-02.tlustek.com,2020-10-29T07:38:48,Turkmenistan,921100,Calw
schenken.html,18:42:38,b8:93:ff:5e:fd:31,db-77.beier.de,2005-11-28T22:01:48,Georgien,43033,Monschau
endlich.txt,15:12:36,4c:c3:66:c7:5c:e6,srv-88.kranz.com,2011-03-22T17:23:44,Algerien,578,München
zu.mp4,07:49:19,43:2a:e3:41:0b:c9,db-03.bloch.de,1990-07-06T03:55:54,Rumänien,1917,Paderborn
wissen.odp,01:28:20,8a:82:41:a4:2d:13,laptop-82.kusch.com,2013-10-04T20:32:58,Barbados,646368977,Diepholz
dann.mp4,04:23:24,75:12:22:15:a9:71,desktop-70.martin.de,2008-07-09T17:41:28,Réunion,6547496,Cuxhaven
im.ppt,23:33:57,42:e1:eb:7d:1c:59,srv-18.koehler.de,1989-09-09T01:01:15,Finnland,870177284,Ludwigslust
fast.js,16:48:20,40:46:05:26:41:e2,desktop-40.saeuberlich.de,1997-04-16T19:47:02,Brunei Darussalam,94100538,Ludwigslust
gerade.css,05:53:19,58:67:e4:7c:e5:45,lt-58.geissler.de,2017-12-06T10:02:33,Kroatien,388651,Güstrow
nein.html,12:34:27,a2:48:b2:be:c4:32,lt-99.salz.de,1972-06-11T06:52:36,Israel,3566,Lippstadt
suchen.png,09:41:22,ba:c8:cd:bc:48:80,laptop-57.eimer.com,1984-08-14T23:09:59,Somalia,696134,Zerbst
kalt.jpg,22:00:07,5e:b4:9c:84:9d:5e,db-44.flantz.de,1994-05-24T19:24:33,Tschechische Republik,99,Wittmund
Eis.mp3,20:45:33,5c:44:6c:a2:6b:6a,desktop-81.koch.de,1988-03-19T00:48:09,Deutschland,7475,Goslar
Bruder.mp4,08:10:55,ed:39:0c:19:85:86,laptop-83.hornig.com,1972-10-06T13:06:37,Neuseeland,20268195,Rothenburg ob der Tauber
auf.js,17:22:58,01:89:95:5d:91:80,lt-58.jacob.de,1971-10-13T01:59:30,Katar,437,Gera
gelb.mp3,21:21:08,a3:0d:c6:14:36:4d,srv-85.roht.com,2006-03-19T17:34:55,Gambia,42235,Apolda
als.avi,19:25:11,23:be:38:01:d6:ff,srv-48.knappe.com,2012-07-06T07:31:15,Slowakei,58146,Neuruppin
schon.flac,05:35:54,5e:6b:32:25:d6:ec,web-35.klemt.com,2005-05-10T00:15:31,Bangladesch,23486,Görlitz
antworten.txt,06:37:04,fa:63:db:f9:ce:2d,desktop-63.rosenow.de,1992-12-23T12:16:47,Tuvalu,79587553,Stollberg
Spiel.xlsx,00:05:36,c7:db:52:01:ac:39,lt-85.bender.de,2002-05-13T03:05:22,Spanien,7080246,Sulzbach-Rosenberg
für.mp3,15:44:18,34:21:1d:70:bf:cb,srv-99.koch.org,1993-04-10T17:03:19,Irland,4532,Perleberg
weiß.js,07:40:11,62:03:78:e9:92:22,laptop-90.bohnbach.net,1974-08-06T06:11:39,Belarus,3550,Bamberg
fährt.odt,11:34:23,85:26:35:a0:4e:bd,lt-84.sontag.de,1993-07-22T07:40:18,St. Pierre und Miquelon,127621,Freital
viel.mp3,04:51:27,9b:e9:24:2c:fa:8c,db-89.karz.de,1985-09-20T17:46:43,Äquatorialguinea,6,Ludwigslust
neu.mp3,13:42:25,5b:1f:a4:a3:27:40,srv-94.schottin.de,1976-12-02T12:06:11,Nordmazedonien,8961462,Schwarzenberg
Wetter.mov,22:43:49,60:e4:dd:d0:85:0f,lt-67.klemt.org,2022-05-04T22:54:03,Costa Rica,17869,Rothenburg ob der Tauber
denken.xlsx,06:35:07,77:84:14:e9:4e:ec,web-36.niemeier.com,2023-07-10T12:28:51,Tonga,53650411,München
endlich.wav,18:13:00,12:24:ad:26:3c:11,email-19.jaentsch.org,1991-06-17T11:18:21,Tschad,456,Pinneberg
holen.css,00:19:51,de:99:21:17:af:67,db-78.mans.net,2000-08-21T03:56:38,Kolumbien,315,Staßfurt
werfen.key,09:16:12,bd:51:13:16:d2:d4,desktop-11.steinberg.com,2001-04-26T20:23:37,Dschibuti,591,Pegnitz
ruhig.mp3,08:41:10,5f:d0:d2:37:9f:56,db-54.roht.com,1982-04-05T10:26:29,Serbien und Montenegro,3136710,Recklinghausen
sofort.csv,18:11:24,c2:14:e1:21:d1:cb,lt-54.wulf.de,2004-07-07T15:42:29,Benin,20490,Belzig
Flasche.pptx,22:38:44,08:49:ba:05:d7:12,laptop-66.kaester.com,1980-10-07T02:53:26,Vereinigte Staaten,1,Kemnath
Weg.wav,00:51:43,3c:6f:e3:69:cc:f4,desktop-22.birnbaum.de,1970-10-14T15:11:28,Aruba,3,Rockenhausen
hat.pages,05:54:32,ea:0e:65:5c:e1:1e,lt-67.koester.de,2021-08-22T12:04:21,Bangladesch,46251142,Lobenstein
her.webm,01:31:53,14:b1:6b:67:8b:c7,srv-41.stiffel.com,2012-04-18T23:56:01,São Tomé und Príncipe,7,Rastatt
nehmen.jpg,20:58:55,46:49:ed:63:a1:9e,db-18.kraushaar.de,2000-06-14T00:24:41,St. Helena,973,Schleiz
etwas.mov,14:46:58,20:54:98:8b:9c:77,laptop-20.mielcarek.org,1972-05-15T12:37:13,Indonesien,91645803,Mayen
ab.webm,11:00:56,13:5f:fd:41:94:a6,db-60.jacobi.de,1991-05-07T16:56:36,Suriname,107,Miltenberg
Kopf.mp3,09:24:45,1c:40:d8:af:29:ca,laptop-43.mitschke.de,1986-04-16T08:13:43,Brasilien,42202947,Grimmen
wieder.mp3,18:07:58,15:0c:bd:b4:51:54,web-50.keudel.de,1989-04-22T11:15:06,Slowenien,9482,Aschaffenburg
zu.webm,02:14:52,d5:37:9f:e7:14:85,db-77.schmidtke.de,1988-01-11T17:02:52,Angola,20,Backnang
krank.json,05:44:15,47:6d:2d:9a:72:1f,db-47.textor.com,2008-08-30T08:04:39,Iran,231437716,Ravensburg
gelb.pages,19:47:16,79:b8:f7:1f:6f:03,web-32.klemm.de,1998-04-17T13:49:11,Griechenland,712406,Hagenow
Leute.wav,06:36:09,38:b7:7b:ba:d4:03,email-50.koester.com,1975-01-07T19:19:58,Frankreich,479865199,Kitzingen
vor.mp4,16:42:50,76:b5:35:b7:7a:c2,srv-90.hamann.net,2018-07-08T10:34:19,El Salvador,62258852,Schwarzenberg
weiter.tiff,12:40:19,1a:35:2e:02:0c:69,email-98.schomber.com,1978-04-30T03:08:09,Äquatorialguinea,793550,Lichtenfels
sprechen.bmp,13:36:14,8e:3f:24:d6:f3:ce,desktop-50.wernecke.net,2015-12-17T04:12:31,Dominikanische Republik,5738,Osterode am Harz
Mädchen.xls,13:44:48,58:22:31:5f:02:54,db-90.nerger.de,2014-03-01T05:23:47,Taiwan,2,Erkelenz
Eltern.avi,14:49:55,c9:74:dd:68:c5:b7,lt-18.keudel.net,1989-03-21T20:26:01,Zypern,3,Vohenstrauß
erschrecken.mp4,14:34:48,e1:7f:42:c6:76:43,lt-24.krein.de,1984-07-24T03:27:23,Indien,453,Schwäbisch Hall
zwischen.jpg,17:14:53,35:8b:23:6a:29:d5,db-20.eckbauer.de,2012-08-16T12:09:45,Nordmazedonien,3252089,Schweinfurt
Schnee.flac,17:19:25,80:76:2d:b2:24:57,db-25.bauer.de,1978-04-28T19:01:21,Seychellen,563,Anklam
Nase.numbers,12:12:24,3f:06:93:fe:cd:da,srv-50.briemer.de,2020-12-19T02:39:50,Mikronesien,706,Göppingen
oder.key,21:51:45,72:af:5e:40:b3:05,web-29.rohleder.org,1993-01-01T13:21:20,China,612,Badoberan
Tante.wav,12:48:40,ec:d4:c6:1e:73:a6,email-82.schweitzer.org,2020-05-28T21:19:33,Ruanda,129323,Aschaffenburg
Brot.gif,13:14:32,e1:ea:9d:3b:7d:f3,db-97.zimmer.de,1990-08-06T20:44:01,Äußeres Ozeanien,27824689,Miltenberg
auch.html,01:11:28,2c:b5:44:27:c7:8e,email-17.langern.de,2001-09-23T16:01:26,Guadeloupe,3726,Bautzen
erst.css,08:14:25,30:65:f7:0f:86:80,laptop-35.fischer.de,2018-03-09T20:20:48,Georgien,34517659,Rastatt
haben.mp4,20:34:41,7e:1e:b6:ad:82:5f,web-48.dowerg.com,2017-11-25T15:04:55,Dominica,87985,Northeim
Buch.wav,21:00:11,be:d3:bc:5b:a2:15,email-99.pruschke.de,1972-04-03T02:46:02,Weihnachtsinsel,8915,Kötzting
gehen.jpg,18:47:31,98:df:a9:9d:c8:4b,srv-11.hoffmann.org,1995-07-18T22:37:28,Albanien,35004,Cloppenburg
fangen.mp4,07:03:41,95:48:87:04:cc:53,db-05.hermann.net,2015-04-07T11:29:55,Isle of Man,89,Gräfenhainichen
Jahr.tiff,16:32:38,11:58:a2:f8:00:a6,web-70.birnbaum.de,2017-01-22T08:01:43,Bermuda,5956925,Bamberg
Gesicht.mov,00:31:06,94:3e:49:8a:e8:6b,email-58.gertz.com,1977-07-19T06:44:34,Amerikanisch-Samoa,8452,Meppen
tot.html,09:49:29,21:7b:9c:31:b8:59,web-10.gotthard.de,1991-09-08T08:31:47,St. Pierre und Miquelon,128,Lichtenfels
jeder.html,01:41:51,ea:76:6e:8f:9f:cc,laptop-39.etzler.de,2011-11-23T17:38:51,Deutschland,889,Bergzabern
ließ.csv,23:25:52,d5:8c:75:0f:eb:85,db-72.bolnbach.org,1990-09-26T05:27:47,Republik Moldau,7885457,Wiedenbrück
finden.webm,17:43:20,d7:64:54:b4:95:a6,email-17.schmidt.net,2011-07-20T11:38:55,Vereinigtes Königreich,971205532,Pegnitz
leise.pdf,17:07:37,6c:eb:be:fc:a8:1b,db-18.zimmer.com,1993-03-24T04:08:33,Philippinen,299961,Lemgo
Musik.html,06:06:51,ac:98:d1:a9:bc:8d,srv-48.faust.com,2005-10-02T00:46:28,Finnland,3089869,Witzenhausen
zusammen.pptx,17:11:34,96:d8:db:bd:23:24,srv-34.wende.de,1987-04-09T01:39:29,Salomonen,1553694,Germersheim
das.csv,10:03:32,04:50:10:f3:c2:56,lt-59.henschel.de,2020-12-08T23:06:05,Jamaika,761485,Altötting
Schiff.jpeg,00:04:15,59:55:66:c4:4c:9e,web-67.klingelhoefer.com,1977-05-02T21:14:55,Armenien,4000200,Kleve
schreiben.webm,10:09:50,cb:dd:6b:b4:cc:20,email-16.hornig.de,2019-02-15T02:33:51,Angola,1,Kusel
Minutenmir.gif,08:58:04,a9:40:f5:f2:cd:a1,db-12.bolnbach.com,2014-01-22T07:28:48,Mexiko,893122341,Bersenbrück
Gesicht.mp3,06:12:12,e2:63:c2:54:19:c1,desktop-01.bender.com,1986-08-08T14:24:44,Peru,43343,Staßfurt
Schuh.mp3,10:24:49,f0:fa:23:19:af:07,db-49.hoffmann.de,2018-12-14T09:45:22,Dänemark,793969,Großenhain
uns.mov,04:07:53,79:6a:58:85:f8:12,srv-09.schuchhardt.com,1980-09-22T09:18:06,Deutschland,6,Melle
sprechen.avi,02:14:12,45:35:17:02:bb:f1,email-74.losekann.com,2015-12-04T10:23:54,Gibraltar,102,Hansestadttralsund
ruhig.webm,22:01:40,df:53:b7:75:4f:d2,web-66.poelitz.de,2015-01-17T15:26:23,Jamaika,21,Gadebusch
gehen.bmp,11:14:08,fc:f4:d2:5f:fc:0b,lt-40.ehlert.net,2000-11-14T16:15:18,Italien,5,Hannoversch Münden
ruhig.numbers,09:46:55,0b:2a:b3:c3:4a:07,laptop-75.butte.de,2006-04-06T21:01:20,Puerto Rico,5265,Wolfach
zeigen.numbers,22:31:54,40:70:5a:51:41:ae,lt-24.baehr.com,2018-01-18T14:50:07,Französisch-Polynesien,45,Rostock
Opa.doc,02:18:58,9f:c8:ea:d4:13:9f,db-28.gotthard.de,2014-06-26T13:37:56,Kongo,54176142,Passau
Mutter.css,18:25:20,73:37:97:72:e7:e1,laptop-27.misicher.de,2006-10-15T00:06:52,St. Barthélemy,7,Marienberg
verlieren.wav,07:11:01,ce:9d:21:e7:76:b6,desktop-75.koehler.com,2004-03-02T13:22:45,Türkei,30,Wolfach
danach.txt,15:39:04,fd:7d:1d:d8:3f:9a,lt-99.trupp.de,1985-04-29T23:52:15,Kasachstan,227291,Lippstadt
neu.txt,12:28:02,94:0f:33:26:48:a9,laptop-82.weihmann.com,2013-08-14T18:04:30,El Salvador,9316,Eisenach
sechs.odp,07:39:52,28:f3:35:89:e7:f9,laptop-25.stahr.com,2007-08-17T17:53:18,Palästinensische Gebiete,6604,Hannover
Name.gif,14:49:48,18:c8:79:eb:3d:47,desktop-89.junken.de,2020-12-28T21:47:21,Saudi-Arabien,98,Kulmbach
will.pptx,10:18:13,c8:32:89:06:0e:d1,laptop-64.gude.org,2013-12-16T11:13:16,Bhutan,61639,Dachau
schlecht.jpg,03:45:49,10:cb:99:7a:7f:39,lt-83.metz.org,2016-02-21T01:35:21,Mauretanien,41,Deggendorf
Platz.jpg,00:22:58,b1:39:65:c6:f6:6d,laptop-08.kuehnert.org,2011-01-15T20:20:06,Tschechische Republik,806565625,Rastatt
Ball.mp4,12:57:40,23:44:bd:a7:17:b2,laptop-31.holt.org,1976-07-30T08:51:17,St. Pierre und Miquelon,65253,Weißwasser
essen.mov,06:59:56,48:b6:d5:0c:e7:be,srv-67.stahr.de,1988-06-18T13:06:18,Kanada,304715,Groß-Gerau
kalt.mp3,03:52:19,34:05:a6:f7:2a:82,desktop-02.mentzel.de,1978-11-19T19:17:04,Malawi,98451,Backnang
Fuß.numbers,18:41:24,5e:35:75:77:5d:65,desktop-75.atzler.net,2013-04-14T14:08:58,Nepal,6828,Kitzingen
schnell.bmp,16:32:53,05:49:c3:35:40:b4,web-13.christoph.de,2002-10-02T01:44:52,Kasachstan,74,Jüterbog
da.css,10:29:33,c2:b4:f9:d0:ff:6f,desktop-29.zobel.net,2012-09-08T04:28:11,Nepal,347753743,Gransee
Monat.mp4,17:34:11,d9:23:19:f9:9e:98,email-58.schenk.de,1994-06-05T15:51:47,Südafrika,95658,Wittenberg
neu.xls,16:26:54,7e:89:90:86:58:77,laptop-35.nohlmans.com,2011-10-24T08:48:51,Marokko,18004905,Hersbruck
liegen.mp4,14:57:33,e8:af:af:ec:d4:b4,email-35.preiss.net,2013-02-10T09:58:19,Isle of Man,920,Bad Kissingen
Brot.css,13:14:12,d1:85:db:52:43:30,desktop-56.trubin.de,2010-05-12T08:43:23,Deutschland,4,Freital
stehen.jpg,06:34:49,43:64:0a:7e:4f:1f,srv-57.becker.org,1976-09-12T21:21:58,Serbien und Montenegro,945862681,Meppen
heiß.css,11:54:04,f4:d8:f1:7b:fa:6d,laptop-41.ebert.com,2002-09-21T13:21:21,Katar,602634,Bruchsal
hängen.mp4,16:05:07,23:bc:4f:42:55:0b,db-50.kroker.com,2004-06-27T18:36:14,Palästinensische Gebiete,90,Lüdenscheid
brauchen.wav,00:55:55,e5:d7:53:73:67:9e,web-48.kraushaar.com,1994-02-01T19:30:59,Puerto Rico,109,Waren
sicher.wav,17:38:19,1e:ee:1e:8e:32:96,srv-29.speer.de,1996-10-26T14:03:20,Britische Jungferninseln,91,Bad Freienwalde
baden.mp4,08:25:14,69:de:09:c4:22:b1,email-71.stahr.com,2003-02-07T09:33:32,Bahrain,611,Rathenow
Land.bmp,02:34:36,05:a6:77:af:6a:0e,desktop-99.jaentsch.com,1984-06-09T10:50:36,Salomonen,377,Neustrelitz
gern.html,14:51:52,51:1e:f0:ad:a2:a5,laptop-26.koch.de,1991-05-18T17:34:19,Pitcairn,32,Strasburg
Kind.js,02:02:39,ef:a8:53:0f:05:a4,lt-04.schlosser.net,1998-11-03T04:00:00,Äußeres Ozeanien,831,Roding
Oma.flac,03:27:34,d3:4d:44:88:c5:c7,laptop-80.gumprich.com,1996-11-12T16:27:57,Dänemark,119,Gifhorn
Stunde.docx,12:58:21,a2:e3:eb:71:c9:fe,web-33.bauer.de,2001-10-10T17:12:57,Bosnien und Herzegowina,245,Böblingen
Blume.js,00:05:03,59:fc:25:19:ec:01,desktop-40.ortmann.de,1989-07-21T15:09:32,Burkina Faso,231256,Greiz
gewinnen.csv,04:28:50,4c:5d:0a:0f:ff:e7,laptop-78.scholl.de,2003-09-02T16:28:44,Armenien,41302299,Parchim
also.jpeg,16:23:35,17:9e:47:bb:85:bc,laptop-14.wirth.com,1993-11-21T17:17:21,Südafrika,9704580,Hainichen
weit.txt,21:08:51,26:3f:99:ec:bb:b2,email-42.heinrich.com,1974-03-19T11:30:56,Dominica,76095,Herzberg
weiß.csv,17:51:46,b7:9f:7b:3a:a8:28,lt-29.harloff.de,2006-01-11T17:29:17,Lesotho,8114470,Coburg
stark.html,16:06:39,88:c4:61:81:ec:8c,web-97.wesack.com,2019-05-06T08:01:48,Isle of Man,2933612,Meiningen
Feuer.css,03:20:04,3a:79:f1:26:c7:2a,srv-78.schottin.com,2007-06-23T20:23:25,Israel,88629345,Forchheim
durch.flac,21:31:39,b3:d2:68:ea:80:7b,web-84.soeding.de,1998-10-28T05:44:42,Nicaragua,723419,Düren
wie.numbers,18:01:45,54:44:38:c5:a8:8e,srv-44.hermighausen.org,2010-03-02T05:04:50,Jamaika,14072382,Lörrach
erschrecken.mp3,15:47:34,62:15:cc:91:f0:21,email-86.kramer.de,2005-08-22T03:24:09,Laos,798979,Prenzlau
Name.png,15:22:45,17:03:4c:85:d7:cd,laptop-57.jockel.com,1997-05-06T17:36:23,San Marino,45284,Germersheim
ich.png,10:51:44,4a:d5:50:79:05:0e,email-10.weimer.de,1981-02-01T20:09:51,Slowenien,6266,Warendorf
darin.mp3,18:16:50,7d:80:dd:b9:67:7a,email-56.van.com,1976-04-30T01:01:18,Bouvetinsel,52,Seelow
hart.jpeg,22:49:46,cf:18:15:a8:13:c3,email-68.vogt.com,1971-02-21T03:10:07,Uruguay,31006186,Stadtsteinach
Bauer.doc,13:32:36,40:e3:58:49:f1:39,lt-23.hartung.com,1970-07-20T22:36:13,Libanon,53,Weißenfels
freuen.png,11:41:19,42:af:85:60:37:50,laptop-61.kuehnert.com,2000-05-30T10:52:55,San Marino,22189,Teterow
nichts.doc,18:10:53,32:78:81:73:58:53,lt-36.wohlgemut.net,2011-03-20T10:08:01,Kamerun,9248,Freital
Arzt.json,04:34:37,10:32:c8:db:ba:14,web-93.rosemann.org,1994-05-04T09:14:01,San Marino,771010449,Wolmirstedt
warm.flac,07:11:37,68:7c:21:b6:bd:6f,laptop-31.reising.de,2001-06-15T22:53:14,Marokko,451578,Arnstadt
sprechen.flac,06:52:26,af:b7:17:ab:08:5d,desktop-77.seifert.com,1988-07-17T10:54:25,Albanien,93,Bad Langensalza
trinken.pdf,19:03:47,9b:fc:6d:f3:96:68,email-36.henck.de,1988-03-23T06:12:28,Costa Rica,4236,Grevenbroich
Woche.js,17:44:31,48:e6:c6:bc:1a:9e,desktop-69.trueb.de,2000-05-08T10:35:36,Barbados,1396094,Eisenhüttenstadt
letzte.png,20:38:19,d8:2b:8b:6b:fc:4b,db-63.vollbrecht.de,1972-03-23T02:02:57,Tschechische Republik,96603247,Hünfeld
in.avi,00:58:13,fe:5a:7e:90:1e:7a,desktop-94.karge.com,2020-01-08T01:04:05,Guinea-Bissau,51001623,Grafenau
wer.doc,09:20:08,ed:5b:c3:26:40:37,lt-56.eberth.com,1990-09-27T04:13:43,Heard- und McDonald-Inseln,342,Staßfurt
traurig.mp4,23:14:25,eb:40:b2:88:ff:e8,lt-15.kaester.de,2001-12-04T12:29:01,Polen,364601782,Mayen
Flasche.json,16:44:53,58:0a:ad:93:40:fe,lt-57.moechlichen.net,2011-10-30T04:38:45,Dschibuti,2238,Uelzen
rechnen.mp3,01:21:17,28:f7:e3:fd:10:a1,laptop-36.renner.de,1977-06-12T22:01:32,Nicaragua,4119,Grevenbroich
fertig.mov,16:36:18,d0:4d:2a:41:dd:b1,db-77.stumpf.de,1975-10-30T16:29:12,Mongolei,689,Gifhorn
dazu.flac,08:11:44,dc:d2:32:34:49:3c,db-49.mielcarek.de,2009-06-20T14:09:30,Kenia,0,Geithain
über.tiff,02:26:52,39:12:e2:de:9d:62,email-59.juettner.de,2014-08-15T06:12:23,Bouvetinsel,15665,Haldensleben
müssen.html,01:33:04,86:08:77:d1:e0:55,srv-97.ullmann.com,1978-07-20T08:47:57,Sierra Leone,331000852,Lemgo
auf.wav,21:16:08,4c:be:c9:7f:d1:6d,lt-79.hellwig.de,1995-01-06T17:04:03,Guatemala,1425,Hildesheim
bald.mov,04:35:55,b0:59:c0:06:b2:71,srv-05.wulf.com,1992-08-18T09:06:40,Sierra Leone,397701,Bremervörde
dich.xls,08:09:53,d7:9b:7e:a1:cb:17,desktop-18.loos.de,1992-04-27T07:13:34,San Marino,62,Kaiserslautern
Blume.tiff,23:25:10,1e:ac:a2:9a:16:ef,db-49.jaentsch.com,2016-12-01T17:20:00,Republik Moldau,35949,Stendal
Mensch.jpeg,19:32:55,c9:32:15:40:7d:8f,desktop-43.radisch.org,1999-09-12T08:55:42,St. Lucia,755603878,Wesel
bei.avi,14:43:28,ad:0a:40:2e:d6:6e,lt-21.kallert.org,1976-01-11T06:41:44,Samoa,8644,Donaueschingen
braun.flac,21:07:42,88:ec:ae:a3:d9:d2,web-34.lindau.com,1987-07-15T21:25:08,Chile,9429563,Eisenberg
glücklich.flac,16:55:44,b6:79:93:34:64:5d,web-27.rust.de,1981-07-12T09:35:42,Kamerun,40117337,Rothenburg ob der Tauber
Weihnachten.gif,23:14:11,7a:84:c5:0b:2d:51,email-71.flantz.de,2000-12-24T19:23:30,Chile,3,Sömmerda
hören.gif,12:50:11,af:ce:16:81:a7:7c,email-59.loewer.de,1983-07-16T23:54:26,Tadschikistan,22,Uelzen
schaffen.mp3,18:07:24,53:d9:f2:54:80:49,srv-76.eimer.net,1993-05-04T03:18:32,Litauen,504340520,Moers
Ding.png,14:38:17,c1:57:ca:ae:28:5f,srv-27.heser.de,1980-06-10T05:31:38,Haiti,116486229,Schweinfurt
grün.pages,14:33:56,fb:84:67:e5:b1:db,laptop-62.schaaf.de,2013-01-03T12:05:45,Dominica,9,Mittweida
erst.jpg,02:26:21,00:7b:68:c5:10:cc,lt-48.kranz.de,1989-06-09T22:07:30,Burundi,48064141,Jessen
Herr.wav,14:40:11,99:c2:19:28:22:d1,web-54.wulff.de,2016-07-15T00:57:08,Philippinen,96323,Grafenau
Freude.doc,03:25:47,3d:28:9f:5b:53:44,desktop-18.walter.org,2013-04-23T16:32:40,Myanmar,90202323,Zeulenroda
leicht.docx,22:35:58,f8:3d:09:e9:69:e8,srv-75.pechel.com,1992-12-05T10:05:13,Marokko,9633200,Magdeburg
wir.jpeg,09:30:55,c2:a0:82:f6:75:50,web-25.adler.com,1979-10-12T13:28:14,Anguilla,34271,Rehau
Wissen.csv,11:26:18,e9:78:d6:a4:71:c3,srv-66.mosemann.net,1996-11-04T20:50:52,Libanon,7826,Biedenkopf
sich.js,18:50:37,29:d0:1e:b7:48:1d,lt-24.vollbrecht.com,1979-01-31T15:11:29,Oman,40725,Schwandorf
die.pdf,18:35:45,cb:36:87:d2:63:9c,web-03.stroh.de,2009-12-09T21:38:01,Island,183,Karlsruhe
Woche.gif,13:30:22,33:e5:c5:ee:c5:f2,srv-72.ernst.com,2012-04-30T23:04:19,Guyana,302,Bad Mergentheim
Angst.wav,00:12:10,32:6c:ba:d0:f0:b0,email-23.wernecke.com,2020-08-22T14:54:21,Dänemark,7362,Roding
viel.js,06:18:16,bc:66:f0:d9:e6:db,web-84.nette.com,1994-11-10T07:22:15,Mayotte,997,Dresden
springen.gif,21:53:34,30:d8:1d:1b:56:27,desktop-43.kobelt.net,1986-02-03T17:07:14,Isle of Man,7074769,Koblenz
Bruder.js,01:47:40,23:75:4d:33:fa:6c,web-80.hoefig.net,1996-12-06T14:17:09,Barbados,80,Wetzlar
sein.mp4,03:08:46,06:e5:85:43:6e:fa,db-48.jaehn.de,2017-03-14T11:29:59,Mosambik,553,Hechingen
gab.webm,20:42:37,0c:bb:60:2e:de:d4,email-67.linke.de,2019-03-25T18:57:14,Kroatien,22071014,Prenzlau
heraus.gif,13:33:31,e4:80:52:f1:7a:71,email-54.van.de,2012-02-07T00:55:04,Saudi-Arabien,6,Pirmasens
sich.html,23:23:26,b9:81:ee:bf:7a:c6,db-80.textor.de,2017-12-01T09:34:59,Eritrea,8008270,Wittmund
jung.js,20:20:22,d1:56:f8:20:b8:bb,email-55.liebelt.com,2015-03-19T17:29:50,Sudan,9295,Konstanz
ruhig.mp4,12:02:02,8c:3f:23:07:e9:20,web-20.groettner.de,1981-02-08T11:44:16,China,976534047,Kötzting
leicht.png,19:25:29,63:d0:2e:40:21:aa,desktop-00.dussen.net,2001-06-12T21:07:43,Pitcairn,839,Querfurt
Ferien.json,04:13:14,a3:cd:7a:6c:3a:4c,web-41.austermuehle.org,1987-06-19T20:31:25,Philippinen,850757349,Miltenberg
müssen.webm,12:46:50,b1:52:18:b7:0b:b2,desktop-21.schueler.de,2001-11-22T19:01:15,Dominikanische Republik,838,Wiedenbrück
fröhlich.gif,06:00:30,d8:97:96:b8:d0:e7,laptop-24.kallert.de,1985-03-07T14:49:56,Färöer,89731,Sebnitz
lieb.html,00:12:59,74:30:e0:8f:8f:6b,email-61.schuster.com,1983-04-17T19:26:02,Jersey,572940241,Deggendorf
See.webm,21:58:47,ec:90:66:3d:af:95,laptop-10.plath.com,2006-04-23T03:49:16,Sonderverwaltungszone Macao,339,München
Ferien.wav,20:01:27,cd:25:e4:a4:ce:e3,laptop-26.loos.com,1991-06-09T07:47:31,Irak,75876,Stadtroda
sofort.xlsx,14:57:08,47:28:36:6e:f1:8e,email-83.hering.com,1975-02-12T21:19:01,Luxemburg,8,Quedlinburg
schreien.mp4,19:50:58,5a:f9:20:fb:78:3e,email-58.reuter.org,2021-04-06T00:56:14,Usbekistan,17,Sondershausen
rufen.png,08:35:48,fa:ca:b7:2b:cb:ae,db-63.biggen.com,1970-03-25T16:37:56,Kiribati,453021,Staffelstein
Zeit.js,01:39:18,0f:4a:77:7f:b8:80,laptop-09.mangold.com,2015-08-22T06:09:18,Liberia,86333145,Neustrelitz
gegen.ods,00:35:38,7a:2a:04:8d:36:79,lt-73.jockel.net,1982-11-14T16:12:13,Togo,80438637,Lippstadt
Brot.csv,00:42:00,d6:f0:0b:e9:90:a5,laptop-03.roerricht.com,1977-10-21T05:39:08,Belgien,51185,Prenzlau
hinein.png,13:52:31,dd:3d:ed:6e:11:1c,desktop-87.finke.de,2000-04-09T20:19:38,Gibraltar,48429298,Lübben
fressen.pdf,00:36:09,75:d3:66:71:49:02,laptop-56.seidel.org,2009-03-16T05:21:52,Kiribati,84674,Warendorf
oben.bmp,13:32:56,93:70:4e:56:21:dd,lt-70.beier.com,2015-11-15T06:00:15,Oman,374205,Görlitz
bei.avi,10:19:39,b2:70:a6:2e:cc:8e,email-66.biggen.com,1994-05-25T02:29:56,Malediven,508881797,Calau
gelb.jpeg,10:25:04,c6:9d:08:dc:a2:c1,desktop-56.soeding.de,2017-12-15T23:17:50,Mayotte,9,Soltau
Name.css,07:20:31,9f:48:3c:78:20:d7,laptop-88.trapp.de,1982-08-24T16:26:17,Guadeloupe,312172,Sankt Goarshausen
führen.webm,15:21:16,ac:5a:4a:f0:68:7f,email-11.junitz.com,1970-01-23T05:57:29,Kenia,76682457,Bad Kissingen
gehen.xlsx,17:16:25,8b:2d:77:3f:15:de,srv-06.gutknecht.de,1992-10-06T19:20:24,Mauretanien,8,Lübben
Boden.js,14:27:42,a4:70:24:f0:af:3f,desktop-39.boerner.de,2023-06-27T13:22:29,Iran,2361996,Hofgeismar
treffen.png,06:41:16,58:37:6b:23:82:45,laptop-43.scholl.org,2021-02-01T08:08:58,Antarktis,3,Füssen
Zug.jpeg,14:08:42,36:88:58:ac:6a:33,laptop-84.roht.net,1974-12-12T21:33:17,Liberia,5269306,Coburg
ab.mp3,12:01:22,48:90:0f:5d:b2:7c,web-23.graf.net,2003-10-13T10:25:32,Brunei Darussalam,489774714,Havelberg
Seite.flac,23:15:31,9f:74:a6:8b:e6:78,web-37.loechel.de,1989-04-20T20:21:48,Portugal,74199,Mühlhausen
nein.csv,02:32:26,36:17:c6:9d:94:0f,desktop-09.stey.de,1970-09-04T04:15:23,Griechenland,43,Gera
kommen.gif,03:51:35,20:ed:71:a0:65:79,db-37.hecker.com,1982-04-14T15:25:14,Griechenland,602135194,Badibling
Boden.wav,04:56:29,1c:9c:00:4e:4e:5d,desktop-00.waehner.com,1983-05-20T10:25:57,Kap Verde,713,Vechta
Monat.gif,04:47:42,83:f5:d2:56:28:1a,laptop-22.wernecke.de,1975-01-07T10:29:29,Fidschi,80,Bad Kissingen
von.txt,10:30:51,bd:1c:da:dd:c7:aa,web-40.suessebier.de,1974-12-10T12:18:25,Argentinien,617809659,Marktheidenfeld
Winter.tiff,19:38:41,ca:2f:e7:00:d0:69,desktop-77.tschentscher.com,1995-07-28T02:43:43,Falklandinseln,9693,Bremen
stark.json,02:18:08,ef:7b:24:98:83:08,laptop-77.finke.de,1977-10-19T05:57:37,Französisch-Polynesien,7371199,Sonneberg
Tisch.txt,14:35:26,4c:65:7a:42:f4:ba,srv-15.mentzel.com,2017-02-14T18:58:13,Guinea-Bissau,5815389,Peine
antworten.flac,13:34:15,d2:26:fb:d0:9e:d9,srv-63.seip.com,1988-02-04T07:10:36,Burundi,59481,Gelnhausen
Katze.png,15:32:30,22:5a:3b:cd:6c:b7,lt-41.gehringer.com,2008-10-12T14:42:45,Komoren,185846,Nördlingen
am.json,23:47:01,cc:5d:d9:29:8d:e7,db-95.hess.de,2008-11-03T00:55:14,Seychellen,63509773,Badalzungen
schlecht.avi,23:18:53,43:04:27:8e:70:de,srv-47.haase.de,2017-08-14T20:06:11,Thailand,3,Rudolstadt
Mann.numbers,13:48:08,21:d3:21:3c:76:d7,web-42.budig.de,1982-07-19T07:42:36,Amerikanisch-Ozeanien,95170,Günzburg
Nase.flac,21:12:25,49:18:c7:e8:90:ab,srv-97.ruppert.org,1988-11-01T14:18:45,Katar,8622497,Kemnath
ihn.ppt,09:11:13,19:53:35:87:ba:f1,db-59.hauffer.de,1996-03-27T06:48:05,Serbien und Montenegro,254732717,Neuss
selbst.bmp,13:53:53,e7:cd:f1:4a:7c:be,desktop-69.hoevel.de,2021-06-08T15:22:15,Togo,8,Fulda
richtig.txt,05:22:57,22:da:79:25:b4:28,web-00.budig.de,1996-11-26T12:52:40,Estland,704361,Lörrach
sich.jpeg,14:19:24,a8:b6:21:1f:7f:97,email-01.zimmer.de,1975-11-26T03:08:05,Bermuda,4927352,Burgdorf
für.odp,13:12:47,66:a6:3e:86:1d:e0,desktop-82.seip.de,1971-06-16T10:16:44,St. Pierre und Miquelon,6,Lobenstein
oder.png,07:04:15,3f:9b:0c:a4:73:d2,web-11.bohlander.org,1996-04-27T04:24:12,St. Helena,9803,Eisenhüttenstadt
sagen.mp4,20:44:51,49:22:9e:42:92:66,db-34.boucsein.de,1999-10-11T06:03:23,Nördliche Marianen,24,Bremervörde
gegen.avi,18:50:21,e2:0f:33:07:2d:34,email-82.bluemel.com,1998-05-10T16:37:54,Färöer,764074,Celle
helfen.js,19:19:42,19:1c:ae:b2:02:0a,web-34.fliegner.org,1985-01-10T03:33:27,Kambodscha,448,Ahaus
denken.mov,18:12:48,9d:00:ef:eb:24:3f,email-84.geisel.de,2013-10-21T03:09:28,Nigeria,4511175,Rastatt
tot.tiff,01:09:49,57:8f:2f:20:f5:ae,laptop-65.neuschaefer.de,2006-04-16T06:10:37,Rumänien,33,München
Buch.wav,17:31:07,43:22:bf:fe:5c:04,lt-46.bauer.de,2019-11-09T05:44:14,Turkmenistan,653,Passau
zurück.jpg,19:48:39,9c:0d:96:19:ac:1d,srv-19.schaefer.com,2021-08-07T12:32:07,Französisch-Guayana,721427,Meiningen
gleich.mp3,00:28:48,49:25:81:7e:ae:07,srv-08.johann.de,2006-03-16T10:19:05,Malaysia,613,Gunzenhausen
früher.jpeg,19:40:21,75:c5:63:8a:a6:06,desktop-77.krein.de,1994-11-23T22:10:19,Deutschland,13,Backnang
langsam.bmp,05:56:10,8c:73:67:61:1c:d9,db-05.muehle.org,1977-04-19T23:20:16,Bermuda,3916,Hildesheim
Onkel.tiff,12:10:33,4e:60:ea:4d:78:39,laptop-20.gnatz.de,1982-09-23T06:43:05,Peru,572344998,Rottweil
wohnen.bmp,13:37:51,9e:62:0e:a6:b0:57,db-37.henck.de,2018-10-27T13:08:06,Vietnam,766,Wolfratshausen
Schwester.html,14:44:59,2e:91:ab:7e:57:c8,lt-80.klotz.com,1985-06-27T05:29:34,Tschechische Republik,947,Schwerin
zwischen.gif,21:40:30,ef:0b:e3:7c:45:93,web-77.tlustek.net,2021-05-26T11:08:02,Lettland,9,Groß-Gerau
Sonntag.png,08:29:07,e7:b5:00:d5:1a:e8,db-80.trueb.org,1991-12-23T11:41:12,Jersey,2167,Geldern
plötzlich.avi,18:00:09,ae:a1:b0:9e:5c:cc,db-94.heinz.com,1988-08-17T10:45:23,St. Barthélemy,27,Kitzingen
groß.mp4,01:57:46,c5:70:73:6c:3f:36,web-02.klapp.com,2001-07-10T23:46:55,Tansania,7,Eisleben
einmal.flac,01:50:58,2a:54:6b:1d:c5:2e,srv-39.weimer.de,1994-03-08T05:33:34,Nauru,4662759,Aachen
einigen.flac,15:32:41,ee:6a:a6:5c:67:89,email-04.gerlach.com,2005-10-12T21:47:20,Marokko,0,Saulgau
schreiben.xlsx,19:50:14,e9:09:dc:71:9a:d0,srv-23.wernecke.com,2003-11-28T20:08:48,Ägypten,8,Rockenhausen
Minutenmir.mov,02:14:30,e2:0d:a8:f8:e2:01,lt-86.hoelzenbecher.de,1998-03-22T01:58:35,Antarktis,4873,Eisenhüttenstadt
Spiel.json,18:48:36,38:2c:a2:3f:2b:dd,desktop-25.killer.de,1987-06-18T06:56:33,Bosnien und Herzegowina,8839,Freital
schreien.bmp,20:22:10,18:9f:6c:ee:29:d7,desktop-79.gorlitz.com,1997-05-26T09:45:46,Äquatorialguinea,880,Osterode am Harz
erklären.flac,09:05:13,fd:ce:9e:e0:5c:2a,srv-68.jacob.net,2019-06-12T16:23:42,Tschechische Republik,3292344,Rosenheim
nach.webm,10:46:01,9c:84:cc:14:e6:54,email-35.groettner.de,2009-01-25T16:24:52,Weihnachtsinsel,758858415,München
nennen.mp3,13:21:17,9c:52:25:13:1c:6f,db-73.schulz.de,2007-09-09T10:42:52,Island,714818,Mallersdorf
Vogel.json,06:44:23,2d:6e:dd:36:60:19,desktop-05.gierschner.com,2009-07-04T19:51:01,Brunei Darussalam,484757522,Groß-Gerau
finden.flac,23:48:23,83:c8:7d:a5:cb:33,lt-27.dobes.com,1971-07-14T17:52:52,Britisches Territorium im Indischen Ozean,894,Gadebusch
kommen.mp4,22:25:00,fb:38:dd:c3:98:ce,web-09.wiek.com,1970-04-26T00:40:58,Bulgarien,39,Burgdorf
zwei.mp4,14:38:57,49:5b:a7:f0:64:3f,db-50.rudolph.com,1982-02-09T17:32:53,Kongo,518566,Ingolstadt
leicht.csv,03:33:51,7f:38:39:9a:8b:3b,web-07.beckmann.org,2015-03-03T13:18:07,Amerikanisch-Ozeanien,54709,Schwarzenberg
plötzlich.xls,05:06:18,8d:a1:b9:88:5b:5b,db-70.albers.org,2011-11-08T06:43:23,Lettland,39548,Konstanz
Wasser.wav,19:51:23,d4:7b:c1:90:c7:48,desktop-48.adolph.org,1982-02-17T06:23:31,Fidschi,909898,Melle
deshalb.pages,05:33:50,15:44:24:47:7d:b4,srv-32.kruschwitz.de,1999-02-01T02:39:56,Brasilien,4243907,Gotha
stark.webm,08:54:11,73:b5:c8:30:5f:c1,email-05.hahn.com,2008-10-24T04:54:53,Guinea-Bissau,24,Cottbus
anfangen.avi,02:22:02,a1:1e:e1:16:92:2c,web-70.ortmann.de,1996-01-30T01:58:57,Libyen,2236000,Wiedenbrück
laufen.ppt,23:52:10,28:cb:93:60:b2:d4,desktop-02.schleich.de,1978-02-28T00:11:00,Bermuda,58870,Plauen
arbeiten.wav,17:52:05,5d:d5:db:ff:c5:d5,web-72.etzold.de,2020-01-09T22:04:18,Guam,580642,Lüdenscheid
Boden.ods,20:42:41,dc:41:e3:11:48:53,web-10.hoevel.de,1996-11-26T14:57:01,Ukraine,28998,Jülich
darin.flac,18:56:13,61:fe:96:a1:d0:d7,db-31.ziegert.org,1984-12-25T07:30:34,Svalbard und Jan Mayen,69418428,Rehau
sein.flac,22:45:13,b7:91:23:4d:de:2d,web-60.hauffer.com,1995-08-03T20:03:29,Gabun,95,Wetzlar
schreien.ppt,15:16:54,65:c9:a9:e9:f6:21,web-38.wulf.com,1972-07-12T17:12:11,Jamaika,3,Meißen
was.ods,09:25:35,d8:07:6e:28:f2:a5,db-39.weinhold.de,2016-01-03T15:55:24,Italien,7403597,Magdeburg
verstehen.jpg,10:59:15,e1:91:5e:eb:0e:52,email-56.krebs.com,1997-12-01T04:29:22,Bhutan,2528,Artern
spielen.txt,23:26:00,bb:75:0a:13:fd:d0,laptop-43.holsten.de,1997-03-08T11:32:25,Argentinien,2953,Dessau
nass.xlsx,03:33:45,7e:a3:e3:9e:ae:f5,srv-93.schwital.net,1990-03-27T00:38:34,Pakistan,47232871,Marktheidenfeld
nächste.mp4,10:38:20,cb:ee:14:d7:3f:4a,db-98.misicher.org,1980-11-12T18:51:49,Tokelau,880,Bad Brückenau
die.mp3,04:11:40,f4:11:f9:cc:4d:59,desktop-65.paertzelt.com,2019-11-28T12:09:14,Antigua und Barbuda,68421495,Mayen
sieben.ods,09:20:26,bd:5c:ec:1b:f3:06,db-32.junck.org,2001-10-23T03:47:17,Amerikanisch-Ozeanien,79775,Tirschenreuth
kam.mp3,23:51:57,d6:e0:26:70:d0:dd,lt-54.wohlgemut.com,2019-03-15T06:30:17,Gibraltar,18,Gotha
hart.mp4,21:36:37,25:e4:93:8e:dd:c3,email-17.holsten.com,2016-10-18T17:11:48,Kanada,8566,Forchheim
Kind.avi,16:50:22,71:a3:c3:4b:55:ea,db-86.schacht.net,2021-10-27T14:51:58,Portugal,344,Iserlohn
kalt.flac,22:20:34,0d:92:e3:fa:4f:18,email-03.beckmann.com,2009-12-13T05:31:50,St. Barthélemy,45240570,Suhl
vier.xlsx,07:44:34,72:2a:18:ef:28:d4,desktop-85.losekann.de,2004-07-11T09:27:23,Südafrika,187495069,Hünfeld
Brot.jpeg,10:02:42,ab:d3:5d:bd:e5:95,desktop-99.adolph.de,1985-01-30T08:23:45,Paraguay,2509,Marienberg
gehen.html,03:45:06,bb:71:48:79:38:c1,lt-32.schaaf.com,1986-04-02T05:43:43,Jordanien,361282726,Gunzenhausen
zwei.xlsx,17:33:13,fc:ef:3b:24:aa:2c,db-41.jopich.net,2023-01-24T19:07:02,Norwegen,491313,Pegnitz
sehen.avi,16:45:42,23:7e:f4:59:15:b8,email-38.wernecke.com,2014-04-29T15:10:47,Singapur,81,Potsdam
draußen.txt,03:49:12,f4:16:97:df:21:a2,laptop-81.hesse.de,2006-12-28T04:05:55,El Salvador,986963,Döbeln
besser.flac,13:43:52,75:d6:6e:fe:10:28,email-54.oderwald.de,2010-11-18T14:15:04,Palästinensische Gebiete,0,Hansestadttralsund
scheinen.mov,02:09:54,e7:f6:77:c5:0a:f4,laptop-27.jaentsch.org,2020-11-14T13:07:57,Turkmenistan,73,Helmstedt
gestern.ppt,12:56:11,9d:b8:09:2d:26:93,web-90.schacht.de,2003-11-28T00:32:15,Estland,6285,Waldmünchen
seit.odp,23:52:07,46:7f:3f:7f:b3:c9,desktop-56.rust.org,2009-06-30T01:33:10,Turks- und Caicosinseln,1609652,Schwarzenberg
fünf.jpeg,04:04:39,64:a3:d4:01:bd:9c,lt-70.hellwig.org,2003-06-07T22:42:58,Malaysia,89158108,Gelnhausen
richtig.csv,06:03:35,aa:19:ec:28:03:31,db-66.kusch.org,2010-08-12T04:56:27,Togo,95863,Büsingen am Hochrhein
traurig.mov,17:20:18,2c:0c:78:ff:9b:35,email-83.misicher.de,1975-11-04T13:32:44,Mayotte,2710793,Neubrandenburg
Mutter.jpeg,02:43:05,5e:04:db:3a:e4:01,laptop-58.weinhold.org,2021-06-10T02:21:12,Kamerun,185512412,Schwerin
Arzt.odp,06:30:52,4b:8b:7c:82:74:9d,srv-65.striebitz.com,2014-05-05T23:40:00,Niger,87,Griesbach Rottal
aber.wav,14:11:54,bb:74:56:90:e2:24,desktop-87.koch.de,1988-08-26T19:40:33,Ukraine,59765362,Lörrach
bringen.css,07:23:22,e5:2e:e8:92:08:95,email-11.peukert.com,1979-10-06T06:24:19,Vereinigte Arabische Emirate,2,Wesel
dein.png,05:13:47,5b:1a:6d:23:f8:f2,web-49.staude.com,2022-10-11T14:49:33,Somalia,6761094,Bautzen
möglich.html,05:20:48,14:ad:20:55:62:ef,laptop-13.matthaei.de,1972-07-23T01:13:09,Kiribati,17,Eichstätt
nur.gif,12:43:11,4d:ac:50:a6:48:33,email-10.kambs.de,2012-11-21T02:13:39,Kenia,280,Rehau
gleich.css,22:34:46,92:cc:b8:6c:72:c0,web-90.trupp.com,2002-09-09T23:28:29,Wallis und Futuna,21,Paderborn
lachen.avi,03:42:33,13:3f:2d:2f:ed:4c,desktop-44.sauer.net,2015-11-20T22:38:32,Aserbaidschan,1750,Rastatt
Bett.key,03:11:20,de:40:70:a5:ae:2b,email-96.jaehn.org,2021-07-26T11:26:12,Katar,1101,Brand
als.css,13:40:25,1a:a6:66:a6:e9:8b,db-09.staude.com,2020-12-28T17:54:08,St. Barthélemy,57694266,Waldmünchen
essen.numbers,15:48:18,e6:35:a2:a2:09:53,web-97.kroker.de,2000-06-29T05:37:03,Armenien,318745,Potsdam
sofort.key,19:21:38,e2:88:cc:7f:e2:c8,desktop-35.roht.de,1989-07-16T08:43:16,Kuwait,22482892,Schwabmünchen
dumm.tiff,15:31:09,3c:d7:14:69:35:14,web-56.kitzmann.net,1980-08-04T02:04:34,Österreich,75298769,Grevesmühlen
hinter.json,00:32:08,65:be:5d:1e:76:c3,srv-45.kade.com,1984-10-28T09:48:14,Monaco,962830,Pritzwalk
ohne.js,13:08:11,51:ed:87:bc:99:1f,lt-29.jaekel.com,2003-03-05T14:29:10,Spanien,58568,Eggenfelden
wohl.mp3,16:21:22,0d:d5:51:ce:c7:74,laptop-04.hellwig.com,2016-10-17T21:48:55,Osttimor,82853,Hainichen
turnen.bmp,19:29:47,41:ce:c8:de:23:46,email-96.jaehn.de,2001-04-03T06:02:02,Grenada,35232,Forst
warten.avi,04:48:20,9d:bc:b8:f5:2a:b9,lt-91.klemt.org,2022-07-14T00:49:39,Venezuela,6658156,Reutlingen
denken.json,08:15:40,fd:e4:e1:48:72:11,db-76.wilms.de,1996-05-30T11:00:33,Madagaskar,0,Stadtsteinach
möglich.json,04:44:50,a3:ce:7e:ce:af:b8,web-69.rosemann.com,1987-11-14T03:54:58,Eritrea,515138,Genthin
halten.odp,06:48:14,42:4d:0d:82:00:95,db-68.pergande.de,2015-04-30T05:37:18,Sierra Leone,0,Sebnitz
Tisch.mp4,21:05:06,e1:1d:f3:3f:01:6e,email-56.wagenknecht.de,1997-02-18T22:34:15,Anguilla,13109161,Hersbruck
Brot.css,13:59:53,e6:05:db:9a:78:fc,desktop-29.riehl.com,2020-04-03T20:19:54,Nördliche Marianen,6763,Hoyerswerda
lernen.tiff,15:41:38,91:82:b2:76:dd:0f,lt-01.hecker.com,2017-01-09T08:24:11,Madagaskar,812713754,Griesbach Rottal
wohl.numbers,08:15:03,c6:b3:18:cc:40:76,laptop-81.gude.net,2023-09-12T20:46:36,Honduras,4221,Neu-Ulm
Arbeit.wav,07:48:54,e7:a7:91:47:b3:cd,desktop-68.cichorius.org,2015-04-21T00:06:39,Syrien,9935228,Sebnitz
mal.mov,04:17:33,6c:56:1b:7c:c7:7f,laptop-16.schulz.de,2022-01-27T13:55:41,Demokratische Republik Kongo,2259,Fürstenwalde
schauen.xlsx,20:45:21,23:90:ea:70:e8:d3,db-31.mielcarek.de,2008-06-26T00:33:02,Bulgarien,2949,Mellrichstadt
Welt.mp3,00:22:22,ba:9e:6e:5e:3e:aa,web-16.niemeier.net,2019-03-03T11:53:41,Kroatien,185052,Gera
Vogel.gif,06:18:39,32:c5:73:46:a8:9d,web-49.haenel.de,2008-09-02T16:06:17,Honduras,426,Griesbach Rottal
weg.mp4,15:23:45,c6:35:b7:37:fc:3d,srv-15.ernst.com,2015-11-04T17:43:12,Sonderverwaltungszone Macao,7507,Schweinfurt
noch.jpeg,16:46:18,7f:56:c0:ab:ff:12,srv-15.neuschaefer.com,1975-11-23T12:30:34,Kongo,5,Duderstadt
Herz.odp,08:33:40,22:15:a8:7f:d2:a5,web-77.ditschlerin.de,2003-01-08T22:29:55,Monaco,3,Melle
richtig.mp4,08:39:38,32:ce:f2:ad:0e:2a,web-36.kaul.net,2015-10-19T10:48:06,Kanada,94,Osterode am Harz
