language_name,file_name,longitude,hostname,iso8601,country,latitude,timezone,date_time,bank_country,company,pricetag,city,language_code,random_number
Western Frisian,alle.webm,15.960577,db-09.schwital.org,2019-05-23T21:35:16,Südafrika,-80.8777175,Asia/Bahrain,1980-08-07 14:27:58,DE,Kraushaar,"9.181,17 €",Bernburg,th,4295
Hiri Motu,alt.bmp,-96.439586,email-43.dietz.com,1998-12-22T09:31:42,Uruguay,-87.0095095,Asia/Yerevan,1980-08-23 10:32:57,DE,Gertz,"76.314,64 €",Feuchtwangen,ks,784
Herero,Uhr.txt,-74.324316,web-86.geissler.de,1970-02-19T23:16:35,Antigua und Barbuda,50.218870,America/Havana,1991-08-23 08:51:51,DE,Schüler Eigenwillig KG,"23,71 €",Hamburg,raj,62213196
Spanish,fröhlich.key,-51.068821,email-82.hoffmann.de,2008-07-01T14:23:30,St. Vincent und die Grenadinen,-55.384479,Europe/Luxembourg,1995-11-06 01:54:12,DE,Mälzer Jäntsch GmbH,"1,52 €",Bremervörde,hne,4
Icelandic,ruhig.ods,-135.498611,lt-74.mielcarek.net,1991-06-13T03:07:09,Bhutan,-36.322168,America/Guatemala,2021-03-07 10:30:45,DE,Fröhlich,"119,40 €",Griesbach Rottal,br,70228932
North Ndebele,mehr.xlsx,-53.444676,desktop-18.biggen.com,2009-10-01T22:44:05,Brasilien,31.513807,America/Caracas,2018-03-06 03:56:57,DE,Ernst AG,"3,23 €",Höxter,zu,70
Sundanese,Licht.mov,54.904938,web-85.weitzel.de,2001-09-01T22:24:02,St. Lucia,41.815148,Europe/Athens,1995-01-30 10:59:14,DE,Wilmsen Dörschner AG,"511,58 €",Wismar,am,8380744
Igbo,langsam.flac,156.411569,db-81.langern.de,1995-12-18T17:49:18,Tunesien,-83.127835,Asia/Tokyo,2002-01-05 22:21:09,DE,auch Schlauchin Röhrdanz AG,"56,37 €",Göttingen,da,6
Portuguese,kennen.gif,6.352034,srv-53.kade.com,2015-03-19T13:46:06,Montenegro,-63.106204,Africa/Tripoli,1982-05-23 18:57:53,DE,Gunpf,"494,88 €",Berlin,nhn,77397
Rundi,fest.wav,83.338099,laptop-83.jessel.org,1976-06-30T08:42:40,Svalbard und Jan Mayen,33.2745435,Africa/Ouagadougou,2008-10-25 13:55:15,DE,Schüler GbR,"7,33 €",Guben,pl,51606
Croatian,wird.txt,-31.135660,web-67.hoelzenbecher.com,1980-02-10T18:18:19,Südgeorgien und die Südlichen Sandwichinseln,-3.471295,Europe/Skopje,1980-06-24 07:12:32,DE,Schenk Kühnert GmbH,"2,45 €",Ebern,gu,6510
French,war.html,-63.998694,laptop-07.haering.com,1993-07-31T00:43:59,Cookinseln,48.724331,Asia/Taipei,1978-07-08 13:13:24,DE,Franke Dowerg GmbH,"429,09 €",Mettmann,doi,15042449
Estonian,Wohnung.avi,25.114422,email-37.stolze.de,1991-12-04T13:26:50,Finnland,-19.786289,Asia/Pontianak,1984-11-30 16:49:46,DE,Steckel Koch KG,"34.923,05 €",Fürstenfeldbruck,zu,792684
Persian,fast.avi,162.509610,desktop-56.baehr.de,1975-11-02T18:25:44,Georgien,19.223144,Europe/Helsinki,2003-08-04 16:41:36,DE,Klemt Schottin AG & Co. OHG,"6.738,43 €",Pfaffenhofen an der Ilm,mag,48
Tswana,schwer.mp4,128.935129,lt-79.hentschel.net,2000-11-22T20:12:27,Kambodscha,-70.212027,Asia/Kuching,1982-03-30 20:47:19,DE,Schwital GmbH,"23,26 €",Amberg,shs,366
Ukrainian,sind.avi,111.938485,desktop-21.gutknecht.com,1997-08-15T02:11:28,Katar,-51.839495,Asia/Phnom_Penh,2003-09-29 11:40:24,DE,Freudenberger,"99,28 €",Marktheidenfeld,si,9495387
Javanese,reich.ppt,-67.834393,db-93.heuser.com,2008-01-15T00:44:46,Andorra,-8.708608,Asia/Ashgabat,1975-05-17 15:10:51,DE,Schönland Ullrich KG,"924,44 €",Borken,oc,76140686
Zhuang,dort.html,-137.348887,laptop-60.rudolph.com,2014-01-19T04:46:55,Demokratische Volksrepublik Korea,-35.8380925,Africa/Nouakchott,1993-01-22 13:11:37,DE,Kraushaar Rädel AG,"3.637,49 €",Hagenow,uk,7402
Turkmen,fragen.flac,-17.006853,web-74.kaul.com,2003-03-11T08:50:49,Tonga,56.1694535,Europe/Luxembourg,1986-02-02 13:45:42,DE,auch Schlauchin GmbH,"9,99 €",Geithain,dz,8
Hausa,öffnen.webm,60.283551,desktop-06.werner.com,1975-10-14T17:57:50,Suriname,22.9972055,Asia/Thimphu,1985-01-09 15:09:29,DE,van der Dussen,"3,51 €",Pößneck,lzh,440808289
Norwegian Nynorsk,Stelle.html,68.533770,db-85.zobel.de,1978-05-17T01:38:37,Senegal,-70.5016205,Atlantic/Cape_Verde,1993-04-30 12:28:30,DE,Wagner e.V.,"1,96 €",Hansestadttralsund,tk,34
Gujarati,wollen.pdf,-64.444744,desktop-20.weitzel.com,2014-01-03T10:17:01,Ukraine,-64.294348,Asia/Rangoon,1990-02-02 23:02:55,DE,Bender,"7.715,14 €",Eichstätt,mni,99370780
Northern Sami,Glück.txt,170.377120,srv-96.schmidtke.com,2006-12-01T15:10:27,Syrien,15.988383,Africa/Monrovia,1998-02-01 15:05:16,DE,Butte,"7.137,22 €",Brilon,apn,10001649
Corsican,Schwester.flac,164.865014,db-30.haering.com,1989-10-01T02:00:57,Britisches Territorium im Indischen Ozean,-26.787661,America/Caracas,2009-10-06 19:49:08,DE,Holzapfel Reichmann GbR,"504,90 €",Neuss,tg,2
Telugu,kochen.mov,160.050542,db-16.jaentsch.com,1993-03-03T13:15:56,St. Lucia,85.294575,Europe/Istanbul,2001-09-01 11:11:47,DE,Weitzel Koch GmbH,"4.878,41 €",Zschopau,iw,87
Fulah,scheinen.avi,-128.467382,laptop-79.gorlitz.de,1977-06-26T06:56:28,St. Barthélemy,16.3821835,Pacific/Nauru,1970-11-21 18:30:47,DE,Wagenknecht GbR,"781,26 €",Geldern,az,44
Kuanyama,früh.wav,68.027084,laptop-76.moechlichen.com,1971-10-08T01:29:43,Usbekistan,-68.885835,Europe/Paris,2004-05-10 20:16:06,DE,Söding,"539,47 €",Eichstätt,gd,5716
Kikuyu,kochen.txt,-160.245646,web-02.gehringer.com,1981-07-09T05:06:29,Vatikanstadt,59.213597,America/Santiago,1993-02-25 17:27:06,DE,Söding,"8.691,97 €",Donaueschingen,doi,212
Haitian,doch.wav,112.866134,web-37.muehle.org,1988-04-07T23:36:33,Algerien,52.076304,Asia/Ashgabat,1985-01-12 15:09:51,DE,Schacht Stiftung & Co. KGaA,"40.147,91 €",Starnberg,tn,7281
Yoruba,fiel.flac,-67.546664,srv-21.loechel.org,1974-10-23T17:16:05,Republik Korea,-28.7398945,Asia/Colombo,2016-03-04 02:26:57,DE,Heser GmbH & Co. KG,"79.208,17 €",Böblingen,hsb,1962149
Samoan,Auge.numbers,1.025027,lt-44.taesche.org,1984-11-26T19:56:51,Belize,-87.382371,Asia/Phnom_Penh,2017-11-13 09:31:30,DE,Lindner,"5.535,98 €",Apolda,ar,8362974
Fulah,gesund.mp4,-122.562679,email-92.meister.de,1976-09-29T10:56:38,Bolivien,73.4873445,Asia/Tehran,2020-08-20 05:33:58,DE,Holt Christoph GbR,"772,59 €",Eichstätt,sv,5
Armenian,fünf.doc,14.620850,srv-36.tintzmann.org,1998-12-24T16:05:46,Bahamas,-56.6933415,Pacific/Port_Moresby,1975-04-04 13:17:37,DE,Heser Losekann GmbH,"20,23 €",Koblenz,br,9127035
Rundi,schnell.wav,15.512212,email-25.drub.de,2013-04-04T14:31:04,Irland,27.130900,Indian/Mauritius,2016-11-28 01:18:02,DE,Tröst Aumann AG & Co. KG,"505,13 €",Osterode am Harz,mni,2606622
Hungarian,dazu.key,-112.131274,lt-14.gumprich.de,2017-08-26T00:07:55,Dschibuti,18.1743155,America/Bogota,2005-08-04 12:27:52,DE,Trub,"1.851,14 €",Iserlohn,om,619
Kazakh,Familie.wav,-11.166022,srv-40.wagner.com,2002-11-03T10:59:38,Samoa,34.279308,America/Belize,1978-04-11 07:44:39,DE,Heintze KG,"191,61 €",Zschopau,ps,10938
Kashmiri,draußen.flac,104.143102,laptop-03.meister.com,1972-08-31T13:31:48,Guam,1.119523,Atlantic/Cape_Verde,2011-02-25 04:45:28,DE,Bien,"99,10 €",Sondershausen,an,6
Herero,Zahl.tiff,-89.234737,laptop-66.otto.com,1999-08-21T03:08:00,Malediven,78.0933055,Indian/Comoro,2019-04-27 06:33:12,DE,Beier KG,"3.810,42 €",Ochsenfurt,zu,9
Haitian,Loch.png,163.758230,email-30.hellwig.com,2019-12-08T01:51:45,Lesotho,-6.3119195,America/Nassau,2013-04-30 15:15:22,DE,Zorbach,"545,43 €",Freising,bem,7
Bulgarian,Bruder.pptx,-51.926334,desktop-18.reinhardt.com,2013-01-22T11:08:11,Suriname,32.741445,Africa/Djibouti,2005-02-10 02:33:19,DE,Bohnbach Trubin e.G.,"101,01 €",Hagenow,id,974
Tswana,können.xlsx,-72.764450,db-06.dobes.de,1989-09-23T23:08:34,Portugal,70.179155,Africa/Johannesburg,1980-05-01 09:24:44,DE,Finke Weller GbR,"6,54 €",Osterburg,ga,46782891
Portuguese,Tür.wav,62.141750,desktop-35.carsten.de,2020-11-26T21:08:50,Tschechische Republik,53.045673,Africa/Abidjan,2003-08-05 22:08:23,DE,Kühnert,"63.721,15 €",Oberviechtach,dz,349066
Guarani,dafür.mp3,31.939282,lt-25.schottin.de,2013-10-22T03:05:29,Liechtenstein,-24.759158,Africa/Libreville,2006-12-12 06:51:35,DE,Trapp,"92,87 €",Pößneck,mhr,635470
Sundanese,Freude.css,92.033736,laptop-16.johann.de,2011-07-01T13:22:40,Saudi-Arabien,4.288887,Europe/Vienna,2010-12-27 18:54:12,DE,Löffler Etzler GmbH & Co. KG,"12.094,91 €",Aschaffenburg,ru,57
Tibetan,Vater.odp,121.363033,db-04.carsten.de,1979-12-07T12:42:14,Brasilien,-19.2709895,Africa/Ndjamena,2023-03-21 23:28:34,DE,Austermühle,"752,91 €",Pritzwalk,gu,3230
Norwegian,erschrecken.pptx,-32.167351,web-16.wesack.com,1993-05-03T23:08:17,Island,89.301505,Africa/Kinshasa,2007-12-02 09:07:35,DE,Mühle,"12.227,25 €",Kehl,ko,294
Ndonga,seit.avi,-52.730994,lt-99.hecker.org,1978-02-19T14:26:25,Französisch-Polynesien,-59.0014375,Asia/Saigon,2015-07-31 04:59:08,DE,Junitz,"47.663,34 €",Schwerin,sv,987035011
Azerbaijani,las.ppt,-141.947366,laptop-30.junk.com,2010-11-26T07:10:35,Niederländische Antillen,-53.8372105,Asia/Rangoon,2018-11-06 00:51:47,DE,Schomber OHG mbH,"11,65 €",Dachau,id,558724504
Twi,Stadt.txt,112.999166,web-32.graf.de,2010-02-22T16:35:38,Taiwan,84.5190625,Africa/Niamey,2023-07-23 05:34:43,DE,Misicher AG,"369,95 €",Schmölln,wal,972015102
Herero,Affe.json,172.025941,srv-88.henschel.com,1978-04-23T08:37:21,Bahamas,-68.529298,Asia/Saigon,2013-06-15 04:44:54,DE,Börner,"1,68 €",Melle,lzh,459
Manx,schenken.txt,-40.823121,db-13.margraf.net,2022-11-25T18:31:30,Palau,-8.0890925,Indian/Comoro,1973-08-03 12:51:07,DE,Nerger,"7.203,29 €",Burglengenfeld,eo,7563793
Luxembourgish,stellen.avi,12.106369,web-75.rosenow.org,1994-03-24T13:19:27,Belize,76.362565,Africa/Maseru,1981-10-27 02:35:09,DE,Schmidt GbR,"1,21 €",Kaiserslautern,quz,686
Maltese,drei.docx,-6.526022,srv-17.hauffer.org,1970-03-14T01:06:37,Fidschi,53.891223,Asia/Karachi,2007-01-02 21:41:09,DE,Metz,"41,99 €",Genthin,dv,17
Ewe,schlagen.mp4,-28.028754,laptop-43.jopich.net,2008-08-31T00:03:40,Republik Moldau,23.602951,Australia/Lord_Howe,2019-11-21 12:02:09,DE,Krein Drubin GmbH & Co. KG,"4.113,46 €",Koblenz,fil,5653
Limburgan,Fußball.flac,-98.538862,laptop-55.heinrich.de,1986-08-02T00:16:34,Australien,10.3369815,Europe/Rome,2021-01-17 13:49:52,DE,Karge Scholtz AG & Co. KG,"87,84 €",Regensburg,ln,59
Walloon,lassen.wav,-82.650768,desktop-83.fliegner.de,1978-04-06T10:08:30,Republik Korea,-68.7711145,Pacific/Funafuti,2011-11-09 14:35:41,DE,Naser GmbH & Co. OHG,"7.521,17 €",Eisleben,dz,79535265
Tahitian,Pferd.jpg,-44.486475,lt-77.wagner.de,2013-06-26T06:55:31,Nicaragua,7.0436015,America/Panama,1980-08-21 03:49:43,DE,Hornich,"44,84 €",Spremberg,hy,700478
Swahili,Hund.mp4,-129.639004,srv-14.naser.de,1974-02-15T22:43:38,Antarktis,1.659529,Europe/Skopje,1985-12-26 14:57:06,DE,Wende,"99,76 €",Arnstadt,as,517338
Basque,auf.bmp,20.748996,web-48.keudel.com,1988-10-24T01:28:40,Island,73.390007,Asia/Singapore,1989-05-25 16:56:21,DE,Süßebier Ackermann AG,"7,57 €",Husum,ks,20841
Faroese,oben.wav,70.533172,web-30.reuter.de,1997-08-30T14:46:50,Schweden,83.437214,Asia/Ashgabat,2021-04-09 16:32:40,DE,Huhn Reinhardt GmbH,"57,35 €",Wittstock,nr,963942903
Kongo,bald.html,29.025686,lt-36.nohlmans.com,2016-12-16T03:37:40,Oman,-24.695137,America/Antigua,1994-07-08 08:44:19,DE,Fröhlich OHG mbH,"4.102,93 €",Herzberg,ve,3
Tatar,Minutenmir.avi,100.372845,laptop-56.roskoth.com,2006-12-06T18:11:32,Türkei,64.2272595,Europe/Bratislava,1995-01-16 23:48:39,DE,Oestrovsky,"9,51 €",Grimma,ne,325533
Tigrinya,holen.mp4,3.969442,email-72.gierschner.com,2016-08-20T08:02:57,Nigeria,-67.900714,Asia/Kuwait,2014-06-06 15:33:51,DE,Misicher,"961,35 €",Germersheim,el,97317
Kirghiz,hart.pdf,-76.316159,lt-85.schmidt.de,2013-06-03T00:59:12,Tansania,66.994047,Africa/Accra,1975-10-09 22:33:14,DE,Dowerg KG,"3,32 €",Soltau,es,5472870
Malay,Spaß.jpg,15.255018,laptop-70.gumprich.com,1992-03-25T08:51:35,St. Vincent und die Grenadinen,-59.8553795,America/Guatemala,2006-03-11 18:24:42,DE,Jacobi Jäckel GmbH,"5.942,53 €",Neustadt am Rübenberge,am,1576
Greek,vom.csv,-99.948960,db-40.zirme.com,2017-08-07T22:39:11,Uruguay,-38.7720545,America/Costa_Rica,1973-08-11 17:54:33,DE,Meyer GmbH,"10.276,87 €",Brilon,bho,9724
Catalan,weg.json,83.759421,db-70.metz.net,1996-01-22T13:30:52,Alandinseln,10.2169715,Africa/Maseru,1997-01-21 13:13:21,DE,Vollbrecht e.V.,"0,52 €",Forchheim,tl,78823485
Ido,Mutter.js,145.433880,lt-99.jacob.com,1986-12-26T15:43:54,Kolumbien,-57.8596635,America/Dominica,2008-03-03 13:10:03,DE,Mans GmbH,"624,32 €",Kötzting,vi,10236327
Dzongkha,langsam.txt,-113.955954,srv-84.kroker.org,2016-11-21T12:57:47,Indien,31.7190825,Asia/Pontianak,1972-07-08 17:49:05,DE,Butte,"0,14 €",Ebern,mi,42110712
Indonesian,nass.json,-112.121289,email-87.etzler.org,2011-05-14T16:12:33,Honduras,-27.338946,America/Jamaica,1998-09-14 00:54:28,DE,Seip,"359,04 €",Rostock,mr,3
Venda,holen.wav,141.249427,email-11.kuhl.de,1983-07-20T05:50:29,Thailand,46.812723,America/Barbados,2014-02-07 06:20:38,DE,Hiller Klotz GmbH & Co. OHG,"45.936,49 €",Bützow,lo,9269
Kanuri,Monate.mp3,58.304113,db-18.graf.net,1971-07-07T06:49:06,Bangladesch,-87.392229,Africa/Lome,2001-01-19 17:36:14,DE,Kühnert,"37,48 €",Altentreptow,ku,4051
Marathi,fahren.mov,-102.633181,laptop-98.riehl.de,1986-12-08T11:34:57,Frankreich,-3.4607325,Indian/Maldives,2018-03-29 13:44:16,DE,Bachmann Haase e.V.,"4,80 €",Schlüchtern,mag,150742
Tswana,etwas.ppt,41.698675,web-20.gotthard.de,1995-05-16T00:22:37,Barbados,-33.4161445,Asia/Tokyo,1971-06-23 02:30:57,DE,Müller Eckbauer GmbH,"20.446,53 €",Hainichen,ro,1432237
Guarani,drehen.mp3,-171.602666,laptop-36.vogt.de,1982-03-02T16:57:44,Gibraltar,-62.592980,Europe/Zagreb,1987-01-13 21:04:14,DE,Becker GmbH,"1,63 €",Böblingen,th,977995614
Mongolian,braun.avi,68.134349,srv-85.mans.de,2019-03-23T12:50:52,Brunei Darussalam,-83.916196,America/Jamaica,1978-07-11 21:49:34,DE,Karge Kraushaar AG,"1.394,59 €",Gerolzhofen,gu,60525526
Chinese,erst.xls,-140.931778,db-14.drub.com,1991-01-26T20:16:05,Ungarn,19.326529,Europe/Tirane,2003-03-21 04:45:20,DE,Römer,"7,88 €",Ludwigslust,wal,664668070
Sango,krank.jpg,-173.446910,email-77.beckmann.de,2003-05-11T12:37:53,Wallis und Futuna,-51.7894635,Europe/Belgrade,2002-10-09 10:29:04,DE,Neureuther Franke GmbH,"34,84 €",Nabburg,ca,89331
Rundi,Schiff.txt,112.051202,desktop-35.holzapfel.de,2013-09-19T01:07:04,Neukaledonien,34.349913,Europe/Vaduz,2017-08-25 14:54:42,DE,Weitzel,"218,48 €",Beeskow,the,8528179
Uighur,das.mp4,-57.380156,lt-67.meyer.de,2021-02-04T04:51:11,Mauretanien,-43.7791125,America/New_York,2006-08-23 09:59:31,DE,Holt Rose GbR,"8.187,87 €",Füssen,he,3
Hungarian,Woche.js,90.232086,web-11.mude.com,2003-11-10T15:41:29,Ägypten,-21.6859855,Europe/London,2005-09-11 07:31:36,DE,Weitzel e.G.,"61.484,63 €",Werdau,raj,802332314
Avestan,Wagen.wav,95.403704,desktop-76.saeuberlich.com,1996-07-20T21:36:58,Jamaika,70.847188,Europe/Riga,2005-05-27 09:07:21,DE,Nerger Dörr GmbH & Co. OHG,"1.745,89 €",Parchim,shs,5256312
Spanish,bleiben.json,98.565191,db-26.salz.org,2002-05-07T09:25:49,Jamaika,62.612294,Europe/Stockholm,1988-03-01 03:59:22,DE,Schüler,"70,90 €",Garmisch-Partenkirchen,ku,3340
Zulu,aber.mp3,-169.923878,db-88.kruschwitz.com,1996-06-12T21:13:01,Jemen,-53.399563,America/Argentina/Jujuy,2015-05-01 05:27:42,DE,Fritsch GmbH,"69.896,52 €",Sankt Goar,ln,9
Bosnian,Affe.js,-4.981534,web-92.wirth.com,2023-08-06T11:04:31,Tschad,-2.477099,America/Barbados,1988-01-16 01:08:29,DE,Winkler Adler AG & Co. KGaA,"7,82 €",Hagenow,hsb,65
Korean,führen.png,147.556943,lt-75.rogge.com,1989-03-11T01:50:36,Paraguay,-8.9911445,Europe/Chisinau,1991-09-03 09:17:09,DE,Dowerg AG,"62,31 €",Zschopau,hy,62496
North Ndebele,heraus.key,96.631082,web-04.lorch.net,2009-07-03T11:31:37,Bahrain,85.819273,Asia/Bishkek,1984-07-03 06:49:48,DE,Linke Stiftung & Co. KG,"41.916,35 €",Badibling,be,4
Northern Sami,Milch.mp3,-131.340822,desktop-93.jacobi.org,2007-10-15T12:04:58,Guyana,-8.572183,Africa/Abidjan,1989-12-14 07:11:49,DE,Zobel GmbH,"15.284,92 €",Dessau,ca,52
Ojibwa,Fußball.tiff,-15.257371,email-81.binner.de,2002-05-08T05:12:05,Svalbard und Jan Mayen,-5.7667945,America/Costa_Rica,1990-06-06 09:28:49,DE,Schweitzer,"4,37 €",Badibling,mi,50239516
Sindhi,man.webm,-137.507149,lt-41.rudolph.org,1999-07-10T21:58:22,Mauretanien,83.5984355,Africa/Bujumbura,2019-03-20 02:07:58,DE,Nohlmans GmbH & Co. KG,"7,54 €",Heiligenstadt,oc,37848838
"Sotho, Southern",mich.wav,79.394170,email-36.christoph.com,2002-02-15T02:00:18,Vietnam,72.7071705,Europe/Kiev,1986-07-13 13:12:24,DE,Trubin,"4.901,24 €",Vohenstrauß,byn,3709
Ewe,schlecht.mp3,-69.379108,lt-14.schenk.net,1975-05-26T00:04:55,São Tomé und Príncipe,75.0942235,America/Grenada,2011-04-01 23:16:16,DE,Gierschner GmbH,"0,71 €",Eisenhüttenstadt,ml,343
Afrikaans,Nase.webm,-28.742431,laptop-62.schaaf.de,1988-10-07T16:39:53,Wallis und Futuna,7.185250,Europe/Zurich,2006-01-27 14:11:57,DE,Finke Klemt GmbH,"651,59 €",Gütersloh,gl,16870719
Chichewa,müde.jpg,-146.100354,db-59.carsten.de,2018-12-08T14:22:31,Dänemark,10.9021535,Asia/Muscat,2006-05-08 17:41:48,DE,Birnbaum GmbH & Co. KG,"7.748,63 €",Artern,iu,401
French,nächste.jpeg,-35.656450,lt-11.wesack.de,1987-08-28T19:24:19,Russische Föderation,24.038275,Pacific/Auckland,1996-04-17 22:56:23,DE,Bolnbach Schacht AG,"2,56 €",Gelnhausen,ber,817801502
Interlingua,warten.mov,43.926946,lt-58.sontag.com,1982-10-08T18:07:19,Aruba,-63.148843,Asia/Hovd,2015-12-06 14:49:49,DE,Stahr,"905,04 €",Gerolzhofen,aa,94478583
Nepali,vorbei.jpeg,174.183706,srv-51.jopich.de,1984-07-22T12:33:47,Dschibuti,-4.691932,Europe/Sarajevo,1998-08-10 07:32:35,DE,Jäntsch AG,"64,11 €",Roding,an,24967409
Cornish,fragen.pdf,-103.989760,lt-48.klotz.de,2007-04-17T00:15:43,Jordanien,-20.683919,Asia/Brunei,2001-10-14 16:49:44,DE,Gertz Holsten GbR,"50,04 €",Bad Mergentheim,zh,55408
Sichuan Yi,Fenster.xlsx,-6.684753,laptop-18.taesche.com,1977-11-11T21:59:54,Mongolei,-32.1429995,Africa/Bissau,1996-01-19 04:54:24,DE,Heser GmbH,"951,79 €",Neubrandenburg,gd,9527525
Gujarati,Opa.odt,166.906595,srv-26.fechner.de,1997-07-07T15:19:30,Peru,37.5740595,Asia/Dili,1977-03-27 14:27:29,DE,Eberhardt Beier AG,"30,49 €",Tübingen,ks,2533
North Ndebele,holen.csv,37.148223,laptop-68.mangold.com,1981-12-14T22:59:52,Sudan,25.7378895,America/Barbados,1996-06-03 23:57:19,DE,Hethur Gehringer GbR,"406,24 €",Gütersloh,ks,3
Manx,groß.jpg,175.149749,lt-14.austermuehle.de,1997-02-28T07:25:53,Republik Moldau,-53.920290,Asia/Dubai,1983-05-13 07:06:24,DE,Drewes,"4,17 €",Gotha,sq,745171624
Slovenian,gerade.wav,53.143153,srv-79.ullrich.de,2009-10-09T05:05:04,Bouvetinsel,-17.9455345,America/St_Lucia,2008-01-12 17:04:39,DE,Holzapfel Weitzel Stiftung & Co. KGaA,"3.000,49 €",Apolda,tr,7378
Komi,nass.mov,-10.357381,laptop-62.wagner.net,1981-04-18T09:02:32,Jersey,-68.603927,Asia/Bishkek,2012-09-19 13:40:58,DE,Nohlmans Stiftung & Co. KGaA,"34,61 €",Wurzen,or,845309543
Fulah,zum.xls,167.447399,srv-43.gute.com,1983-06-01T03:37:18,Indien,-73.449462,America/Nassau,2021-10-06 23:12:50,DE,Reinhardt Davids GmbH & Co. OHG,"7.188,30 €",Schwäbisch Gmünd,uz,5671
Fijian,selbst.pages,-32.613309,web-20.eberth.com,1972-05-02T12:26:15,Malaysia,-13.4673825,Europe/Warsaw,1996-06-26 09:22:30,DE,Mälzer Reinhardt AG & Co. OHG,"9.261,31 €",Ingolstadt,rw,66128
German,ab.csv,-5.299593,srv-35.caspar.de,2001-01-05T00:02:49,Gibraltar,7.4957945,Africa/Khartoum,1985-09-09 18:14:23,DE,Neureuther,"2.851,51 €",Ahaus,ve,790
Malayalam,Boden.ods,84.703343,desktop-80.krebs.net,2020-02-03T09:42:28,Brasilien,-49.4493625,Atlantic/Reykjavik,1990-12-31 08:08:50,DE,Hande,"28,02 €",Freital,st,612781
Telugu,wie.mp4,-134.787881,email-94.tintzmann.de,2011-10-01T19:52:33,Französisch-Guayana,44.0583925,Africa/Gaborone,2014-12-29 20:06:45,DE,Harloff Ullrich GmbH,"6.029,46 €",Staffelstein,km,53359
Malay,stehen.jpeg,-12.371421,web-02.hoffmann.de,1992-04-30T20:43:46,Niue,-38.787403,Pacific/Majuro,1986-04-03 22:33:06,DE,Caspar Cichorius e.G.,"354,22 €",Schongau,az,1030
Lingala,sieben.key,81.764682,email-60.riehl.de,1989-06-26T08:08:38,Guam,15.5628565,Pacific/Tongatapu,2019-12-19 01:48:17,DE,Vollbrecht Heinz GmbH,"4,12 €",Ochsenfurt,hne,480
Javanese,leise.flac,102.454539,laptop-40.barkholz.de,1976-11-01T11:39:07,Salomonen,-73.9667535,Africa/Kinshasa,1991-08-18 00:14:04,DE,Butte,"8,09 €",Prenzlau,pap,82
Wolof,sehen.js,4.934861,web-87.kohl.com,2004-05-05T14:37:29,Sambia,64.147623,America/Guatemala,2012-01-18 09:47:35,DE,Drewes GbR,"30,25 €",Soltau,lb,4170102
Arabic,Sommer.avi,157.002397,srv-35.roehricht.de,1978-10-22T16:48:20,Seychellen,-18.384688,Pacific/Auckland,2003-08-01 08:15:51,DE,Drewes,"60.864,16 €",Wolgast,ru,786
Bulgarian,rennen.mp3,-14.066959,lt-92.zirme.com,1986-02-01T06:00:08,Trinidad und Tobago,69.271722,Africa/Asmera,2006-02-02 04:44:12,DE,Geisel Salz AG,"32.612,62 €",Ahaus,sw,4796
Tagalog,Abend.jpg,173.979745,srv-31.kohl.de,1975-12-22T07:08:03,Oman,0.6967705,Europe/Oslo,1998-04-01 09:43:29,DE,Weinhage GmbH,"38.451,30 €",Gera,ak,4362107
Swedish,los.wav,-104.991767,srv-94.troest.com,1982-08-18T09:04:17,Oman,80.611007,Asia/Singapore,2023-06-14 14:57:30,DE,Kobelt GmbH & Co. KG,"82,28 €",Fulda,ber,9
Wolof,holen.txt,167.862658,email-91.gutknecht.com,2018-07-28T14:32:34,Norfolkinsel,-75.0609365,America/St_Kitts,1998-03-04 04:21:58,DE,Mangold AG & Co. KGaA,"42,55 €",Meißen,zu,8
Sinhala,spät.gif,-12.591959,lt-17.taesche.com,1970-01-14T20:25:32,Österreich,57.349626,Asia/Karachi,1996-11-21 05:05:20,DE,Aumann Davids AG & Co. OHG,"94,18 €",Aue,ro,61409
Marshallese,wohl.txt,97.530918,desktop-84.rudolph.de,1999-04-21T03:08:17,Finnland,84.326728,America/El_Salvador,2008-01-07 02:41:45,DE,Schleich AG & Co. KG,"8,01 €",Griesbach Rottal,sc,310202363
Chuvash,Stelle.webm,-18.762062,db-64.holt.de,2019-01-28T06:07:14,Bahrain,-5.315986,Europe/Lisbon,2007-08-23 14:42:46,DE,Killer AG & Co. KGaA,"83.462,98 €",Hagenow,ak,7452933
Estonian,Sohn.mp4,57.196879,srv-97.sontag.net,1984-04-26T11:50:34,Grenada,26.6125525,America/Paramaribo,1980-09-20 22:21:36,DE,van der Dussen,"50.910,70 €",Backnang,hne,7863906
Vietnamese,reich.txt,103.918064,lt-66.weimer.de,2015-01-01T03:25:10,Russische Föderation,84.1345645,Africa/Lome,2013-10-17 10:36:16,DE,Ditschlerin Dussen van GmbH,"3,39 €",Warendorf,nb,493
Tagalog,Onkel.tiff,1.059065,db-39.wende.com,2011-12-31T15:01:56,Guam,80.035018,Europe/Brussels,2003-02-16 04:45:14,DE,Tröst Sager Stiftung & Co. KGaA,"12,55 €",Kaiserslautern,sw,3062
Esperanto,tot.jpeg,96.940925,web-18.renner.net,2018-03-16T19:53:51,Réunion,-81.402015,Asia/Ashgabat,1972-11-25 22:52:14,DE,Beer,"888,55 €",Eberswalde,nds,800
Gujarati,plötzlich.xlsx,-1.381729,laptop-63.aumann.de,2011-08-29T05:01:16,Aserbaidschan,39.300020,America/La_Paz,1971-01-22 18:29:18,DE,Eimer AG & Co. OHG,"3.711,72 €",Eisleben,th,9742
Igbo,ihn.doc,146.913431,desktop-95.bohlander.net,2001-06-21T04:09:53,Burundi,-84.563085,Africa/Asmera,2022-02-11 11:30:21,DE,Söding,"4.413,18 €",Lüdenscheid,sid,204859
Tamil,nun.flac,-88.262109,email-13.heser.de,2018-04-27T20:33:17,Mikronesien,-21.8386995,Asia/Bishkek,1971-10-28 08:16:51,DE,Mühle,"8.279,77 €",Höxter,kn,44
Avestan,an.html,119.476149,web-29.zorbach.net,1975-11-18T10:58:33,Liberia,-82.1367755,Africa/Niamey,1972-10-23 15:49:59,DE,Reising,"77.630,49 €",Mainburg,ca,967
Panjabi,wollen.doc,-66.284934,web-10.jopich.de,1975-03-05T11:28:04,Isle of Man,22.9377945,Africa/Lusaka,1996-05-31 04:56:35,DE,Becker,"4,32 €",Stade,wo,42
Swedish,tragen.csv,-15.939276,db-45.benthin.org,2004-06-29T21:04:04,Republik Moldau,39.2579255,Europe/San_Marino,1974-05-27 23:22:13,DE,Kranz,"57,15 €",Mellrichstadt,tn,487
Vietnamese,Mann.json,56.192862,email-67.kranz.com,1984-10-15T04:41:12,Wallis und Futuna,77.3620055,Africa/Niamey,2015-10-19 09:19:49,DE,Sorgatz AG & Co. KGaA,"66,31 €",Uffenheim,the,133852302
Welsh,um.json,-45.185937,lt-67.paffrath.net,2022-11-24T16:14:34,Äußeres Ozeanien,37.989496,Africa/Nouakchott,1973-05-24 20:05:13,DE,Mans Holt KG,"971,27 €",Worbis,ve,3
Tibetan,ich.js,171.697520,web-59.zaenker.net,1973-01-14T13:34:28,Vietnam,6.525755,Europe/Prague,1992-04-18 14:47:13,DE,Mangold,"10.634,80 €",Jena,lt,1
Sundanese,machen.flac,-3.156770,web-71.holt.com,2000-06-26T12:18:51,Swasiland,-84.8476645,Asia/Pyongyang,1991-08-30 08:29:28,DE,Schottin,"90,22 €",Mühldorf am Inn,af,9
Lao,Oma.doc,-164.564044,desktop-62.pieper.net,1998-07-25T20:36:02,Dänemark,48.7543545,Europe/Bratislava,1994-07-01 17:13:48,DE,Möchlichen Walter GmbH & Co. KG,"794,69 €",Sangerhausen,mhr,7476
Cree,Frage.js,-178.887612,email-35.adolph.de,1984-08-19T02:35:36,Réunion,-36.247803,Pacific/Truk,1991-03-08 16:41:33,DE,Losekann Stiftung & Co. KGaA,"71,04 €",Schweinfurt,sr,468235
Maltese,sieht.wav,-169.614878,db-60.wagenknecht.org,1989-01-02T21:52:50,Belarus,-6.3895375,Atlantic/Cape_Verde,2018-01-02 20:19:14,DE,Tlustek OHG mbH,"5.561,85 €",Delitzsch,ta,98
Dzongkha,Geschichte.wav,-12.252983,laptop-79.tintzmann.de,2009-01-21T03:27:38,Liechtenstein,75.244137,Europe/Rome,1989-02-14 06:54:25,DE,Ladeck Gute KGaA,"649,63 €",Schongau,uz,99350
Romanian,dann.mp3,-122.322528,web-05.gumprich.net,1980-01-26T02:04:24,China,56.527400,Indian/Mauritius,2013-02-08 05:04:50,DE,Jacob Jäntsch Stiftung & Co. KG,"98.685,81 €",Neubrandenburg,gv,0
Gujarati,bringen.avi,121.900280,srv-74.wagenknecht.com,1972-07-27T04:52:36,Haiti,13.361614,Europe/Uzhgorod,1983-05-08 11:04:32,DE,Schleich,"82.027,03 €",Erding,pl,895
Malay,Monate.webm,5.899249,desktop-43.anders.de,1993-08-16T17:34:42,Alandinseln,-28.963603,America/Port_of_Spain,1992-05-14 23:13:03,DE,Beer GmbH,"938,13 €",Eggenfelden,rw,1147
Slovak,schön.png,6.420365,email-98.thanel.com,1973-07-30T14:20:41,Niue,49.077253,Africa/Gaborone,1993-06-04 03:43:41,DE,Kabus Kambs GmbH & Co. OHG,"5,30 €",Bad Freienwalde,hne,192
Welsh,einige.flac,-33.378336,email-21.hecker.de,2023-02-19T09:39:37,Zentralafrikanische Republik,71.622822,Asia/Brunei,1995-10-20 22:50:31,DE,Heydrich Tröst KG,"2.982,67 €",Biedenkopf,yi,26272795
Bislama,Uhr.pdf,-175.215499,srv-93.walter.com,1971-05-12T15:08:36,Uruguay,-82.4335975,Africa/Lome,1981-03-11 11:02:41,DE,Kobelt KGaA,"1.758,97 €",Viechtach,lv,790199839
Chamorro,selbst.css,135.670059,db-43.striebitz.org,2011-04-14T16:22:19,Pitcairn,9.4782655,Africa/Conakry,2016-05-08 09:27:47,DE,Scheel AG,"14,47 €",Gifhorn,fy,1815264
Tatar,werden.html,-179.891565,web-72.groettner.net,1988-09-19T16:53:09,Kanada,74.6348215,Africa/Nouakchott,1994-04-02 11:18:24,DE,Drubin,"8,78 €",Naila,bn,414013066
Norwegian Nynorsk,ganz.html,-39.358058,db-58.schenk.de,2022-01-24T03:59:51,Osttimor,24.0223395,America/Tegucigalpa,1982-05-12 21:06:05,DE,Hornig Ditschlerin Stiftung & Co. KGaA,"763,22 €",Gelnhausen,ayc,8
Walloon,plötzlich.jpeg,-112.413272,db-99.conradi.com,2020-07-20T11:46:13,Oman,50.098062,America/Antigua,1992-12-13 05:57:31,DE,Stahr,"921,86 €",Schwäbisch Hall,lb,56783545
Portuguese,sich.odt,-3.503766,lt-71.hertrampf.de,2014-01-28T22:26:56,Zentralafrikanische Republik,66.9594545,America/Caracas,2019-11-28 00:15:30,DE,Seifert,"20.621,85 €",Lüdinghausen,so,6
Norwegian Nynorsk,mehr.key,-57.321922,lt-15.pohl.de,1980-11-30T11:01:16,Heard- und McDonald-Inseln,86.3925965,America/Montevideo,1999-02-26 08:55:00,DE,Graf e.V.,"67.797,05 €",Nürtingen,hr,290682
Panjabi,Licht.csv,134.023932,desktop-98.naser.com,2011-12-19T05:48:04,Argentinien,21.1653415,America/Santo_Domingo,2007-01-23 07:46:54,DE,Tröst GmbH,"8.043,77 €",Grafenau,eo,477
Manx,halten.wav,-45.737194,db-65.juettner.de,1979-12-14T10:06:39,Dschibuti,-43.1808315,Asia/Colombo,2011-11-24 23:16:42,DE,Oderwald Stiftung & Co. KGaA,"79.532,26 €",Luckenwalde,se,15411576
Sanskrit,sehen.ppt,148.944712,email-61.radisch.com,1985-01-09T00:56:13,Serbien,-50.8769355,Europe/Brussels,2013-07-04 15:55:03,DE,Reuter,"1.387,89 €",Magdeburg,os,40349
Chuvash,kann.csv,107.953101,lt-42.ackermann.org,1974-08-24T23:45:09,Costa Rica,14.310949,Asia/Yerevan,2017-09-30 11:22:09,DE,Steckel Scholtz e.V.,"14.417,73 €",Soltau,mai,6438
Ndonga,Flasche.avi,110.794663,srv-06.kallert.de,1975-04-18T13:04:18,Falklandinseln,49.2426525,Pacific/Efate,1975-05-24 09:14:43,DE,Thies KG,"63,65 €",Regen,st,12
Welsh,Geschichte.mp4,-143.914177,email-41.moechlichen.net,1988-04-21T16:31:38,Nicaragua,-48.3688465,America/Managua,2009-07-21 02:29:44,DE,Käster,"2,43 €",Kaiserslautern,pap,1
Georgian,draußen.key,49.034180,db-00.trub.com,2021-09-09T22:59:56,Georgien,-46.463640,Africa/Lagos,1979-12-16 07:38:57,DE,Rose KG,"7.391,56 €",Tuttlingen,nl,49
Maltese,tun.mp4,6.809119,desktop-53.dietz.com,1998-02-07T12:09:32,Seychellen,27.425225,America/Barbados,1984-01-11 06:11:23,DE,Gehringer,"639,10 €",Königs Wusterhausen,se,36125
Javanese,rufen.numbers,-157.253148,db-54.tlustek.de,1993-11-26T11:20:31,Tokelau,-61.1313305,Asia/Singapore,1998-03-05 13:14:04,DE,Butte,"13,36 €",Hainichen,ur,3
Japanese,dem.mov,-94.543646,laptop-05.hethur.de,1971-01-19T04:37:00,Brunei Darussalam,-44.034180,Africa/Johannesburg,1990-02-21 16:31:37,DE,Sölzer AG,"715,32 €",Husum,eo,635
Kinyarwanda,schwarz.bmp,-121.158638,email-03.heydrich.net,2018-12-11T11:04:04,Amerikanisch-Samoa,56.612117,Asia/Ashgabat,1970-07-09 13:46:52,DE,Zirme KG,"9.339,36 €",Gardelegen,unm,392094
Kalaallisut,ob.txt,-124.894737,laptop-35.budig.de,1972-12-05T00:47:11,Niue,34.1228725,America/El_Salvador,1987-02-18 05:24:44,DE,Albers Kohl AG & Co. OHG,"9.371,23 €",Bayreuth,wa,58868497
Mongolian,treffen.html,167.322376,lt-43.butte.de,1989-03-04T16:07:59,Réunion,-35.7048465,Europe/Chisinau,1995-12-13 23:12:10,DE,Tröst Stiftung & Co. KGaA,"511,54 €",Warendorf,zu,61813136
Telugu,rot.key,61.328723,srv-22.schmiedt.de,1972-05-02T03:06:19,Guinea,-34.6667235,Europe/Vatican,1998-08-15 13:33:18,DE,Hahn GmbH & Co. KG,"60.410,79 €",Flöha,ps,3715
Lithuanian,neu.mp3,-5.514989,email-04.hein.net,2009-07-20T00:25:28,Französisch-Guayana,83.5867175,Europe/Minsk,2020-12-23 10:19:15,DE,Hofmann KGaA,"44.523,61 €",Gransee,ml,6
Spanish,nun.mp3,58.798440,email-70.mentzel.de,2010-04-02T13:04:52,Guadeloupe,-54.1960415,Africa/Djibouti,1993-02-01 01:22:54,DE,Mühle Geisel Stiftung & Co. KG,"1.678,24 €",Güstrow,ka,23199
Kanuri,essen.pages,20.662611,laptop-37.loeffler.de,1985-02-06T16:30:56,China,-35.687931,Asia/Dushanbe,2020-10-07 23:35:18,DE,Wirth Schacht GmbH & Co. OHG,"55,35 €",Artern,crh,84489396
Dutch,dick.mp4,-69.058191,laptop-30.austermuehle.net,2016-12-05T12:33:31,Britisches Territorium im Indischen Ozean,-16.8592055,Asia/Amman,1970-11-30 00:31:24,DE,auch Schlauchin Beyer KG,"9,05 €",Guben,ayc,4353129
Belarusian,dafür.numbers,-144.384409,desktop-81.scheibe.de,2003-09-23T14:28:50,Tuvalu,-9.8663465,Pacific/Efate,2010-10-25 01:25:53,DE,Bolander GmbH,"90,56 €",Hammelburg,zu,616
Oromo,Tag.wav,-94.499810,db-28.kobelt.net,2017-05-25T16:21:00,Mosambik,86.0777245,Asia/Dushanbe,1985-01-14 13:34:50,DE,Wiek KG,"40,77 €",Döbeln,shs,7264339
Italian,wahr.docx,59.968122,email-61.jaehn.com,1985-11-13T13:13:39,Haiti,-57.6496475,Europe/Riga,1994-04-03 00:22:52,DE,Sölzer KG,"187,41 €",Sebnitz,se,4673
Persian,verstehen.docx,57.295332,email-58.zirme.com,1972-12-23T01:54:55,Palästinensische Gebiete,78.287360,Pacific/Port_Moresby,2018-02-06 22:18:22,DE,Keudel AG & Co. KG,"60.151,56 €",Schwäbisch Gmünd,el,14791
Maori,am.webm,-54.273138,email-14.maelzer.de,2009-09-11T00:16:50,Namibia,-26.253786,Asia/Aqtobe,2008-05-31 04:52:15,DE,Schlosser Weihmann AG,"1.478,31 €",Calau,sv,96
Maori,Feuer.doc,-65.531943,desktop-14.heinz.de,2017-01-05T07:34:35,Kambodscha,68.8678545,Asia/Manila,2023-03-22 03:26:50,DE,Heintze AG & Co. KGaA,"36.089,67 €",Heinsberg,unm,6397
Basque,Brief.png,-51.797622,lt-33.koch.de,1994-06-02T18:49:54,Malediven,83.979301,Asia/Baghdad,1974-11-05 04:26:57,DE,Beyer,"5.387,77 €",Parchim,sq,260
Belarusian,mehr.jpg,39.348247,desktop-36.koehler.net,1987-12-05T17:00:56,Kirgisistan,-38.811401,Pacific/Nauru,1972-03-31 12:08:51,DE,Scholtz,"20.784,83 €",Ochsenfurt,mni,8808
Finnish,fressen.flac,-163.494395,lt-37.atzler.net,1976-06-07T13:37:45,Republik Moldau,-6.093126,Asia/Hovd,2012-06-13 18:14:21,DE,Kruschwitz Preiß e.G.,"73.196,88 €",Schweinfurt,si,15
Tswana,sagen.doc,132.678600,db-64.pieper.com,2015-10-13T03:56:09,Grenada,67.7177025,Asia/Pontianak,2008-08-22 15:45:44,DE,Carsten Spieß Stiftung & Co. KGaA,"13,07 €",Schongau,wae,627
Inuktitut,los.mov,122.387276,db-28.hoevel.de,2022-06-01T17:47:08,Kamerun,11.0410445,Europe/Tallinn,1977-08-05 11:29:14,DE,Drub GmbH & Co. OHG,"5,73 €",Gelnhausen,lij,384254
Yiddish,waschen.odt,69.014038,desktop-40.warmer.net,1993-03-01T21:06:08,Neuseeland,-78.4663945,Asia/Dhaka,2006-01-28 18:30:53,DE,Nohlmans,"7.809,18 €",München,cs,5
Ndonga,blau.tiff,110.642671,desktop-85.schmidt.de,1986-01-13T17:42:55,Salomonen,-36.8104615,Europe/Amsterdam,1984-03-29 05:20:55,DE,Schuchhardt AG,"5,02 €",Lippstadt,gv,59
Malagasy,genau.txt,68.149413,email-81.hofmann.net,1976-09-08T19:48:35,Westsahara,89.5244555,Asia/Qatar,1977-01-25 13:31:00,DE,Birnbaum,"9.381,47 €",Ludwigslust,mi,689
Malayalam,auch.tiff,112.937894,lt-29.faust.de,2021-05-27T01:39:09,Bhutan,-80.9678165,Asia/Dushanbe,2020-04-12 02:22:09,DE,Hamann,"99.208,15 €",Weißwasser,mg,983
Belarusian,Brief.mp3,-140.043529,desktop-13.weihmann.com,2023-03-16T04:19:53,Simbabwe,-30.5079225,Europe/Copenhagen,2015-03-08 10:09:06,DE,Reichmann Hesse AG,"589,86 €",Pößneck,sw,67861418
Ewe,so.mp3,-141.013127,laptop-77.klemt.de,2006-02-17T00:03:41,Turkmenistan,87.5006745,Pacific/Apia,1972-09-18 23:19:34,DE,Binner,"76,43 €",Feuchtwangen,csb,443818
North Ndebele,lassen.gif,-166.874146,web-86.kuehnert.de,1970-08-19T03:54:52,Bulgarien,40.826020,Asia/Phnom_Penh,2011-09-08 22:08:53,DE,Mohaupt,"1.268,90 €",Magdeburg,am,6441451
Bulgarian,lassen.jpeg,-25.399819,srv-67.salz.de,2016-07-19T16:58:24,Salomonen,-34.9213235,America/Nassau,2004-02-13 20:57:44,DE,Ackermann Spieß KG,"69.028,11 €",Reutlingen,niu,8977
Icelandic,Finger.wav,173.648134,lt-51.anders.de,2023-01-29T19:47:39,Suriname,17.601160,Asia/Colombo,2022-10-13 15:42:34,DE,Geisler Häring Stiftung & Co. KGaA,"946,29 €",Sulzbach-Rosenberg,tt,40
Sardinian,fiel.jpeg,7.108767,email-61.klemt.com,2003-03-16T05:01:40,Osttimor,-60.553563,America/St_Lucia,2002-07-15 14:05:43,DE,Winkler e.G.,"8.291,69 €",Nordhausen,ast,926325196
Kashmiri,beim.jpeg,72.724245,lt-09.dowerg.com,1980-09-06T00:49:19,Montenegro,72.7543125,Europe/Minsk,2019-10-13 09:38:33,DE,Lindner GmbH & Co. OHG,"3.949,25 €",Rothenburg ob der Tauber,th,3
Sango,für.docx,-137.243652,desktop-40.jungfer.org,1979-01-09T01:16:37,Turkmenistan,6.816131,Europe/Andorra,2020-03-03 23:01:09,DE,Herrmann,"86,03 €",Viersen,ca,402322
Navajo,los.mp4,51.547651,srv-37.zahn.de,1992-03-16T01:29:26,Tadschikistan,-81.971074,Europe/Budapest,1996-04-30 14:04:18,DE,Heidrich,"78,12 €",Wertingen,th,40804180
Russian,warten.avi,44.739427,laptop-30.schmidt.com,2002-01-18T01:06:29,Jemen,-68.7418075,Africa/Harare,1976-07-11 01:12:36,DE,Wieloch,"723,64 €",Pegnitz,tr,262029
Hungarian,natürlich.ods,165.375120,web-05.scheel.com,1988-06-25T00:49:45,Tokelau,-40.0420515,Asia/Qatar,2010-09-21 22:38:59,DE,Stolze OHG mbH,"83.877,23 €",Geithain,doi,506040
Croatian,Wagen.avi,55.887137,desktop-06.zobel.org,2003-01-21T00:26:52,Portugal,69.803667,America/Port_of_Spain,1983-04-02 22:32:53,DE,Hauffer e.G.,"5,52 €",Wolfenbüttel,kl,69
Sardinian,ihr.png,-136.683000,desktop-35.austermuehle.com,1999-05-07T16:15:58,Kanada,-0.7216835,America/Goose_Bay,1995-10-30 08:56:51,DE,Klotz Kuhl GmbH & Co. KGaA,"24,99 €",Olpe,ti,57902865
Lithuanian,fliegen.webm,58.832975,db-00.paertzelt.de,1977-11-30T18:07:11,Luxemburg,82.4371945,Europe/Rome,2022-09-27 02:59:16,DE,Striebitz Römer KG,"30.969,50 €",Siegen,eu,9624240
Ido,Arbeit.mov,121.448781,laptop-21.hethur.com,1980-03-05T09:53:40,Marshallinseln,-82.206107,Asia/Baku,2006-02-24 19:06:11,DE,Krebs Sölzer Stiftung & Co. KGaA,"26,25 €",Prenzlau,pl,516531222
Xhosa,ohne.avi,65.101609,srv-26.heser.com,2008-11-18T06:58:41,Jersey,-32.354593,Asia/Jerusalem,1992-02-07 12:05:19,DE,Jähn,"1,52 €",Böblingen,sr,6075
Ndonga,fressen.jpg,55.126788,desktop-99.salz.de,2000-08-08T16:41:10,Belgien,-7.219203,Asia/Damascus,2016-10-04 18:08:16,DE,Scheuermann GmbH,"15,77 €",Ebern,ml,49
Oromo,besser.html,36.777860,email-37.gorlitz.de,2018-01-22T11:18:24,Bangladesch,-22.153237,Europe/Vatican,2014-01-26 13:35:05,DE,Bender Klingelhöfer AG,"28,05 €",Kronach,fa,632
North Ndebele,Herz.avi,32.570656,desktop-24.vogt.org,2002-05-11T04:09:51,Tschechische Republik,-62.871553,Asia/Bangkok,2018-07-30 02:52:06,DE,Matthäi GmbH & Co. OHG,"19,37 €",Teterow,pap,64859217
Kikuyu,Arbeit.css,112.884718,srv-97.hertrampf.de,2002-08-12T08:32:44,St. Kitts und Nevis,-66.7184655,Asia/Omsk,2008-01-20 22:05:55,DE,Sauer GmbH & Co. KG,"770,70 €",Wertingen,ve,9360
Chichewa,verstehen.odt,127.664065,web-11.linke.net,2006-08-25T07:46:30,Katar,74.819132,America/Argentina/Rio_Gallegos,2016-07-12 13:06:41,DE,Koch Sorgatz GbR,"35,06 €",Gießen,mhr,424041469
Nepali,Essen.flac,115.206084,lt-84.geisel.net,2011-04-15T17:09:55,Osttimor,-88.6563445,Africa/Porto-Novo,2009-01-26 01:38:32,DE,Riehl,"9.018,24 €",Steinfurt,tt,533332417
Malay,als.wav,-162.761882,srv-75.fiebig.com,2011-06-17T05:29:33,Antigua und Barbuda,-4.3421635,America/Port_of_Spain,2011-12-01 19:20:14,DE,Hentschel Kramer GmbH,"6.313,74 €",Potsdam,mhr,54714994
Bashkir,kommen.xlsx,-63.171019,desktop-07.soeding.de,1973-07-01T05:06:57,Ruanda,42.555782,America/Kentucky/Monticello,2019-10-18 21:15:23,DE,Kramer Zirme AG & Co. OHG,"79,50 €",Dresden,ts,2891
Chinese,Beispiel.jpg,-1.745387,db-33.berger.de,1970-09-14T19:19:41,Kuwait,56.3868375,Africa/Gaborone,2004-03-22 00:49:26,DE,Kuhl,"533,77 €",Germersheim,ps,20
Javanese,aber.mp3,13.986181,web-72.mude.net,1996-02-29T15:51:49,Serbien und Montenegro,23.156785,America/Port_of_Spain,2017-10-12 06:46:13,DE,Koch II Ring GmbH,"7,93 €",Artern,zh,7
Pushto,laut.jpeg,-101.900012,db-86.juettner.de,1973-02-22T13:19:50,Jemen,-69.677240,Indian/Mahe,2002-09-05 19:28:34,DE,van der Dussen Hendriks AG & Co. KG,"75.468,33 €",Hechingen,ayc,3
North Ndebele,Seite.numbers,92.902961,lt-26.koch.com,1994-07-08T00:46:43,Aruba,1.162363,Asia/Saigon,1985-03-19 11:33:01,DE,Sölzer e.G.,"6,16 €",Werdau,ml,6
Latin,schwer.png,-170.504807,email-81.schmidt.org,1988-09-27T06:02:07,Antigua und Barbuda,-78.834711,Africa/Brazzaville,1983-08-10 03:55:44,DE,Franke,"61,56 €",Uelzen,tn,81137
Bambara,an.odp,108.784843,srv-75.ditschlerin.de,1976-12-06T20:22:08,Tschad,83.4631455,Europe/Madrid,1985-12-11 23:50:16,DE,Bien,"15.153,76 €",Melsungen,zu,573096
Tsonga,gut.ppt,178.576690,desktop-80.huhn.com,1980-02-10T13:19:13,St. Martin,-70.037647,Asia/Amman,1977-07-29 14:29:26,DE,Hamann Sorgatz AG,"33.469,20 €",Leipziger Land,st,3810378
Romanian,Wetter.png,74.294149,laptop-54.kusch.org,2017-02-04T10:40:38,Ruanda,-70.2417165,Asia/Bangkok,1985-09-06 07:54:30,DE,Kraushaar AG,"3.758,45 €",Sankt Goarshausen,csb,204851
Chamorro,rechnen.wav,21.877239,email-61.segebahn.com,1990-08-16T03:38:37,Slowakei,39.8175595,Indian/Comoro,1978-12-24 12:36:58,DE,Schüler KG,"9.609,99 €",Hersbruck,th,70
Albanian,wünschen.webm,-104.616019,srv-16.birnbaum.org,2022-12-18T01:23:04,Singapur,51.6507625,Africa/Asmera,2015-07-21 06:03:29,DE,Bohnbach Seifert KG,"5.074,28 €",Euskirchen,st,113491568
Wolof,klettern.wav,-121.102746,desktop-41.ehlert.net,2006-11-01T02:49:26,Libanon,-48.7445395,Pacific/Fiji,1973-06-26 21:42:59,DE,Kitzmann Sorgatz AG,"2,45 €",Artern,sq,0
Avestan,lassen.jpg,19.436202,laptop-24.mentzel.de,2004-05-14T23:41:37,Heard- und McDonald-Inseln,-18.468732,Pacific/Tongatapu,1995-07-22 14:51:11,DE,Pruschke KG,"71,41 €",Wertingen,nl,516320
Swahili,setzen.json,98.794375,desktop-06.wernecke.net,2009-04-28T13:00:44,Schweden,1.488309,Africa/Luanda,1995-03-08 20:58:49,DE,Nette Reinhardt AG,"23,57 €",Mallersdorf,se,869
Komi,sieht.js,-27.437549,db-06.scholz.com,2020-10-22T13:18:01,Grönland,-45.218078,Europe/Zurich,1987-05-13 09:26:03,DE,Rogner Vogt GbR,"80.729,34 €",Wismar,ff,617812
Greek,was.webm,-48.813017,lt-94.pieper.net,2023-02-24T18:04:45,Marshallinseln,41.7612965,Africa/Accra,2013-11-09 01:21:49,DE,Möchlichen AG,"1,62 €",Suhl,fy,40
Kongo,sieht.json,71.010058,lt-17.koester.de,1981-03-04T19:00:45,Bahrain,-76.2089995,Africa/Freetown,1970-07-10 15:15:02,DE,Rädel Rädel GmbH & Co. KG,"744,06 €",Stendal,yue,937719016
South Ndebele,Auto.html,-131.876769,lt-98.hecker.de,1970-10-26T06:06:12,Demokratische Volksrepublik Korea,78.9249215,Africa/Johannesburg,1984-02-16 17:13:23,DE,Kostolzin,"8.183,32 €",Olpe,tg,266969
Cornish,genau.csv,98.413893,web-14.riehl.com,1988-05-29T14:40:05,St. Martin,76.1636565,America/Belize,1995-09-05 01:56:57,DE,Weihmann,"5,76 €",Bergzabern,kn,7086
Yiddish,ließ.mp3,-64.206354,lt-25.vogt.net,1981-07-19T15:20:50,Jersey,-21.477453,Africa/Nairobi,2000-11-28 08:03:43,DE,Wesack Eigenwillig GbR,"48.204,23 €",Hansestadttralsund,byn,72915
Nauru,die.flac,137.845476,laptop-65.putz.de,1980-07-08T10:51:19,Türkei,-11.2248665,Europe/Chisinau,1996-10-15 10:37:43,DE,Jacobi Jäckel,"5.656,53 €",Mallersdorf,tt,178373
Slovak,sofort.jpeg,-179.287195,web-02.karge.com,2018-09-02T10:01:34,Italien,-11.658589,Asia/Kabul,1981-07-09 17:13:06,DE,Rohleder GmbH & Co. OHG,"3.943,93 €",Sankt Goarshausen,ga,37137
Kongo,Brief.xls,-32.955569,db-34.freudenberger.com,2002-05-21T12:30:45,Simbabwe,-12.3234665,Asia/Seoul,1971-02-18 11:35:48,DE,Gotthard,"55.228,15 €",Roth,the,7946714
Komi,dunkel.key,-54.862041,laptop-39.groettner.com,1983-07-14T14:26:21,Osttimor,-59.6428835,America/Lima,1976-11-23 09:02:52,DE,Bachmann,"376,25 €",Bischofswerda,nr,42159384
Norwegian,in.mp3,-141.909137,db-91.metz.net,1973-06-24T18:09:00,Sierra Leone,-48.681818,Europe/Dublin,2020-10-21 11:16:26,DE,Scholtz GmbH,"77,46 €",Finsterwalde,sa,2
"Sotho, Southern",alt.html,-53.566003,web-41.bolander.de,1986-05-16T11:35:57,Kenia,1.171685,Pacific/Funafuti,1983-05-23 14:14:52,DE,Drubin Niemeier GbR,"6,81 €",Ebermannstadt,af,8131736
Oromo,ruhig.gif,-6.457385,email-38.haase.de,2014-08-02T16:22:17,Alandinseln,-65.3146915,Europe/Rome,1988-03-12 20:48:10,DE,Zahn Stiftung & Co. KGaA,"28,56 €",Kötzting,nhn,62736
