<?xml version="1.0" encoding="UTF-8"?>
<employees>
    
    <employee id="1">
        <firstname>Nicholas</firstname>
        <lastname></lastname>
        <address></address>
        <iban></iban>
    </employee>
    
    <employee id="2">
        <firstname></firstname>
        <lastname>Smith</lastname>
        <address></address>
        <iban></iban>
    </employee>
    
    <employee id="3">
        <firstname></firstname>
        <lastname></lastname>
        <address></address>
        <iban>GB30ICZM73228670919345</iban>
    </employee>
    
    <employee id="4">
        <firstname></firstname>
        <lastname>Edwards</lastname>
        <address></address>
        <iban></iban>
    </employee>
    
    <employee id="5">
        <firstname>Joanne</firstname>
        <lastname></lastname>
        <address></address>
        <iban></iban>
    </employee>
    
    <employee id="6">
        <firstname></firstname>
        <lastname>Middleton</lastname>
        <address></address>
        <iban></iban>
    </employee>
    
    <employee id="7">
        <firstname></firstname>
        <lastname>Shaw</lastname>
        <address></address>
        <iban></iban>
    </employee>
    
    <employee id="8">
        <firstname></firstname>
        <lastname>Barrett</lastname>
        <address></address>
        <iban></iban>
    </employee>
    
    <employee id="9">
        <firstname></firstname>
        <lastname>Franklin</lastname>
        <address></address>
        <iban></iban>
    </employee>
    
    <employee id="10">
        <firstname>Susan</firstname>
        <lastname></lastname>
        <address></address>
        <iban></iban>
    </employee>
    
    <employee id="11">
        <firstname></firstname>
        <lastname></lastname>
        <address></address>
        <iban></iban>
    </employee>
    
    <employee id="12">
        <firstname></firstname>
        <lastname></lastname>
        <address></address>
        <iban>GB86NZLL61961547781094</iban>
    </employee>
    
    <employee id="13">
        <firstname>Marc</firstname>
        <lastname></lastname>
        <address></address>
        <iban></iban>
    </employee>
    
    <employee id="14">
        <firstname></firstname>
        <lastname></lastname>
        <address>07 Jennifer pike Evansville BS35 3ZW</address>
        <iban></iban>
    </employee>
    
    <employee id="15">
        <firstname></firstname>
        <lastname>Burrows</lastname>
        <address></address>
        <iban></iban>
    </employee>
    
    <employee id="16">
        <firstname></firstname>
        <lastname></lastname>
        <address>Studio 00Q Jay row Lake Naomibury OL57 5SW</address>
        <iban></iban>
    </employee>
    
    <employee id="17">
        <firstname></firstname>
        <lastname></lastname>
        <address></address>
        <iban>GB34OLUJ90959433046762</iban>
    </employee>
    
    <employee id="18">
        <firstname>Jonathan</firstname>
        <lastname></lastname>
        <address></address>
        <iban></iban>
    </employee>
    
    <employee id="19">
        <firstname></firstname>
        <lastname></lastname>
        <address>Flat 5 Stevens rapid North Kirsty L8B 7WQ</address>
        <iban></iban>
    </employee>
    
    <employee id="20">
        <firstname>Robin</firstname>
        <lastname></lastname>
        <address></address>
        <iban></iban>
    </employee>
    
    <employee id="21">
        <firstname></firstname>
        <lastname></lastname>
        <address></address>
        <iban>GB95IIBE55096305940810</iban>
    </employee>
    
    <employee id="22">
        <firstname></firstname>
        <lastname></lastname>
        <address>0 Scott bypass Port Andreatown DE17 6EJ</address>
        <iban></iban>
    </employee>
    
    <employee id="23">
        <firstname></firstname>
        <lastname>Davidson</lastname>
        <address></address>
        <iban></iban>
    </employee>
    
    <employee id="24">
        <firstname></firstname>
        <lastname>Allen</lastname>
        <address></address>
        <iban></iban>
    </employee>
    
    <employee id="25">
        <firstname></firstname>
        <lastname></lastname>
        <address></address>
        <iban></iban>
    </employee>
    
    <employee id="26">
        <firstname></firstname>
        <lastname></lastname>
        <address></address>
        <iban>GB72FSLZ69834273958512</iban>
    </employee>
    
    <employee id="27">
        <firstname></firstname>
        <lastname></lastname>
        <address></address>
        <iban>GB53GHPK41556840881548</iban>
    </employee>
    
    <employee id="28">
        <firstname></firstname>
        <lastname></lastname>
        <address></address>
        <iban></iban>
    </employee>
    
    <employee id="29">
        <firstname></firstname>
        <lastname></lastname>
        <address></address>
        <iban></iban>
    </employee>
    
    <employee id="30">
        <firstname></firstname>
        <lastname></lastname>
        <address></address>
        <iban></iban>
    </employee>
    
    <employee id="31">
        <firstname>Gordon</firstname>
        <lastname></lastname>
        <address></address>
        <iban></iban>
    </employee>
    
    <employee id="32">
        <firstname></firstname>
        <lastname></lastname>
        <address>09 Ball land Gerardbury OX2V 8WZ</address>
        <iban></iban>
    </employee>
    
    <employee id="33">
        <firstname></firstname>
        <lastname></lastname>
        <address></address>
        <iban>GB67FOLH56833042214307</iban>
    </employee>
    
    <employee id="34">
        <firstname>Mandy</firstname>
        <lastname></lastname>
        <address></address>
        <iban></iban>
    </employee>
    
    <employee id="35">
        <firstname></firstname>
        <lastname></lastname>
        <address>Flat 91 Walker meadows Fordmouth M36 4TQ</address>
        <iban></iban>
    </employee>
    
    <employee id="36">
        <firstname></firstname>
        <lastname></lastname>
        <address>943 Jade village Thomasland M48 1PG</address>
        <iban></iban>
    </employee>
    
    <employee id="37">
        <firstname></firstname>
        <lastname></lastname>
        <address></address>
        <iban>GB11VUWE24885742573001</iban>
    </employee>
    
    <employee id="38">
        <firstname></firstname>
        <lastname></lastname>
        <address></address>
        <iban></iban>
    </employee>
    
    <employee id="39">
        <firstname></firstname>
        <lastname></lastname>
        <address></address>
        <iban>GB62PSXB79961030199753</iban>
    </employee>
    
    <employee id="40">
        <firstname></firstname>
        <lastname></lastname>
        <address>24 Susan parkways Thorntonside N6H 1QQ</address>
        <iban></iban>
    </employee>
    
    <employee id="41">
        <firstname></firstname>
        <lastname>Hunt</lastname>
        <address></address>
        <iban></iban>
    </employee>
    
    <employee id="42">
        <firstname>Derek</firstname>
        <lastname></lastname>
        <address></address>
        <iban></iban>
    </employee>
    
    <employee id="43">
        <firstname></firstname>
        <lastname></lastname>
        <address></address>
        <iban>GB42SPQS94059561293457</iban>
    </employee>
    
    <employee id="44">
        <firstname></firstname>
        <lastname></lastname>
        <address></address>
        <iban></iban>
    </employee>
    
    <employee id="45">
        <firstname>Kenneth</firstname>
        <lastname></lastname>
        <address></address>
        <iban></iban>
    </employee>
    
    <employee id="46">
        <firstname>Brandon</firstname>
        <lastname></lastname>
        <address></address>
        <iban></iban>
    </employee>
    
    <employee id="47">
        <firstname></firstname>
        <lastname></lastname>
        <address></address>
        <iban>GB13UARJ80804254485464</iban>
    </employee>
    
    <employee id="48">
        <firstname></firstname>
        <lastname></lastname>
        <address></address>
        <iban>GB72EFID40329001190106</iban>
    </employee>
    
    <employee id="49">
        <firstname></firstname>
        <lastname></lastname>
        <address></address>
        <iban></iban>
    </employee>
    
    <employee id="50">
        <firstname></firstname>
        <lastname></lastname>
        <address></address>
        <iban></iban>
    </employee>
    
    <employee id="51">
        <firstname></firstname>
        <lastname></lastname>
        <address></address>
        <iban></iban>
    </employee>
    
    <employee id="52">
        <firstname></firstname>
        <lastname></lastname>
        <address></address>
        <iban></iban>
    </employee>
    
    <employee id="53">
        <firstname></firstname>
        <lastname></lastname>
        <address></address>
        <iban></iban>
    </employee>
    
    <employee id="54">
        <firstname></firstname>
        <lastname>Field</lastname>
        <address></address>
        <iban></iban>
    </employee>
    
    <employee id="55">
        <firstname></firstname>
        <lastname>Morris</lastname>
        <address></address>
        <iban></iban>
    </employee>
    
    <employee id="56">
        <firstname></firstname>
        <lastname></lastname>
        <address>93 Booth villages Lake Garry M5 8RB</address>
        <iban></iban>
    </employee>
    
    <employee id="57">
        <firstname></firstname>
        <lastname></lastname>
        <address></address>
        <iban></iban>
    </employee>
    
    <employee id="58">
        <firstname></firstname>
        <lastname>Smith</lastname>
        <address></address>
        <iban></iban>
    </employee>
    
    <employee id="59">
        <firstname></firstname>
        <lastname></lastname>
        <address></address>
        <iban>GB26EIBL44974957929211</iban>
    </employee>
    
    <employee id="60">
        <firstname></firstname>
        <lastname></lastname>
        <address></address>
        <iban>GB27TVIA93817439755396</iban>
    </employee>
    
    <employee id="61">
        <firstname></firstname>
        <lastname></lastname>
        <address>8 Chelsea stravenue Harrishaven S2H 6AS</address>
        <iban></iban>
    </employee>
    
    <employee id="62">
        <firstname></firstname>
        <lastname></lastname>
        <address></address>
        <iban>GB64RUXX53021996076298</iban>
    </employee>
    
    <employee id="63">
        <firstname></firstname>
        <lastname></lastname>
        <address></address>
        <iban>GB71SJWF54919743052015</iban>
    </employee>
    
    <employee id="64">
        <firstname>Janet</firstname>
        <lastname></lastname>
        <address></address>
        <iban></iban>
    </employee>
    
    <employee id="65">
        <firstname></firstname>
        <lastname></lastname>
        <address></address>
        <iban>GB48AJXZ06384330898968</iban>
    </employee>
    
    <employee id="66">
        <firstname></firstname>
        <lastname></lastname>
        <address>97 Denis point West Marcusmouth NW7N 1ZN</address>
        <iban></iban>
    </employee>
    
    <employee id="67">
        <firstname></firstname>
        <lastname>Bishop</lastname>
        <address></address>
        <iban></iban>
    </employee>
    
    <employee id="68">
        <firstname></firstname>
        <lastname></lastname>
        <address></address>
        <iban>GB66PPKU31886623054050</iban>
    </employee>
    
    <employee id="69">
        <firstname></firstname>
        <lastname>Brooks</lastname>
        <address></address>
        <iban></iban>
    </employee>
    
    <employee id="70">
        <firstname></firstname>
        <lastname></lastname>
        <address></address>
        <iban></iban>
    </employee>
    
    <employee id="71">
        <firstname></firstname>
        <lastname>Watson</lastname>
        <address></address>
        <iban></iban>
    </employee>
    
    <employee id="72">
        <firstname></firstname>
        <lastname></lastname>
        <address>55 Grant oval Sullivanland ML30 5EQ</address>
        <iban></iban>
    </employee>
    
    <employee id="73">
        <firstname></firstname>
        <lastname>Hall</lastname>
        <address></address>
        <iban></iban>
    </employee>
    
    <employee id="74">
        <firstname></firstname>
        <lastname></lastname>
        <address>Flat 2 Hazel hill Harperburgh HX1 5XE</address>
        <iban></iban>
    </employee>
    
    <employee id="75">
        <firstname></firstname>
        <lastname></lastname>
        <address></address>
        <iban></iban>
    </employee>
    
    <employee id="76">
        <firstname></firstname>
        <lastname></lastname>
        <address>Studio 45c Knight crest Stephanieton PL6V 8LJ</address>
        <iban></iban>
    </employee>
    
    <employee id="77">
        <firstname></firstname>
        <lastname></lastname>
        <address></address>
        <iban>GB78PQQK86863317807679</iban>
    </employee>
    
    <employee id="78">
        <firstname>Kerry</firstname>
        <lastname></lastname>
        <address></address>
        <iban></iban>
    </employee>
    
    <employee id="79">
        <firstname></firstname>
        <lastname></lastname>
        <address></address>
        <iban>GB41GOVH45591655420776</iban>
    </employee>
    
    <employee id="80">
        <firstname></firstname>
        <lastname></lastname>
        <address></address>
        <iban></iban>
    </employee>
    
    <employee id="81">
        <firstname></firstname>
        <lastname></lastname>
        <address></address>
        <iban></iban>
    </employee>
    
    <employee id="82">
        <firstname></firstname>
        <lastname>Richards</lastname>
        <address></address>
        <iban></iban>
    </employee>
    
    <employee id="83">
        <firstname></firstname>
        <lastname>Alexander</lastname>
        <address></address>
        <iban></iban>
    </employee>
    
    <employee id="84">
        <firstname></firstname>
        <lastname></lastname>
        <address></address>
        <iban></iban>
    </employee>
    
    <employee id="85">
        <firstname></firstname>
        <lastname></lastname>
        <address>Flat 12J Harris inlet Lake Lynn B54 8PN</address>
        <iban></iban>
    </employee>
    
    <employee id="86">
        <firstname>Gordon</firstname>
        <lastname></lastname>
        <address></address>
        <iban></iban>
    </employee>
    
    <employee id="87">
        <firstname></firstname>
        <lastname></lastname>
        <address>Studio 34Z Joanne route Richardborough B3 6UA</address>
        <iban></iban>
    </employee>
    
    <employee id="88">
        <firstname></firstname>
        <lastname></lastname>
        <address>952 Parker unions Port Stephanieview G6 0LX</address>
        <iban></iban>
    </employee>
    
    <employee id="89">
        <firstname></firstname>
        <lastname></lastname>
        <address></address>
        <iban></iban>
    </employee>
    
    <employee id="90">
        <firstname>Oliver</firstname>
        <lastname></lastname>
        <address></address>
        <iban></iban>
    </employee>
    
    <employee id="91">
        <firstname>Mohammad</firstname>
        <lastname></lastname>
        <address></address>
        <iban></iban>
    </employee>
    
    <employee id="92">
        <firstname>Carol</firstname>
        <lastname></lastname>
        <address></address>
        <iban></iban>
    </employee>
    
    <employee id="93">
        <firstname></firstname>
        <lastname>Rowley</lastname>
        <address></address>
        <iban></iban>
    </employee>
    
    <employee id="94">
        <firstname>Liam</firstname>
        <lastname></lastname>
        <address></address>
        <iban></iban>
    </employee>
    
    <employee id="95">
        <firstname></firstname>
        <lastname>Chapman</lastname>
        <address></address>
        <iban></iban>
    </employee>
    
    <employee id="96">
        <firstname></firstname>
        <lastname></lastname>
        <address></address>
        <iban>GB76NKGU19436510713860</iban>
    </employee>
    
    <employee id="97">
        <firstname>Beverley</firstname>
        <lastname></lastname>
        <address></address>
        <iban></iban>
    </employee>
    
    <employee id="98">
        <firstname></firstname>
        <lastname>Green</lastname>
        <address></address>
        <iban></iban>
    </employee>
    
    <employee id="99">
        <firstname></firstname>
        <lastname>Tomlinson</lastname>
        <address></address>
        <iban></iban>
    </employee>
    
    <employee id="100">
        <firstname>Caroline</firstname>
        <lastname></lastname>
        <address></address>
        <iban></iban>
    </employee>
    
    <employee id="101">
        <firstname></firstname>
        <lastname></lastname>
        <address></address>
        <iban></iban>
    </employee>
    
    <employee id="102">
        <firstname></firstname>
        <lastname></lastname>
        <address></address>
        <iban>GB21ATVB73336558952905</iban>
    </employee>
    
    <employee id="103">
        <firstname></firstname>
        <lastname></lastname>
        <address></address>
        <iban></iban>
    </employee>
    
    <employee id="104">
        <firstname></firstname>
        <lastname>Evans</lastname>
        <address></address>
        <iban></iban>
    </employee>
    
    <employee id="105">
        <firstname></firstname>
        <lastname></lastname>
        <address></address>
        <iban>GB18EVBB23669080364173</iban>
    </employee>
    
    <employee id="106">
        <firstname></firstname>
        <lastname></lastname>
        <address>Studio 05 Pamela village South Stacey L0 3BN</address>
        <iban></iban>
    </employee>
    
    <employee id="107">
        <firstname></firstname>
        <lastname></lastname>
        <address></address>
        <iban></iban>
    </employee>
    
    <employee id="108">
        <firstname></firstname>
        <lastname></lastname>
        <address></address>
        <iban>GB42DJQD02757339825555</iban>
    </employee>
    
    <employee id="109">
        <firstname></firstname>
        <lastname></lastname>
        <address></address>
        <iban>GB76MNZO62859486677134</iban>
    </employee>
    
    <employee id="110">
        <firstname></firstname>
        <lastname></lastname>
        <address></address>
        <iban></iban>
    </employee>
    
    <employee id="111">
        <firstname></firstname>
        <lastname>Brown</lastname>
        <address></address>
        <iban></iban>
    </employee>
    
    <employee id="112">
        <firstname>Kate</firstname>
        <lastname></lastname>
        <address></address>
        <iban></iban>
    </employee>
    
    <employee id="113">
        <firstname></firstname>
        <lastname></lastname>
        <address></address>
        <iban>GB28XTHZ58820741132806</iban>
    </employee>
    
    <employee id="114">
        <firstname></firstname>
        <lastname>Palmer</lastname>
        <address></address>
        <iban></iban>
    </employee>
    
    <employee id="115">
        <firstname></firstname>
        <lastname></lastname>
        <address></address>
        <iban></iban>
    </employee>
    
    <employee id="116">
        <firstname></firstname>
        <lastname></lastname>
        <address></address>
        <iban>GB42YYHT11346199199598</iban>
    </employee>
    
    <employee id="117">
        <firstname></firstname>
        <lastname>Jackson</lastname>
        <address></address>
        <iban></iban>
    </employee>
    
    <employee id="118">
        <firstname></firstname>
        <lastname>Hobbs</lastname>
        <address></address>
        <iban></iban>
    </employee>
    
    <employee id="119">
        <firstname></firstname>
        <lastname></lastname>
        <address></address>
        <iban></iban>
    </employee>
    
    <employee id="120">
        <firstname></firstname>
        <lastname></lastname>
        <address>81 Parker flat North Marilyn G8E 6ZY</address>
        <iban></iban>
    </employee>
    
    <employee id="121">
        <firstname></firstname>
        <lastname></lastname>
        <address></address>
        <iban>GB66AXQG12739107382852</iban>
    </employee>
    
    <employee id="122">
        <firstname></firstname>
        <lastname></lastname>
        <address></address>
        <iban>GB57WYIX98734879687098</iban>
    </employee>
    
    <employee id="123">
        <firstname></firstname>
        <lastname></lastname>
        <address>Flat 8 Glen turnpike Port Katie S9 0WW</address>
        <iban></iban>
    </employee>
    
    <employee id="124">
        <firstname>Nathan</firstname>
        <lastname></lastname>
        <address></address>
        <iban></iban>
    </employee>
    
    <employee id="125">
        <firstname></firstname>
        <lastname></lastname>
        <address>Flat 5 Julia wall Lake Jakeland LA1 1QZ</address>
        <iban></iban>
    </employee>
    
    <employee id="126">
        <firstname></firstname>
        <lastname></lastname>
        <address></address>
        <iban>GB36RECT10885942595232</iban>
    </employee>
    
    <employee id="127">
        <firstname>Melissa</firstname>
        <lastname></lastname>
        <address></address>
        <iban></iban>
    </employee>
    
    <employee id="128">
        <firstname>Tracey</firstname>
        <lastname></lastname>
        <address></address>
        <iban></iban>
    </employee>
    
    <employee id="129">
        <firstname></firstname>
        <lastname></lastname>
        <address>Flat 45y Ford meadow East Shaun SW8X 8RS</address>
        <iban></iban>
    </employee>
    
    <employee id="130">
        <firstname>Clifford</firstname>
        <lastname></lastname>
        <address></address>
        <iban></iban>
    </employee>
    
    <employee id="131">
        <firstname></firstname>
        <lastname></lastname>
        <address></address>
        <iban>GB14SRZJ48530149089643</iban>
    </employee>
    
    <employee id="132">
        <firstname></firstname>
        <lastname></lastname>
        <address>Flat 94 Christopher corner East Russellfurt DG1E 8FJ</address>
        <iban></iban>
    </employee>
    
    <employee id="133">
        <firstname></firstname>
        <lastname></lastname>
        <address>614 Scott pike Briggstown W2 2UX</address>
        <iban></iban>
    </employee>
    
    <employee id="134">
        <firstname>Chloe</firstname>
        <lastname></lastname>
        <address></address>
        <iban></iban>
    </employee>
    
    <employee id="135">
        <firstname></firstname>
        <lastname></lastname>
        <address></address>
        <iban></iban>
    </employee>
    
    <employee id="136">
        <firstname></firstname>
        <lastname></lastname>
        <address></address>
        <iban></iban>
    </employee>
    
    <employee id="137">
        <firstname></firstname>
        <lastname></lastname>
        <address></address>
        <iban></iban>
    </employee>
    
    <employee id="138">
        <firstname></firstname>
        <lastname></lastname>
        <address>Flat 9 Nash bridge South Keithchester SY7X 6WW</address>
        <iban></iban>
    </employee>
    
    <employee id="139">
        <firstname></firstname>
        <lastname>West</lastname>
        <address></address>
        <iban></iban>
    </employee>
    
    <employee id="140">
        <firstname>Katie</firstname>
        <lastname></lastname>
        <address></address>
        <iban></iban>
    </employee>
    
    <employee id="141">
        <firstname></firstname>
        <lastname></lastname>
        <address>7 Bond meadows East Brendaborough PL1X 4QE</address>
        <iban></iban>
    </employee>
    
    <employee id="142">
        <firstname>Maria</firstname>
        <lastname></lastname>
        <address></address>
        <iban></iban>
    </employee>
    
    <employee id="143">
        <firstname></firstname>
        <lastname></lastname>
        <address>Studio 6 Carol garden Natashamouth B62 3JJ</address>
        <iban></iban>
    </employee>
    
    <employee id="144">
        <firstname></firstname>
        <lastname>Williams</lastname>
        <address></address>
        <iban></iban>
    </employee>
    
    <employee id="145">
        <firstname></firstname>
        <lastname></lastname>
        <address></address>
        <iban></iban>
    </employee>
    
    <employee id="146">
        <firstname></firstname>
        <lastname></lastname>
        <address></address>
        <iban>GB84TYIB58176845829391</iban>
    </employee>
    
    <employee id="147">
        <firstname></firstname>
        <lastname></lastname>
        <address></address>
        <iban></iban>
    </employee>
    
    <employee id="148">
        <firstname></firstname>
        <lastname></lastname>
        <address></address>
        <iban></iban>
    </employee>
    
    <employee id="149">
        <firstname>Charlene</firstname>
        <lastname></lastname>
        <address></address>
        <iban></iban>
    </employee>
    
    <employee id="150">
        <firstname></firstname>
        <lastname>Stone</lastname>
        <address></address>
        <iban></iban>
    </employee>
    
    <employee id="151">
        <firstname></firstname>
        <lastname></lastname>
        <address></address>
        <iban>GB92HHGS95618776878118</iban>
    </employee>
    
    <employee id="152">
        <firstname>Harriet</firstname>
        <lastname></lastname>
        <address></address>
        <iban></iban>
    </employee>
    
    <employee id="153">
        <firstname></firstname>
        <lastname>Jenkins</lastname>
        <address></address>
        <iban></iban>
    </employee>
    
    <employee id="154">
        <firstname></firstname>
        <lastname>Stone</lastname>
        <address></address>
        <iban></iban>
    </employee>
    
    <employee id="155">
        <firstname></firstname>
        <lastname></lastname>
        <address></address>
        <iban></iban>
    </employee>
    
    <employee id="156">
        <firstname></firstname>
        <lastname></lastname>
        <address></address>
        <iban></iban>
    </employee>
    
    <employee id="157">
        <firstname></firstname>
        <lastname>Lees</lastname>
        <address></address>
        <iban></iban>
    </employee>
    
    <employee id="158">
        <firstname></firstname>
        <lastname></lastname>
        <address></address>
        <iban></iban>
    </employee>
    
    <employee id="159">
        <firstname></firstname>
        <lastname>Johnson</lastname>
        <address></address>
        <iban></iban>
    </employee>
    
    <employee id="160">
        <firstname></firstname>
        <lastname></lastname>
        <address>96 Leon mews East Sara W06 9RF</address>
        <iban></iban>
    </employee>
    
    <employee id="161">
        <firstname></firstname>
        <lastname></lastname>
        <address></address>
        <iban></iban>
    </employee>
    
    <employee id="162">
        <firstname></firstname>
        <lastname>Page</lastname>
        <address></address>
        <iban></iban>
    </employee>
    
    <employee id="163">
        <firstname></firstname>
        <lastname></lastname>
        <address>58 Janice groves East Christopherview G0H 7BD</address>
        <iban></iban>
    </employee>
    
    <employee id="164">
        <firstname></firstname>
        <lastname></lastname>
        <address></address>
        <iban>GB57SZHL94067724827291</iban>
    </employee>
    
    <employee id="165">
        <firstname>Pamela</firstname>
        <lastname></lastname>
        <address></address>
        <iban></iban>
    </employee>
    
    <employee id="166">
        <firstname></firstname>
        <lastname></lastname>
        <address></address>
        <iban></iban>
    </employee>
    
    <employee id="167">
        <firstname>Brian</firstname>
        <lastname></lastname>
        <address></address>
        <iban></iban>
    </employee>
    
    <employee id="168">
        <firstname></firstname>
        <lastname></lastname>
        <address></address>
        <iban></iban>
    </employee>
    
    <employee id="169">
        <firstname></firstname>
        <lastname></lastname>
        <address></address>
        <iban>GB73QBLY16676479389611</iban>
    </employee>
    
    <employee id="170">
        <firstname></firstname>
        <lastname>Cox</lastname>
        <address></address>
        <iban></iban>
    </employee>
    
    <employee id="171">
        <firstname></firstname>
        <lastname></lastname>
        <address></address>
        <iban>GB64YKOW85129442479824</iban>
    </employee>
    
    <employee id="172">
        <firstname></firstname>
        <lastname></lastname>
        <address></address>
        <iban></iban>
    </employee>
    
    <employee id="173">
        <firstname></firstname>
        <lastname>Hawkins</lastname>
        <address></address>
        <iban></iban>
    </employee>
    
    <employee id="174">
        <firstname></firstname>
        <lastname></lastname>
        <address>Flat 91 Atkinson route Morganmouth LU0P 9DA</address>
        <iban></iban>
    </employee>
    
    <employee id="175">
        <firstname></firstname>
        <lastname></lastname>
        <address></address>
        <iban>GB60MLRP47222654538193</iban>
    </employee>
    
    <employee id="176">
        <firstname></firstname>
        <lastname>Cooke</lastname>
        <address></address>
        <iban></iban>
    </employee>
    
    <employee id="177">
        <firstname></firstname>
        <lastname>Patel</lastname>
        <address></address>
        <iban></iban>
    </employee>
    
    <employee id="178">
        <firstname></firstname>
        <lastname>Wilson</lastname>
        <address></address>
        <iban></iban>
    </employee>
    
    <employee id="179">
        <firstname></firstname>
        <lastname></lastname>
        <address></address>
        <iban></iban>
    </employee>
    
    <employee id="180">
        <firstname></firstname>
        <lastname></lastname>
        <address></address>
        <iban></iban>
    </employee>
    
    <employee id="181">
        <firstname>Brenda</firstname>
        <lastname></lastname>
        <address></address>
        <iban></iban>
    </employee>
    
    <employee id="182">
        <firstname></firstname>
        <lastname></lastname>
        <address>Flat 94 Greenwood court New Gregory S1 2ER</address>
        <iban></iban>
    </employee>
    
    <employee id="183">
        <firstname></firstname>
        <lastname></lastname>
        <address>Flat 03 Perry mountain South Frederick B89 3ZA</address>
        <iban></iban>
    </employee>
    
    <employee id="184">
        <firstname>Yvonne</firstname>
        <lastname></lastname>
        <address></address>
        <iban></iban>
    </employee>
    
    <employee id="185">
        <firstname></firstname>
        <lastname>Jones</lastname>
        <address></address>
        <iban></iban>
    </employee>
    
    <employee id="186">
        <firstname></firstname>
        <lastname>Jones</lastname>
        <address></address>
        <iban></iban>
    </employee>
    
    <employee id="187">
        <firstname></firstname>
        <lastname></lastname>
        <address>Flat 6 Margaret motorway Woodhaven EH0 8WR</address>
        <iban></iban>
    </employee>
    
    <employee id="188">
        <firstname>Kathleen</firstname>
        <lastname></lastname>
        <address></address>
        <iban></iban>
    </employee>
    
    <employee id="189">
        <firstname></firstname>
        <lastname>Evans</lastname>
        <address></address>
        <iban></iban>
    </employee>
    
    <employee id="190">
        <firstname></firstname>
        <lastname></lastname>
        <address></address>
        <iban></iban>
    </employee>
    
    <employee id="191">
        <firstname></firstname>
        <lastname>Hammond</lastname>
        <address></address>
        <iban></iban>
    </employee>
    
    <employee id="192">
        <firstname>Mathew</firstname>
        <lastname></lastname>
        <address></address>
        <iban></iban>
    </employee>
    
    <employee id="193">
        <firstname></firstname>
        <lastname>Barnes</lastname>
        <address></address>
        <iban></iban>
    </employee>
    
    <employee id="194">
        <firstname></firstname>
        <lastname></lastname>
        <address>Studio 96 Murray turnpike Wilsonton OL6W 4LY</address>
        <iban></iban>
    </employee>
    
    <employee id="195">
        <firstname></firstname>
        <lastname></lastname>
        <address></address>
        <iban>GB50VUXJ03658029663041</iban>
    </employee>
    
    <employee id="196">
        <firstname></firstname>
        <lastname>Browne</lastname>
        <address></address>
        <iban></iban>
    </employee>
    
    <employee id="197">
        <firstname></firstname>
        <lastname></lastname>
        <address></address>
        <iban></iban>
    </employee>
    
    <employee id="198">
        <firstname>Terry</firstname>
        <lastname></lastname>
        <address></address>
        <iban></iban>
    </employee>
    
    <employee id="199">
        <firstname></firstname>
        <lastname></lastname>
        <address>9 Georgina ramp Hargreavesport CV57 6WD</address>
        <iban></iban>
    </employee>
    
    <employee id="200">
        <firstname></firstname>
        <lastname></lastname>
        <address></address>
        <iban></iban>
    </employee>
    
    <employee id="201">
        <firstname></firstname>
        <lastname></lastname>
        <address></address>
        <iban>GB04SNLQ02534100225501</iban>
    </employee>
    
    <employee id="202">
        <firstname></firstname>
        <lastname></lastname>
        <address></address>
        <iban></iban>
    </employee>
    
    <employee id="203">
        <firstname></firstname>
        <lastname></lastname>
        <address></address>
        <iban></iban>
    </employee>
    
    <employee id="204">
        <firstname></firstname>
        <lastname>Warren</lastname>
        <address></address>
        <iban></iban>
    </employee>
    
    <employee id="205">
        <firstname></firstname>
        <lastname></lastname>
        <address></address>
        <iban>GB67SRTJ50031928351644</iban>
    </employee>
    
    <employee id="206">
        <firstname>Suzanne</firstname>
        <lastname></lastname>
        <address></address>
        <iban></iban>
    </employee>
    
    <employee id="207">
        <firstname></firstname>
        <lastname></lastname>
        <address></address>
        <iban>GB83AVVD43064075162337</iban>
    </employee>
    
    <employee id="208">
        <firstname></firstname>
        <lastname></lastname>
        <address></address>
        <iban></iban>
    </employee>
    
    <employee id="209">
        <firstname></firstname>
        <lastname></lastname>
        <address></address>
        <iban></iban>
    </employee>
    
    <employee id="210">
        <firstname>Marion</firstname>
        <lastname></lastname>
        <address></address>
        <iban></iban>
    </employee>
    
    <employee id="211">
        <firstname></firstname>
        <lastname>Brooks</lastname>
        <address></address>
        <iban></iban>
    </employee>
    
    <employee id="212">
        <firstname></firstname>
        <lastname></lastname>
        <address></address>
        <iban></iban>
    </employee>
    
    <employee id="213">
        <firstname></firstname>
        <lastname></lastname>
        <address>Flat 27 Barnes ramp Brownfurt IP65 1ZX</address>
        <iban></iban>
    </employee>
    
    <employee id="214">
        <firstname></firstname>
        <lastname></lastname>
        <address>7 Taylor orchard West Bernard L7 0TD</address>
        <iban></iban>
    </employee>
    
    <employee id="215">
        <firstname></firstname>
        <lastname></lastname>
        <address></address>
        <iban>GB86MLNN40782414120312</iban>
    </employee>
    
    <employee id="216">
        <firstname>Russell</firstname>
        <lastname></lastname>
        <address></address>
        <iban></iban>
    </employee>
    
    <employee id="217">
        <firstname>Lesley</firstname>
        <lastname></lastname>
        <address></address>
        <iban></iban>
    </employee>
    
    <employee id="218">
        <firstname></firstname>
        <lastname>McDonald</lastname>
        <address></address>
        <iban></iban>
    </employee>
    
    <employee id="219">
        <firstname></firstname>
        <lastname></lastname>
        <address></address>
        <iban>GB77RBIX04780769648696</iban>
    </employee>
    
    <employee id="220">
        <firstname></firstname>
        <lastname></lastname>
        <address>2 Walker plain Taylorberg CV61 7WG</address>
        <iban></iban>
    </employee>
    
    <employee id="221">
        <firstname></firstname>
        <lastname></lastname>
        <address></address>
        <iban>GB49KGUU70576316639619</iban>
    </employee>
    
    <employee id="222">
        <firstname></firstname>
        <lastname>Cox</lastname>
        <address></address>
        <iban></iban>
    </employee>
    
    <employee id="223">
        <firstname></firstname>
        <lastname></lastname>
        <address>6 Christopher viaduct Meganburgh E84 6EG</address>
        <iban></iban>
    </employee>
    
    <employee id="224">
        <firstname>Darren</firstname>
        <lastname></lastname>
        <address></address>
        <iban></iban>
    </employee>
    
    <employee id="225">
        <firstname>Steven</firstname>
        <lastname></lastname>
        <address></address>
        <iban></iban>
    </employee>
    
    <employee id="226">
        <firstname></firstname>
        <lastname>Young</lastname>
        <address></address>
        <iban></iban>
    </employee>
    
    <employee id="227">
        <firstname>Bernard</firstname>
        <lastname></lastname>
        <address></address>
        <iban></iban>
    </employee>
    
    <employee id="228">
        <firstname></firstname>
        <lastname></lastname>
        <address>38 Lee crest Stewartshire G2 1YH</address>
        <iban></iban>
    </employee>
    
    <employee id="229">
        <firstname>Georgia</firstname>
        <lastname></lastname>
        <address></address>
        <iban></iban>
    </employee>
    
    <employee id="230">
        <firstname></firstname>
        <lastname>Morgan</lastname>
        <address></address>
        <iban></iban>
    </employee>
    
    <employee id="231">
        <firstname></firstname>
        <lastname></lastname>
        <address></address>
        <iban></iban>
    </employee>
    
    <employee id="232">
        <firstname></firstname>
        <lastname></lastname>
        <address></address>
        <iban></iban>
    </employee>
    
    <employee id="233">
        <firstname></firstname>
        <lastname>Murray</lastname>
        <address></address>
        <iban></iban>
    </employee>
    
    <employee id="234">
        <firstname></firstname>
        <lastname></lastname>
        <address></address>
        <iban></iban>
    </employee>
    
    <employee id="235">
        <firstname></firstname>
        <lastname></lastname>
        <address></address>
        <iban>GB95WKXX45745177610863</iban>
    </employee>
    
    <employee id="236">
        <firstname></firstname>
        <lastname>Dobson</lastname>
        <address></address>
        <iban></iban>
    </employee>
    
    <employee id="237">
        <firstname></firstname>
        <lastname>Thompson</lastname>
        <address></address>
        <iban></iban>
    </employee>
    
    <employee id="238">
        <firstname></firstname>
        <lastname></lastname>
        <address></address>
        <iban></iban>
    </employee>
    
    <employee id="239">
        <firstname>Jason</firstname>
        <lastname></lastname>
        <address></address>
        <iban></iban>
    </employee>
    
    <employee id="240">
        <firstname></firstname>
        <lastname>Page</lastname>
        <address></address>
        <iban></iban>
    </employee>
    
    <employee id="241">
        <firstname></firstname>
        <lastname></lastname>
        <address></address>
        <iban></iban>
    </employee>
    
    <employee id="242">
        <firstname></firstname>
        <lastname></lastname>
        <address></address>
        <iban>GB74WOEW15958619334383</iban>
    </employee>
    
    <employee id="243">
        <firstname></firstname>
        <lastname></lastname>
        <address></address>
        <iban></iban>
    </employee>
    
    <employee id="244">
        <firstname></firstname>
        <lastname></lastname>
        <address></address>
        <iban>GB14JGTR85582623572906</iban>
    </employee>
    
    <employee id="245">
        <firstname></firstname>
        <lastname></lastname>
        <address></address>
        <iban>GB21MWNT11247479030400</iban>
    </employee>
    
    <employee id="246">
        <firstname></firstname>
        <lastname></lastname>
        <address></address>
        <iban>GB75EDCO12556659771991</iban>
    </employee>
    
    <employee id="247">
        <firstname></firstname>
        <lastname>Kelly</lastname>
        <address></address>
        <iban></iban>
    </employee>
    
    <employee id="248">
        <firstname></firstname>
        <lastname>Schofield</lastname>
        <address></address>
        <iban></iban>
    </employee>
    
    <employee id="249">
        <firstname></firstname>
        <lastname></lastname>
        <address>676 Johnson ford Port Joyce M7F 9FP</address>
        <iban></iban>
    </employee>
    
    <employee id="250">
        <firstname></firstname>
        <lastname></lastname>
        <address></address>
        <iban></iban>
    </employee>
    
    <employee id="251">
        <firstname></firstname>
        <lastname></lastname>
        <address>7 Doherty union Port Gregorychester GY3 9PB</address>
        <iban></iban>
    </employee>
    
    <employee id="252">
        <firstname></firstname>
        <lastname></lastname>
        <address>13 Robin circle Rogerstown W9S 4HD</address>
        <iban></iban>
    </employee>
    
    <employee id="253">
        <firstname></firstname>
        <lastname></lastname>
        <address>4 Williamson knoll Karlton M8 7GS</address>
        <iban></iban>
    </employee>
    
    <employee id="254">
        <firstname></firstname>
        <lastname>Sharp</lastname>
        <address></address>
        <iban></iban>
    </employee>
    
    <employee id="255">
        <firstname></firstname>
        <lastname></lastname>
        <address></address>
        <iban></iban>
    </employee>
    
    <employee id="256">
        <firstname></firstname>
        <lastname></lastname>
        <address></address>
        <iban>GB72VSFD57980295096541</iban>
    </employee>
    
    <employee id="257">
        <firstname></firstname>
        <lastname></lastname>
        <address></address>
        <iban>GB04MHZT37869156673678</iban>
    </employee>
    
    <employee id="258">
        <firstname></firstname>
        <lastname></lastname>
        <address></address>
        <iban>GB66PAYA80759999507849</iban>
    </employee>
    
    <employee id="259">
        <firstname></firstname>
        <lastname></lastname>
        <address>5 Chapman inlet Port Carlbury LN6 8BZ</address>
        <iban></iban>
    </employee>
    
    <employee id="260">
        <firstname></firstname>
        <lastname>Jenkins</lastname>
        <address></address>
        <iban></iban>
    </employee>
    
    <employee id="261">
        <firstname></firstname>
        <lastname></lastname>
        <address></address>
        <iban></iban>
    </employee>
    
    <employee id="262">
        <firstname></firstname>
        <lastname></lastname>
        <address></address>
        <iban></iban>
    </employee>
    
    <employee id="263">
        <firstname></firstname>
        <lastname></lastname>
        <address></address>
        <iban>GB59LBFU78824919329769</iban>
    </employee>
    
    <employee id="264">
        <firstname></firstname>
        <lastname></lastname>
        <address></address>
        <iban>GB37JWTE30544611438965</iban>
    </employee>
    
    <employee id="265">
        <firstname></firstname>
        <lastname></lastname>
        <address></address>
        <iban>GB88JUGA05335246648253</iban>
    </employee>
    
    <employee id="266">
        <firstname></firstname>
        <lastname></lastname>
        <address>Flat 8 Bennett rapid Grahamborough N0A 8FU</address>
        <iban></iban>
    </employee>
    
    <employee id="267">
        <firstname></firstname>
        <lastname></lastname>
        <address>1 Davis spring Bellshire DG54 2ES</address>
        <iban></iban>
    </employee>
    
    <employee id="268">
        <firstname></firstname>
        <lastname></lastname>
        <address></address>
        <iban>GB84KAHQ96690657742364</iban>
    </employee>
    
    <employee id="269">
        <firstname></firstname>
        <lastname></lastname>
        <address></address>
        <iban></iban>
    </employee>
    
    <employee id="270">
        <firstname></firstname>
        <lastname></lastname>
        <address></address>
        <iban></iban>
    </employee>
    
    <employee id="271">
        <firstname></firstname>
        <lastname></lastname>
        <address></address>
        <iban></iban>
    </employee>
    
    <employee id="272">
        <firstname></firstname>
        <lastname>Murray</lastname>
        <address></address>
        <iban></iban>
    </employee>
    
    <employee id="273">
        <firstname></firstname>
        <lastname></lastname>
        <address></address>
        <iban></iban>
    </employee>
    
    <employee id="274">
        <firstname></firstname>
        <lastname></lastname>
        <address></address>
        <iban>GB11FZWD19967724753018</iban>
    </employee>
    
    <employee id="275">
        <firstname></firstname>
        <lastname></lastname>
        <address></address>
        <iban>GB58PDOB99958544963330</iban>
    </employee>
    
    <employee id="276">
        <firstname></firstname>
        <lastname></lastname>
        <address>Studio 08 Wright stream Port Sean CH9A 6NH</address>
        <iban></iban>
    </employee>
    
    <employee id="277">
        <firstname>Kenneth</firstname>
        <lastname></lastname>
        <address></address>
        <iban></iban>
    </employee>
    
    <employee id="278">
        <firstname></firstname>
        <lastname></lastname>
        <address></address>
        <iban></iban>
    </employee>
    
    <employee id="279">
        <firstname></firstname>
        <lastname>Turner</lastname>
        <address></address>
        <iban></iban>
    </employee>
    
    <employee id="280">
        <firstname></firstname>
        <lastname></lastname>
        <address></address>
        <iban></iban>
    </employee>
    
    <employee id="281">
        <firstname></firstname>
        <lastname></lastname>
        <address>2 Murphy ridge Reynoldsbury DL5Y 4FU</address>
        <iban></iban>
    </employee>
    
    <employee id="282">
        <firstname></firstname>
        <lastname></lastname>
        <address></address>
        <iban>GB50MOQH09277481858252</iban>
    </employee>
    
</employees>
