laptop-15.baker.org,21:17:26,2580,$16.35,-63.234344,North Julia,Belarusian,9d:5f:e4:92:44:8e,-29.421567
lt-06.howells-parkinson.com,01:30:24,84015071,$376.13,-47.9842555,Parkershire,Central Khmer,fd:c7:8e:e2:68:f0,139.438912
laptop-94.parkes-white.com,07:34:10,57,"$4,070.97",-86.5903555,South Clivefort,Greek,9f:db:12:bd:7c:8d,-92.424322
desktop-30.graham.com,02:40:49,8482173,"$8,019.76",32.139408,East Shaun,Norwegian,e7:a0:aa:c7:34:a8,-135.452421
email-78.lowe.com,04:09:53,8331974,"$18,640.67",-65.0669455,North Martinfort,Xhosa,2c:da:45:96:2a:63,-93.536778
lt-89.lawson.co.uk,14:48:23,4312995,$18.51,-83.3643075,Lake Teresaburgh,Church Slavic,b7:1b:99:9a:98:e9,151.629271
laptop-43.barker.com,18:42:57,30796,"$6,430.07",61.2970725,Fostertown,Hiri Motu,8e:11:97:65:81:c4,90.366271
desktop-50.dixon-john.com,05:49:45,6976681,$409.33,36.1637965,Francisstad,Swahili,32:76:ed:f9:7d:24,135.891655
lt-92.taylor.biz,12:58:23,9438,$874.78,-74.087810,Lisaborough,Interlingua,bd:9a:f2:88:eb:f2,-62.645531
email-71.murphy.com,19:22:53,6,$518.80,-35.3465945,Michaelmouth,Central Khmer,c8:fc:0a:cc:c0:ca,81.199515
email-25.curtis.info,12:09:49,3549,$95.40,-52.444879,Port Julianville,Kurdish,f1:07:28:da:87:68,-67.949405
srv-20.barker.com,17:12:48,29,$753.75,58.721664,New Royport,Japanese,d7:c6:ca:cf:f1:a5,-6.970411
email-11.lawrence.biz,18:18:57,61484349,$81.01,63.4785695,Lake Amyburgh,Hebrew,61:3c:6e:b8:67:48,-138.994371
web-44.perkins.com,14:43:15,40,$95.84,20.223070,Smithview,Gujarati,fd:73:e7:e6:66:6c,95.808391
lt-72.lee.com,04:28:09,84,$71.89,75.768909,Steeleshire,Kuanyama,a1:9c:c9:0f:05:c2,-108.730213
web-24.mason.com,15:40:21,83072,$9.01,-13.7189735,Parkerside,Macedonian,8f:53:09:2a:75:e0,149.787347
email-17.thompson.biz,00:37:57,597346,$831.31,22.3222975,New Marie,"Sotho, Southern",bd:c2:f5:1d:11:61,75.348560
email-35.walters-davies.com,07:49:05,902,"$9,985.32",18.757138,East Keithshire,Maori,85:9a:31:8a:e7:eb,-174.240249
db-22.marshall.org,08:50:09,64114,"$60,917.38",82.301460,Jennifermouth,Lingala,84:30:c3:4c:cc:51,-149.722408
desktop-05.rose-brown.com,17:27:57,14,$70.43,-2.107438,Westfurt,Breton,a3:79:c2:d4:a6:55,-72.784388
lt-90.marsh.com,22:40:07,5917,$731.46,11.5284715,South Nicola,Oriya,32:9b:09:10:3a:17,-52.843407
email-15.holland-pollard.com,02:23:19,8203148,$31.35,49.0922545,North Marc,Igbo,b7:99:bf:35:a2:5e,153.256210
desktop-05.smith.net,15:13:45,66801,"$96,693.85",-24.389396,Eleanorfort,Hiri Motu,4a:87:fb:6e:05:de,-122.324162
lt-87.fleming.net,00:33:46,42,"$3,507.60",-7.518253,Colemanburgh,Norwegian Nynorsk,87:9e:91:c7:44:d2,-42.997823
srv-18.oliver.com,01:53:02,3115514,"$93,853.39",-51.428882,Charlesmouth,Czech,b3:9a:d9:57:b6:5f,38.613164
web-48.saunders-weston.com,14:07:06,126108,$49.18,57.8294885,North Stephenfort,Tibetan,f3:b2:82:0c:31:e3,-81.634517
laptop-92.graham-robinson.info,10:35:01,14233,$1.52,40.682972,East Gary,Polish,00:a4:1d:d3:00:30,107.978298
lt-37.rogers.com,17:02:34,3066930,$150.03,33.209601,Pooleside,Luxembourgish,c9:ce:12:59:65:ce,-45.521936
srv-34.sharp-woods.com,07:59:32,44585,$516.71,-16.968502,South Juliashire,Tagalog,67:90:66:93:4d:f9,123.627803
email-26.humphreys-dawson.net,18:39:16,699333336,$2.16,-82.7869555,South Jessicaport,Tagalog,e5:11:88:4d:da:2f,-58.538429
srv-52.crawford-jackson.com,08:17:52,23010809,"$64,296.54",50.2656275,New Bentown,Romansh,a3:c6:ad:76:1d:c3,-86.828115
web-84.webb-thompson.com,21:46:23,4,$4.34,-89.6716315,South Katemouth,Amharic,be:1d:81:82:4e:d8,-64.982731
desktop-66.barton.com,03:46:43,601711179,$6.51,7.1385605,Chambersburgh,Icelandic,a8:da:c2:10:2c:5a,36.359090
email-58.clarke.com,00:20:28,47193456,$3.33,-5.0044025,New Shirleyfort,Gujarati,7a:dc:3a:72:62:86,102.366370
lt-81.atkins-mahmood.com,19:28:28,7692477,$7.62,74.077366,Port Lynnside,North Ndebele,36:ed:08:de:0d:b3,-141.298270
laptop-80.newton.com,19:08:44,6843,$673.14,61.779369,North Samfort,Kikuyu,1b:37:ec:1a:51:4e,-70.781563
db-26.russell-warren.com,02:32:27,656,"$2,108.52",-17.3095035,West Adrianchester,Welsh,30:07:a6:14:7b:f8,145.364064
email-94.akhtar.net,10:25:06,0,"$6,495.96",14.1959525,Denniston,Marathi,f6:8d:74:ce:ce:86,-106.254780
srv-89.gardner.com,09:13:26,36458710,$945.77,62.1370295,New Kimberley,Guarani,65:ab:97:f9:3e:01,8.938113
lt-08.king.com,13:34:50,246585,"$8,211.34",-44.0497215,Harveystad,Ganda,8d:0a:49:ad:d9:88,-118.227571
desktop-30.lynch.com,14:08:16,804120,$3.37,-42.0076735,East Kimborough,Sichuan Yi,da:6e:78:8b:cb:b2,159.147994
desktop-93.lord.net,01:20:20,978,"$88,731.72",6.582866,North Cherylchester,Mongolian,a5:fd:2a:ad:1f:69,28.691423
db-01.cox.com,23:55:14,1097972,"$1,488.72",35.587810,Peterstown,Hindi,1d:9d:06:b1:c6:6a,-161.862100
laptop-22.rhodes-marshall.info,18:49:45,813869,$98.18,57.2104235,Kevinfort,Catalan,fe:ad:c9:a5:6a:a1,-91.731281
web-94.norman.com,16:07:45,1009139,$3.30,4.6403245,Port Benjaminmouth,Marshallese,16:ac:85:fc:f5:50,123.385023
web-53.donnelly.com,08:34:54,6135,$3.70,47.504362,Morrisfurt,Panjabi,b1:d7:ae:9d:d0:40,-158.427808
email-22.archer.biz,11:49:16,81113,$963.37,34.3655245,Williamside,Polish,a3:35:28:98:29:2e,-122.922664
db-52.kaur-davies.com,17:44:49,549129544,$1.99,13.4008905,Murrayland,Manx,94:72:28:f2:aa:71,12.941871
desktop-79.brown.com,13:31:50,21,$2.63,-53.863802,Jonesside,Urdu,12:17:11:b1:e1:00,-101.570669
lt-50.robinson-jenkins.biz,05:50:01,77,"$1,350.87",0.6290595,Farmershire,Belarusian,ea:18:1d:3e:06:7c,102.993133
lt-79.wright-norris.biz,22:09:11,960358,$4.92,3.9701095,Singhtown,English,98:7a:ee:8b:f9:88,-2.608052
srv-99.nicholls.org,02:43:47,3,$20.48,-84.723303,South Maurice,Chamorro,42:52:6e:73:a4:c5,-106.872576
desktop-85.lloyd.info,02:40:50,3372218,"$3,620.14",32.401459,East Kayleigh,Mongolian,dc:42:30:b7:c5:ed,-90.297536
email-04.cook.com,10:39:57,53200505,"$39,638.83",1.9703855,Blackport,Navajo,00:64:6d:81:3b:7e,-126.597670
web-56.khan-humphreys.biz,20:18:01,2114106,$0.47,-71.858632,South Cherylmouth,Belarusian,df:15:c1:d3:f9:f7,157.981333
laptop-58.jones.biz,17:02:44,8,$84.71,-78.081380,Richardsonburgh,Kikuyu,59:27:5c:8c:a4:f7,178.964499
email-92.parkes.com,21:39:57,47788077,$8.48,-12.201404,Robertschester,Chinese,fd:38:cc:82:7c:b9,85.551342
email-63.dixon-davies.info,21:06:30,495903,$7.31,-4.4255825,North Kateborough,Marshallese,62:f1:ef:4a:a6:0d,-166.904194
desktop-76.freeman-davies.com,16:06:57,19036,"$21,347.06",-85.4381665,Jenningsborough,Church Slavic,70:87:1b:2d:fa:4c,-115.084566
desktop-41.smith.com,02:02:02,69531914,"$3,293.56",-59.1453105,Colemanside,Chechen,57:a7:cc:19:7d:d8,-21.683535
web-69.webb.com,18:16:33,72172029,"$7,521.48",-41.9826485,Jennaport,Thai,e6:22:f1:d2:04:56,71.857134
srv-32.allen-hyde.co.uk,12:07:56,4414,"$58,609.96",-23.1571045,Lorraineville,Kanuri,b9:a9:17:bd:8b:1e,-101.942661
srv-51.thorpe.co.uk,23:28:33,34776,"$41,606.93",17.9259245,Frankview,Ewe,48:a1:f1:7d:4b:d2,119.538565
email-05.wright.com,04:52:01,6724,"$5,035.53",-2.148403,Pearsonstad,Gaelic,fc:8e:b9:5d:15:05,-0.772878
email-57.howe-marshall.com,18:49:04,5928283,"$66,676.55",-40.3125695,Lake Susan,Russian,24:a2:33:21:c8:91,-53.414006
lt-78.dixon.info,08:06:28,688849,$495.02,77.9082065,Katherinechester,Ido,31:91:f8:29:52:ba,128.167037
email-95.gibbons.org,04:56:39,4,"$3,185.85",32.1464455,Rhysland,Georgian,b9:ca:23:46:47:bf,-97.798433
lt-94.ball.com,19:32:41,596591,$1.08,88.3292635,Greenberg,Tigrinya,95:2f:0d:b5:7e:db,173.922426
desktop-67.flynn.org,01:07:49,880474,$6.23,79.778992,New Charlotteberg,Icelandic,a4:d7:82:d7:3e:3a,-145.069469
lt-59.reid-jones.info,18:58:13,786,"$33,409.91",15.918564,East Leon,Ukrainian,60:64:8f:c7:8a:f0,-89.187172
lt-34.obrien.com,15:32:32,83547256,"$6,145.65",-24.659785,Lordburgh,Tamil,19:e2:91:21:2d:aa,69.236948
web-79.parsons.net,09:56:29,908824,"$4,095.54",77.778825,New Lucystad,Aragonese,c4:50:1b:95:38:ce,78.999407
lt-59.gill.org,11:45:22,985,"$6,132.26",-44.0668195,New Donaldbury,Maori,67:95:e1:68:cc:14,33.836560
desktop-93.leonard.com,08:18:23,779041,"$5,654.14",-86.092555,Waltersburgh,Herero,65:5f:46:12:dd:56,18.279673
web-38.woodward-browne.com,02:48:07,9108783,$465.08,45.1196685,Port Stevenville,Twi,0e:68:fe:3f:41:41,170.555316
laptop-47.chambers-hamilton.com,07:47:31,992848,$93.95,-54.1697045,West Jayton,Norwegian Nynorsk,e3:80:f8:4e:1f:a9,-5.968473
db-36.gardner.com,12:20:41,559854651,$317.36,4.9664835,East Carolyn,Indonesian,23:68:5d:54:66:ef,-157.877569
db-34.fisher-walsh.org,10:04:59,9,$6.82,47.881125,East Marionside,Interlingue,5c:1b:12:a9:55:1a,-86.999674
laptop-20.hart.com,08:17:14,13552687,$80.22,35.499608,Port Michaelborough,Navajo,8e:b8:d3:a6:76:bf,-93.392740
web-72.cooper.com,08:36:30,568553165,$926.27,-69.6248485,Dorothyfort,Tamil,71:f4:b2:75:bf:b9,92.925007
lt-14.houghton.info,19:37:08,15625349,"$9,593.67",44.542195,Clarkeberg,Finnish,5c:47:8e:1e:3b:1a,51.991327
web-52.hopkins-robinson.com,05:04:24,6,"$4,667.01",35.426878,East Hazeltown,Macedonian,be:2e:c8:26:bb:5d,70.471522
lt-20.burgess.com,20:48:00,805,"$41,506.48",-56.753293,Aimeeside,Aragonese,78:c3:7a:a4:3f:da,-178.059620
email-65.williams.com,03:41:39,72960747,"$5,548.74",-31.326289,Davisland,Divehi,d9:8e:ae:f4:71:16,96.337526
srv-17.browne-wilson.com,04:01:04,5475161,$32.68,-41.8006585,South Kathryn,French,33:23:32:42:08:02,169.904367
email-12.smith-lewis.org,23:09:04,63877,"$59,378.45",-89.7250125,Robsonfort,Maori,43:54:a1:3b:15:6d,-48.376021
srv-36.davis.com,23:58:59,733,$2.80,80.1091995,Jasonside,Afrikaans,55:51:27:83:8b:22,-119.869144
web-35.king.net,05:49:43,303478250,$370.10,-72.5974925,Nicholasville,Tsonga,00:47:fe:2c:10:68,-21.203914
lt-36.daniels.com,12:40:35,718092,"$93,805.09",46.833718,Port Hilaryville,Rundi,53:4d:7f:c3:d4:11,-156.664750
srv-47.scott.biz,05:11:50,57,"$9,389.52",0.2491215,Clarkborough,Sardinian,12:9b:f3:b7:39:a4,20.297846
email-26.hayes.net,12:38:36,92034,$619.72,46.2371645,Rogershire,Sindhi,45:7e:35:eb:b1:1a,6.229645
srv-03.middleton.com,05:03:14,980755755,$162.46,-19.767891,Rowechester,Dzongkha,b7:79:d5:4a:25:46,142.454053
laptop-11.smith.biz,12:35:37,10,$32.97,-67.395038,South Valerie,Bosnian,d5:43:bb:4f:da:71,-64.225545
laptop-31.hussain-matthews.biz,10:22:04,329639,$948.21,16.9312435,Luketon,Sichuan Yi,25:4d:82:f9:d5:e8,155.015981
db-48.evans.biz,12:13:28,675754,$902.28,72.631090,Hammondberg,Malayalam,f2:1a:11:6d:da:47,-148.409117
desktop-51.gordon-smith.com,17:55:19,80831,"$57,114.14",-63.0751485,Port Kellyburgh,Central Khmer,f0:d8:d9:0d:3e:c7,-91.842748
laptop-19.butler.org,17:48:51,92109943,$1.12,-83.8294235,Lake Geoffreyview,Hebrew,1f:c4:53:cf:9c:22,99.905711
web-14.brown-steele.com,18:09:06,54124,"$60,207.82",54.984351,Simonmouth,Yoruba,11:7c:eb:05:e3:e3,-40.844781
db-02.burns.co.uk,17:11:40,8017,$847.95,83.570723,New Marilynmouth,Central Khmer,84:c8:62:b6:9e:c3,69.108482
laptop-03.adams.com,13:37:52,155,"$17,769.00",-3.268317,North Dominic,Fijian,1f:0e:5b:07:16:73,-56.350753
db-93.robinson.co.uk,08:38:15,94288,$4.34,31.125671,West Stanleytown,Lithuanian,d2:e8:35:94:bd:dd,140.437221
db-97.woods-gill.com,07:11:10,146921,$83.41,-4.8622035,Lake Mandyside,Cornish,70:f4:7a:ae:b3:3f,-101.760450
email-54.walker.co.uk,05:11:31,4312202,$385.65,-78.415196,Evanston,Urdu,18:72:bc:ae:02:7f,48.212999
web-10.reid.info,22:56:34,228851,$6.73,-80.5552035,Port Danielland,Icelandic,d9:8f:56:bc:98:52,-138.690013
desktop-05.francis.org,17:24:41,5,"$6,082.73",49.4226205,Haleland,Telugu,9c:dc:61:c8:27:bf,-97.385891
email-38.barnes-goodwin.com,05:13:51,59287,"$99,766.66",2.133622,South Marionfort,Uzbek,b6:99:1c:95:73:35,161.134151
laptop-74.nicholson.com,09:45:14,7961,"$7,214.86",-2.3024865,Clareburgh,Chichewa,35:0f:ab:78:d6:24,114.315585
laptop-38.morgan.co.uk,19:40:42,734815,$72.79,19.132117,North Christopher,Kikuyu,11:a4:07:22:4c:2d,-39.924329
db-43.higgins-ali.info,16:21:54,47828,$857.92,22.7279105,Barkerfort,Finnish,40:ef:38:b8:8d:fa,132.864552
web-48.ford-bell.co.uk,15:49:56,77,"$21,099.37",87.8937375,Port Holliefurt,Gujarati,92:3f:15:d8:ab:b2,-39.320445
email-95.davison-turner.com,19:58:47,241,"$85,327.08",-75.825655,West Christine,Bosnian,fa:84:7d:a2:8c:1c,178.992735
srv-04.wheeler.com,22:55:38,5891904,$49.18,-61.065117,South Joannestad,Dutch,10:f6:15:3a:f8:a1,115.669543
email-93.johnson.com,08:45:57,4,$4.77,-32.523990,Leightown,Portuguese,86:a6:14:bf:4e:70,146.675069
db-56.mckenzie.org,18:58:06,856904241,$268.37,6.1831895,Pickeringfort,Akan,f3:68:a0:c7:9e:84,-127.844806
db-18.berry.org,04:02:03,8730,$8.01,75.0258715,East Chelsea,Oromo,7c:98:f3:e4:48:6e,52.670187
srv-38.tomlinson.com,04:28:29,292264946,$290.37,42.0540255,Janetshire,Central Khmer,ea:55:bb:8b:76:c8,120.866806
laptop-48.reed.co.uk,17:00:09,68,$3.85,-66.629177,West Terryside,Indonesian,22:96:74:88:a7:68,3.599944
web-81.parsons.org,00:19:06,82632389,$927.45,-43.8114075,South Garryburgh,Oromo,b5:19:b8:f2:05:65,28.788226
srv-83.ashton.org,21:05:18,3027,$8.85,23.824856,Port Leah,Latin,c7:a6:75:8e:62:ad,-44.365845
web-52.west.com,00:14:25,2528,$268.74,-78.186421,Julianside,Haitian,a6:ad:2f:67:a4:b7,103.411234
desktop-06.fitzgerald-martin.org,06:36:28,6,$678.27,-24.457284,East Alison,Hausa,0b:fc:ec:35:69:62,-121.817098
db-43.armstrong.com,14:06:39,4600845,$24.46,-50.681444,East Fiona,Bislama,43:77:9e:42:4b:e4,-159.449686
desktop-26.bishop-campbell.co.uk,19:33:04,7,"$4,938.65",-82.1439635,South Lyndaland,Hiri Motu,8e:4a:c4:2b:ee:f7,-174.347373
laptop-66.allan-gray.org,02:17:40,9115,$2.75,-10.450101,Peacockchester,Romanian,18:b7:ac:4e:6a:bd,-26.525571
desktop-23.lee.com,09:10:59,14101729,"$42,794.07",28.5654045,Lewisstad,English,18:58:64:4a:50:d5,-52.431889
email-25.stevenson.com,08:42:26,147,$124.95,45.674577,Brendachester,Amharic,0d:15:81:62:cd:6d,-102.347525
email-84.curtis.co.uk,14:10:39,5232,$593.17,3.2335595,Smithland,Hindi,b5:33:3b:5a:a5:b9,-126.859548
laptop-71.moran.co.uk,13:19:36,1410,$113.04,-6.7726015,Connorview,French,e1:26:ee:ca:78:19,-145.469392
laptop-82.harding.com,09:53:27,2854293,$29.62,-13.192642,Thompsonside,Corsican,6d:34:fd:7e:15:56,168.129371
desktop-97.warren-walters.com,20:44:47,86238485,$925.31,-46.085058,New Edward,Icelandic,b7:2f:cd:25:ea:00,135.867811
desktop-71.black-james.com,12:06:09,94,$60.35,-50.830327,New Maxside,"Sotho, Southern",48:c7:d9:9d:37:a3,-21.040817
web-49.jones.com,04:26:53,733263,$96.44,24.2553445,West Oliverchester,Venda,33:03:85:22:7b:d8,123.622434
laptop-18.page-white.com,04:35:39,338,$93.12,22.935504,Port Eileenmouth,Irish,0e:0c:88:e4:18:14,146.936819
lt-65.lloyd-walker.com,18:09:02,6300,$9.93,68.147222,Brownberg,Igbo,96:9a:60:6e:d5:73,-24.671205
desktop-67.dodd.com,08:56:07,6,$729.71,55.450887,Port Naomifurt,Kazakh,5d:c6:1a:48:41:21,-119.060551
srv-90.barrett.com,22:31:01,7,$33.06,-57.2293585,New Jenna,Nauru,f5:23:b0:28:f9:03,178.444810
email-08.hyde.org,10:00:10,4993,"$3,200.43",-89.6292715,West Bethanville,Limburgan,e1:00:52:27:60:3e,24.468502
desktop-33.smith.co.uk,08:39:41,482624,$63.56,-71.803148,North Hilaryhaven,Tonga,56:18:2f:6f:23:a1,-125.562190
web-70.hunt-jones.com,01:40:11,369,$3.53,72.074506,Baldwintown,Afar,88:c6:0d:ee:c1:f8,64.105177
srv-08.garner.co.uk,16:58:49,7867,$27.37,70.785396,Alexandrahaven,Zulu,91:2a:70:bb:6c:39,-6.877474
email-47.harris.org,18:41:34,3,$855.02,-51.008674,Colinville,Dzongkha,1e:4b:86:d0:f6:4e,-64.775065
lt-54.morgan.com,19:06:49,1008853,$829.52,71.9923675,South Rachaelside,Spanish,f2:6f:2e:b5:85:0e,-67.703157
laptop-93.byrne.com,22:00:24,112,$655.18,-23.775948,Tonyfort,Czech,f5:19:a6:8d:52:a2,102.727639
lt-58.thompson.com,12:22:58,75475,$7.43,84.847431,South Terenceborough,Fulah,9e:33:91:ef:a8:92,51.312048
web-55.hopkins.biz,20:01:00,84426,$81.67,22.035389,Jillchester,Bislama,01:5f:8e:dd:c5:1a,99.704816
desktop-42.jones.org,11:38:59,80424365,$5.90,48.907538,East Patrickstad,Yiddish,7e:5b:66:b6:51:bc,141.296636
desktop-87.taylor.com,07:02:18,7935,$536.48,43.298588,Elliotfort,Igbo,30:08:ea:c6:10:35,-78.830750
db-51.myers.info,15:08:20,2,"$1,496.15",-18.8022085,Lake Jamesburgh,Ido,1e:97:e1:a7:4a:24,153.237541
db-77.thompson.com,09:00:09,233564,"$17,777.98",-84.3649685,South Kayleigh,Urdu,10:66:ed:9b:ca:e8,52.549987
lt-88.bond-adams.com,10:54:49,41,"$78,351.98",9.1470895,Allenborough,Sundanese,fc:81:10:4b:45:20,110.599219
srv-34.wilkinson-flynn.info,05:44:01,38445,"$1,012.80",-33.4792985,Sullivanmouth,Bengali,52:4a:1b:6b:57:a2,-54.337609
email-07.scott.info,06:55:31,22,$927.07,68.9886685,Port Owen,Cornish,57:39:b8:9c:eb:ae,-43.139696
lt-47.thomas.com,00:32:07,277365,$2.95,65.573445,Adamport,Dutch,76:e8:93:09:a6:54,-57.360392
db-91.khan.com,08:43:27,1264057,$980.60,-3.5669175,New Nicholasburgh,Javanese,41:31:c8:cd:7a:7c,125.761920
desktop-33.andrews-hughes.com,00:42:04,233041219,"$3,312.79",19.4767445,Lake Shirley,Slovak,a7:9b:7e:48:ed:9b,-47.804778
db-60.hall-johnson.com,07:32:00,41603,$8.52,32.838124,Farmermouth,Czech,e1:74:71:2f:95:7d,-177.674209
email-85.armstrong-allen.com,10:09:08,8738923,$53.32,51.8900835,Susanland,Marathi,b8:6b:71:ff:ed:ac,22.236550
email-10.khan-newton.org,04:51:12,686070,"$89,051.13",7.3790015,Joannaberg,Cornish,0f:4e:96:8e:39:55,138.552465
db-65.allen.com,23:01:06,5295,$37.95,13.702150,Payneshire,Norwegian,61:10:b0:3a:7d:e8,-52.698435
srv-46.grant-davies.com,15:04:49,35,"$6,245.71",52.263367,Smithborough,Kikuyu,e8:a1:0f:9d:2c:ad,-40.271303
desktop-93.gough.com,14:24:40,31,"$4,144.79",46.951298,Dominicport,Kazakh,bc:55:a0:d6:14:b8,-167.687461
email-53.brown-banks.net,12:23:00,2140,"$27,570.65",14.233413,Jonesside,Bulgarian,93:44:1c:5b:b4:41,118.336168
email-76.fisher.biz,09:35:20,234097883,"$5,271.12",48.2965305,Lake Paulineburgh,Komi,55:88:84:5c:87:8c,173.300482
db-95.sharp-woods.com,05:34:14,484254933,"$42,282.22",8.4001505,Coxburgh,Maltese,50:ab:c5:56:5a:66,97.842050
db-91.smith.com,18:07:13,65473023,"$19,209.76",59.7253275,Youngburgh,Aymara,e3:28:7c:03:ec:3f,21.951374
desktop-72.bennett.com,01:22:43,9939,$46.75,12.5954685,Trevorchester,Maori,22:14:17:85:b8:25,-119.836855
laptop-81.elliott.co.uk,12:12:17,85459,$968.94,54.183816,Port Hugh,Thai,01:b5:05:99:89:c2,-115.065755
lt-17.collins.com,21:26:13,9844,$7.35,-25.326096,East Christopherview,Marathi,d1:31:c7:2f:ba:c9,29.996733
web-14.oliver.com,12:36:19,93521,"$21,347.54",87.685750,Richardsonview,Hausa,c9:f3:f1:22:70:2e,-166.178117
web-07.bird.com,15:54:07,9691476,"$30,557.77",-64.9928715,Jasmineview,Bambara,8b:d4:5e:c3:bf:16,-72.535601
lt-48.knowles.com,09:08:31,932713084,$840.19,-20.358520,Lake Joanburgh,Tonga,6b:a0:12:e6:ee:53,-148.909941
lt-00.bray.com,22:02:08,61438,"$3,239.18",55.4881325,North Abbie,Mongolian,a8:b7:79:7e:c6:14,-111.098733
db-54.jennings-dixon.com,06:29:09,403733,$3.68,-64.7344735,South Lyndaport,Northern Sami,82:c2:b3:a1:1f:ce,-83.824813
email-98.miller-kennedy.com,02:43:02,75,$70.37,-16.472012,East Stewartberg,Latvian,e7:5c:a2:46:aa:00,159.176452
laptop-35.shaw.com,20:23:41,6,$4.67,-64.2875165,Lake Rhys,Tatar,7c:5f:db:e9:63:e3,-121.315212
lt-55.moore.org,06:38:09,953151218,$73.88,-40.541215,Julieland,Haitian,4b:03:b1:f6:7d:f2,-84.303037
db-44.nolan-foster.org,16:57:29,45554,"$41,457.53",-84.205136,Joneston,Burmese,6b:64:3b:93:c7:9c,139.112036
web-42.simpson.com,19:39:04,1619884,"$32,578.71",-33.092414,South Bryan,Herero,ac:8d:e8:70:72:8c,-73.744336
web-00.jones-ball.com,01:34:26,4,$47.35,-88.839503,Stanleyport,Georgian,f8:35:14:26:50:bb,108.597596
db-65.andrews-taylor.biz,04:13:13,9791,$5.58,-77.2665035,Clarkebury,Bengali,be:3b:a8:1a:20:9a,39.728769
db-65.smith.com,13:10:06,48348582,$177.09,-58.9048025,Georginachester,Galician,4a:1c:b7:8b:2b:47,-23.416901
email-54.whitehead.com,22:43:59,7030,$1.73,-9.812718,North Marianmouth,Estonian,ca:a3:bd:d5:ab:45,148.445828
laptop-83.ward.com,20:18:33,65812944,"$65,006.23",75.810748,Port Deantown,Central Khmer,0e:76:4d:61:b4:cf,46.001416
db-54.brown-rogers.net,21:07:15,6988997,$6.21,88.499316,Richardstown,Cornish,6d:91:57:bd:e7:b9,170.343965
desktop-37.mccarthy-lee.com,04:20:13,11038353,$4.07,-20.7570335,Kellymouth,Sardinian,4a:9e:2f:9d:e1:cd,-93.928059
laptop-67.mills.com,13:43:35,7740712,"$4,051.03",-46.119608,Harryview,Fijian,3b:2c:aa:63:98:4d,159.012427
srv-63.wood.biz,17:55:50,574534,$4.55,-62.308909,Geraldineside,Japanese,3e:07:c5:d2:1e:7f,-75.236440
desktop-28.shaw.net,01:19:25,2,"$8,197.88",65.5314875,Pamelaland,Xhosa,8b:17:6c:f2:42:84,137.006948
db-70.newman.com,09:39:24,3189377,"$1,726.44",24.9066795,Alanbury,Swati,73:1f:b4:c8:05:c8,155.355319
srv-73.steele.com,09:43:20,32363,$65.19,-37.0803175,McDonaldchester,Kongo,ae:f4:da:b1:a5:2a,-68.380280
web-72.smith-osborne.com,02:39:06,783,$39.64,39.980283,Fletcherbury,Icelandic,a1:a9:e4:92:f4:c8,114.957154
db-47.waters.info,21:36:11,92,$9.87,-15.7549675,West Dale,Armenian,c6:9a:2a:98:f9:f0,-28.030914
email-95.tucker.com,19:52:45,452992130,$42.53,63.937726,North Hannah,Thai,27:8c:5b:11:f5:1e,20.112898
laptop-64.smith-holmes.org,07:16:09,412238520,$99.84,-15.8965005,Danielport,Kongo,2b:7f:14:1d:ab:37,-140.731544
desktop-53.gibson.com,18:40:00,35562,"$1,215.46",-29.9583055,Lesleytown,Sanskrit,93:c0:77:39:d1:1f,65.142197
laptop-71.wright-fletcher.org,16:06:00,294,$1.15,-33.912698,West Julian,Sundanese,2a:c2:c9:6a:1b:c3,139.261071
lt-58.morgan.com,21:26:26,67153128,$938.28,89.6898735,Porterview,Gaelic,61:7a:87:ac:84:8a,5.490461
desktop-12.mclean.com,21:22:35,822484486,$216.27,-66.004859,Dixonville,Bengali,90:73:cc:62:0b:1c,37.265589
laptop-72.wright.org,07:26:11,2805991,$43.37,78.3102645,North Brettview,Panjabi,37:87:36:14:82:ab,86.312848
lt-86.lewis-sharp.biz,14:28:29,7403502,$9.70,87.049117,New Teresaberg,Bulgarian,17:35:e8:39:11:4e,16.496918
desktop-98.franklin-smith.biz,01:24:32,354455,"$96,640.83",-59.3978375,New Clive,Kongo,5c:28:10:85:23:6c,-94.758171
laptop-74.butcher.info,05:13:23,248105,"$31,657.62",-23.031204,Davidmouth,Bislama,d6:1c:49:b7:4d:17,26.977726
srv-16.clark.com,03:08:25,61554305,$2.35,-75.4700345,Goddardchester,Slovak,bf:7a:9d:91:00:64,154.320986
lt-23.arnold.co.uk,06:39:31,6,$595.25,-25.9330435,Thompsonville,Bosnian,cc:e7:12:6e:48:1e,121.617822
laptop-57.brooks.com,01:38:51,202,$67.34,12.3345425,West Louise,Ewe,d3:b7:ff:88:b5:76,148.641901
lt-16.holland.com,01:08:48,72091648,"$39,556.55",6.370508,East Olivia,Bambara,80:76:d2:67:48:9a,-168.859061
web-93.harrison.biz,18:27:09,896080733,"$97,737.63",12.410377,New Chloefort,Sardinian,7b:e2:10:f5:2d:f1,-146.981647
db-76.lewis.com,06:00:35,53136980,$2.52,-3.0693785,West Abdul,Lao,21:17:7b:9e:7f:0f,-6.411557
desktop-07.patel-allen.com,15:54:14,89,$973.77,-63.5274045,North Meganhaven,Igbo,d2:c2:bf:bc:14:5c,171.220153
web-70.ward.com,04:33:35,4884036,"$2,902.69",15.459225,Perkinsfort,Bihari languages,aa:fa:6b:2d:24:02,44.393611
laptop-80.mcdonald.biz,14:49:09,5117702,$65.94,58.7700625,West Fiona,Bosnian,4b:53:cc:f1:e6:04,-77.016190
srv-21.marshall.info,21:54:20,16777711,"$72,813.62",68.081087,Stewartbury,Bihari languages,1b:3f:59:35:3f:d8,164.698740
desktop-45.murray.com,16:40:21,3,$19.62,76.664655,Oliviamouth,Belarusian,03:62:5b:d9:7b:c6,-102.350041
srv-50.clarke.net,19:07:35,8462040,"$38,568.17",18.725650,North Paul,Kashmiri,f2:b8:41:36:24:f2,-15.593888
db-86.kennedy.com,15:50:43,41769548,$30.98,43.4305115,South Russellfurt,Armenian,24:aa:1d:c9:71:70,153.379129
web-91.andrews.co.uk,14:43:39,53,"$34,404.63",75.777882,West Ruthfort,Lao,b7:2a:df:91:db:9c,-171.742719
lt-10.graham.co.uk,10:10:51,421759,$607.06,26.2255885,Louischester,"Sotho, Southern",01:f6:d5:2b:97:35,113.908542
desktop-05.bailey-chamberlain.info,22:12:40,28,$300.90,29.065578,Lake Danielleport,Hindi,f0:4e:37:af:9c:16,-172.391777
desktop-63.thompson-west.net,04:40:51,693114,"$55,841.73",-62.793194,Glenntown,Northern Sami,38:5a:0c:33:08:d0,86.372089
lt-35.cox.com,16:27:03,32542740,"$88,788.45",-63.734119,West Dennisshire,Samoan,95:2e:59:b7:c4:29,-96.583742
srv-63.field-douglas.com,07:42:54,251454,$2.04,27.4378955,Port Simon,Gaelic,75:66:4e:36:6c:d4,-86.426754
web-45.bates.com,21:17:56,672,$0.37,-5.899304,Lake Philip,Tamil,28:a7:9e:fc:18:b9,-101.622627
email-00.richardson.org,12:43:14,8582010,$46.74,-17.6324575,Rachaelport,Sinhala,75:75:ce:1d:87:2c,-132.951519
email-08.wright.com,03:39:12,1291,"$22,828.13",40.5070945,South Jasmine,Zulu,69:2f:ec:a2:7b:14,121.079018
web-00.gardner.info,00:02:55,222,"$6,971.19",-49.312033,Alberttown,Komi,77:b5:64:8d:80:b7,-28.189302
desktop-12.ahmed.org,21:34:26,652844,$323.27,53.7176845,Powerland,Fulah,f6:97:3f:e1:fb:5a,153.829838
lt-46.allen.co.uk,20:42:14,98896,$7.97,-8.6870695,Carpenterville,Interlingue,95:c1:d9:74:ef:d5,-28.835267
web-50.sanders.com,08:46:11,53,"$6,216.92",-27.6736885,Ellieburgh,Azerbaijani,39:e4:9f:3a:73:21,-65.874819
web-11.smith.org,03:59:46,68697,"$18,854.97",71.6684635,Port Sally,Belarusian,a7:2a:ec:fd:09:f4,156.874189
web-07.perkins.co.uk,09:06:20,69,$4.80,-29.3124715,North Neil,Ido,2f:a6:4e:2e:c6:1b,-60.519472
lt-92.fox.org,19:53:23,9185,$6.08,76.3789445,South William,Telugu,71:06:03:a3:a2:2f,-24.640706
lt-35.miles.com,10:22:07,3299546,"$2,673.88",-8.4841625,North Samuel,Vietnamese,7b:2d:bc:af:c4:e4,19.491130
web-16.parkes-howell.org,19:33:27,1278,$70.31,-39.1457935,East Danielle,Northern Sami,04:ec:4e:1a:5d:d2,166.131604
lt-99.allan-cook.com,07:16:31,38872058,$491.56,29.7245415,South Hayleyton,Greek,65:f1:f8:3c:a8:44,-32.632171
lt-07.campbell.info,10:46:23,126,$89.24,23.120945,North Katyside,Urdu,b7:54:14:5a:76:d9,37.852512
lt-62.jones.com,04:13:33,848,"$31,968.08",-47.0886525,East Kevin,Wolof,47:68:61:d2:41:85,178.082592
srv-87.hill-webb.info,08:25:48,16708,$498.60,1.097046,East Ritaborough,Marathi,31:66:7f:3f:5c:e7,111.925249
web-30.page-cooke.org,03:01:09,15,$47.91,73.6449955,Port Sarahborough,Tswana,e8:ee:75:52:d6:3f,-61.434503
web-56.wilson.com,22:31:35,2,"$93,964.67",-24.433030,Pearcechester,Tigrinya,52:f2:4f:11:1b:ff,-76.883105
laptop-45.read.info,00:31:33,2593578,$1.63,-7.224058,East Louisetown,Armenian,07:52:e1:0c:a3:e5,-165.201418
laptop-84.williams.co.uk,13:09:12,35,"$12,745.20",44.944223,Pritchardtown,Panjabi,b7:85:ad:22:b9:63,136.879265
desktop-07.robinson.com,02:53:41,137214,"$87,722.37",26.368587,Lake Markstad,Interlingua,87:5b:1f:f3:b4:3a,147.788813
laptop-02.nelson.com,06:25:38,92695,"$5,057.25",4.4417125,West Beth,Cornish,72:27:c7:5a:cd:65,81.281235
desktop-17.wright.net,16:14:33,815,$447.35,-13.7170675,Lake Helentown,Malay,b2:ce:df:3c:72:67,127.313967
lt-09.clarke-thomas.net,01:16:58,100,$913.19,32.338026,West Meganstad,Kanuri,f2:64:87:ed:4d:fd,91.421695
web-62.edwards.com,22:10:12,28,$71.33,-60.601309,Port Lauramouth,Latvian,c0:e1:95:bd:fa:d1,-60.755067
desktop-43.hughes.biz,22:21:31,15,$72.09,89.7621925,Port Lesley,Bislama,19:16:4b:0c:79:14,38.985433
lt-01.richardson.com,06:11:25,705887416,$28.20,86.504025,North Keithborough,Somali,7d:d6:dd:52:f3:20,-14.844126
db-18.lawson.com,18:48:01,36489139,"$2,141.98",70.7122315,Annaborough,Cornish,51:6d:a1:3c:60:0a,159.215845
laptop-56.benson.com,13:43:45,108590283,"$7,841.55",27.2693245,South Alison,Arabic,9c:d8:7f:13:f5:89,-4.749029
laptop-47.farrell-lloyd.biz,19:01:28,77821286,"$51,706.36",-89.3192805,Port Ambermouth,Swedish,7f:3d:14:6a:a9:b4,171.736380
email-14.roberts-saunders.info,11:19:12,521835,$962.90,39.5981245,Lake Maria,Faroese,72:b6:c6:78:28:58,178.046244
lt-03.smith-young.com,01:50:36,199,"$4,869.31",27.4321695,Mauricemouth,Indonesian,d2:1c:1b:d7:fa:6f,-144.658068
email-98.stephenson.com,01:01:48,5,$759.59,87.1257065,South Mandyburgh,Bengali,0c:81:1d:07:fb:ff,81.242066
desktop-12.turner.net,05:54:08,93800593,"$34,810.19",62.788497,South Victoriaburgh,Ewe,4a:79:a4:2b:77:41,129.317958
web-92.carpenter.com,13:43:52,88,"$7,301.03",31.683736,Francesbury,Yiddish,b3:b4:95:48:88:8d,-65.208513
lt-26.cooper.co.uk,08:12:21,983261,$5.37,31.4998025,Port Geraldineport,Sindhi,58:24:69:69:c8:ea,-164.885395
desktop-83.bolton.com,20:51:51,538,$6.19,28.1857075,Jonesstad,Dzongkha,17:38:77:83:42:01,-37.844978
web-47.gardner-robinson.biz,09:01:12,156725644,$4.32,50.0317815,Suzannechester,Georgian,34:1e:c3:3f:09:56,-86.915063
db-57.burrows.com,21:27:50,48,$467.45,-29.766333,Harveyville,Latvian,28:a6:d9:2b:60:96,116.127625
laptop-74.sutton.com,12:02:06,72,"$1,906.35",-27.283506,Robertsburgh,Yiddish,5e:ba:07:91:97:d7,116.509592
desktop-80.young-jones.org,01:50:47,8,"$5,744.08",62.314782,Jenkinsview,Norwegian Nynorsk,2a:48:07:b5:e4:69,146.208973
desktop-32.carr-richards.com,21:26:32,28,"$68,119.74",89.8369065,East Fionahaven,Ossetian,ce:0f:f2:52:8f:6d,-31.755609
web-96.jenkins-burrows.info,20:59:57,6880,$81.06,-30.6380915,Baxterberg,Kinyarwanda,64:12:7e:3c:e4:a1,87.192556
srv-37.phillips.com,13:22:19,290647,"$9,041.00",37.739406,Lake Nathanfort,Chamorro,97:9b:2b:0e:bc:25,-142.182409
lt-08.haynes.info,09:08:44,699921,"$4,098.90",-22.163053,Pollardview,Chamorro,a7:cf:ac:9a:60:14,-149.797678
desktop-27.baker.info,08:07:37,2,$208.89,-20.161705,Port Marilynton,Swedish,6b:ad:eb:26:97:11,101.209999
laptop-94.morton-barton.com,14:28:23,90071,"$5,490.36",-39.001359,South Terrybury,Manx,7d:b8:17:63:14:ec,-131.891669
desktop-12.north.biz,18:43:49,59,"$24,420.84",-72.3148995,Port Glenborough,Chuvash,8a:1b:30:b3:b6:28,-38.194671
email-93.cooper.com,01:44:49,12577344,$980.55,27.315562,East Gail,Bihari languages,b0:2b:2e:47:86:3c,-86.883966
laptop-22.benson-welch.com,19:39:59,0,"$9,347.94",32.4923735,Marialand,Marathi,97:28:14:3c:2b:3f,66.106995
email-69.shah-watson.com,05:02:57,14725143,$570.66,5.787197,Lake Tony,Javanese,f6:25:d6:b5:f8:7f,91.813061
laptop-18.gilbert-humphreys.com,11:12:35,931243,$1.80,-76.227225,North Oliviaview,Kannada,57:a7:4e:1a:02:7a,-63.454133
web-39.hart.co.uk,08:42:57,3072986,"$3,977.55",-3.979120,Coleborough,Shona,9c:97:d1:57:bd:54,-17.810697
web-18.henry.info,18:50:07,49938,"$54,098.65",-2.671453,West Jemma,Kanuri,56:01:18:d1:6e:1a,17.657622
lt-87.riley-smith.biz,02:03:51,9569,$415.02,53.5425985,East Barbara,Pali,73:d7:8b:b7:e4:27,23.008146
web-14.williams.com,14:53:57,34499,"$78,339.20",-70.952861,Heatherbury,Kashmiri,16:3f:df:98:a5:02,13.744309
desktop-31.smith.com,23:21:51,30617,"$1,243.10",-53.526031,West Jodie,Chuvash,43:34:b4:e3:61:bc,-4.208896
srv-07.gibbs.biz,08:51:39,311687,"$23,291.61",85.486466,North Callumton,Kikuyu,32:28:7c:19:7f:15,113.737645
laptop-89.rogers.com,00:44:44,6770533,"$15,958.07",65.3655075,East Stephenville,Ewe,71:84:26:45:d2:97,42.067976
email-91.harrison.com,01:06:23,724,$6.64,24.587377,North Diana,Hausa,f3:3d:2e:ca:52:1a,33.153898
email-09.coles.com,05:39:45,8778031,"$8,639.51",-65.8564355,North Ashleigh,Nepali,8f:92:cc:8d:8e:b5,-179.199872
web-64.smith.info,12:38:23,49832519,"$2,621.61",-78.353834,Banksbury,Bulgarian,bc:b6:61:32:26:1f,-158.324743
email-99.jones.com,03:25:56,9653503,"$34,689.43",30.9176325,Haynesland,Malay,50:df:4a:86:c7:d0,22.782750
laptop-88.harris-burrows.com,06:54:34,67354,"$4,497.96",-0.729882,West Kayleigh,Hindi,d6:bf:20:a2:a4:26,159.845402
email-53.gill.co.uk,03:43:46,938237,$66.91,3.412705,North Eleanor,Albanian,7b:26:e5:d6:60:82,148.199215
desktop-75.jackson.biz,18:52:02,530887,"$8,824.44",57.4996425,Lake Stanleyfurt,Tibetan,4d:ef:93:5d:87:43,-64.573901
email-97.walsh-robson.co.uk,18:04:33,5,"$89,164.32",-12.4920045,Ameliaport,Swahili,a3:b5:b2:e2:c4:f2,40.360680
lt-90.freeman.info,19:34:41,6229,$370.91,-70.2644145,New Patriciashire,English,a7:0a:f1:01:c5:cf,85.477537
db-62.roberts.net,04:38:21,3,$604.60,37.426965,New Sean,Uighur,b6:f9:d8:cc:ce:93,-99.907455
email-41.elliott-howe.biz,04:33:39,20330303,$894.73,-34.9205825,Patelside,Cree,56:a2:c7:78:12:0a,-105.191759
lt-09.chapman.com,19:55:08,33,"$4,135.40",64.832873,East Russellborough,Bulgarian,a6:f9:ce:45:30:4c,42.798065
email-09.clark-holt.com,02:55:32,3935,"$51,562.92",89.8576145,New Guyshire,Interlingue,89:5f:e7:c9:c9:77,35.933347
lt-07.holmes-parker.com,10:13:48,11060807,$220.03,4.978512,Parkerstad,Finnish,a2:ef:ed:26:60:49,43.242700
desktop-73.nixon-whitehouse.com,00:00:47,66,$88.12,-81.826551,Lake Sylvia,Dutch,d2:41:19:02:a8:c6,-99.872240
web-25.carter-parker.com,02:45:30,504,"$5,485.22",78.924715,Mannborough,Serbian,f8:a7:4d:43:78:2b,3.412451
email-19.houghton.com,22:55:10,7,$34.66,37.519858,East Carol,Gujarati,5e:b1:00:ea:2e:72,-122.646324
db-11.brown-robinson.co.uk,13:14:01,23,$95.22,34.5753415,East Ellie,Welsh,44:25:75:0b:31:a9,-130.433306
srv-34.lucas.com,12:27:51,49196244,"$38,851.94",20.8374075,Stanleyville,Ido,ea:89:7b:8d:63:cf,-158.095804
desktop-11.briggs.com,09:08:27,55941016,$99.20,-5.435322,North Joanna,Fijian,4e:20:51:60:ae:3d,16.756865
laptop-77.richards.com,13:07:53,462670860,"$36,165.94",37.3277165,Anneberg,Afrikaans,72:4b:af:94:e0:71,-37.531060
laptop-25.thorpe.org,04:49:38,550,"$3,587.60",-20.8872985,Milesville,Afar,6f:66:21:32:49:fc,-110.701875
lt-41.edwards.com,03:10:40,5405584,$7.04,33.143751,Stuartstad,Malayalam,af:03:1c:94:e7:7f,-108.103568
srv-00.taylor-dickinson.com,14:58:58,240006,$64.74,-62.945195,Jeffreyland,Slovenian,21:c3:06:5c:b7:b1,-108.970000
srv-47.cox-lewis.co.uk,07:21:19,496665967,$6.27,50.5171495,Margaretfurt,Hebrew,ae:45:bb:8c:b6:00,38.448251
laptop-75.carr.com,18:04:48,7340,$789.75,71.6439065,Jayborough,Bambara,2e:4b:97:32:b1:13,-40.946725
laptop-88.smith.net,08:44:20,46,$26.69,-4.370146,Port Kayleighstad,Kalaallisut,8e:93:79:4a:ac:da,-65.263480
web-11.vaughan-cooper.com,05:22:20,5718439,$284.17,-15.3734055,Smithton,Interlingue,60:e1:55:c5:7a:b4,-76.180866
laptop-61.black-cole.net,02:00:33,39677,$895.20,-27.6057155,Hayleyshire,Kongo,55:cd:16:db:44:6a,-169.048982
web-61.davies-mahmood.info,01:20:33,8,"$2,392.24",79.7773465,New Rossburgh,Dzongkha,de:35:3a:30:54:1c,-35.122574
lt-65.young.com,01:46:02,7005,$47.17,-3.7668105,Milesburgh,Hindi,9d:4b:09:de:ff:48,-1.197461
web-72.martin.com,21:50:30,84524,"$88,654.97",20.171882,Lake Brendafurt,Dzongkha,14:5c:00:a2:60:c8,-44.290014
lt-67.atkinson-alexander.com,17:49:28,516379069,$91.86,-0.0221595,Port Valerie,Sindhi,a2:d5:ac:e4:c3:23,-29.152846
web-18.wyatt-watson.com,21:13:17,209408319,$813.88,-34.7865215,East Beverleyfurt,Bengali,72:cc:3d:98:48:ee,-167.394223
srv-92.hudson.com,13:19:12,63,$58.43,88.5268865,West Howardport,Ukrainian,89:9d:89:df:c1:e2,-70.992309
db-71.flynn-smith.com,05:58:00,6,"$1,872.75",-32.226485,Port Nigelchester,Kuanyama,82:d5:b1:36:3c:65,-11.619169
db-15.page.info,20:55:25,76065,$51.26,-73.464095,West Barbaramouth,Ojibwa,1e:8d:f9:ca:07:c5,107.701916
db-01.chapman.co.uk,04:32:45,67,$843.99,-46.605469,East Ross,Ido,0f:48:63:6b:05:5f,88.744220
lt-80.jordan.com,07:33:07,661,"$8,350.97",10.1011215,Charlenetown,Croatian,46:08:62:68:22:cc,-108.146127
web-06.taylor.com,13:34:59,56,$456.44,-48.5697575,Port Naomiland,Urdu,e8:72:1e:aa:41:dd,164.828774
db-65.barrett.com,22:00:29,81421,"$55,900.20",85.8931435,Pearsonburgh,Hindi,88:c1:97:2f:11:d3,136.589576
lt-00.hyde.co.uk,01:55:11,47361,"$2,286.20",-72.5798445,Phillipbury,Afrikaans,83:a6:21:f1:d1:51,16.462719
srv-75.bates.co.uk,06:43:32,5162,$669.53,12.3139075,Cliffordport,Irish,2f:67:22:5a:14:de,150.685422
srv-31.metcalfe.com,05:09:58,8,$7.06,16.9845685,Lake Jordanstad,Greek,0f:7d:6b:81:44:8a,86.530194
srv-57.smith-daly.org,08:54:51,3646989,$673.97,-28.648089,Lake Sarahchester,Yiddish,87:63:e0:11:02:59,167.732090
db-56.bradley.com,11:24:30,903449,"$22,918.34",-51.2359985,South Brenda,Icelandic,19:91:9a:ba:43:57,20.558953
laptop-86.richards.com,02:17:36,4514780,$557.53,-55.3944875,New Dennis,Chechen,50:3b:ac:56:65:4a,-41.792385
lt-47.rogers-austin.info,02:07:57,87815,$45.43,-18.164103,North Damienhaven,Indonesian,9e:45:8b:59:d2:45,-56.231873
desktop-84.baxter.com,14:05:29,5,$9.21,-41.774805,South Kimhaven,Tahitian,74:2c:92:d4:cd:2d,-21.736916
laptop-27.gilbert-reed.co.uk,17:23:12,272,$29.99,3.6808965,West Natasha,Sinhala,e2:85:c3:06:b4:23,-35.673941
srv-54.roberts-miller.org,08:36:39,75957381,$149.48,-47.238669,Conwayborough,Romansh,e7:28:3c:97:7d:e4,161.505782
lt-87.smith-hancock.com,05:36:17,5,$700.17,-10.121735,East Leon,Tibetan,27:6a:f4:bb:45:02,153.985885
web-36.smith-mason.net,08:50:35,39,$2.01,56.793770,Samanthachester,Northern Sami,2e:0d:c7:d9:09:27,-77.580166
desktop-84.jones.biz,11:34:59,97,$710.94,-67.057629,Lake Allan,Bihari languages,3d:ff:16:c0:ef:26,-4.725788
web-05.boyle.net,12:38:14,6,$46.56,-65.989513,Gibsonhaven,Galician,2c:12:05:66:ab:81,158.351375
web-01.parsons.com,05:56:20,572312284,"$45,502.81",-27.485240,Gemmaside,Ido,ac:99:2f:f3:f6:c5,133.156732
srv-15.yates-chan.com,09:43:52,2139510,"$51,750.21",-60.493412,North Patriciaview,Kikuyu,a5:d4:da:25:ce:f4,150.419986
laptop-16.page.com,08:37:23,82,$77.26,-81.943799,Shepherdborough,Tamil,fe:09:ca:05:fd:ae,-23.104501
srv-64.barry.com,10:24:04,5354,$502.25,-86.5076515,South Ross,Tahitian,63:09:54:40:52:79,-101.409572
lt-71.walton-simpson.net,10:38:45,140361,$1.40,-44.615882,Paulineton,Ossetian,62:26:8e:f2:1a:10,-103.232720
desktop-40.jones.co.uk,20:54:28,527798939,$90.10,-83.1965105,Rhodesburgh,Hebrew,f9:6a:93:a8:7e:69,65.329800
lt-40.myers.org,12:06:43,43713475,$9.98,-63.768338,Jonestown,Ndonga,6e:71:0c:2f:99:82,154.536842
lt-81.howell-herbert.com,20:06:51,2551123,"$5,052.73",-84.9133665,Waynefort,Ossetian,c6:4d:af:de:a6:f1,-0.561708
web-57.yates.org,21:58:24,97217459,$541.41,66.001919,Elliottshire,Chichewa,73:15:4c:44:cd:8d,-92.261206
srv-19.webster.info,23:40:08,725360,$682.20,83.5281675,New Kevin,Nepali,1d:35:28:2b:dc:7b,155.138091
lt-80.watson-archer.net,21:41:26,20946500,"$76,729.11",-33.5901245,Port Timothyborough,Kirghiz,5d:ce:62:7f:82:fd,-20.511768
web-41.cook.com,12:19:31,1102,$5.82,7.151289,Katherineton,Romansh,60:aa:de:29:3c:b7,-106.440409
srv-68.humphries-jenkins.info,10:58:26,16,$89.19,-52.443673,Zoefort,Tagalog,81:8d:99:67:30:79,41.415675
db-09.wilson.com,09:29:40,557,$1.12,36.8991245,West James,Faroese,72:b4:ab:a2:62:71,174.676675
lt-13.robinson.com,05:57:19,4899,$317.86,41.5975565,Paulport,Hiri Motu,ba:d0:31:bb:87:1f,-28.268906
db-97.simpson.com,01:30:33,3,"$27,690.76",23.088718,Shannonshire,Chinese,57:da:c7:a0:8c:f4,60.874541
laptop-13.knight.com,22:09:30,498143,$43.47,70.4666995,East Phillip,Faroese,d9:12:07:2e:36:dc,144.231394
laptop-15.griffiths-taylor.net,00:17:58,358,$0.48,38.6256405,East Joshuaburgh,Bulgarian,4a:5f:0b:d9:6b:b4,-78.976460
db-69.davies.com,02:09:10,1409,"$1,197.07",18.682308,Lisamouth,Ossetian,2a:e0:09:c1:32:ef,18.287302
lt-50.french.com,17:12:13,14,"$32,854.95",2.0870935,Brownfurt,Tajik,0e:43:3f:e0:4f:b8,67.560544
lt-97.clarke.org,00:48:31,586308830,$1.32,-39.9807555,West Dianeville,Macedonian,54:ba:ce:bd:33:94,116.528781
laptop-11.wilkinson.com,02:07:37,2491772,$5.79,-3.133906,Mannborough,Navajo,91:dc:f2:b7:c4:92,163.513182
desktop-10.hodgson-green.net,22:56:43,3474802,"$91,374.27",0.336739,New Rosie,Kurdish,df:ce:78:73:5a:6a,113.993350
srv-48.smith-walker.com,13:54:00,1420,"$41,168.24",2.2564895,East Callum,Dutch,08:96:be:a3:ff:04,63.142742
lt-13.peacock.com,02:35:52,7,$20.76,23.207329,Port Samuelstad,French,df:97:92:79:78:e7,-95.845736
laptop-28.khan-poole.com,00:10:57,1779,$64.20,-21.0112515,Hilaryland,Xhosa,31:fa:83:2e:a8:60,163.425510
web-88.bates-wilkinson.com,02:36:56,6,$812.60,-68.175837,Lake Jamie,Amharic,48:87:95:07:0d:2a,-56.770179
email-34.pearson.info,21:13:07,3,"$18,469.97",-48.909362,Willismouth,Faroese,6b:25:27:57:7f:d8,97.473218
web-79.young-johnson.com,11:20:05,3257717,$1.97,-40.670661,Gracefort,Irish,ae:af:cc:ec:a1:41,-12.554914
laptop-70.price-carter.info,09:57:52,996564292,$36.91,-39.856547,North Justin,Twi,66:d6:b1:b6:a9:62,-45.778125
email-64.brown.org,03:06:23,28209096,"$40,788.27",-73.299683,Taylorbury,Albanian,31:80:41:e6:b6:98,139.080970
web-75.gould.co.uk,16:35:47,54,$69.44,87.409853,Kimmouth,Tibetan,79:0f:4c:4d:bb:11,144.670289
web-77.little.com,02:09:10,54630,$41.61,-15.3585595,Welchburgh,Latvian,99:b9:e3:a7:41:1e,-14.254384
email-26.dawson.biz,06:16:14,275852,"$7,911.66",78.328719,Smithborough,Esperanto,7f:ae:37:f1:e7:95,-126.788108
lt-94.jackson.net,14:17:02,71886471,$30.88,-61.700741,Lake Douglas,Serbian,ea:b8:45:57:ae:2c,176.775184
web-57.waters-brown.com,09:31:15,1,"$9,507.16",21.886386,Kellyborough,Sundanese,fc:89:fb:6c:f6:d7,123.892668
laptop-08.newton.com,12:49:23,489,$751.17,-30.9538725,Port Garryberg,Kongo,b1:06:04:5f:8c:bc,-45.000342
email-25.tucker-scott.info,10:14:03,55677872,$848.47,-72.3138115,Raymondstad,German,c4:64:c6:79:4a:14,-158.566241
srv-62.johnston-murray.com,23:00:44,918,"$9,970.56",-67.3440145,Lake Kirstyberg,Lingala,c0:e5:ea:f0:bc:9c,88.221966
web-16.miah.com,03:04:44,22,$5.38,74.169948,Kennedyville,Sanskrit,f4:5d:c3:de:6a:da,-141.243756
laptop-72.rose.net,21:33:26,749,$0.39,-57.2826675,Pricechester,Guarani,20:39:ae:7e:00:57,-140.112170
srv-25.scott-davies.com,07:17:16,267041712,"$85,148.74",11.8518295,West Joseph,Avaric,00:11:0a:da:d8:4b,-111.095578
desktop-31.metcalfe.com,15:46:54,305973,$91.01,-84.8986675,Bruceview,Tonga,e4:4c:2a:5f:42:9f,28.720579
lt-42.coates-clark.com,01:22:10,7106,$257.52,17.669470,South Reecebury,Limburgan,66:9f:2b:4c:94:91,-3.367651
lt-41.taylor-murray.co.uk,14:39:13,85777,$60.52,36.3877815,Baxterburgh,Aragonese,09:d1:ed:76:e5:2d,-155.623387
srv-99.wright.com,13:18:18,60,$705.79,-38.539833,Port Leonberg,Xhosa,27:a6:0a:bc:d9:02,-167.729219
web-63.cooper.biz,12:07:55,71,"$8,714.80",-3.7140265,Kimberleymouth,Kanuri,84:63:14:7c:98:cf,86.663964
lt-21.harvey.com,05:44:16,0,$0.37,49.171583,New Bruce,Malagasy,fe:19:34:52:e2:80,-100.644865
desktop-16.evans-duncan.org,23:35:59,1674858,$55.31,-83.224735,Baileyhaven,Sango,0b:98:ae:e1:5d:45,169.215039
email-34.mills.com,02:31:44,764247,"$50,671.90",82.6005925,Murphyville,Kurdish,d9:1d:94:e3:29:0c,-115.979984
web-54.grant.com,13:41:04,321369981,"$87,979.58",30.5218175,East Sylviamouth,Tsonga,e8:ea:53:fe:df:24,-95.486783
db-98.parkinson-walters.com,06:59:47,14,$512.91,68.4664825,West Hayleyside,Divehi,14:32:a5:4d:cf:2f,-167.390158
db-67.wilson-hughes.net,04:44:09,211322,$79.51,72.2096995,Smithborough,Igbo,d4:ad:eb:8c:01:f1,16.911859
web-94.gibson-miller.com,16:45:27,6,$1.12,-62.807297,Lake Neilburgh,Haitian,3c:42:b8:a5:6a:0a,38.538610
email-03.poole.com,12:31:52,41910,"$2,836.99",32.4593995,Martinville,Kannada,2c:df:23:7f:79:7e,-8.186583
web-71.holland-marshall.info,09:49:52,41882,$94.46,23.441409,Garethshire,Chuvash,5f:56:72:e4:c9:a3,-106.457817
laptop-98.smith-fuller.co.uk,22:09:19,8,$3.89,12.360400,Mooreshire,Samoan,ec:95:fa:27:e7:52,9.519501
srv-49.stone.org,13:30:57,137,$449.66,77.586490,South Charlene,Sanskrit,b3:8a:6b:ff:66:21,-96.305741
web-05.roberts-horton.com,16:29:46,9603408,"$2,567.69",3.655461,Collinsside,Kannada,9e:c4:de:43:1f:eb,-63.917848
lt-28.griffiths.biz,15:51:41,5913221,$15.16,-27.649307,East Kieranfort,Chechen,f3:3e:16:17:cd:90,-56.249824
desktop-17.ward.com,20:17:47,69,$471.06,73.0452325,Bondside,Slovenian,b3:b6:1f:61:20:e5,-124.113319
email-38.charlton-murphy.com,21:22:30,4,"$33,149.22",45.530640,North Janiceland,North Ndebele,97:6e:18:5e:8e:e7,-168.605671
laptop-24.green-stevens.info,16:25:19,547105257,$34.44,-47.8057525,Lake Lauren,Irish,e0:64:58:17:ad:1d,118.850171
db-24.pope-thomas.com,03:10:16,583,$63.68,8.876250,Carolineside,Indonesian,cd:04:ea:50:b4:c8,54.484623
desktop-49.booth-miller.com,23:49:38,122231,$84.88,58.597989,Anthonyport,Kinyarwanda,ed:7d:22:da:3a:ee,19.735072
db-64.lewis.biz,15:16:09,765807787,$561.99,-7.870737,Port Brett,Turkmen,9d:e8:57:62:15:af,86.769678
laptop-17.bryant-parker.com,00:28:58,3,$914.20,-48.7985175,North Jeffreytown,Sindhi,85:e9:9f:b0:83:e0,-33.344750
web-97.marshall-watson.com,19:36:46,575,"$6,539.67",-48.120648,North Dalefort,Sichuan Yi,d2:b3:ec:95:93:40,76.681040
lt-56.ward.biz,23:13:03,12406757,$132.43,-27.7885635,Smithborough,Kanuri,b8:05:2e:d8:fa:fa,156.459822
lt-71.clark.com,11:35:09,130644,$62.41,-34.618025,Porterbury,Akan,c0:0e:67:ee:b3:28,-49.502627
srv-74.jordan-young.co.uk,10:28:29,942,$99.96,-38.409360,Barberburgh,Ossetian,38:ec:bb:2e:25:0f,-169.997795
srv-15.hughes.biz,20:00:15,5736150,"$11,250.36",-35.9649395,Samshire,Kinyarwanda,c1:27:5b:c8:d6:34,-19.973808
desktop-49.smith.org,07:01:49,303035910,$686.28,4.4980765,Albertberg,Uighur,c6:55:d8:05:25:4e,158.379321
srv-11.clayton-martin.co.uk,09:21:10,61025535,$7.43,53.586559,New Cheryl,Yiddish,d5:4f:9b:61:51:e2,-14.290783
web-80.morris.com,18:09:41,197,$1.41,89.1359405,Rossmouth,Komi,53:c8:47:ee:f1:44,-171.442311
web-13.ashton.com,11:24:47,630955555,$2.53,-11.102530,Butcherfort,Oriya,b2:48:a5:be:32:a1,124.554729
web-63.baker.net,02:20:59,28689,$98.22,85.7307195,South Melissaberg,Malagasy,ec:25:37:14:22:24,-47.872150
web-49.williams.net,16:48:31,814892,"$70,239.01",-19.461636,Lake Henryland,Armenian,81:c8:f9:a5:d3:dd,128.866136
lt-15.walsh.net,06:11:53,7,$563.58,21.4214435,East Neilview,Slovenian,8a:5f:ef:52:43:e0,-83.985313
db-97.smart.biz,02:56:43,224222890,"$9,918.68",14.3789925,Annshire,Guarani,5c:5d:ea:6e:13:90,64.189715
laptop-15.bates.biz,14:28:21,47766701,$89.29,86.5845935,Carolberg,Lao,8d:d8:af:d2:6a:0d,159.603904
lt-59.brennan.com,21:32:08,3458,$385.06,-72.408497,Thomasview,Belarusian,cd:74:a4:d6:63:8f,18.846157
db-38.moore-stone.info,10:38:10,39504,$5.87,-55.612759,Lesliestad,Sindhi,99:94:bf:2d:a0:9c,-42.047787
email-36.williams.com,17:44:08,417568476,$258.62,25.515548,Rossfurt,Javanese,c1:64:64:5b:c6:84,-175.816483
desktop-04.ward.com,18:10:36,569631793,$33.39,80.312851,Charlottetown,Bambara,78:c4:de:f4:0c:4e,-0.586249
db-56.thomas-bailey.net,00:44:45,859194470,$4.98,-77.1910205,Susanland,Azerbaijani,b2:92:5c:d3:b2:ee,136.185578
lt-02.hill.info,14:34:40,338160563,$295.73,25.300117,North Allanhaven,Yiddish,01:54:ec:18:2f:c2,-8.997796
lt-92.lee.com,21:50:11,719256561,$20.77,24.613878,West Jasmine,Akan,ee:d1:b2:ff:44:ff,14.827529
web-54.morgan.co.uk,05:21:37,929956942,"$3,847.69",35.8706695,Fostertown,Hungarian,12:76:8d:87:40:76,13.695951
web-72.joyce-howard.com,01:53:33,87754,$355.48,3.5209705,Owenbury,Luba-Katanga,75:38:57:f3:18:8f,21.652805
lt-97.jennings.biz,01:59:36,302,$787.26,10.6778235,Edwardville,Catalan,87:69:98:0f:e3:2f,131.800708
desktop-13.charlton.co.uk,06:07:08,2063442,"$91,673.10",32.7936705,South Samanthaview,Corsican,bd:11:7d:3f:a7:87,4.249048
db-99.sutton-mitchell.com,01:34:47,38,$7.49,-83.6534165,Duffyburgh,Tswana,e6:ac:3c:93:df:dc,-118.567499
desktop-75.murray-taylor.org,23:03:29,2024596,$3.51,31.1291775,New Vanessachester,Uighur,9d:74:bc:2d:fa:7a,-47.029203
web-96.bailey-sullivan.com,16:21:42,76964,"$3,696.04",-59.7619485,South Josh,Avestan,c6:9d:18:35:81:2e,-33.764964
desktop-90.marsden.com,10:00:40,34273,$1.34,-67.3450125,Smithside,Danish,a9:2f:6d:55:b2:81,-68.127280
email-15.short.org,21:22:56,6,$5.16,89.8687385,Harrisfurt,Mongolian,fa:c7:c0:71:30:4c,38.426633
srv-88.mitchell.com,00:46:14,1058771,$358.71,87.743936,Port James,Kannada,96:09:fe:0c:45:30,-6.067893
web-46.lambert.net,04:50:25,5,$7.76,4.8619375,Roseburgh,Pushto,c2:f3:ce:20:cb:16,110.002171
db-42.lee.co.uk,18:15:12,52,"$18,922.98",80.6950305,Hussainton,"Sotho, Southern",33:56:f4:a3:a9:96,165.496422
srv-99.jenkins-chadwick.com,14:52:33,94907,"$85,518.70",58.1505965,Lyndaview,Hindi,2a:9a:29:8e:7d:84,20.919273
srv-12.tucker.com,00:45:23,20833306,"$1,338.23",-58.007037,Thomashaven,Cornish,83:e2:6c:b9:03:4d,136.194258
db-68.jones.co.uk,20:52:51,4636,$830.95,41.520720,Aimeefort,Galician,06:47:8c:3f:fe:2c,-141.786134
email-94.smith-talbot.com,20:36:33,6563,"$16,001.72",-83.363346,New Sarah,Slovenian,84:46:88:79:31:0a,108.138537
srv-85.thomas-reynolds.com,09:20:09,336002451,$66.04,-85.149002,West Elliotville,Sinhala,22:a2:63:e8:b8:37,164.118796
web-98.evans.org,23:41:28,5318,"$9,159.37",74.4179805,East Bethanyview,Venda,b2:20:00:cc:29:d3,-69.850610
lt-77.white.info,14:22:09,22155480,$7.88,-47.167506,East Craig,French,f1:c9:c2:61:59:45,-50.040695
srv-50.brown-knight.biz,11:08:24,2698293,"$9,755.91",78.991495,Gloverland,Igbo,7e:9b:67:7e:ad:88,34.667320
db-21.jones.net,12:42:10,5956,$4.29,75.607833,Suttonborough,Czech,1a:79:6a:6f:0b:78,67.354929
web-87.howard-cooper.org,12:07:38,178076455,$441.96,32.423712,Williamsside,Ossetian,d9:42:ed:30:80:a0,32.706433
web-22.nash.biz,17:46:29,30726450,"$92,681.49",68.5378145,East Yvonneburgh,Dzongkha,9b:f5:cf:04:74:81,17.964996
srv-94.bartlett.org,14:49:26,3,"$5,312.65",46.4913095,Martynbury,Inupiaq,84:cd:8d:ce:1c:8f,-135.789759
lt-24.nicholson.com,01:30:34,713220,$561.35,-34.5783095,Derekmouth,Bengali,f4:ff:50:bb:ee:74,47.515577
lt-05.hilton-clarke.com,20:25:35,84,"$71,462.13",30.606724,Alexanderside,German,e2:e3:3b:95:2d:86,-1.843935
desktop-43.haynes-davey.net,01:44:52,5670494,$19.50,-13.8109485,East Lewis,Bashkir,c9:03:0e:58:bc:bf,-100.757530
email-29.smith.com,16:52:02,928,"$29,655.79",77.774854,Adrianshire,Hindi,d6:f9:60:e1:cb:8e,11.200060
desktop-98.newton-smith.com,04:16:01,5,$58.64,69.2606305,Paulinebury,Chichewa,1b:7a:41:63:bc:d7,20.948493
srv-21.evans.co.uk,15:31:53,12664537,$852.44,-87.2581375,West Sam,Chichewa,aa:bb:a8:a2:d6:a9,77.215681
db-08.coleman.org,16:03:34,7091838,"$5,280.36",24.2454405,Hussainview,Marshallese,0a:60:1c:d1:31:6b,81.461752
email-83.phillips.co.uk,10:47:38,743,$8.06,34.139109,Lake Deniseview,Latin,2a:61:fb:69:9b:29,88.872755
db-06.woods.co.uk,10:45:43,82653,"$4,496.38",-46.7072815,Moorefurt,Danish,db:fa:a0:ea:95:6e,-58.166831
email-14.day.com,10:33:35,26,"$73,570.63",3.1165115,Robinsonborough,Afar,03:dc:a6:d1:22:f0,114.256938
db-23.davey.com,16:01:58,466064426,$68.43,-77.0991765,East Bethanfurt,Norwegian,66:9c:95:ed:29:9c,178.709696
email-85.murphy-whittaker.com,20:57:01,32023831,"$3,388.54",-12.070178,West Kevin,Nepali,c5:c0:68:e8:a6:f8,-47.793058
lt-99.hooper-khan.com,21:43:51,7565,"$4,148.36",44.3009385,East Valerie,Tonga,bc:14:40:48:15:a7,-168.406320
web-92.price.org,17:06:58,4,$1.17,38.292988,New Mohamed,Nauru,8f:c3:8d:45:fa:e0,-77.410739
email-71.griffiths.com,06:03:57,38693,"$37,970.88",44.323549,Dylanfurt,Ojibwa,e7:28:99:27:04:7e,56.312455
lt-37.shaw-murphy.com,11:16:58,0,$93.28,67.4873595,East Geraldhaven,Avaric,36:82:d1:86:de:a0,-31.748048
lt-40.roberts.com,02:15:45,70,$641.49,-15.6596135,East Charlie,Tonga,83:f4:7a:e8:43:19,71.383942
srv-02.jones-king.co.uk,19:18:35,584175,"$8,972.02",-16.7169885,Port Sam,Bashkir,ec:58:e2:eb:c7:9c,-28.394071
lt-77.chambers.com,22:58:19,986652686,$8.72,-36.3324125,Smithland,English,78:45:6b:19:7b:c0,-141.995779
web-61.walsh-donnelly.net,19:59:59,73307,$3.56,-38.980406,Sandersburgh,Zulu,79:33:43:11:1a:a1,67.662560
lt-56.young.net,22:50:23,7637228,"$11,327.67",-15.8155535,South Christianstad,Interlingua,8c:b8:e3:4d:38:70,-22.713467
lt-26.evans.info,02:28:37,777,$984.17,-42.9277505,West Nicholas,Latvian,d9:f6:34:fd:7a:62,83.312655
lt-78.day.info,14:51:35,3309,"$2,453.27",-50.587086,North Peterside,Aragonese,14:a2:46:0d:3c:99,-50.815752
laptop-16.mitchell-nicholson.com,18:17:03,42492557,$234.46,-87.576089,East Vincentside,Quechua,6b:da:c8:c2:24:9f,166.752995
email-60.arnold.com,21:20:10,9,$95.11,-14.8508385,New Angelatown,Hiri Motu,fe:b9:96:f1:29:f3,157.412086
desktop-21.marsh.net,05:12:14,4339708,"$29,308.86",-42.1835975,West Leonard,Sardinian,a5:e1:53:1e:22:fd,167.140835
srv-07.higgins.org,05:08:33,80361,$75.45,47.835663,Lake Leehaven,Bambara,ff:4e:a5:99:bc:a2,133.312115
desktop-71.parker.com,05:52:13,369,"$52,516.01",-50.7873255,South Carlborough,Bihari languages,7a:a6:0a:c0:b3:29,80.526129
db-21.lambert.com,06:56:01,85812544,"$66,579.91",12.165902,North Justinmouth,Pali,e1:de:8d:9e:6c:e3,15.428761
lt-99.page.com,06:35:24,1519758,$992.48,-28.6726105,Watsonland,Vietnamese,02:9b:a0:27:a2:51,26.538470
srv-85.davies-chadwick.com,21:12:10,622033342,$7.38,-8.946676,Lake Abbie,Hungarian,04:13:d4:76:79:2b,-107.442918
db-05.taylor.org,14:47:57,3249549,"$7,103.85",-45.542265,Lake Charlotte,Luxembourgish,fe:a7:99:18:48:7d,24.903792
laptop-48.watson.com,21:38:44,398,"$6,737.91",-38.2448235,New Victoria,Catalan,b1:a9:81:4a:18:e6,60.026924
srv-59.baker.org,03:43:35,72,"$62,876.47",-37.4484945,Maxmouth,Malagasy,66:74:96:99:14:15,-122.673070
email-24.morris.com,08:41:45,3,$7.29,31.969910,Pamelaton,Bashkir,d5:26:d4:23:95:a4,83.789951
db-57.kennedy.com,21:05:30,2305,"$20,433.38",80.650167,North Mollystad,Haitian,18:f7:f1:d7:a0:8b,-0.431916
web-51.west.com,23:56:48,817279,"$45,664.31",65.0601275,New Holliefurt,Ojibwa,1a:c7:e2:98:5f:bb,-85.600707
srv-10.rogers-young.biz,20:45:10,4264962,$8.21,61.209045,North Marian,Lingala,e9:ec:f5:af:dd:aa,176.858761
email-20.hancock.biz,17:45:39,738,$82.27,53.416326,New Gordon,Divehi,d7:fb:8a:1d:e3:e2,154.743098
email-00.robson-butler.com,06:41:32,573803,"$67,713.10",-34.767020,East Ashleighburgh,Welsh,fa:fb:4f:7c:2b:33,-25.219593
srv-40.robinson-patel.co.uk,06:49:16,994,$96.80,29.144562,North Jane,Serbian,8d:26:c0:20:35:b6,-26.980231
laptop-97.bennett.com,23:07:30,4,"$7,221.40",-70.7896215,North Naomi,Navajo,f7:ab:bb:c4:c9:3e,170.472290
srv-96.kelly.net,23:21:12,0,$58.15,16.1498645,Oliverville,Danish,14:82:f4:ed:bf:e1,126.616203
email-92.hardy-holmes.biz,23:13:17,16790823,$553.88,51.609820,North Nicholasmouth,Igbo,26:f3:3c:2e:6d:39,-86.575382
email-25.hamilton.org,02:54:29,729771651,"$35,071.22",-58.918155,Lake Dannyport,Hungarian,9d:6d:8d:70:b0:14,-2.112772
lt-20.ellis-fletcher.co.uk,09:10:18,97089,"$48,853.92",3.370443,New Leah,Komi,eb:78:1b:74:f4:bf,-147.595007
email-02.armstrong.com,09:42:06,7117,$219.22,5.8808865,North Carole,Faroese,5d:e1:74:fc:73:e6,-81.631079
email-15.robinson.com,19:02:51,41,$8.57,12.350486,Hurstmouth,Yiddish,fe:1f:20:20:50:91,19.375884
desktop-99.rowley-stevens.info,21:54:05,809041893,"$70,542.64",-83.7909215,Lake Olivia,Esperanto,bc:e2:94:3c:19:0d,-126.823854
lt-45.mills.com,19:24:13,52628076,"$4,912.00",-23.6761635,Ruthside,Igbo,fa:86:6d:57:1b:13,5.217858
db-51.farrell-power.net,12:02:09,25,"$94,332.14",-81.532663,North Kyle,Interlingua,75:37:a3:38:2a:32,36.541258
lt-42.ali-ford.com,14:30:43,4,"$6,708.96",86.7031175,Annmouth,Esperanto,8a:ff:15:d0:d1:a3,-122.271906
email-90.hall.net,07:22:42,806,$37.58,59.3857615,Anthonyville,Luba-Katanga,30:1b:80:ec:db:06,168.714290
db-68.walsh-evans.net,07:43:44,6,"$7,454.84",47.6084425,Smithberg,Walloon,80:a8:15:ce:bd:c0,-82.486055
web-04.butler.com,06:45:15,546671,$864.74,33.6926095,New Scott,Russian,3d:c0:38:5c:e5:70,139.128305
db-35.holmes.biz,07:45:13,1040116,"$16,025.75",-80.097629,New Joanburgh,Zhuang,d0:6d:79:c8:7e:e2,-15.179923
email-01.ward-taylor.net,18:39:58,809,"$2,904.57",89.4635765,Rossmouth,Tahitian,0e:ea:8c:d0:aa:9b,22.481013
db-97.powell-bell.com,20:12:11,60,$6.92,-61.539749,Walkerport,Samoan,4d:4f:31:78:b0:7b,-155.750036
srv-84.summers.com,06:36:51,89577,$3.24,-53.299562,Kirbyburgh,Sinhala,28:ba:92:91:cb:f2,45.242948
srv-64.stevenson.com,22:40:48,37095,"$3,967.76",-70.3315435,Humphreysmouth,Hebrew,6c:dc:fe:3a:11:99,-6.783808
lt-84.brooks.com,20:26:10,4323,"$9,302.40",32.6848215,Singhberg,Slovak,0e:dc:7d:c1:45:b6,173.336405
web-10.oconnor.com,18:50:18,239968669,$8.84,-52.2475965,Port Charles,Oriya,9c:ef:92:96:18:97,-64.133576
email-00.kay.com,18:20:10,59,"$77,240.72",47.516414,Craigchester,Serbian,b9:a2:9b:1d:eb:48,129.089276
desktop-00.knight.com,23:54:37,5377543,$72.60,-24.083432,North Anna,Dutch,9c:65:10:db:00:48,-104.947569
db-82.edwards.co.uk,21:30:00,604,"$95,659.84",-43.7429225,Stevensview,Sango,02:75:e4:32:34:31,129.329269
srv-87.gray-allen.info,15:35:52,328739,$7.70,-37.548786,Port Samantha,Occitan,a4:c4:13:47:92:7a,86.150660
email-95.walker.com,21:42:13,422469116,$298.15,-63.547143,New Christiantown,Thai,89:4c:6c:3a:d3:19,-169.875571
email-53.murphy.com,08:31:47,36635084,"$6,754.30",-22.2286565,Coxberg,French,06:c7:18:59:3c:ab,-39.282918
web-80.dodd.info,23:24:47,9341931,"$1,866.58",24.5599525,East Kellyhaven,German,70:96:7e:68:cf:55,-42.930255
lt-03.ward.net,06:44:49,8861,$962.98,84.1313985,West Teresaburgh,Uzbek,26:f0:ac:45:81:1a,147.876561
db-05.smith-graham.biz,00:33:30,1,$46.54,-21.7785555,West Russell,Abkhazian,1a:ca:b6:35:73:b3,99.737681
srv-82.baker-davis.com,12:50:05,166861,"$4,523.96",59.242257,Amymouth,Icelandic,4d:fc:81:72:77:7e,155.431421
lt-44.payne-davies.info,04:57:35,446807294,$531.25,20.5594435,North Paulineview,South Ndebele,e2:db:8f:22:42:4f,-126.106022
db-29.pratt-davison.org,07:07:17,4,$37.78,49.989403,Maureenchester,"Sotho, Southern",44:34:a4:c5:c6:c2,97.832960
desktop-21.miller-richardson.biz,17:01:25,1131,"$79,243.05",-71.821202,Dannyborough,Chechen,81:6a:77:47:39:43,47.860264
desktop-32.talbot.com,06:34:44,331305020,$7.59,24.3952685,New Michelleside,Bulgarian,f7:57:93:19:e6:1b,146.983067
srv-79.hudson.com,21:13:45,85,"$82,178.99",-84.684432,Lake Graeme,Thai,26:ca:6b:bf:56:60,-149.092217
lt-22.riley.com,06:18:47,700,$35.58,8.1717895,Leeside,Nauru,21:ac:7d:83:52:d8,49.202275
email-89.simpson-hall.com,20:27:45,8830,"$99,048.70",78.301018,Port Kimberleyberg,Zulu,6c:98:be:4a:0e:22,55.995267
lt-08.clark-grant.com,08:30:23,942,"$8,002.84",-39.654315,Lake Darrenchester,Aymara,d3:ad:07:cb:90:f4,-172.125314
db-43.lloyd.org,01:32:48,220807,$788.47,61.0583815,North Lucy,Hiri Motu,e5:b5:62:bb:55:b9,-171.252425
web-22.read-knight.com,14:06:21,680,$83.37,-45.3792935,West Judithberg,Ewe,78:f0:25:52:78:44,60.575329
laptop-77.griffiths.net,08:23:04,8,"$51,887.75",-19.7275935,North Gary,Slovak,20:19:dd:af:40:1a,-106.623331
laptop-38.allen-king.co.uk,16:59:06,958873186,$8.74,62.361949,East Gregory,Kirghiz,7a:d4:35:f6:94:b8,110.509182
desktop-21.goodwin.com,13:31:35,533549306,"$93,959.65",-45.757628,North Eric,Fijian,80:ac:1b:69:a0:bf,48.627997
db-83.lewis-davies.com,20:56:53,404839020,$79.08,-70.8314055,Hussainview,Maltese,94:59:9f:43:08:c2,74.038739
lt-33.fletcher.biz,17:19:45,207974079,"$92,176.58",-65.747758,Bruceport,Kurdish,0f:10:11:80:4d:07,146.732871
desktop-96.jones.com,16:34:39,1760,$202.12,43.065982,New Alexander,Sindhi,17:1e:9e:e4:df:93,-173.763149
srv-41.payne.org,09:01:04,886,$0.02,-63.965365,Ellieburgh,Afrikaans,b6:ce:0f:a1:75:2b,14.406121
email-88.powell.com,16:33:00,611539292,$453.26,87.6481015,Karenport,Albanian,44:4f:ee:aa:28:a2,10.870854
desktop-24.davies-miller.com,05:45:51,69418268,"$97,312.60",11.4581855,Stephenville,Malagasy,e1:a6:2d:f5:6b:6e,-118.842011
db-68.jones-hunter.org,20:54:49,39347879,$404.76,-73.4576315,Lake Bethanymouth,Slovak,ad:10:89:e8:22:e7,16.728394
lt-39.howarth.com,15:27:41,384951,"$43,192.40",-84.3792195,Port Hollymouth,Turkmen,b0:d7:cc:e1:fc:3a,92.691779
web-03.hill.info,12:33:26,5161,$8.28,-46.5346055,West Teresaside,Icelandic,90:d0:0a:48:1a:0e,-31.980235
desktop-97.turner.com,09:17:29,19968800,"$3,573.30",-85.059730,Readbury,Macedonian,75:31:b2:f9:8b:3c,-38.354906
web-76.smith.co.uk,11:26:26,1752044,$420.91,71.8494105,Bradleyshire,Kanuri,c3:d0:b9:1d:5c:dd,52.119285
desktop-08.carter.info,19:42:42,193379308,$82.46,-14.1986385,Goughborough,Kashmiri,6d:ca:5f:df:de:08,176.404514
db-41.wood.com,04:42:02,34,$58.35,-40.9780935,Port Samuelton,Abkhazian,7e:5b:b0:ed:8d:64,144.935571
srv-38.walker-whitehouse.co.uk,04:27:28,83827111,"$2,338.02",80.1784895,Tobyberg,Javanese,08:f1:89:e2:46:5b,83.438607
lt-78.odonnell.biz,17:00:02,875338684,$54.17,56.3695225,Fionashire,Zulu,49:44:b2:7c:52:cb,39.125824
email-59.smith.biz,04:44:34,31292,"$87,379.93",-70.594357,Nicolamouth,Oriya,6a:e8:dd:13:63:b7,135.948697
db-13.reynolds.biz,05:01:10,4,"$7,620.12",-55.813334,Port Leahtown,Kanuri,a4:de:cc:ec:bf:73,-28.165109
email-32.farrell.co.uk,18:57:09,8,$44.68,34.8744415,Parkershire,Ganda,57:41:55:2d:f8:ef,-166.195996
laptop-19.vaughan.org,16:15:14,4381,"$7,655.15",-85.626747,Port Bethanland,Gaelic,a9:f2:9f:0d:f7:75,-155.957877
lt-86.stevens.net,18:44:30,52,"$41,507.70",58.9933225,South Clifford,Xhosa,c6:e2:da:a9:53:1c,-14.649411
srv-97.davies.com,22:27:08,344,"$2,911.92",89.166405,Lake Claireburgh,Shona,e1:c6:39:9f:8d:c3,-64.781771
laptop-34.hussain.org,21:05:48,3,$929.04,86.3506285,North Phillipbury,Walloon,e4:75:83:84:92:10,81.387039
desktop-05.pearce-baker.co.uk,07:04:57,118581,$490.23,-45.950115,Turnerstad,Chechen,26:99:e1:29:6c:11,-174.079354
db-69.hobbs-hayward.org,01:17:42,42586,$247.30,9.378904,New Kim,Luba-Katanga,b0:a3:11:84:c5:82,67.429204
db-40.armstrong-sharpe.net,22:16:36,448601075,$326.18,-10.187106,West Beth,Avaric,e5:ef:b3:9d:8f:54,8.492843
desktop-53.singh.co.uk,03:27:41,343946745,"$8,127.17",-71.812693,Williamsmouth,Lao,43:a6:89:b0:11:12,4.028819
email-51.stokes.info,17:59:47,244885,$55.73,50.9678305,Banksfurt,Norwegian,f2:6c:f4:17:d3:db,-15.315816
desktop-61.dawson.org,22:48:37,7610736,$354.07,-47.216371,Chandlerton,Somali,92:38:60:7c:de:4b,-25.481387
laptop-10.white-hart.com,11:50:40,394826506,"$4,887.88",-30.8865285,East Harrietport,Norwegian Nynorsk,8b:01:77:65:d1:99,-121.647327
email-07.hughes.com,16:18:03,7260,$78.48,21.1651635,West Nicholas,Malayalam,79:5b:42:1b:cc:f9,63.568524
email-74.adams-skinner.com,16:57:46,87162,"$4,472.00",43.895288,Lucyville,Catalan,c4:01:c4:1c:2c:b5,-85.463919
laptop-78.walton.info,08:23:49,75348019,$52.47,-20.606556,Lydiafort,Chinese,b6:d9:be:62:57:c6,93.962838
web-66.byrne.com,11:14:53,2268457,"$6,696.85",59.946789,West Angela,Serbian,1c:a5:c7:a8:a4:4a,-100.824419
desktop-61.wilkinson.com,23:17:43,481,$8.46,-15.6740265,Reidfort,Komi,27:42:f3:f5:6c:30,-5.637983
desktop-41.hughes.com,18:52:18,56925892,$6.05,85.2075075,Port Jake,Indonesian,73:25:4f:27:a1:59,1.447093
email-15.barrett.com,12:36:39,55,"$34,920.51",32.755093,Websterchester,Croatian,cc:c6:64:77:97:b3,94.297447
laptop-16.griffiths.com,02:10:44,4280,$852.45,71.7013425,North Alice,Tsonga,a1:09:2a:8b:0a:00,-74.436377
db-74.kaur.net,16:23:28,8692237,$71.90,-38.549411,Marsdenton,Tsonga,df:90:35:c1:59:59,-95.532902
srv-68.smart.biz,21:00:40,4791638,$8.73,-83.9348385,Lake Mary,Swahili,72:f9:4e:61:bc:0e,170.082480
db-10.gray.org,09:07:36,753833103,"$4,790.73",-55.995814,Vaughanhaven,Latvian,73:b0:53:4e:9f:91,127.679565
email-03.dixon-hussain.com,13:26:31,67734,$83.71,19.3118705,Dianaton,Japanese,eb:d0:67:d2:71:27,-172.625162
web-36.cooper.com,22:20:15,308213513,$199.49,82.2705815,West Benport,Basque,5d:cb:8e:67:ac:85,-80.321280
db-57.watson.co.uk,11:53:04,7,$0.88,-47.8662025,New Hilarymouth,Aragonese,e4:9f:b6:68:c1:c1,-81.611189
lt-55.phillips.com,21:18:01,67874760,$3.39,51.9626695,North Julianshire,Slovak,dc:d6:58:74:ea:92,135.365660
laptop-87.perkins-white.info,16:52:36,3201807,"$55,759.02",26.875435,East Glen,Pushto,98:9b:c1:d4:c6:bc,-170.876035
web-62.jones.net,19:54:32,420897630,$83.35,-77.597942,Valerieberg,Tibetan,26:d0:96:9f:17:f6,-172.018012
laptop-27.walker-edwards.com,17:04:49,3,$0.79,-6.714097,South Billyport,Malayalam,13:a5:4f:9a:f7:39,-64.280812
email-48.hall.com,11:56:01,213606194,"$4,716.19",-3.191198,South Stewart,Javanese,46:31:04:a3:6c:c8,-76.868501
db-39.morley.net,08:44:45,9,$4.06,41.962718,Walkerfort,Avestan,40:93:f8:02:f2:35,-142.529192
srv-99.james-wright.com,10:25:55,0,$115.46,-22.891575,Port Graemeville,Lao,e1:06:49:7c:a5:f0,-91.958362
email-85.charlton.net,14:38:38,256380970,$0.79,-11.3949585,North Emma,Albanian,3c:f2:2c:0c:37:de,-25.054697
srv-41.crawford.org,15:52:39,998,"$5,948.01",-87.806985,Leonbury,Interlingua,19:ee:f6:f1:d8:9d,-134.816442
laptop-61.kay.com,02:39:31,75673,"$8,018.83",-46.521184,Lake Angela,Tonga,e4:ab:54:96:d1:cb,166.006024
laptop-25.baker.com,15:35:59,95,"$6,845.90",-49.4262085,Daviesfurt,Ossetian,05:01:a2:92:28:01,-114.533851
db-40.storey-hall.info,03:13:21,1,"$2,834.01",22.8127045,Smithview,Wolof,b1:17:74:12:6d:5d,-89.506349
email-42.pearson-williams.com,02:15:23,82589341,"$8,116.48",-53.6900095,Natashaburgh,Romansh,02:3f:de:ff:b9:5b,51.221724
desktop-18.palmer.org,23:10:59,8,$44.47,68.076397,Lewisland,Slovenian,6e:d1:be:1d:21:08,170.229573
email-48.dale.co.uk,18:59:53,3,$33.14,-20.813282,New Kevin,Divehi,94:31:9b:45:0e:dd,-168.213603
lt-71.wood-dunn.info,22:02:21,37060087,$86.58,-84.830180,Humphriesborough,Slovenian,7e:0c:0e:b3:b7:03,23.261099
desktop-81.perry.com,04:42:48,781297714,"$10,521.10",74.264610,South Jemmaburgh,Hausa,7d:38:16:f2:0f:09,48.511358
db-81.murray.biz,18:53:45,6759431,"$3,172.22",83.921050,Lake Paigeshire,Bosnian,18:36:f3:f8:c5:e3,145.165815
web-52.smith-brown.com,19:14:30,10153177,"$14,008.52",-4.873259,Dianastad,Malayalam,a8:8e:b9:76:3f:68,142.834235
desktop-27.marshall.org,21:31:52,387399393,"$19,308.28",-21.646443,East Tracy,Limburgan,39:0b:15:37:56:1b,112.127868
lt-47.watts-douglas.com,19:36:11,3736,$60.12,-24.6850865,Port Bernardstad,Igbo,57:f3:4d:3c:6f:40,-33.013109
db-95.whitehead-howell.net,12:51:58,2,"$12,736.16",46.117698,Thomsontown,Slovak,b5:c6:2e:4b:11:b8,154.213368
srv-13.bowen-boyle.com,16:23:44,831444758,"$99,595.66",-84.363600,West Rosstown,Haitian,cb:73:d4:43:94:ee,-98.267437
desktop-43.hall.net,01:35:38,303,$5.80,-26.8728875,North Nicholas,Hungarian,a2:15:ac:d6:82:d1,-9.030822
desktop-01.shaw-wilson.info,02:32:18,4996458,"$78,953.04",-55.642186,Lake Ronaldburgh,Chichewa,23:b8:81:95:2e:20,-113.221798
srv-44.james-lloyd.com,15:12:25,466172255,"$5,221.03",-85.4049565,Port Vanessaburgh,Aragonese,53:94:91:94:ba:f4,-5.708625
web-38.webster-oneill.com,12:32:17,412853823,$3.76,-23.496319,East Grahambury,Luba-Katanga,68:a8:8c:d2:2d:98,44.295629
laptop-72.holmes.com,15:35:36,4024,$683.33,-78.576880,West Ruth,Burmese,3f:da:5b:e1:56:85,148.540466
laptop-15.potts.info,07:19:24,20,"$12,543.15",80.2789865,Declanport,Quechua,78:47:bf:4d:e0:3b,89.976952
srv-11.ross.com,19:04:00,30443887,$0.07,-84.231873,North Paulinebury,Oromo,41:0e:ea:07:f0:0e,136.140080
web-11.howell-evans.com,15:06:55,9002090,$89.16,48.8811225,Alexanderland,Vietnamese,2a:fe:bc:c9:cb:f8,125.167145
desktop-05.todd.com,07:25:54,450,"$92,749.96",26.843619,Connollyton,Hindi,cd:4f:70:59:8d:a7,129.668515
db-20.poole.biz,08:54:45,352631940,$50.91,-80.729947,Port Georgia,Abkhazian,92:b1:56:fa:4b:c6,-81.020264
db-72.begum-miles.org,05:10:44,2,$42.07,60.1519375,Jonesmouth,Kikuyu,0d:59:a1:e9:fd:ea,-7.436207
lt-17.banks.info,23:41:08,990747,$158.91,-8.759231,Turnerhaven,Kannada,65:e3:b6:0f:8e:df,-167.590728
desktop-67.barnes.org,15:51:08,154847,$38.65,21.826116,Gregoryburgh,Manx,fb:21:02:4f:7f:64,77.375386
desktop-09.morgan-williams.net,23:57:29,37515,"$8,339.36",-52.6286645,Georgiamouth,Serbian,c3:e7:e0:39:76:eb,-18.546716
desktop-17.wells.com,09:20:26,717419237,$453.21,-35.240664,East Lesley,Guarani,b2:56:7b:78:9b:55,86.764492
desktop-12.griffiths-gill.info,08:55:01,411494654,$3.45,18.469281,Phillipville,Tahitian,a7:e1:74:1c:23:bf,125.359762
srv-02.mann.info,08:15:51,8560675,"$3,843.60",30.999310,South Helen,Somali,90:0d:2b:09:ce:55,67.751555
srv-14.chamberlain.com,16:25:08,305,"$7,638.77",21.183383,Liamland,Tamil,2e:ac:09:65:07:66,-130.845404
web-89.morris.com,12:58:47,775553,"$9,800.42",-0.693014,Port Colin,Hungarian,75:63:e4:2e:37:ec,166.322919
srv-80.hobbs-green.com,12:06:32,59,$60.83,87.8004545,Wilsonbury,Catalan,23:13:ee:9b:83:73,149.383192
db-92.dodd.com,21:38:57,7427,$65.88,-89.890435,South Toby,Russian,c2:1d:3f:d1:19:87,10.351400
laptop-32.thompson.net,21:14:45,6495302,$330.41,-10.2545235,Donaldstad,Chamorro,32:07:ba:b0:4b:7a,26.602349
lt-45.mills-horton.org,05:27:25,64,"$25,575.42",72.979214,Barryview,Mongolian,bf:b1:03:6f:eb:f7,-34.700937
web-58.sims-green.com,22:31:43,526,$3.82,88.266372,Simonberg,Chechen,7b:57:52:78:e2:2c,22.802362
db-37.owen.com,12:12:38,2719,$687.77,54.8245015,Kayleighside,Kongo,41:d7:18:ca:00:1a,-15.904266
srv-56.kirby-davies.net,00:06:56,339654,$66.14,-65.578193,Abdulburgh,Chechen,52:e9:0f:58:15:8b,-127.299151
lt-48.wilson.com,16:53:57,97,"$3,621.28",14.200017,Eleanorbury,Luba-Katanga,bd:cc:19:92:53:95,-147.536675
db-48.barnett.co.uk,22:48:34,43321007,"$17,168.41",-33.750696,East Francis,Tsonga,f0:c3:a7:16:0b:52,53.137014
web-24.reeves.com,11:35:40,1053,"$85,979.41",6.6677425,East Angelastad,French,9f:bf:e9:da:d1:64,130.139346
desktop-64.lloyd.net,04:01:10,46503753,"$9,476.92",-18.994586,Lake Connor,Latvian,de:14:cc:af:52:87,-120.678398
email-67.stephens.info,08:15:57,70974,$89.32,76.715976,South Julianton,Kirghiz,5a:e1:46:33:f3:43,174.171629
email-31.james.net,02:13:48,73984,$77.43,-80.277922,Georgiaport,Haitian,96:a2:6d:49:73:89,-84.243523
email-50.daniels.com,02:33:51,76,$123.35,-65.1560495,Stoneport,Yiddish,a9:33:9b:f1:fc:47,-145.743370
email-66.harrison-harris.co.uk,10:48:35,476,$81.82,-31.6320505,Geraldbury,Estonian,a0:08:fe:76:80:50,-62.794857
desktop-85.morgan.com,03:22:34,90,"$9,396.89",-26.905747,Deborahport,Oromo,e0:e2:5b:6b:08:d9,-20.892291
srv-34.west-dunn.org,22:39:02,950,$7.95,33.023321,South Oliver,Danish,29:a2:46:4c:49:a1,-135.085070
db-85.hayes.com,06:59:19,90,$28.14,56.242152,South Lesley,Bihari languages,29:81:21:d5:15:5c,-123.470339
lt-26.clarke.biz,00:31:16,22,$8.63,-8.5934795,Bellberg,Tswana,78:21:33:3c:b8:65,127.801348
lt-20.dennis.com,15:45:37,88,"$7,492.87",-6.148478,Youngchester,Tswana,45:19:e2:cd:86:09,-145.729498
desktop-68.wallace-owens.com,11:17:07,69941,"$2,696.68",8.614877,Johnsonfurt,Kanuri,58:2b:a9:0e:e1:6f,-50.740625
lt-28.bond.com,22:50:23,41,$60.99,-82.559686,West Frank,Kanuri,eb:41:a7:f6:fc:52,-3.478787
lt-21.harding.com,17:13:47,82199,"$76,761.65",-60.090346,Lake Lynnehaven,Aragonese,b7:02:dc:51:36:64,132.041040
laptop-37.ward.com,21:57:30,229863031,$50.82,35.045671,Lake Gavin,Irish,b2:a8:95:56:0b:7c,26.167801
lt-10.patel-hussain.info,17:59:30,204,"$6,950.52",42.1160845,Nigelberg,Chinese,a8:ff:f6:2e:93:10,152.751441
lt-30.lamb.info,10:56:30,3,$5.16,-67.9549675,East Roy,Corsican,ff:84:73:db:83:bf,-152.261446
laptop-59.archer.com,00:42:38,2594,$4.61,-61.314856,New Russell,Luxembourgish,86:e7:06:f6:79:f8,149.647360
db-10.watson-howard.com,10:13:12,929851,$22.70,-34.264672,West Wendyport,South Ndebele,88:9c:da:5b:44:95,165.039286
lt-34.williamson.net,03:20:03,927,"$7,412.66",7.453470,South Kelly,Ossetian,45:41:a1:3a:e0:2f,28.069558
email-00.green.biz,17:27:02,3649,"$7,072.14",-72.5381445,East Catherinetown,Inupiaq,01:dd:93:c8:d1:d4,-113.037146
db-88.jones.com,01:23:14,98471,$893.15,87.600454,Dianaton,Malagasy,12:de:21:51:f3:bd,-140.406285
desktop-45.smith.org,19:05:18,380592,$0.54,-69.717743,New Grace,Venda,77:92:6e:c3:8e:d6,112.877515
laptop-36.murray-brown.com,12:02:17,9981,$248.22,81.7914805,Moorefort,Hebrew,1f:7f:e1:be:d7:3a,114.274991
desktop-76.begum.org,17:43:34,4,$90.23,-31.596436,Edwardberg,Serbian,2f:a9:2e:66:b8:01,-53.754217
desktop-99.willis-smith.com,20:03:57,6,$79.19,-17.548194,Ronaldmouth,Lao,23:f9:bf:85:6f:fe,171.505988
srv-61.gilbert-khan.biz,14:18:12,7618760,"$2,047.79",17.132113,Thompsonton,Slovak,00:4c:fe:0b:ec:54,122.992903
srv-95.dobson-bennett.co.uk,11:37:13,87103690,"$2,520.16",46.0292335,West Tony,Aragonese,67:61:0a:08:d6:85,152.944946
srv-30.phillips.com,14:51:25,33,"$36,016.03",12.5060525,Bethanborough,Ossetian,23:69:fc:2a:94:9a,173.183366
srv-22.jones.com,09:54:36,8218,$96.74,-24.604019,Fordbury,Hausa,04:6f:c0:bd:e6:c8,138.373116
web-73.griffin.org,20:08:59,8,$773.46,-54.916688,North Catherine,Rundi,28:cc:d0:66:16:ce,-32.051607
desktop-94.walters.com,17:05:41,90907,$660.98,81.250673,West Jacqueline,Inuktitut,6b:08:fd:63:fa:9c,-87.073237
email-48.brown.info,05:48:30,200769,$283.28,50.409114,East Marieview,Serbian,39:9f:30:0e:53:17,-80.541983
desktop-07.webb.info,08:53:41,96956,$4.73,-43.717812,Gilesberg,Latvian,64:2c:e1:fb:1d:64,-81.159456
desktop-18.thompson.com,04:29:48,5,$3.97,20.7008015,South Shirley,Slovenian,eb:96:99:7a:1a:00,95.586516
web-76.power-owen.biz,01:27:28,3204,$2.91,83.5391025,East Elizabethport,Ndonga,4d:1b:83:fa:ca:f1,115.781953
laptop-17.owens.com,20:56:21,4,$68.32,15.244985,Heatherstad,Herero,8d:a5:cf:cb:80:36,-73.561953
srv-37.price.net,07:44:57,2,"$8,548.92",86.977035,Port Dylan,Mongolian,48:07:fb:01:f8:56,65.472293
laptop-77.edwards.com,16:25:28,66,"$95,590.81",-33.9863615,Mooreborough,Northern Sami,1b:2d:fa:29:cc:1c,-83.032706
lt-02.clark.co.uk,17:33:55,41810836,$68.72,26.4996985,Dianafurt,Galician,62:2a:f1:50:c5:c6,132.959177
lt-79.roberts.biz,12:21:59,395,"$8,937.05",79.1727535,Smithland,Lithuanian,6d:d5:ca:34:cf:c5,12.668167
email-31.barker-davies.com,06:56:44,6667,$2.55,-61.484870,Reeceshire,Sundanese,02:ca:81:28:2a:52,4.822946
web-29.spencer.com,10:52:28,174362718,$0.94,81.4705675,Leanneburgh,Catalan,4a:97:f6:6d:ee:c5,-159.931008
srv-07.willis.com,19:32:50,17043,"$2,108.12",-83.9974265,Christophershire,North Ndebele,af:1a:4e:a5:32:bc,-131.096770
desktop-07.smith.co.uk,23:58:57,3214815,$622.73,-35.3028035,East Jay,Yoruba,ce:59:6f:20:bc:cb,136.616147
lt-21.moss.biz,14:12:25,22,$3.02,67.845832,Lake Gillian,Albanian,7a:6b:36:36:63:a5,85.722390
laptop-17.pickering.com,12:06:35,7616363,$3.67,-15.0779955,Maureenhaven,Aymara,13:70:8f:0e:7f:0c,-18.314687
email-39.robinson.com,18:17:33,2672722,$237.23,69.952906,Lake Philipshire,Uzbek,fb:67:73:2d:5b:92,-77.263184
email-64.woods.org,21:37:47,29,$2.60,-60.048034,North Eleanor,Xhosa,b0:ae:27:80:be:77,-175.941367
laptop-58.walton-patel.com,10:35:36,4150070,"$2,939.25",18.9198925,South Tom,Ido,1e:ed:af:75:83:83,19.699375
lt-44.stanley.com,11:55:30,73,$3.49,-73.606726,South Paul,Sichuan Yi,fa:0f:39:9f:6a:2a,95.831601
srv-73.robinson.org,11:25:00,1,$1.80,-85.8781255,East Joan,Interlingua,64:58:5c:4c:e6:8a,-157.703247
web-50.wilson.org,20:50:02,7,$86.72,-53.2277855,East Stuart,Inuktitut,0a:33:11:a7:3a:5e,167.738879
srv-26.spencer.com,03:11:28,71858,"$68,748.87",-86.359965,Brownhaven,Malayalam,f0:c3:e0:94:36:6d,-76.934332
desktop-83.jones-bond.com,07:43:47,2127145,$17.10,-29.5082675,South Ryan,Kurdish,eb:45:03:75:c6:4e,80.016890
desktop-97.sullivan-wilson.com,13:01:18,68,$282.14,-2.7018685,Lake Simonton,Korean,0d:27:3f:f2:8d:e5,94.251925
laptop-46.james.org,12:02:44,5,$730.12,73.067904,West Aliceborough,"Sotho, Southern",2b:18:ef:ec:ce:8e,-70.807637
email-10.hughes.com,03:41:13,5375,$17.79,64.2020085,West Paige,Romanian,f5:21:6c:3b:10:85,-155.221251
web-82.lynch.net,12:18:36,1621915,$70.37,-37.5150505,Benjaminfort,Romanian,69:a6:a1:6a:33:c1,-108.845225
srv-88.jones.org,08:47:43,720,$2.44,-9.5386645,Stephensonton,Oriya,81:ea:76:13:3d:12,-102.795022
srv-32.hamilton.co.uk,20:15:01,14,$64.35,72.384217,New Abdul,Somali,fb:4f:2f:55:1e:29,83.307841
web-65.douglas-parker.com,06:54:40,599,$689.18,-64.967794,Johnstonberg,Avestan,97:4b:78:9a:7b:56,-119.224339
srv-63.lee.com,16:29:18,18004,$0.55,-45.772136,Kellyview,"Sotho, Southern",73:6c:8c:9a:44:d0,-102.138835
lt-56.manning.com,02:56:16,12919,$518.98,83.915718,Holtburgh,Pali,a2:ee:c1:cf:74:3e,85.681859
laptop-48.phillips.co.uk,05:04:15,990678,"$10,210.92",61.827616,New Sharon,Bambara,07:06:99:12:ea:8e,67.851624
email-62.hart.com,12:09:59,4265518,$50.88,-38.962569,Nichollsland,Quechua,15:dc:d8:ba:91:bf,-155.488314
email-51.noble.info,04:17:22,15040890,$544.58,-64.8972345,South Jakemouth,Ganda,5f:46:e4:b4:6f:ec,-64.818732
db-86.sutton-miah.com,13:51:06,1699143,$30.63,-67.263605,Lake Maria,Norwegian,90:26:08:c9:22:bc,-154.283485
