nso,21:e2:77:a2:a9:00,2001-09-25,America/Jamaica,CH,Malagasy,768580,Senegal,laboriosam.flac,db-82.ruegg-kung.biz,Vevey,1983-04-06 04:40:39
nso,fc:70:ca:27:b3:93,1998-11-02,Asia/Tashkent,CH,Albanian,392217194,Lesotho,nobis.avi,web-53.gerber.com,Emmen,2012-03-21 17:19:10
eo,d1:7f:c2:7f:ee:ea,1986-03-15,Europe/Vienna,CH,Nauru,983130155,Madagascar,facere.wav,laptop-30.seiler.com,Thônex,1978-07-13 01:39:34
csb,17:c9:ec:cf:57:9a,1988-05-01,Africa/Bujumbura,CH,Turkish,716292,Tuvalu,suscipit.avi,srv-28.gut.org,Glarus,2014-02-13 13:34:38
doi,49:3c:89:ce:70:62,1999-12-12,Europe/Sarajevo,CH,Kinyarwanda,336,Singapore,tenetur.pptx,laptop-87.wehrli.com,Lugano,2006-08-18 11:42:39
kw,6b:27:9e:c4:9b:22,2005-07-28,Africa/Asmera,CH,Kongo,40952,Mozambique,vitae.txt,email-72.hofmann.com,Thônex,2017-12-27 22:42:54
mai,04:b8:56:3d:fe:ae,2001-01-19,Africa/Bangui,CH,Afar,514508,Montenegro,aperiam.mov,laptop-06.jost-portmann.com,Münchenstein,2010-09-03 06:44:36
gl,ea:45:06:a1:8f:98,2008-02-16,Asia/Pontianak,CH,North Ndebele,33,Singapore,corporis.pdf,srv-21.stutz-ziegler.com,Meyrin,1999-10-13 10:20:20
lzh,25:d6:bb:6e:1c:14,2009-01-21,Pacific/Kiritimati,CH,Igbo,274771,Liechtenstein,provident.js,email-52.knecht.com,Delsberg,1973-11-02 04:42:07
da,d9:94:30:34:08:1d,2008-04-01,Africa/Nouakchott,CH,Ganda,5,Switzerland,dignissimos.bmp,srv-15.friedli.com,Villars-sur-Glâne,1987-12-13 16:37:44
aa,be:03:0a:15:f4:fb,2016-10-01,Asia/Taipei,CH,Dzongkha,40975,El Salvador,necessitatibus.webm,web-62.moser-moser.org,Regensdorf,2011-11-12 10:36:59
gv,85:2f:be:ee:68:d3,1985-07-27,Europe/Prague,CH,Urdu,1266742,Grenada,eaque.mp3,web-99.gut.com,Le Grand-Saconnex,2006-04-22 03:39:22
xh,bb:be:37:46:33:b4,1981-03-23,Asia/Rangoon,CH,Italian,81,Malta,ullam.jpg,db-05.stockli.com,La Chaux-de-Fonds,2001-10-26 07:56:57
ckb,c8:10:9a:da:dd:fb,1982-01-30,America/St_Kitts,CH,Sardinian,4,Turkmenistan,sit.html,db-22.schlatter.com,Küssnacht,2000-01-21 12:00:05
ms,09:f4:8f:c2:ba:f8,1991-12-28,Europe/Vienna,CH,Serbian,35192,Niger,quo.avi,laptop-71.senn.info,Onex,2018-10-20 12:10:35
ur,2a:fb:c5:18:c1:8b,1992-08-30,Africa/Lagos,CH,Guarani,888636,Panama,quo.txt,desktop-79.hasler.com,Binningen,2017-04-07 01:31:39
nl,90:10:39:48:f3:f5,1979-03-21,Europe/Zurich,CH,Avestan,66,Dominica,soluta.jpg,web-46.wirz.com,Muttenz,1999-02-14 17:47:23
si,0c:12:71:66:f4:8a,1991-09-11,Africa/Accra,CH,Mongolian,95662629,Austria,unde.jpeg,web-77.leu.info,Riehen,1984-04-13 06:41:26
hne,c2:84:de:3a:ba:f0,1996-08-01,Asia/Singapore,CH,Marathi,431882368,Bulgaria,eveniet.jpg,email-36.zollinger.org,Sursee,1988-06-21 04:46:54
ig,39:08:6f:0a:26:c1,2000-06-23,Africa/Bamako,CH,Xhosa,9731,Iran,et.docx,db-04.seiler-weibel.info,Hinwil,2000-08-22 11:03:51
tr,15:d1:15:ea:ba:a5,2021-03-20,Europe/Vaduz,CH,Dutch,32083019,Myanmar,quaerat.csv,web-30.rey.com,Pully,2004-07-10 14:13:29
fa,fe:9c:dc:03:ee:9c,1976-08-19,Europe/Helsinki,CH,Korean,204759367,Guinea-Bissau,accusamus.tiff,desktop-46.walder.biz,Allschwil,2001-11-06 18:38:17
my,d7:3a:e0:40:76:8b,2012-03-21,Asia/Phnom_Penh,CH,Bengali,498663800,Madagascar,quo.mp4,web-76.lehmann.com,Kriens,1973-05-12 02:17:18
pt,e6:a2:45:0e:1c:3b,2022-04-06,Asia/Riyadh,CH,Kalaallisut,68627,Liberia,omnis.odt,db-12.seiler-steiner.com,Lancy,1986-06-24 00:45:27
sat,67:6c:41:d0:60:22,2012-05-08,Asia/Qatar,CH,Finnish,143375,Austria,alias.wav,srv-62.vogt-wenger.com,Amriswil,2003-02-21 08:44:06
ps,aa:04:0f:b0:94:5f,2016-02-05,Asia/Tehran,CH,Romanian,1233,Rwanda,itaque.flac,laptop-01.bar.com,Wil,2001-06-06 00:46:28
nr,a3:bb:96:e5:1a:5c,1979-08-21,Asia/Jerusalem,CH,Fulah,302633456,Hungary,impedit.js,laptop-19.kalin.com,Monthey,2013-09-09 06:10:53
af,74:91:df:c8:d8:4b,1991-05-26,America/Indiana/Vevay,CH,Danish,3546248,Tunisia,autem.bmp,lt-67.bieri.com,Pratteln,1985-12-14 21:58:16
bem,20:d3:fa:93:17:11,1981-02-08,America/Tegucigalpa,CH,Lingala,70,Tuvalu,inventore.csv,lt-53.bader.info,Spreitenbach,1991-09-05 15:47:37
wae,ca:9c:41:c3:64:f6,2014-09-05,Asia/Colombo,CH,Danish,17,Luxembourg,dolorem.css,desktop-55.lustenberger.com,Adliswil,1985-02-21 19:03:41
ha,2d:23:53:41:c7:b0,1977-09-28,Africa/Ouagadougou,CH,Lithuanian,8569806,Brazil,nisi.avi,db-30.staub-stucki.com,Altstätten,1994-10-19 06:53:07
mi,f7:9f:81:97:f3:40,2011-03-12,Africa/Tripoli,CH,Basque,112163911,Togo,dolor.txt,lt-17.imhof.com,Lugano,1996-03-15 17:17:28
lzh,d2:f1:e4:1b:ca:11,2016-01-28,Europe/San_Marino,CH,Marathi,7215710,Cape Verde,labore.xls,lt-39.frei-thommen.com,Arbon,2001-02-01 10:15:29
fi,94:8d:ca:d6:4b:50,2005-11-10,Europe/Skopje,CH,Navajo,9,New Zealand,sed.flac,laptop-34.meister.com,Neuenburg,1988-05-19 13:34:30
si,89:c3:d6:15:ca:cb,1991-02-02,Europe/Warsaw,CH,Fulah,5,Lesotho,dolore.mp3,srv-36.iten.com,Schwyz,1989-04-28 17:57:31
te,5d:32:63:97:98:0f,1994-12-12,Europe/Budapest,CH,Tibetan,7,Czech Republic,voluptates.gif,email-53.lang.com,Sitten,2010-03-30 02:06:10
gv,d0:4f:64:86:40:f7,2001-10-08,Asia/Taipei,CH,Uzbek,764,Belarus,quidem.js,srv-94.geiger.net,Kreuzlingen,2020-06-26 14:37:48
tl,b7:83:25:02:35:f3,2006-12-20,Africa/Mbabane,CH,Quechua,5152732,Andorra,cupiditate.txt,db-96.walter-wenger.biz,Suhr,2002-11-18 20:36:46
fo,2b:c8:1e:b0:ce:3b,1988-03-27,America/Dominica,CH,Arabic,226096,People's Republic of China,quisquam.bmp,srv-87.hotz.info,Basel,2014-03-15 00:48:54
hsb,bd:00:fb:49:c1:22,1990-11-06,Africa/Khartoum,CH,English,9193,Bulgaria,perferendis.mov,lt-71.zollinger.org,Amriswil,2022-07-22 20:10:04
tr,2c:ad:64:88:13:52,1976-09-04,Africa/Libreville,CH,Kurdish,285692123,Chile,id.html,laptop-79.roos.biz,Kriens,2009-04-10 14:19:40
hr,c1:0c:e6:fd:8c:44,1995-06-30,Europe/Berlin,CH,Esperanto,826,Suriname,magni.wav,lt-50.zollinger-hurlimann.com,Aigle,1982-09-15 15:04:39
bho,ea:e6:a1:5e:d8:48,1980-11-03,Europe/Podgorica,CH,Tigrinya,12,CÃ´te d'Ivoire,provident.css,laptop-33.luthi.net,Weinfelden,2019-07-02 12:03:20
mg,70:0c:df:d2:e3:92,1981-02-02,Asia/Yerevan,CH,Afrikaans,7311,Uzbekistan,ratione.xlsx,laptop-31.brun-arnold.com,Möhlin,1993-04-07 23:20:57
raj,a2:f0:70:76:a7:51,2004-10-12,Africa/Nouakchott,CH,Arabic,4058,Mozambique,deleniti.bmp,laptop-86.winkler.info,Neuenburg,1989-04-17 11:38:46
ml,1e:3d:98:15:58:f9,2009-06-22,Africa/Addis_Ababa,CH,Malay,58,Kiribati,assumenda.wav,srv-09.frei-kaiser.com,Basel,2019-09-04 03:10:51
az,cd:0d:26:08:85:fa,1997-07-06,Europe/Zurich,CH,Maori,89855954,Nigeria,quidem.mp3,email-81.schmidt.com,Horgen,1992-05-30 13:05:01
fil,bb:b2:ab:9d:6c:0a,1980-03-27,Asia/Bishkek,CH,South Ndebele,689004,Monaco,modi.mov,email-57.muller.com,Riehen,1979-03-07 07:20:39
as,1b:bc:d0:61:94:05,1982-10-22,Europe/Andorra,CH,Dzongkha,1479494,Madagascar,exercitationem.odt,desktop-98.wuthrich.com,Payerne,1990-09-19 06:30:05
tk,5b:f8:66:61:47:14,1985-01-31,Africa/Banjul,CH,Avestan,83568921,Central African Republic,excepturi.js,db-75.hofmann-albrecht.biz,Kloten,1996-02-14 10:13:01
mi,25:b5:0b:b0:26:44,1999-12-02,America/Bogota,CH,Croatian,398189,Egypt,voluptatem.css,db-31.hunziker-schumacher.net,Maur,2009-12-13 06:48:54
doi,89:9d:65:30:30:a3,1982-09-01,America/Tegucigalpa,CH,Aymara,0,Namibia,quae.js,laptop-26.schlatter-gerber.info,Kloten,1980-11-08 06:39:58
kl,e1:60:5a:c0:b5:a2,1989-06-03,Asia/Jerusalem,CH,Lithuanian,415945,Nicaragua,dolorem.js,db-62.schaub.com,Kloten,1992-04-13 12:24:59
tl,c6:9d:7a:52:f4:4b,1979-10-05,Asia/Bishkek,CH,Tajik,7,Ethiopia,fuga.tiff,email-62.zollinger-ammann.info,Cham,1996-09-09 00:07:58
tcy,00:af:1d:b3:b6:9d,2022-02-06,Europe/Vienna,CH,Ewe,82748750,Poland,praesentium.xlsx,laptop-16.stockli.com,Bernex,2021-04-06 19:03:09
wal,83:22:74:fc:63:0f,1997-09-09,Asia/Muscat,CH,Guarani,9,Chile,doloremque.bmp,lt-57.ammann.biz,Pully,1975-07-20 03:44:26
nso,5a:c2:85:42:cc:4a,1995-10-25,America/Havana,CH,Swahili,5,Saint Lucia,commodi.ppt,web-68.hurlimann.com,Romanshorn,2005-12-10 16:15:55
el,75:7d:67:dd:2b:a5,1996-08-16,Asia/Baghdad,CH,Western Frisian,852941186,Cambodia,nihil.mov,lt-99.hess.net,Yverdon-les-Bains,1996-06-20 20:52:28
ik,fe:64:e1:b8:0a:a8,1998-02-26,Africa/Freetown,CH,Luba-Katanga,728,Namibia,quia.avi,lt-17.tanner.net,Affoltern,1979-01-08 07:48:23
kw,b3:52:1e:a1:28:eb,1990-05-29,Europe/Malta,CH,Thai,1,Nepal,voluptas.pptx,desktop-62.bianchi.org,Richterswil,2008-02-08 13:14:27
lb,2d:7c:bf:11:dc:44,1970-09-08,America/Belize,CH,Komi,42,France,necessitatibus.avi,web-12.schoch.com,Oberwil,2012-07-10 15:54:08
the,1e:36:2e:32:e8:b4,1972-06-30,America/Porto_Velho,CH,Tatar,20230,North Korea,pariatur.mov,lt-22.kung.com,Gossau,1980-11-22 05:37:58
pa,97:c8:e3:92:51:31,2015-11-29,America/El_Salvador,CH,Komi,4,Russia,consequatur.txt,desktop-04.bianchi-seiler.net,Schwyz,2003-10-17 07:15:51
kn,75:25:48:ae:49:d6,1978-07-12,America/Guatemala,CH,English,14170,Pakistan,sit.odt,email-62.stucki.info,Zug,2019-12-16 01:33:45
hne,46:b0:66:d3:20:2e,1979-01-11,Europe/Paris,CH,Ndonga,181286,Kyrgyzstan,explicabo.wav,db-45.schoch.com,Richterswil,2009-04-05 21:56:03
ig,f7:5d:49:3c:29:15,2022-09-24,Asia/Nicosia,CH,Gujarati,79,Cyprus,quos.tiff,laptop-64.muller.com,Frauenfeld,2021-02-12 09:16:09
ve,bf:fe:46:4b:dd:8a,2008-03-09,America/Dominica,CH,Galician,49360566,Argentina,officia.pages,lt-28.buhler.biz,Dübendorf,2019-02-02 12:41:16
ve,f2:00:a6:3c:7d:12,2017-02-23,Pacific/Auckland,CH,Tibetan,297072,Comoros,pariatur.pptx,web-93.ruegg.com,Brugg,2022-04-12 21:27:55
uk,f6:e4:f0:14:29:2f,2015-05-22,Africa/Freetown,CH,Amharic,36,Tunisia,odio.txt,laptop-94.lehmann-suter.com,Suhr,2022-12-27 22:10:46
bo,ee:5a:c7:c8:8c:5b,2008-05-15,Pacific/Majuro,CH,Guarani,539701,Andorra,distinctio.json,desktop-70.schweizer-furrer.com,La Tour-de-Peilz,2016-09-27 13:14:41
is,89:3b:0c:24:6f:00,1970-02-06,Pacific/Nauru,CH,Chamorro,7769,Kazakhstan,non.mp4,desktop-99.stucki.com,Delsberg,2009-01-23 18:17:14
ti,44:4b:92:4e:5c:e9,2022-02-13,Europe/Vilnius,CH,French,3,Morocco,numquam.webm,db-53.hirt.com,Wil,2011-02-09 11:06:14
zh,39:f9:45:61:f3:22,1974-01-12,America/Panama,CH,Tibetan,678,Samoa,quis.mp4,laptop-86.winkler.biz,La Chaux-de-Fonds,2017-04-14 23:22:08
he,c0:37:5a:be:21:8b,1976-10-01,Asia/Rangoon,CH,Albanian,8091502,Mozambique,nisi.wav,laptop-08.naf.net,Plan-les-Ouates,2000-12-04 07:01:55
ug,84:db:a1:b2:31:e8,2007-02-25,America/El_Salvador,CH,Cornish,583184,Dominica,enim.flac,db-43.gut.info,Kloten,2008-05-21 21:33:39
pl,cc:33:03:03:27:43,2012-05-16,Asia/Kuwait,CH,Ukrainian,676,India,sint.mp3,srv-33.schafer.com,Lausanne,2003-05-01 03:25:44
ps,83:bf:b0:b6:37:46,2014-04-20,Asia/Baku,CH,Fulah,854,India,quam.avi,web-16.stalder.com,Wallisellen,1996-12-11 14:07:07
ff,c8:d2:15:f1:10:ed,2014-09-29,Africa/Accra,CH,Bashkir,2126,Indonesia,excepturi.flac,db-28.vogt.com,Glarus,2005-05-21 03:57:53
fa,00:98:9d:5e:e0:55,2014-04-27,Asia/Colombo,CH,Thai,8235738,Haiti,at.flac,laptop-86.schweizer.org,Bassersdorf,1976-06-23 22:22:36
hne,ba:67:ac:8f:70:11,2004-12-30,Asia/Dhaka,CH,Kuanyama,7,North Korea,similique.json,srv-87.pfister-kaiser.info,Risch,1970-09-08 20:20:33
ka,35:8a:99:1f:29:18,1999-11-29,Europe/Rome,CH,Malayalam,581319,Lesotho,suscipit.flac,laptop-34.felder-schneider.biz,Baar,2014-03-31 18:46:33
the,e8:ad:43:44:e6:d7,1982-08-25,Europe/Ljubljana,CH,Avaric,320369,Peru,provident.jpg,web-72.schafer-baumann.biz,Pfäffikon,2003-10-04 12:07:38
zu,3d:b2:5c:d3:db:f8,2010-03-28,Europe/Chisinau,CH,Fijian,99,France,consequuntur.wav,lt-70.kung.biz,Chêne-Bougeries,1986-07-06 17:15:34
fy,98:63:3e:d2:4a:df,1974-12-16,America/Grenada,CH,Maltese,7706,Bangladesh,debitis.pdf,lt-03.schar.com,Oberwil,1989-11-07 04:38:37
ast,66:83:c6:6b:6f:67,1975-07-01,Asia/Kashgar,CH,Inuktitut,17973,Malaysia,ullam.mov,laptop-59.burri-meili.info,Richterswil,2011-12-30 17:25:59
vi,ff:1d:a8:44:11:b4,1979-01-25,Africa/Lome,CH,Sinhala,6409989,Oman,voluptates.numbers,srv-07.maier-grob.com,Siders,2004-03-22 18:29:12
mn,58:24:a3:8d:e5:ab,1974-07-02,Asia/Yakutsk,CH,Polish,542538329,Albania,quam.pptx,web-43.steiner-lustenberger.net,Spiez,1998-12-10 17:09:10
pt,17:68:b0:e1:2d:d6,1994-09-29,Africa/Libreville,CH,Cree,72193216,Yemen,incidunt.tiff,desktop-87.wyss.com,Ebikon,1983-10-22 07:10:47
se,55:97:77:78:d4:ce,2020-04-27,Africa/Brazzaville,CH,Hungarian,5212495,Burkina Faso,voluptatem.json,desktop-00.eichenberger-mayer.biz,Wallisellen,1987-08-11 05:59:57
ms,83:06:41:a6:fb:6c,2018-01-10,Asia/Beirut,CH,Afrikaans,16180,Nicaragua,deserunt.jpg,desktop-98.hofer.com,Richterswil,2009-08-26 00:23:41
sr,cf:58:8f:0c:d0:05,1995-12-09,Asia/Nicosia,CH,Lao,1879,Burundi,voluptate.bmp,db-47.buhlmann.org,Dietikon,2015-08-31 22:58:34
fa,36:ee:8b:1c:a5:40,2021-01-09,Europe/Zagreb,CH,Kalaallisut,7485,Saint Kitts and Nevis,nostrum.docx,desktop-64.koch.com,Solothurn,1975-01-04 16:33:52
sd,2a:65:e5:b1:7b:88,2001-10-12,Asia/Karachi,CH,Yiddish,5328863,Croatia,eos.jpeg,db-84.kessler-hofer.info,Ostermundigen,2005-05-10 04:14:15
cv,4c:a7:d1:ef:b9:08,1995-01-05,Asia/Tbilisi,CH,Interlingue,516852,Colombia,id.avi,srv-34.mayer.org,Richterswil,1978-04-18 00:57:01
uk,ef:a9:a4:da:e3:d2,1984-06-01,Europe/Monaco,CH,Hungarian,2688,Samoa,a.mp3,lt-26.gasser-hartmann.biz,Bernex,1973-08-04 04:30:40
nhn,00:0c:72:d7:15:37,2018-11-20,Europe/Paris,CH,Thai,97172544,Samoa,occaecati.gif,db-49.hauser.com,Chêne-Bougeries,1999-02-21 13:22:09
kl,08:93:fd:90:1c:5e,1978-09-20,America/Guayaquil,CH,Aymara,2493770,Dominica,voluptatem.pages,laptop-50.hofstetter.com,Wetzikon,1981-12-11 07:41:26
nso,2b:8e:55:57:36:e9,2005-03-24,Asia/Tbilisi,CH,Luxembourgish,51,Zambia,perferendis.mov,srv-11.lanz-zurcher.com,Rüti,2013-06-14 09:15:13
hak,91:a1:90:56:c4:a5,2015-10-16,Africa/Casablanca,CH,Kashmiri,587572,Haiti,officia.html,web-28.roth.net,Opfikon,1979-01-10 05:28:51
wal,dd:8f:49:24:41:33,1973-01-21,Europe/Prague,CH,Malayalam,441911783,Kyrgyzstan,placeat.csv,db-91.amrein.com,Adliswil,1985-04-11 10:29:56
es,41:96:73:34:ca:4b,1989-09-25,Pacific/Efate,CH,Irish,265283,Comoros,voluptates.flac,email-51.suter-frei.com,Muttenz,2020-09-15 09:24:07
ms,56:69:ab:2b:cf:2f,1976-03-30,Africa/Gaborone,CH,Dutch,4,Guinea-Bissau,eius.jpg,web-71.schurch.com,Brugg,1971-04-14 18:11:54
wa,80:55:d0:28:6f:12,2020-02-14,Atlantic/Reykjavik,CH,French,65,Niger,cum.mov,srv-56.wuthrich.com,Romanshorn,2011-02-03 15:15:40
am,d0:18:58:e8:07:9f,2010-12-21,Asia/Calcutta,CH,Hiri Motu,729777,Belgium,deleniti.mov,laptop-22.brun.com,Schlieren,1985-11-11 15:24:09
szl,9b:5f:f5:fe:2c:44,1983-09-28,Indian/Mahe,CH,Lingala,1,Indonesia,hic.js,srv-40.kalin-schmid.com,Baar,2014-03-15 03:48:35
ht,57:87:fb:9b:4c:dc,2011-06-13,Europe/Zurich,CH,Kazakh,6049337,Cambodia,dignissimos.mp3,desktop-10.roth.org,Männedorf,2007-12-25 08:46:42
nl,a3:e7:88:67:d2:91,2001-10-26,Africa/Blantyre,CH,Tatar,89886067,Burkina Faso,molestiae.flac,web-22.bar-ziegler.info,Schwyz,1994-11-22 19:16:42
fo,14:ef:10:2e:d1:7b,1970-09-13,Asia/Beirut,CH,Bihari languages,774,Colombia,alias.doc,web-53.gross-kuhn.net,Münsingen,1987-06-07 16:52:24
bem,c8:49:5e:09:46:6f,1989-06-25,America/Asuncion,CH,Lingala,2623,Luxembourg,esse.numbers,srv-93.berger-baumann.com,Dübendorf,2005-01-30 18:42:37
bs,0b:db:29:32:f5:57,2016-11-10,America/Guatemala,CH,Tsonga,22765,Bhutan,in.pptx,lt-97.blum.com,Herisau,1988-03-27 05:04:32
uz,84:bc:b1:19:58:6e,2018-11-09,Asia/Kabul,CH,Nepali,74,Nigeria,reprehenderit.doc,lt-37.schmid-huber.com,Thalwil,1973-08-12 18:37:29
ckb,27:ad:d1:0e:a2:ef,2011-05-26,Africa/Sao_Tome,CH,Malayalam,9956,Cyprus,quaerat.html,db-84.walder.net,Zürich,2009-01-14 17:30:15
nds,66:78:ef:61:b1:1a,2008-11-20,Europe/Rome,CH,Maltese,3,Saint Kitts and Nevis,sapiente.flac,srv-31.eichenberger.info,Männedorf,1998-11-14 10:01:39
ru,6e:6a:96:5f:06:03,2010-02-17,Africa/Khartoum,CH,Persian,94322,Vatican City,atque.mp4,email-87.zbinden.com,Yverdon-les-Bains,2023-07-09 14:51:18
iw,2e:a2:4d:e3:79:8f,1981-04-21,Asia/Singapore,CH,North Ndebele,402,Denmark,asperiores.avi,email-82.bucher.net,Gland,2012-09-14 06:39:36
tig,ce:cd:83:bc:21:8a,2010-12-14,Asia/Yerevan,CH,Burmese,11,Mexico,cumque.mov,web-75.senn.com,Kloten,2008-05-06 11:21:53
lzh,07:be:21:43:56:f8,1979-09-29,Asia/Samarkand,CH,"Sotho, Southern",552,Belarus,facilis.mp3,lt-39.schurch.info,Rüti,1988-06-01 06:02:14
fo,07:52:18:df:aa:0d,2005-10-01,Asia/Pyongyang,CH,"Sotho, Southern",6651,France,ducimus.txt,web-83.iten.com,Affoltern,1976-02-21 11:44:35
sid,89:33:39:53:73:a2,1994-07-31,Asia/Yerevan,CH,Amharic,499365,Azerbaijan,pariatur.txt,web-97.schaub.info,Adliswil,2004-08-17 07:37:20
is,81:b8:b0:b8:7b:24,2019-06-05,Europe/Simferopol,CH,"Sotho, Southern",92,Costa Rica,natus.docx,desktop-22.steiner.info,Bernex,2023-07-12 08:27:30
ln,9f:03:3d:8e:11:2b,1991-03-04,Africa/Mogadishu,CH,Irish,93,Serbia,dolorem.css,web-78.pfister-schaub.com,Affoltern,2000-01-16 18:24:58
li,1e:34:fb:a1:1d:e7,2022-04-04,Pacific/Enderbury,CH,Ganda,1562,Malawi,ex.txt,email-38.eugster-jaggi.com,Steffisburg,1970-01-17 18:58:16
mn,19:9d:db:f2:b7:4a,2018-03-12,Pacific/Galapagos,CH,Marathi,8250,Brazil,cum.json,srv-02.eugster.org,Luzern,1993-05-28 06:32:24
ik,92:a4:ac:4d:d6:73,2011-08-07,America/Belize,CH,Croatian,5410,Uzbekistan,voluptatem.wav,db-81.bernasconi-schneider.info,Münchenbuchsee,1989-09-14 03:13:35
vi,ab:08:25:d8:c7:bc,2011-10-02,Europe/Monaco,CH,Walloon,45,Paraguay,quam.pptx,web-22.eugster-kaiser.com,Münchenstein,1996-10-10 14:00:57
ayc,13:da:67:a0:35:94,1981-06-19,Europe/Vaduz,CH,Maltese,614,Botswana,minus.bmp,laptop-79.wirth-roos.com,Reinach,1985-03-10 10:04:41
ts,ad:81:f4:32:e1:04,1990-05-20,Africa/Ndjamena,CH,Sardinian,49985454,Senegal,quaerat.wav,laptop-17.bauer-maier.com,La Chaux-de-Fonds,1992-09-17 03:23:30
the,d3:3f:d5:36:9f:41,2007-07-05,Africa/Dar_es_Salaam,CH,Lithuanian,5,Tuvalu,consequatur.mov,lt-90.lanz.com,Val-de-Ruz,1982-08-09 18:01:23
nn,54:40:ae:09:9c:4a,2015-05-28,Europe/Budapest,CH,Luxembourgish,775314,Canada,atque.png,email-78.sigrist-benz.net,Bellinzona,2014-12-19 03:45:23
nb,92:b6:9e:04:be:d3,2000-09-07,Africa/Mbabane,CH,Ojibwa,56,Guatemala,nobis.webm,web-07.tobler.com,Affoltern,1979-06-07 01:11:43
ayc,77:5b:fa:02:a1:df,1975-08-22,America/St_Kitts,CH,Chuvash,253577622,Sri Lanka,nobis.ods,srv-39.kohler.com,Ittigen,2014-01-10 23:17:06
ca,48:f9:3d:e1:28:5c,2020-05-24,Europe/Vaduz,CH,Hausa,489092,Swaziland,repellat.mp3,desktop-76.favre.org,Richterswil,2017-07-07 15:01:25
ckb,80:d6:1d:75:d6:d1,1991-12-10,Asia/Tehran,CH,Malayalam,39627633,Egypt,quo.mov,laptop-82.zingg-ott.org,St. Gallen,1978-07-12 04:48:27
da,3b:af:3c:bf:5a:34,2023-01-03,Africa/Johannesburg,CH,Zhuang,49381665,Bangladesh,maiores.csv,lt-40.eichenberger.com,Uster,1980-10-30 12:51:38
quz,4d:ef:7d:de:30:15,1992-09-01,Europe/Skopje,CH,Manx,526,Pakistan,perferendis.mov,web-99.wirz.biz,Kriens,1999-12-03 03:26:38
pa,c0:d4:15:8a:af:e4,1988-04-09,Africa/Blantyre,CH,Japanese,506955,Central African Republic,sint.odt,desktop-18.suter.com,Worb,1997-07-17 09:10:57
tk,80:36:19:6d:1c:1c,2011-03-24,Africa/Kampala,CH,Avestan,688,Singapore,maiores.mov,desktop-35.scherrer-kaiser.net,Glarus,2011-07-18 09:04:51
hr,7b:78:64:88:06:e8,1977-04-30,Europe/Sofia,CH,Navajo,22282,Marshall Islands,totam.xls,laptop-67.fuchs.com,Buchs,2014-02-21 18:28:17
ml,6a:96:0c:35:67:00,1993-08-06,Asia/Baghdad,CH,Amharic,77514,Kenya,nobis.mp3,lt-86.bachmann.info,Ecublens,1984-06-09 16:30:06
rw,6b:f4:e5:9a:a3:06,2020-06-30,Asia/Bahrain,CH,Catalan,566944802,Bhutan,fugit.pdf,web-13.ritter-iten.biz,Rüti,1976-09-15 03:25:47
an,58:e3:50:f8:b4:8d,1989-12-05,America/El_Salvador,CH,Interlingua,64,Thailand,at.wav,db-15.hug-weber.net,Wetzikon,1994-05-20 19:26:54
gu,d4:52:31:fc:6b:20,2019-06-28,Africa/Johannesburg,CH,Amharic,561,Barbados,reprehenderit.csv,desktop-09.burri-wirth.com,Arth,1976-10-17 18:16:57
or,14:0d:44:0d:76:ff,1977-11-06,Africa/Addis_Ababa,CH,Uzbek,852127,Namibia,esse.tiff,srv-86.seiler.com,Weinfelden,2006-04-11 08:01:38
ps,e6:f9:1b:02:51:07,2001-10-07,Asia/Calcutta,CH,Italian,948,Angola,dolores.numbers,srv-17.erni.biz,Naters,1978-07-21 11:43:05
ks,d8:89:f6:98:c8:14,1970-11-15,Atlantic/Azores,CH,Divehi,974,South Korea,totam.doc,email-06.favre-favre.com,Schlieren,1988-05-16 00:30:34
szl,9b:b5:75:58:53:99,1996-01-11,America/Phoenix,CH,Tonga,125,Cyprus,animi.xlsx,web-97.fehr-grob.com,Chur,2009-11-15 22:03:41
szl,45:aa:6d:0b:87:f7,1977-07-23,Europe/Skopje,CH,German,220,Armenia,et.bmp,srv-34.winkler-hurlimann.com,Reinach,2006-10-30 23:35:25
ak,fa:60:59:88:a0:56,1973-01-21,Asia/Kuching,CH,Romansh,690052756,Turkmenistan,repellendus.webm,srv-22.meyer.net,La Tour-de-Peilz,1987-04-14 14:32:06
hu,75:ec:67:a6:33:0f,1998-05-26,Europe/London,CH,Komi,2,Japan,dolor.flac,web-78.michel-probst.com,Rheinfelden,1994-12-31 20:38:58
ve,19:10:80:c0:a1:a8,2003-04-10,Pacific/Palau,CH,Oromo,6,Egypt,incidunt.tiff,srv-85.wenger.com,Thun,2010-05-13 12:13:49
sv,d6:4a:07:12:b3:29,1978-09-14,Africa/Djibouti,CH,Western Frisian,764774933,Bangladesh,nobis.ods,desktop-39.michel.com,Wil,2005-07-28 02:26:16
uz,4a:86:8c:3b:bc:04,2019-12-17,Africa/Kinshasa,CH,Interlingue,4645,Belarus,ea.html,desktop-50.hofer.biz,Morges,1980-03-24 16:01:47
gd,a1:8f:aa:58:23:1f,1990-06-03,Europe/Tirane,CH,Turkmen,8353,Austria,consectetur.pdf,desktop-55.peter.net,Horw,2012-12-17 22:36:15
szl,86:8c:4c:57:c8:8b,1976-08-02,Atlantic/Reykjavik,CH,Bosnian,188220,Costa Rica,et.gif,web-11.michel.com,Nyon,1986-11-29 03:14:35
ayc,29:9d:ce:9d:ba:84,1973-09-03,Africa/Ouagadougou,CH,Hindi,3,Mauritius,fugiat.wav,email-04.knecht-burri.com,Lausanne,1984-10-05 06:59:31
lzh,7d:7d:d7:c6:75:9f,1979-08-23,Europe/Kiev,CH,Vietnamese,563,Tanzania,ab.xlsx,web-14.mayer-stalder.com,Richterswil,1977-07-07 13:22:48
mk,73:e2:08:68:fe:66,2008-06-29,America/Belize,CH,Tatar,4804,Tuvalu,a.odt,lt-50.meister.net,Rapperswil-Jona,1975-02-24 01:11:48
sd,e6:b2:b7:3d:b3:88,2001-11-19,Africa/Banjul,CH,Icelandic,717974,Burkina Faso,fuga.css,db-17.schenk-weber.com,Crans-Montana,1981-07-02 21:31:45
bo,0c:79:89:2e:6d:54,1974-01-17,America/Bogota,CH,Macedonian,26,Togo,expedita.csv,db-02.bachmann.net,Montreux,2002-04-28 05:16:38
nso,91:16:23:8a:19:02,2005-01-03,Europe/Andorra,CH,Ojibwa,742994674,Gabon,cum.mp4,srv-47.ziegler.biz,Basel,1997-04-10 16:26:03
tl,b3:c7:fa:ad:5a:65,1980-08-23,America/Montevideo,CH,Tagalog,9,Philippines,quibusdam.html,laptop-36.bosshard-stalder.biz,Stäfa,2003-05-06 08:39:02
rw,77:82:30:fc:cd:a4,1989-02-21,America/Guatemala,CH,Kazakh,4146,Chad,optio.pptx,lt-94.wenger-bachmann.biz,Oftringen,1975-05-20 04:43:23
pap,42:bb:78:dc:31:54,2014-12-20,Asia/Jerusalem,CH,Esperanto,54183269,Tajikistan,id.png,srv-69.herzog.org,Adliswil,1970-04-29 15:38:45
he,dc:08:df:53:78:74,1996-01-11,America/Guatemala,CH,Dzongkha,8368,Afghanistan,accusamus.ods,srv-50.zimmermann-studer.org,Ebikon,1996-06-02 09:41:27
ug,5b:62:10:a1:a1:8f,1972-10-24,Asia/Taipei,CH,Venda,2804,Guinea,ex.tiff,laptop-58.luthi-schaller.com,Chêne-Bougeries,1986-11-08 03:24:05
xh,8f:c7:06:74:70:9a,1982-05-26,Africa/Bangui,CH,Western Frisian,136,Kuwait,nam.wav,laptop-94.studer.com,Kloten,1986-11-09 05:22:26
hy,a0:14:19:16:30:b5,1986-08-19,Indian/Mahe,CH,Bihari languages,718230,Afghanistan,vel.txt,desktop-36.kaiser-ammann.com,Birsfelden,1972-02-10 08:07:16
nn,3c:96:6f:19:53:24,1982-08-27,Africa/Bangui,CH,Tagalog,432,Hungary,laboriosam.mp3,db-42.schoch-bosshard.com,Suhr,2000-03-19 15:10:53
br,6d:e3:4a:db:71:4a,1974-03-24,America/Nipigon,CH,Persian,765,Barbados,suscipit.mp4,laptop-34.gut.com,Köniz,2020-07-13 09:52:47
ss,6f:1c:5a:04:67:90,2007-11-09,Europe/Podgorica,CH,Croatian,6664334,Brunei Darussalam,animi.js,desktop-11.wirz.com,Stäfa,1971-08-21 23:32:28
ca,a7:e2:3e:91:bf:b3,2013-10-25,America/Merida,CH,Interlingue,1756,Madagascar,minus.csv,srv-17.wirth.net,Chur,2001-08-31 19:11:43
nr,c0:fb:43:91:b6:3c,2007-12-17,Africa/Abidjan,CH,Nepali,7,India,occaecati.gif,laptop-12.furrer.com,Luzern,1989-10-02 07:18:24
my,0c:8b:18:42:ed:be,2006-07-14,America/Caracas,CH,Marshallese,534576046,Samoa,officia.png,laptop-67.ruegg.info,Weinfelden,1977-10-11 21:15:08
mhr,df:e6:64:6f:80:cc,1991-08-25,America/Paramaribo,CH,Sichuan Yi,4808,Senegal,similique.webm,laptop-19.gasser-sigrist.com,Onex,1997-07-20 09:01:19
byn,3f:3b:bc:3d:36:27,1981-04-02,Europe/Lisbon,CH,Assamese,81094924,Kyrgyzstan,nihil.js,web-48.muller.org,Wädenswil,1989-03-17 10:18:33
ber,03:d0:2e:f2:0e:8c,2022-06-20,America/Caracas,CH,Tajik,875572559,Republic of the Congo,deserunt.bmp,srv-32.fuchs-schafer.com,Val-de-Travers,1975-12-17 09:44:12
mi,94:3c:11:41:bc:f5,1998-09-20,Pacific/Palau,CH,Korean,24449,CÃ´te d'Ivoire,officiis.js,db-20.benz.com,Möhlin,1981-02-14 14:46:17
be,10:bf:e8:64:13:27,2012-03-18,Asia/Tashkent,CH,Somali,372511,Austria,maxime.png,lt-11.blaser-felder.org,Oftringen,1992-02-26 21:27:19
sv,33:13:1f:c8:2a:2c,1972-08-16,America/St_Lucia,CH,Japanese,529673,Malaysia,minus.bmp,lt-10.vogt.com,Allschwil,2001-08-08 12:21:58
sv,36:86:69:1f:e1:1e,1980-10-14,Asia/Ulaanbaatar,CH,Mongolian,815738260,Brazil,doloremque.jpg,desktop-51.wegmann-jenni.org,Monthey,2020-02-21 21:43:19
fr,ab:c8:9c:5e:92:f0,2007-04-27,Europe/Skopje,CH,Swahili,905033,Eritrea,aperiam.webm,email-04.hafner-hofstetter.com,Siders,2002-07-01 10:16:09
az,26:55:28:e6:a8:1a,1988-05-28,Asia/Tehran,CH,Oromo,38,Morocco,cupiditate.jpeg,lt-54.wirth.com,Riehen,1971-10-08 14:58:31
hu,7c:96:c8:f9:25:a1,2013-01-05,Asia/Jerusalem,CH,Fijian,766,Liechtenstein,aut.bmp,lt-32.stettler-graf.com,Bülach,2023-06-26 03:05:13
bn,cb:38:21:9d:df:90,2023-02-21,America/Port_of_Spain,CH,Corsican,42,Tanzania,vitae.tiff,db-39.hofmann.com,Münchenstein,1978-03-12 23:09:50
et,9f:e2:7b:a5:41:9f,1991-04-03,America/Bogota,CH,Rundi,4702626,Sweden,laborum.json,email-49.felder-schweizer.com,Birsfelden,2004-01-27 20:48:09
ce,71:39:9c:69:c1:ff,1984-11-20,Africa/Addis_Ababa,CH,Ganda,853903,Georgia,culpa.txt,desktop-16.hofstetter-bolliger.net,Sitten,2020-04-27 17:40:51
lo,8f:fa:74:a1:d3:bf,2019-10-24,Asia/Brunei,CH,Guarani,711,Venezuela,fugit.ods,email-48.bernasconi.com,Wald,1992-06-23 20:00:12
nb,09:ee:37:73:5c:c2,1997-12-31,Asia/Harbin,CH,Tigrinya,459489205,Kingdom of the Netherlands,aperiam.odt,laptop-46.fuchs-kung.com,Lausanne,1970-10-01 13:20:02
ca,28:29:06:9f:5e:9c,1990-04-03,Africa/Kinshasa,CH,Romansh,25855,Germany,id.wav,email-68.stadelmann.info,Dietikon,1982-06-09 17:57:23
fa,74:33:f6:7a:69:5f,1972-06-17,America/La_Paz,CH,Thai,2835,Italy,cumque.tiff,email-37.fankhauser.biz,Wallisellen,2009-02-14 12:31:50
lb,83:de:0b:79:64:74,1976-09-14,Africa/Malabo,CH,Catalan,5151,Mongolia,ab.avi,laptop-16.hofstetter.com,Zürich,1978-11-09 20:19:45
fil,7a:21:a2:c1:7e:98,2008-05-27,Europe/Malta,CH,Bislama,5054093,Sweden,non.numbers,email-83.steinmann.com,Pully,2015-06-02 16:12:42
li,c4:ef:97:3c:14:2d,2006-11-27,Europe/Stockholm,CH,Occitan,2253,Mongolia,ducimus.mp4,srv-15.lang-lehmann.com,Zürich,1984-10-11 07:21:57
tg,06:6b:93:c8:1c:26,2013-07-12,Europe/Vatican,CH,Norwegian Nynorsk,73,Tuvalu,id.mp3,laptop-64.ammann.com,Muri,2017-03-10 15:26:15
mi,6e:c6:b7:a1:c9:07,1977-04-29,Africa/Djibouti,CH,Latin,73229500,Burundi,necessitatibus.png,srv-09.koch.org,Morges,2010-07-07 12:17:51
bs,53:5e:48:ac:f2:ba,1987-04-11,Africa/Ceuta,CH,Icelandic,49291548,Uzbekistan,quos.gif,web-86.stutz.biz,Bellinzona,2012-12-11 09:10:10
mt,1f:bc:59:eb:96:eb,1975-08-07,Africa/Maputo,CH,Afar,3987184,Kiribati,iure.xls,web-02.aebi.com,Mendrisio,1978-09-19 02:45:52
eu,e2:47:d5:c3:7c:36,1971-12-15,Europe/Belgrade,CH,Tagalog,722189721,Republic of Ireland,recusandae.json,srv-53.hofstetter.com,Oftringen,1994-01-28 13:39:54
xh,1d:50:78:74:97:cf,1974-08-26,Africa/Gaborone,CH,Kanuri,67,Uzbekistan,amet.mp3,lt-18.zollinger.net,Ittigen,2022-07-13 07:12:56
ckb,cb:48:60:c0:05:21,2021-08-05,Africa/Freetown,CH,Estonian,0,Australia,ratione.mov,email-47.mettler.info,Freiburg,2013-07-12 15:19:19
mag,ed:2f:87:1b:cf:52,1986-01-28,Europe/Berlin,CH,Xhosa,72,Syria,molestiae.wav,web-90.stalder.com,Volketswil,1987-10-09 15:04:18
th,fd:0e:41:04:c8:0c,2004-05-14,Asia/Phnom_Penh,CH,Sango,488456833,Chad,suscipit.tiff,web-09.tanner-hotz.com,Romanshorn,1972-08-29 21:58:37
lv,a9:5a:d6:72:1a:70,1981-06-10,Asia/Qyzylorda,CH,Aymara,2844021,Uzbekistan,quo.json,srv-66.scheidegger.com,Affoltern,1980-05-06 11:30:44
it,a2:0f:b6:61:5c:dc,1981-10-28,Europe/Bucharest,CH,Bashkir,95319213,Nicaragua,ipsam.pptx,web-03.fankhauser.info,Aarau,1973-06-15 21:51:46
ia,6b:66:01:2a:e7:18,1975-06-12,America/Grenada,CH,Sanskrit,8745,Latvia,possimus.js,srv-00.wolf.biz,Burgdorf,1985-10-12 13:23:15
bn,83:a2:8b:ee:d5:a6,2014-02-22,Africa/Luanda,CH,Cornish,808,The Gambia,voluptates.bmp,web-14.peter.com,Montreux,1997-08-20 04:18:13
sw,1e:65:b0:9e:0e:6d,2003-12-03,Europe/Stockholm,CH,Armenian,38889357,Syria,quae.pptx,lt-72.zbinden-knecht.com,Liestal,1988-06-16 15:47:57
cs,5a:6f:e1:49:e4:3d,1971-08-07,Asia/Bahrain,CH,Maltese,5765,Rwanda,distinctio.csv,desktop-57.egli.biz,La Chaux-de-Fonds,2005-05-17 20:50:27
bs,d5:f8:21:7d:0d:e3,1986-03-06,Asia/Bishkek,CH,Bulgarian,643846098,Benin,maiores.odt,desktop-62.baumann-koch.com,Gossau,1988-03-07 00:49:35
ia,76:f0:32:7b:63:1b,2004-08-08,Europe/Chisinau,CH,Armenian,862108865,Morocco,a.docx,lt-29.imhof.com,Riehen,1992-11-01 19:21:20
sc,fd:7b:60:fe:79:30,2017-11-22,Europe/Minsk,CH,Latin,3,Senegal,labore.json,web-32.zehnder-schumacher.com,Wohlen,1989-09-29 18:07:06
fil,09:47:7b:b3:5d:1d,2008-07-31,Asia/Rangoon,CH,Xhosa,58559463,Bahamas,in.odp,email-64.friedli.com,Bellinzona,2006-06-16 03:16:10
ha,be:88:17:bd:c5:ef,1995-03-29,Africa/Lome,CH,Sardinian,4147357,Oman,quae.html,desktop-88.wehrli.com,Frauenfeld,1990-07-18 04:04:24
mi,34:79:15:f7:97:c0,1986-11-17,Europe/Brussels,CH,Ido,17103,Bulgaria,architecto.mp3,db-69.frei.com,Nyon,2022-11-04 02:12:09
mni,6c:2d:f8:2b:8a:01,1997-10-23,Europe/Helsinki,CH,Portuguese,584,Swaziland,fugiat.mov,web-85.betschart.com,Sursee,2023-06-11 02:30:58
af,5c:9a:a5:df:69:ac,1979-04-10,Africa/Tunis,CH,Wolof,93,Jamaica,quae.csv,email-03.hofer.org,Muri,1985-10-24 07:45:31
tcy,bc:2c:75:e4:ad:4d,2010-02-25,Asia/Bangkok,CH,Esperanto,303,Ethiopia,quidem.mp3,desktop-35.michel-gloor.org,Lugano,1994-01-13 07:23:56
hi,fd:43:41:a9:10:66,1973-11-23,Asia/Nicosia,CH,Malagasy,213,Oman,vel.txt,lt-94.baur.org,Spreitenbach,1997-10-10 07:33:47
da,e9:a6:2b:3d:54:6b,2001-11-04,America/Bogota,CH,Russian,73,Brazil,incidunt.jpeg,lt-57.schumacher-huber.info,Val-de-Ruz,1989-06-25 14:29:04
he,e2:53:fb:55:bb:c1,1982-03-11,Europe/Tirane,CH,Malayalam,320,Comoros,veritatis.wav,laptop-06.baur-favre.com,Pratteln,1986-03-09 10:09:04
fy,3e:54:88:11:a1:78,2016-09-23,Europe/Malta,CH,Danish,8,People's Republic of China,quidem.flac,web-41.lanz.com,Wetzikon,1982-10-18 02:18:35
ta,5b:d0:72:a4:c8:77,2004-07-12,Europe/Belgrade,CH,Catalan,5754058,Samoa,aperiam.ppt,db-82.wegmann.com,Küsnacht,1987-09-13 23:16:32
en,3d:99:c5:87:7b:f5,1977-01-29,Europe/Tallinn,CH,Tonga,1156731,Saint Lucia,maiores.html,email-16.luscher.com,Volketswil,2018-03-26 10:32:19
pt,f0:6e:8d:e5:89:98,1972-06-28,Africa/Maseru,CH,Komi,30845,Bangladesh,vel.webm,web-44.kaiser.org,Kloten,2009-06-16 22:41:02
st,f2:a5:17:5c:5a:66,1978-07-20,Europe/Ljubljana,CH,Italian,957740403,Dominica,beatae.flac,web-61.keller-schwarz.info,Dübendorf,2016-06-24 00:32:27
nb,92:c3:20:f5:e9:2b,1975-06-19,Africa/Dakar,CH,North Ndebele,23415727,Belarus,temporibus.jpeg,email-78.stucki.com,Maur,2020-09-08 01:44:15
ak,ab:5b:7f:73:0d:4f,2016-09-21,Africa/Windhoek,CH,Burmese,79,Lithuania,voluptas.csv,srv-78.kaiser-baumgartner.com,Stäfa,2011-08-11 17:05:57
zu,e4:9c:9d:17:e6:21,2008-11-28,America/Argentina/San_Juan,CH,Haitian,3,Czech Republic,placeat.ods,laptop-17.ritter.com,Basel,1983-08-17 06:10:10
gez,ee:06:49:69:da:98,1976-05-24,America/Paramaribo,CH,Finnish,221,CÃ´te d'Ivoire,perferendis.ods,email-65.suter-ruegg.com,Aarau,1991-01-27 23:38:31
my,bc:72:8b:80:5d:08,1977-06-10,Asia/Dhaka,CH,Sindhi,417,Malaysia,illum.avi,lt-19.felder-graf.net,Yverdon-les-Bains,1971-01-30 23:10:32
mt,1e:e2:7f:85:93:b8,1976-04-03,Africa/Cairo,CH,Fulah,6079389,Grenada,temporibus.jpeg,email-78.forster.biz,Wil,1997-10-17 21:03:38
cv,b7:83:74:04:ed:a3,1975-08-23,Africa/Lusaka,CH,Interlingue,25,Sri Lanka,saepe.wav,db-92.hirt-egli.info,Oberwil,2022-12-07 16:05:14
eo,48:9b:97:30:9a:37,1999-04-09,Africa/Conakry,CH,Kashmiri,21,Spain,blanditiis.mp3,lt-41.favre.com,Küssnacht,1992-08-12 23:45:19
cv,6d:c3:9a:91:93:38,2017-09-11,Africa/Bujumbura,CH,Mongolian,51,Dominican Republic,beatae.gif,lt-78.schumacher.com,Steffisburg,1984-10-10 09:27:04
nds,ae:c4:87:75:bc:4a,1981-02-19,Asia/Almaty,CH,Kuanyama,918637417,Brunei Darussalam,ea.mov,db-02.tobler-wolf.com,Bassersdorf,1999-08-15 00:51:38
nds,1a:b5:2d:45:25:20,2012-01-16,Africa/Dakar,CH,Turkish,4067,Samoa,deleniti.flac,db-92.bianchi-gasser.com,Burgdorf,1975-10-25 05:38:04
tk,28:c7:4a:31:01:28,2015-05-20,America/Blanc-Sablon,CH,Herero,1129879,Saint Lucia,quam.doc,web-60.maurer.info,La Chaux-de-Fonds,1978-07-11 14:28:29
gez,a0:33:98:90:18:54,1988-09-21,Asia/Phnom_Penh,CH,Sanskrit,58,Samoa,quibusdam.css,web-33.schneider.com,Genf,1980-12-26 03:43:39
li,ac:b5:5e:96:ec:e8,1982-01-09,Asia/Phnom_Penh,CH,Turkish,60062,Singapore,earum.flac,email-21.kalin.info,Stäfa,1995-11-08 09:48:36
nn,20:e0:6e:86:97:77,1990-05-15,Africa/Bujumbura,CH,Ossetian,3,Hungary,minima.wav,web-01.keller.com,Hinwil,1987-01-23 17:18:14
ky,8c:ca:9d:cc:c2:69,2016-07-22,Africa/Johannesburg,CH,Azerbaijani,340714288,Albania,provident.pdf,lt-27.sporri.com,Langenthal,2021-05-12 19:38:02
kn,94:2c:f6:97:bb:81,2019-06-24,Africa/Dakar,CH,Inupiaq,655722677,Monaco,corrupti.mov,db-86.kaufmann.com,Dübendorf,2007-10-07 13:40:05
sk,3b:6b:ab:b3:14:9b,1978-08-29,Africa/Mogadishu,CH,Bihari languages,24,Comoros,harum.flac,desktop-36.wirz-koch.org,Bernex,2021-10-31 13:41:13
es,3a:82:11:f8:ed:ee,2010-08-22,Asia/Karachi,CH,Ido,91551,Botswana,hic.html,db-94.portmann-graf.com,Wald,1999-07-07 07:20:35
ber,f3:e3:e4:f3:24:d5,1978-09-05,America/Caracas,CH,Tigrinya,18051120,Slovakia,labore.pptx,desktop-65.hasler.info,Langenthal,2010-04-06 20:57:19
mn,29:58:8a:7d:0f:05,1977-12-16,Africa/Porto-Novo,CH,Tatar,568673,Yemen,enim.flac,laptop-35.hofer-beck.com,Lugano,2012-01-18 22:41:56
an,5f:12:ef:b6:e6:6c,2006-03-15,Europe/Tirane,CH,Basque,70620,Liberia,iusto.pptx,desktop-88.weibel.net,Wallisellen,2008-04-11 11:03:49
am,05:0d:9b:93:26:34,2011-06-22,America/Indiana/Vevay,CH,Burmese,270,Republic of the Congo,fugiat.gif,lt-76.walter-schweizer.net,Siders,1984-11-24 09:25:41
tcy,8c:e4:c3:ff:c7:11,1992-06-23,America/Winnipeg,CH,Portuguese,4,Thailand,a.wav,desktop-73.ackermann.com,Lenzburg,1994-11-16 03:32:05
aa,5a:b5:85:f2:0c:07,1994-07-21,America/Panama,CH,Javanese,8342,Honduras,nemo.ods,web-64.betschart.org,Burgdorf,1987-11-08 02:27:05
hu,7c:3a:60:1f:e0:f7,2022-02-10,Asia/Gaza,CH,Zulu,5744041,Tajikistan,perferendis.flac,db-84.graf.com,Thun,2019-04-19 03:47:33
tk,2f:5d:30:73:56:f2,2006-09-27,Asia/Kuala_Lumpur,CH,Maltese,384,Fiji,cumque.avi,web-30.keller-stucki.org,Uster,1977-05-24 19:17:33
en,61:d9:c5:34:c9:9f,1985-11-26,America/Havana,CH,Azerbaijani,363,Slovenia,hic.webm,desktop-68.steinmann.com,Gossau,1972-06-16 12:29:17
ro,29:fa:64:13:dd:d7,1992-09-08,Indian/Maldives,CH,Slovak,910713,Belize,ullam.bmp,desktop-39.jaggi-maier.org,Uster,1978-04-27 19:26:31
kw,e8:26:64:d8:17:7b,1972-12-02,America/Mexico_City,CH,Esperanto,756,Cameroon,quia.json,email-80.roth.biz,Meyrin,1997-05-03 14:28:08
ku,3d:f0:e5:5e:56:00,2022-06-19,Pacific/Chatham,CH,Dutch,197352831,Greece,quos.pages,email-31.kern-rey.com,Allschwil,1980-02-22 00:58:09
pap,81:dc:9c:cc:65:93,1972-11-06,America/Guatemala,CH,Avestan,6958,Armenia,cumque.png,email-28.luthi-schneider.com,Suhr,2018-03-19 05:51:44
lt,31:69:c9:5f:f8:75,2017-11-26,Africa/Kigali,CH,Armenian,50,Malaysia,dolorem.avi,desktop-77.wagner-mettler.org,Versoix,2009-06-06 14:47:01
zh,7e:63:8e:05:1a:c3,2010-10-07,America/Asuncion,CH,Greek,43293,Iceland,earum.txt,srv-59.maurer.net,Schaffhausen,1989-08-30 22:40:44
fil,a3:02:90:0a:54:03,1998-05-22,America/La_Paz,CH,Bengali,40290956,CÃ´te d'Ivoire,a.numbers,email-31.huber.com,Volketswil,2017-04-25 08:26:06
ug,78:e7:4a:e1:57:dd,1971-04-08,Atlantic/Canary,CH,Hebrew,944332,Libya,ad.html,email-61.widmer.com,Buchs,2008-12-25 09:27:49
bho,df:89:59:9e:01:bf,2014-08-13,Europe/Vatican,CH,Cree,5,Trinidad and Tobago,dicta.css,email-71.stauffer-luscher.org,Affoltern,1997-08-08 09:19:08
ks,f1:2f:f8:d2:cd:34,2000-04-21,Europe/Rome,CH,Sindhi,95220,United Arab Emirates,velit.flac,lt-57.wolf-schwab.info,Villars-sur-Glâne,2001-04-26 04:12:46
bhb,06:a1:3b:39:34:bf,2018-12-04,America/Havana,CH,Ukrainian,37,North Macedonia,ad.numbers,laptop-83.schoch.org,Wil,2009-06-21 07:02:16
quz,a3:fc:6e:99:80:14,2022-01-30,Asia/Phnom_Penh,CH,Arabic,33,Cyprus,sint.ppt,web-95.egger.com,Vernier,1989-02-16 23:09:18
so,6a:70:99:93:52:d5,2015-02-17,Asia/Seoul,CH,Albanian,98340,Liberia,maxime.odp,lt-35.hoffmann.com,Münsingen,1971-01-16 14:59:37
br,a3:13:77:ea:13:fa,1989-12-08,America/Port_of_Spain,CH,German,108,Eritrea,cumque.webm,db-06.schumacher.com,Genf,1987-03-13 19:39:32
sv,22:d5:0b:7e:76:06,1986-07-05,Africa/Libreville,CH,Kannada,554,Republic of the Congo,repellendus.mov,db-67.wehrli.com,Aesch,1993-01-21 00:02:34
ast,9e:bf:4d:1c:d2:0f,2014-02-25,Africa/Windhoek,CH,Sundanese,7,Chile,qui.gif,srv-75.bolliger-fischer.com,Ebikon,1970-03-22 18:42:49
lv,40:de:f8:35:6e:f4,1971-10-07,Indian/Mahe,CH,Church Slavic,4,Kenya,magni.ppt,desktop-44.seiler.com,Locarno,2021-12-25 14:06:39
am,3f:e2:1f:c0:3f:36,2003-10-03,Europe/Skopje,CH,Turkmen,753940040,Nicaragua,voluptate.html,db-50.wirth.com,Bülach,1990-07-19 23:15:19
ar,51:ad:b0:d3:df:18,2015-06-02,Africa/Gaborone,CH,Divehi,4258,East Timor,provident.css,desktop-34.fankhauser-kaser.com,Urdorf,2022-06-18 18:30:19
hak,07:3b:24:6e:14:2e,1986-03-28,Europe/Athens,CH,Haitian,276457,Argentina,quis.jpeg,db-80.gasser.com,Plan-les-Ouates,1971-05-19 02:41:01
kl,41:9b:5f:44:42:0b,1983-01-20,Africa/Malabo,CH,Igbo,351568236,Mauritania,maxime.mp3,db-55.schmid-giger.com,Gossau,1981-02-18 23:20:42
gu,b9:c5:d9:72:b3:e0,1984-12-11,America/Managua,CH,Gaelic,882501,Afghanistan,expedita.gif,email-96.schlatter.org,Sitten,2022-02-08 06:29:15
ky,87:02:47:00:c2:c3,1982-01-17,America/Costa_Rica,CH,Vietnamese,62285,Suriname,beatae.jpeg,srv-32.grob-sutter.com,Freienbach,2017-10-10 10:15:18
crh,aa:f6:50:be:5b:51,2022-08-13,Africa/Johannesburg,CH,Ndonga,37,Israel,voluptatum.json,lt-00.widmer-schoch.com,Spiez,2018-12-13 23:25:38
af,5e:31:3d:34:4f:a7,1993-03-05,Europe/Dublin,CH,Cree,55089313,Papua New Guinea,exercitationem.mp3,db-51.kohler.com,Brig-Glis,2020-07-10 00:36:33
ik,86:e8:cc:94:d4:81,2020-08-27,Africa/Kigali,CH,Kinyarwanda,822213253,Paraguay,nobis.flac,lt-11.maurer-schar.com,Solothurn,2013-05-12 21:55:59
az,aa:28:f1:9c:fc:29,1983-05-03,America/Guatemala,CH,Fulah,168,Antigua and Barbuda,reiciendis.avi,db-04.schoch.biz,Belp,1998-10-26 08:32:13
se,5d:c8:c6:ad:4c:66,2011-02-25,Asia/Qatar,CH,Nauru,64,Mongolia,enim.mp3,db-79.zingg.com,Baden,1997-01-25 09:25:47
mg,89:cd:57:0e:77:92,2018-06-27,Indian/Mahe,CH,Irish,14,Turkmenistan,recusandae.txt,lt-04.amrein-benz.com,Münchenstein,1977-01-11 11:48:20
ar,55:98:74:eb:e3:21,1974-01-25,Asia/Kuala_Lumpur,CH,Sinhala,564655553,Liberia,aperiam.pages,desktop-66.schumacher-battig.net,Lugano,1997-10-21 14:47:58
lo,69:55:54:e1:42:3f,2014-02-07,Pacific/Apia,CH,Tonga,540150700,Oman,quisquam.odt,laptop-48.scherrer.biz,Schwyz,1983-12-28 09:35:09
gd,65:e9:93:2a:e8:16,2007-05-18,Europe/Bratislava,CH,Tahitian,538031,Kiribati,minima.jpeg,web-34.walder.com,Wohlen,2014-05-06 09:44:57
et,e5:00:0a:60:ef:27,1985-04-29,America/Belize,CH,Occitan,198482854,Mauritania,architecto.wav,srv-98.kaufmann.org,Suhr,1971-04-09 16:11:04
ko,98:2b:b1:24:5d:9a,1983-06-30,Europe/Tirane,CH,Uzbek,1190,Kingdom of the Netherlands,id.mp3,db-12.fuchs-graf.net,Versoix,1977-04-15 22:33:08
nn,1e:8b:20:a7:66:54,2003-04-25,Europe/Copenhagen,CH,Aragonese,92,Central African Republic,numquam.mp4,web-16.kagi-kuhn.org,Muttenz,2004-04-01 05:46:31
cv,90:11:a1:a3:7f:7a,1976-08-03,Asia/Amman,CH,Belarusian,0,Romania,aperiam.jpg,lt-34.hasler.com,Delsberg,1992-02-25 09:52:48
my,1a:ff:80:0a:93:49,1992-06-01,America/Dominica,CH,Arabic,425,Australia,eaque.tiff,laptop-02.staub.com,Thun,1976-05-15 18:08:01
wa,8f:f4:cd:4a:53:70,1995-04-17,Africa/Conakry,CH,Luxembourgish,3,Syria,excepturi.js,desktop-51.stockli.com,Chêne-Bougeries,2013-07-14 20:19:10
nds,6f:9a:4d:c9:45:4a,1983-02-10,Africa/Kampala,CH,Bulgarian,40424342,Oman,quidem.mov,email-89.hofstetter.net,Schwyz,2015-04-25 09:49:09
lij,e2:8e:4f:84:81:28,2001-08-23,Asia/Dubai,CH,Oriya,1748,Syria,dicta.json,web-87.blum.net,Uzwil,2011-04-15 04:50:40
fr,9f:ea:01:80:a6:46,1977-04-03,Africa/Asmera,CH,Kazakh,926727190,Jordan,aspernatur.csv,desktop-98.isler.info,Val-de-Travers,1986-07-30 07:37:09
ce,89:17:df:02:21:38,2013-11-28,Asia/Ashgabat,CH,Oromo,52672624,Federated States of Micronesia,modi.odt,email-52.kessler.biz,Mendrisio,2012-04-27 00:49:20
ik,6b:0d:c2:15:bc:f5,2016-06-20,Asia/Pyongyang,CH,Venda,79604796,Vanuatu,mollitia.csv,srv-69.schurch.com,Wallisellen,1995-05-08 17:31:17
hak,d9:ce:81:1a:f3:a2,1973-11-10,Asia/Damascus,CH,Albanian,3331438,Afghanistan,iusto.avi,db-78.fischer.biz,Freienbach,1998-09-22 20:09:45
niu,df:04:f8:3e:0d:66,1990-10-02,Asia/Tokyo,CH,Turkmen,59089,Vanuatu,omnis.mp4,db-79.roos.info,Steffisburg,1975-02-27 16:30:05
sv,ea:76:16:bb:f5:0d,1976-01-16,Asia/Kabul,CH,Macedonian,308919392,Guatemala,nulla.css,email-03.lustenberger-haas.com,Schwyz,1980-03-21 15:48:54
ce,93:2c:45:72:42:1c,2014-04-09,Africa/Nairobi,CH,Marshallese,8200,Marshall Islands,molestias.gif,desktop-21.schenk-roth.info,Wetzikon,1978-05-27 08:35:41
ts,b8:d7:67:53:0e:b5,1984-01-11,Asia/Hebron,CH,Nauru,165462076,Nicaragua,tenetur.mp3,lt-84.hurlimann-kaiser.com,Oberwil,1975-12-16 03:03:44
ms,17:dd:5f:01:20:e2,2010-02-07,America/Nassau,CH,Croatian,81,Cuba,deleniti.json,desktop-66.hug.com,Vevey,1993-08-28 09:03:29
ug,38:5c:e0:73:df:35,1983-12-19,America/Dominica,CH,Bambara,128422,Mongolia,illum.png,lt-67.buhlmann.com,Pfäffikon,1994-05-30 22:14:47
ca,8c:af:af:83:9b:60,2021-09-17,Africa/Monrovia,CH,Ndonga,76022866,United States,quisquam.pages,srv-13.stadelmann.biz,Lausanne,1985-10-04 12:01:10
te,4b:56:b4:91:06:12,1985-05-06,Asia/Amman,CH,Breton,749741,Morocco,totam.mov,desktop-01.gross-steinmann.com,Pfäffikon,1992-03-26 03:36:37
tig,d9:c0:c5:f0:70:49,1991-08-10,Africa/Tunis,CH,Lao,53,Guyana,hic.html,db-58.felber.com,Monthey,2005-12-07 23:20:01
wa,fd:ab:98:02:69:74,1982-05-28,Atlantic/Madeira,CH,Fulah,57427121,Mozambique,totam.mov,lt-09.kalin-geiger.com,Bern,1991-03-16 11:13:33
mt,79:c8:b4:4f:6d:85,2008-10-28,Africa/Nouakchott,CH,Breton,63036490,Ecuador,libero.js,web-51.baur-fankhauser.org,Sarnen,1974-10-19 15:40:35
nan,e4:f6:25:0d:d7:c0,2018-11-15,America/Lima,CH,Greek,13,Tanzania,eveniet.flac,srv-29.zurcher.com,Maur,2015-12-14 10:41:38
sc,91:17:b3:ef:df:54,1981-04-20,Africa/Dakar,CH,Kazakh,1234417,Senegal,hic.xls,laptop-93.isler-bar.com,Küssnacht,1972-07-07 04:20:22
ms,4c:9a:aa:5b:96:8c,1999-10-06,Africa/Lusaka,CH,Dutch,643,United Kingdom,facere.wav,lt-30.stutz.com,Kriens,1999-07-21 12:23:13
apn,cf:e8:3f:97:99:64,2000-01-28,Europe/Dublin,CH,Chuvash,505556,Vatican City,porro.mov,email-80.schwarz.biz,Horw,1971-05-07 23:01:56
nb,88:88:79:90:06:bc,1970-11-05,Europe/Budapest,CH,Tatar,190961,Seychelles,similique.avi,laptop-96.kung-gerber.net,Bülach,1987-05-16 07:17:22
sv,1d:52:0f:d9:d0:05,1983-09-22,Asia/Jayapura,CH,Arabic,604154577,Tuvalu,libero.pdf,laptop-12.staub.net,Rapperswil-Jona,1987-08-09 14:15:37
ja,71:64:35:9a:53:8a,2006-01-08,Pacific/Apia,CH,Tibetan,529,Bhutan,dolorem.jpg,srv-24.amrein.com,Frauenfeld,2002-10-31 04:22:44
nan,6b:23:f3:6b:cc:d7,1992-10-29,Asia/Colombo,CH,Czech,3724725,Spain,maiores.txt,srv-37.hofer-jenni.com,Winterthur,2013-08-22 05:48:13
ik,1d:6a:cf:5d:80:e7,2008-04-30,Pacific/Palau,CH,Hungarian,9453,Solomon Islands,dolorem.mp4,laptop-17.berger-erni.com,Uzwil,1981-06-15 23:10:15
gd,2c:67:6f:83:d1:69,1971-05-24,Pacific/Tongatapu,CH,Chuvash,897065,Turkmenistan,adipisci.mov,email-42.staub.org,Hinwil,2006-06-20 06:16:16
lo,59:a7:99:20:44:03,2002-01-02,Europe/Berlin,CH,Uzbek,141632067,Mauritania,et.jpg,desktop-95.kern.com,Suhr,1972-08-10 01:14:35
am,7f:c2:2c:80:e8:c6,1990-04-02,Africa/Abidjan,CH,Tahitian,6793680,Serbia,expedita.mp4,web-61.walter.com,Val-de-Travers,1974-04-28 06:26:57
ug,2a:e3:d9:6e:f3:aa,1971-08-17,Africa/Casablanca,CH,Kalaallisut,28,Zimbabwe,corporis.html,lt-43.stalder.org,Meilen,2000-05-16 01:39:57
af,fd:fe:f4:d3:60:b0,1970-11-04,Europe/Copenhagen,CH,Corsican,54528,Portugal,sed.png,srv-41.sigrist-ritter.com,Brig-Glis,2005-09-08 23:46:47
ms,fb:a2:c5:54:72:8d,2003-04-20,Africa/Casablanca,CH,Cornish,168876912,East Timor,hic.wav,desktop-86.thommen.com,Weinfelden,1988-01-01 14:13:46
raj,e6:87:0f:0d:9e:fc,1995-07-13,Asia/Nicosia,CH,Slovak,8122565,Taiwan,nulla.mp3,lt-40.ruegg.info,Glarus,1971-10-15 09:53:38
ru,ac:32:00:c5:92:2f,1995-08-13,Asia/Qatar,CH,Avaric,20793567,Vatican City,optio.png,srv-35.steinmann.com,Monthey,2018-08-10 22:35:48
fo,f1:e8:b4:f6:1a:d2,2018-06-07,Pacific/Auckland,CH,Hausa,784234562,Bahrain,illum.js,srv-07.lustenberger.biz,Reinach,1989-09-19 10:28:13
mk,16:60:7f:ef:d8:08,2006-05-24,Africa/Bissau,CH,Oromo,8,East Timor,voluptates.avi,db-24.leu.com,Kriens,1988-10-22 21:27:49
it,93:78:be:a7:37:b1,1975-10-21,America/Belize,CH,Kashmiri,315,Kuwait,quod.js,laptop-80.schar.info,Birsfelden,2020-09-06 05:21:47
li,a1:79:eb:c9:af:fc,2009-02-01,Africa/Algiers,CH,Aymara,100039721,Syria,voluptatem.html,lt-75.meyer.com,St. Gallen,1970-11-04 19:12:58
rw,5c:a8:5e:ff:dd:84,2014-10-30,Europe/Oslo,CH,Lao,7713556,Zimbabwe,illo.mp3,email-49.braun.info,Opfikon,1989-08-20 09:33:24
uz,37:0b:b8:21:cb:2e,1998-04-08,Africa/Dakar,CH,Italian,496408,Guinea-Bissau,quas.odp,db-00.jenni.com,Horw,2010-04-24 18:19:24
pl,52:14:d9:fe:2a:c3,2001-05-02,Africa/Cairo,CH,Tahitian,77550228,North Macedonia,vitae.mov,lt-55.sidler.com,Locarno,1997-02-07 13:25:56
nds,85:ff:a1:90:4d:6a,1978-11-11,Africa/Sao_Tome,CH,Turkmen,9,Libya,quidem.tiff,laptop-38.vogel.com,Illnau-Effretikon,2022-01-28 16:50:57
sv,a3:6d:f1:a7:b6:8e,1971-08-22,Europe/San_Marino,CH,Italian,5475,United Kingdom,asperiores.doc,email-21.scherrer.biz,Wallisellen,1992-02-19 01:30:59
fa,a3:10:8b:2c:55:98,1997-10-18,Pacific/Majuro,CH,Norwegian Nynorsk,89371,Honduras,accusantium.mp4,srv-91.walter.com,La Chaux-de-Fonds,2011-02-17 16:12:41
es,43:5a:e6:32:7f:b4,1976-02-14,Europe/Paris,CH,Danish,9,Malawi,molestias.mp3,srv-96.luthi.info,Suhr,2020-12-03 15:31:02
he,a1:85:21:26:0e:38,2013-11-01,America/Bogota,CH,Cornish,8,Democratic Republic of the Congo,laboriosam.mp3,web-24.battig-egger.info,Schaffhausen,2011-03-18 21:58:17
af,bc:85:63:67:94:7d,1992-07-01,America/Paramaribo,CH,Akan,45769245,France,minima.csv,web-49.hauser-baur.com,Männedorf,1979-12-16 12:15:35
nl,ce:fd:2c:27:06:e4,1970-05-07,Asia/Dushanbe,CH,Sinhala,7,Denmark,impedit.flac,laptop-72.martin-stockli.org,Küssnacht,1976-09-17 09:52:12
ckb,cc:f4:07:4d:6c:f8,1991-05-24,Atlantic/Reykjavik,CH,Xhosa,51664,Tuvalu,saepe.bmp,laptop-84.hoffmann.net,Lutry,2012-06-21 01:44:21
bn,2e:a6:ef:ab:5e:35,2000-05-17,Europe/Riga,CH,Tahitian,79910,Nepal,quas.mp3,desktop-58.schwab.com,Plan-les-Ouates,2004-02-05 09:26:52
fr,4b:95:79:cb:1a:49,1996-03-21,America/Caracas,CH,Kannada,9704493,Angola,eum.csv,email-28.schenk-gerber.com,Sitten,1994-02-13 06:52:13
yo,ec:de:02:0e:a5:e6,1972-08-14,Europe/Minsk,CH,Indonesian,942,Latvia,facilis.flac,web-92.schurch.net,Martigny,1980-12-21 12:23:12
bem,0f:24:bc:99:07:70,1995-10-24,America/Santo_Domingo,CH,Kanuri,81143966,Eritrea,tempore.mp4,web-05.bernasconi.com,Hinwil,1989-12-16 10:45:41
ff,5a:08:25:f4:5e:1e,2020-07-29,Asia/Katmandu,CH,South Ndebele,2378,Monaco,molestias.css,laptop-41.stettler-scheidegger.com,Renens,1971-10-20 18:09:33
hr,45:16:fe:b8:32:2f,1984-11-23,Africa/Monrovia,CH,Azerbaijani,6512,Botswana,et.csv,laptop-52.kalin.info,Crans-Montana,1978-05-01 18:03:42
es,68:11:ef:29:ef:80,2003-07-20,Africa/Dar_es_Salaam,CH,Tswana,8,Zimbabwe,quae.bmp,lt-76.sigrist-sidler.biz,Küssnacht,1990-05-31 18:53:11
sr,96:91:81:02:81:54,1979-05-05,America/Dominica,CH,Latin,95,Philippines,recusandae.jpeg,laptop-22.hofstetter-braun.net,Adliswil,1993-11-08 22:27:40
am,3b:04:f2:82:d8:43,2023-09-09,Africa/Bujumbura,CH,Czech,54149372,Comoros,impedit.mov,srv-64.moser-zimmermann.com,Lancy,1986-07-19 07:23:17
mk,6e:de:e6:40:2e:9b,2010-09-18,Africa/Bujumbura,CH,Kongo,705,SÃ£o TomÃ© and PrÃ­ncipe,earum.bmp,email-81.betschart-naf.org,Regensdorf,1977-12-30 01:07:23
my,24:54:b3:b3:56:29,1993-11-12,Atlantic/Reykjavik,CH,Panjabi,19,Dominican Republic,voluptas.mov,laptop-49.scheidegger.com,Wettingen,2000-08-31 13:03:50
lij,d0:26:26:f4:cb:ef,2018-11-24,Europe/Monaco,CH,Chamorro,16424,Marshall Islands,iure.jpg,lt-49.wegmann.com,Glarus,1998-01-17 00:59:12
id,92:0a:26:60:15:66,1988-04-15,Asia/Brunei,CH,Amharic,693993124,Chile,esse.png,web-79.walder.com,Basel,1971-02-28 18:44:03
ve,91:a2:92:3d:c7:81,1999-07-08,Asia/Seoul,CH,Slovak,90180761,Fiji,veritatis.json,web-81.schar.com,Solothurn,2015-11-25 12:37:15
dz,19:1e:31:bb:35:ac,2016-12-06,Africa/Mbabane,CH,Sardinian,2,Saint Lucia,amet.xlsx,laptop-62.keller-zingg.net,Morges,1970-02-23 00:00:52
ks,51:38:f9:58:ce:f2,2012-12-05,Indian/Mauritius,CH,Kongo,61,Kenya,at.gif,web-29.schoch.com,La Chaux-de-Fonds,2000-08-02 02:15:33
nso,89:ec:c2:ef:ce:f2,2020-11-07,Pacific/Nauru,CH,Hebrew,0,Vatican City,aliquid.ods,lt-10.zimmermann.com,Muri,1991-01-03 15:48:46
kok,25:d5:32:34:be:fa,2000-08-02,Asia/Tehran,CH,South Ndebele,86461,Nepal,asperiores.bmp,desktop-07.meyer.net,Volketswil,2000-07-05 15:04:04
mag,47:1c:4d:46:9e:35,2010-03-25,America/Guatemala,CH,Latvian,7620,CÃ´te d'Ivoire,sint.ods,lt-93.wuthrich-eichenberger.info,Oberwil,1972-09-21 16:26:57
sk,88:b9:63:2f:66:82,1977-02-27,America/Kentucky/Monticello,CH,Lingala,1203341,Benin,ipsa.odp,email-10.scheidegger-hunziker.com,Burgdorf,2008-05-14 17:49:26
cmn,41:32:5a:2c:64:f4,1976-03-10,Europe/Oslo,CH,Lithuanian,39812,South Korea,veniam.jpg,web-97.bieri.org,Wädenswil,1990-09-05 23:11:04
ta,28:7e:b7:ef:7e:f6,2020-12-02,Europe/Malta,CH,Avaric,71,Liberia,tempora.wav,email-55.kaiser.net,Gland,2014-09-21 08:13:21
ks,7b:94:b0:ab:db:f5,1999-01-03,Africa/Monrovia,CH,"Sotho, Southern",94332886,Republic of Ireland,minus.mp3,srv-61.fuchs-bachmann.org,Spiez,2008-02-27 21:13:51
si,02:5e:1c:f3:c7:3d,1980-11-16,Europe/Oslo,CH,Dutch,70647,France,doloribus.avi,desktop-52.ruegg-muller.biz,Arbon,1987-05-28 03:54:00
fo,87:ee:b3:d6:29:ac,1991-09-06,Pacific/Fiji,CH,Mongolian,883852367,Algeria,non.mp3,email-93.stauffer.com,Luzern,1996-05-16 22:59:11
xh,ea:ef:00:cf:c0:08,1995-09-11,Atlantic/Reykjavik,CH,Kannada,4,Israel,qui.flac,email-73.vogel.biz,Biel/Bienne,1983-08-16 14:36:03
bn,f1:d1:82:96:00:ae,1994-06-14,Africa/Ndjamena,CH,Chichewa,35679,Bulgaria,eos.mov,desktop-29.walder-kern.com,Suhr,2011-07-19 17:18:03
it,10:15:55:96:c8:1b,1970-04-19,Europe/Vienna,CH,Irish,3055,Thailand,provident.mp4,lt-14.lehmann.net,Einsiedeln,1990-06-18 19:23:24
li,de:08:88:9b:d1:89,2015-10-28,America/Manaus,CH,Tswana,5,France,voluptatem.xlsx,laptop-92.kagi.com,Pfäffikon,1993-10-27 15:49:33
kok,fa:ff:6c:8f:9a:e8,2012-12-17,Asia/Jerusalem,CH,Chuvash,637650,Thailand,suscipit.js,lt-25.wolf.com,Zug,1987-01-08 20:25:41
tcy,6a:d7:ec:8f:01:75,2007-08-02,Asia/Dushanbe,CH,Kikuyu,696537766,Saint Lucia,rem.wav,email-71.hess-stadelmann.com,Liestal,1981-09-04 06:02:54
af,1a:ff:dc:70:ba:af,1997-02-20,Atlantic/Cape_Verde,CH,Ido,297060,Estonia,similique.wav,db-64.scheidegger.com,Suhr,2015-04-07 23:44:41
tn,ed:be:7e:53:1f:be,2015-11-16,Africa/Monrovia,CH,Lithuanian,39855850,Saint Vincent and the Grenadines,rerum.flac,db-15.hess.com,Worb,2020-12-02 23:01:33
ts,33:88:b7:22:5e:7d,2019-12-09,Africa/Abidjan,CH,Hungarian,89,Sri Lanka,sit.js,desktop-45.leu.com,Naters,2021-04-08 00:31:16
pa,e8:3e:3c:c7:fc:9f,2022-11-24,Pacific/Palau,CH,Romansh,63,Singapore,officiis.mp3,web-28.stucki-blaser.org,Rapperswil-Jona,2004-04-08 05:24:21
ayc,be:e7:d7:79:85:56,2004-11-07,Africa/Gaborone,CH,Dzongkha,798495639,Vietnam,quasi.odp,email-53.luscher.net,Aarau,2007-03-17 08:01:21
an,a6:d0:fe:ce:8d:55,2007-03-26,Europe/Vatican,CH,Norwegian,68,North Macedonia,illum.mp4,desktop-62.roos.org,Illnau-Effretikon,1991-03-25 14:11:47
fr,2b:a1:98:79:ac:68,1993-12-17,Asia/Shanghai,CH,Gaelic,218940245,Samoa,ipsa.mov,laptop-32.wagner-hess.com,Chur,2012-11-08 17:49:45
uz,3c:24:c2:ba:c3:2c,2010-10-26,America/Jamaica,CH,Oromo,927,Togo,nemo.txt,desktop-53.zollinger-pfister.com,Biel/Bienne,1989-09-17 01:37:11
tn,a9:d9:48:28:24:a8,1976-11-27,Africa/Nouakchott,CH,Amharic,41548,Morocco,est.js,email-76.gasser.com,Wetzikon,1987-08-11 22:51:13
vi,3b:f1:06:b8:b1:d2,2011-02-14,Africa/Malabo,CH,Japanese,3784,Egypt,provident.flac,desktop-51.meier.com,Onex,2015-07-22 23:12:18
el,84:bf:6d:b9:5b:5d,1970-07-22,Africa/Djibouti,CH,Czech,56043333,Comoros,nihil.mov,desktop-91.roos-naf.info,Buchs,2020-06-19 08:16:17
mi,48:50:f4:21:f7:4f,1998-11-04,Africa/Accra,CH,Romanian,8705856,Palestine,nulla.gif,db-39.moser-tanner.net,Dietikon,1988-12-08 23:10:32
fy,84:46:b6:b9:98:86,2001-08-19,Africa/Luanda,CH,Panjabi,37,Jamaica,eius.mp4,srv-61.wirth.com,Oftringen,2001-02-23 16:16:10
tn,11:74:d6:92:8a:9d,2015-11-07,Europe/Copenhagen,CH,Walloon,872731238,Mauritius,porro.js,srv-41.hafliger-mayer.com,Bern,1996-10-10 19:27:31
dv,97:c3:c6:c3:91:7a,1990-06-29,Pacific/Funafuti,CH,Kongo,393350,Trinidad and Tobago,non.bmp,desktop-74.bernasconi.com,Steffisburg,2008-03-02 17:39:24
fy,29:32:79:63:a9:bd,1993-04-02,Indian/Mahe,CH,Romanian,5,Poland,voluptates.ppt,web-62.hartmann.com,Zug,2020-08-12 02:10:50
te,cb:90:40:41:78:0c,1997-12-22,Asia/Dubai,CH,North Ndebele,73550,Honduras,veritatis.mp4,laptop-75.schaub-stadelmann.com,Riehen,1999-10-24 20:56:00
hak,0e:1c:7c:09:2c:98,2001-10-27,America/Managua,CH,South Ndebele,316437088,Armenia,laudantium.bmp,db-16.lustenberger-scherrer.biz,Binningen,1980-07-01 16:39:33
mn,c6:57:b1:5d:75:aa,1972-10-25,Africa/Freetown,CH,Occitan,45,Colombia,nobis.mp4,srv-70.buhler-schneider.org,Brig-Glis,2009-09-17 01:11:12
ug,58:ec:38:e3:b3:28,2013-09-01,America/Montevideo,CH,Northern Sami,5006616,Slovakia,modi.js,desktop-47.hunziker.com,Dübendorf,1989-02-24 16:03:41
da,a3:9c:ae:af:8e:b9,2009-10-18,Pacific/Efate,CH,Telugu,74,Djibouti,incidunt.js,db-64.kaufmann-pfister.info,Maur,2000-09-20 08:12:50
eu,88:63:07:f0:79:63,1987-09-15,Asia/Qatar,CH,Yiddish,141090,Armenia,possimus.odp,srv-58.kunz.info,Brig-Glis,1974-07-01 11:08:19
lzh,17:86:c7:5b:74:9e,1983-08-12,Asia/Riyadh,CH,Inuktitut,574901471,Liechtenstein,aliquid.avi,srv-21.beck.com,Montreux,1979-05-08 20:46:04
szl,01:aa:60:69:75:08,1984-06-13,America/St_Lucia,CH,Tajik,3,Azerbaijan,quos.json,email-04.grob-buhler.com,Pratteln,1986-04-08 20:29:46
nso,87:7b:bb:e6:7c:c9,2008-08-15,Asia/Taipei,CH,Icelandic,2,Saudi Arabia,voluptas.ods,web-26.wegmann-walter.com,Liestal,2021-04-11 22:28:26
el,83:cf:aa:ff:3d:41,2003-12-31,Africa/Mbabane,CH,Lao,59132601,Malawi,reiciendis.html,srv-63.martin.com,Yverdon-les-Bains,1994-08-07 00:44:11
raj,45:4b:ab:5a:44:4e,2013-09-25,Europe/Dublin,CH,Tajik,17,Fiji,maxime.flac,email-94.kagi.org,Sursee,2005-09-04 17:18:10
unm,65:36:6e:f8:26:0d,1976-12-18,Asia/Pontianak,CH,Bosnian,335777,Estonia,vero.avi,email-54.stockli.com,Vernier,1991-02-19 06:30:51
gl,93:33:02:de:fa:8f,2003-07-20,America/Tegucigalpa,CH,Kannada,173,Chile,et.mp4,db-85.steffen.com,Muttenz,2016-07-02 19:10:21
nr,65:5e:47:72:62:3f,1993-06-30,Africa/Mogadishu,CH,Spanish,1652582,Fiji,labore.wav,lt-91.felder-bosshard.com,Zollikon,1989-09-21 05:43:16
si,46:4e:4c:a9:c7:4e,1997-02-17,Asia/Amman,CH,Danish,60,Brunei Darussalam,magni.json,web-27.kohler-probst.com,Kriens,1974-08-30 02:44:41
kok,6d:c1:ae:b9:2a:4f,1997-02-08,Asia/Kabul,CH,Ndonga,57055619,El Salvador,doloribus.webm,lt-95.schmid-baumgartner.org,Worb,2014-10-28 04:27:54
lzh,97:45:42:19:bf:98,1978-07-15,Atlantic/Cape_Verde,CH,Interlingua,6,Belarus,beatae.mp3,desktop-99.frick-forster.biz,Schwyz,1990-07-08 01:07:01
is,cd:76:9e:ad:fb:1c,2003-03-29,America/Jamaica,CH,Estonian,97883,Tanzania,ducimus.png,srv-48.grob.com,Bellinzona,2022-01-12 19:39:56
nso,82:ff:cc:99:0e:69,2015-04-07,Asia/Dubai,CH,Kinyarwanda,2,Sierra Leone,porro.mov,desktop-63.kaser-weber.info,Payerne,1995-12-14 03:01:36
mg,26:45:87:ca:cf:06,1978-10-10,America/Montevideo,CH,Uighur,72,United Kingdom,ipsa.jpg,email-19.ernst.org,Birsfelden,1991-01-08 09:55:57
kl,9f:5e:8c:9b:3e:18,2007-05-27,Africa/Porto-Novo,CH,Catalan,8,Tunisia,esse.json,db-73.wagner.net,Altstätten,1998-09-12 00:50:17
br,60:42:b2:c5:26:88,2016-12-19,Europe/Tirane,CH,Kikuyu,570204,Mali,harum.ppt,desktop-28.albrecht-hasler.info,Villars-sur-Glâne,2016-05-21 06:36:52
ks,3f:10:d6:ce:a1:e0,1975-07-18,America/La_Paz,CH,Samoan,384702,Denmark,id.wav,db-86.hodel.org,Chur,1981-08-20 19:57:51
mai,6b:b0:43:d2:b1:b2,2004-01-19,Africa/Asmera,CH,Ndonga,175104,Liberia,iure.js,laptop-41.gasser.com,Rapperswil-Jona,1999-12-20 00:09:41
bo,5c:6b:c0:af:ad:4f,1999-07-25,Asia/Calcutta,CH,Yiddish,7784,Ukraine,rem.odp,srv-50.roth-frick.biz,Schlieren,1995-02-05 11:14:44
tr,53:07:d5:84:c1:4a,1976-07-07,Pacific/Tongatapu,CH,Oriya,50,Australia,alias.ppt,lt-35.hirt.org,Wettingen,1981-02-02 18:28:34
sd,b5:54:57:cb:04:6d,2004-02-21,Africa/Lagos,CH,Sinhala,957378,Spain,fugiat.mp3,srv-11.eugster-schenk.org,Suhr,2000-03-26 09:41:54
nhn,8c:36:1a:c0:de:07,1988-02-04,America/Jamaica,CH,Italian,205773891,North Korea,sint.mp3,db-34.frei-sutter.com,Kloten,2003-06-05 05:26:38
ro,e2:e1:b8:8d:f1:ca,2018-05-28,America/Asuncion,CH,Gaelic,7667645,Myanmar,explicabo.key,desktop-92.isler-walder.com,Bern,1981-05-30 10:12:38
li,66:64:86:b4:e8:da,1970-03-19,Europe/Chisinau,CH,Malay,230772,Paraguay,id.doc,desktop-83.kagi.com,Davos,2016-03-12 20:56:45
st,34:0f:22:57:d6:56,2016-01-21,Europe/Bratislava,CH,Czech,335,Slovakia,nihil.mov,lt-26.stockli.info,Meilen,1983-11-17 07:07:01
byn,ff:08:d4:78:91:75,1977-11-26,Europe/Oslo,CH,Tonga,79638949,India,saepe.jpeg,desktop-08.baur.com,Mendrisio,2008-05-29 12:37:47
hne,5d:2e:19:43:f0:92,1980-01-17,Africa/Windhoek,CH,Tsonga,5,Costa Rica,natus.avi,web-57.winkler-erni.com,Altstätten,1999-05-06 09:01:04
af,d1:0c:18:8e:aa:00,1996-03-29,Africa/Freetown,CH,Navajo,9779505,Ukraine,a.key,db-54.suter.info,Carouge,1994-04-25 02:35:31
om,62:1b:81:46:64:9d,1998-08-21,Asia/Dili,CH,Latvian,456254,Malaysia,asperiores.png,web-83.meyer.com,Ittigen,2012-05-27 01:46:20
si,8b:31:b0:e6:07:b0,2010-08-29,Asia/Jerusalem,CH,Ossetian,469986,Jamaica,dolorum.png,desktop-92.steffen-maurer.com,Hinwil,1993-11-09 02:29:35
mhr,c1:85:54:86:91:f5,1970-04-13,Europe/Skopje,CH,Pali,956,Mongolia,officia.mp4,desktop-70.seiler.com,Aigle,2017-02-17 22:41:56
wae,de:45:db:09:e2:aa,2011-09-10,Africa/Casablanca,CH,Vietnamese,48,Liberia,recusandae.mov,desktop-28.bachmann-scharer.com,Einsiedeln,1985-12-30 23:51:13
ps,c0:61:30:c1:c7:ed,1975-07-25,Africa/Ndjamena,CH,Maori,42748451,Syria,porro.jpeg,email-33.albrecht-gfeller.info,Brig-Glis,2021-01-27 03:29:07
fil,ea:36:f9:34:9b:db,1993-02-17,Africa/Harare,CH,Sardinian,9770328,Armenia,dignissimos.odt,email-38.graf.com,Aarau,1985-03-21 19:05:50
mt,78:70:5f:de:5e:af,1972-12-08,Atlantic/Reykjavik,CH,Kongo,6093,Kingdom of the Netherlands,commodi.wav,desktop-72.eugster-frick.com,Volketswil,1970-11-24 17:41:20
gu,a3:a8:bc:ef:5d:fa,2007-09-15,Asia/Baghdad,CH,Igbo,6843,Angola,distinctio.xls,email-64.schenk.info,Frauenfeld,1996-02-27 02:54:23
lzh,29:79:d0:72:55:62,1994-07-22,Asia/Tehran,CH,Norwegian Nynorsk,1727744,Turkey,impedit.jpg,db-88.siegrist.biz,Monthey,1970-05-29 09:04:24
az,51:d9:fd:fc:43:58,2022-03-31,Africa/Libreville,CH,Ukrainian,3,Togo,dolor.json,lt-75.scherrer-kessler.biz,Plan-les-Ouates,1995-08-20 21:42:13
cy,7f:2d:0f:31:e2:db,2011-05-08,Africa/Ceuta,CH,Romanian,7141468,Portugal,laudantium.mov,db-63.benz-pfister.com,Allschwil,1993-07-20 07:33:19
ko,f1:03:a3:01:32:f6,1976-10-25,Europe/Paris,CH,Guarani,120,Saint Kitts and Nevis,molestiae.css,email-20.felder.net,Oberwil,2006-05-21 09:29:03
mk,69:ba:d3:9a:4a:b3,1986-07-25,America/Havana,CH,Dzongkha,7340760,Dominica,optio.key,desktop-07.hafliger.com,Gland,2018-06-04 12:40:35
li,54:e1:ee:bd:31:c4,2019-07-23,Africa/Blantyre,CH,Somali,157833221,Canada,reprehenderit.mp4,email-80.ackermann-baur.net,Münsingen,1976-11-07 13:31:02
shs,be:77:cf:62:8d:cd,1975-09-09,Asia/Amman,CH,Japanese,765421441,Ukraine,corrupti.webm,lt-84.kohler-stettler.org,Küssnacht,1989-06-30 03:10:05
crh,70:71:02:e7:a9:22,1985-12-01,Africa/Gaborone,CH,Haitian,4,The Gambia,soluta.json,lt-82.furrer.info,Glarus,2017-09-12 17:22:02
bho,bc:64:ed:d7:c7:f2,2023-07-30,Asia/Dhaka,CH,Chuvash,887697,Benin,fuga.gif,laptop-50.hasler.com,Crans-Montana,1978-06-13 05:52:15
sid,4a:a7:97:e6:67:00,1972-05-22,Africa/Accra,CH,Kanuri,5,Bolivia,sed.ods,desktop-63.koch-luthi.com,Pratteln,2006-06-13 19:38:23
yi,d4:64:6d:01:6c:06,2005-01-16,Africa/Asmera,CH,Bashkir,50075,Kyrgyzstan,illum.pptx,desktop-92.ziegler.biz,Uster,1982-09-23 16:28:57
kn,af:1d:06:c2:4f:db,2021-04-29,Africa/Casablanca,CH,Kirghiz,7,Burundi,necessitatibus.html,lt-42.haas.biz,Zürich,1979-11-02 11:13:07
et,dd:bc:05:a2:67:bf,2015-10-11,Europe/Bucharest,CH,English,4,Turkey,id.css,laptop-62.hotz.com,Wädenswil,1979-03-08 16:06:47
hsb,4e:a5:b2:ca:df:df,2012-07-09,Asia/Ashgabat,CH,Ganda,8,Saint Vincent and the Grenadines,voluptatum.mp3,web-44.wegmann-sidler.com,Muri,2015-04-20 15:19:11
ig,ad:0e:71:a4:e7:47,1999-08-07,Asia/Phnom_Penh,CH,Czech,9,Mexico,laboriosam.wav,desktop-65.maurer.com,La Chaux-de-Fonds,2019-05-09 12:11:54
ja,10:2c:a0:36:87:85,2011-06-25,Asia/Tehran,CH,Somali,4555,India,magni.flac,desktop-77.jenni.com,Zollikon,1974-10-02 07:20:28
ka,d7:6e:08:f2:e9:64,1990-02-08,America/Antigua,CH,Bosnian,2,Poland,magnam.jpeg,srv-46.walder.org,Basel,1975-04-16 01:08:38
ayc,c6:34:a8:c8:e2:60,2013-12-26,Asia/Katmandu,CH,Turkmen,20841,Paraguay,doloribus.odt,db-40.stalder-hartmann.biz,Köniz,1994-02-06 23:58:48
nl,00:88:77:ab:24:b2,2010-01-13,Pacific/Guadalcanal,CH,Corsican,308393,Saint Kitts and Nevis,quasi.json,email-57.tanner.com,Ittigen,1975-09-06 12:41:24
se,b4:9b:20:30:db:16,1972-01-22,Africa/Casablanca,CH,Marathi,2,Mozambique,eum.js,email-67.brunner-hodel.org,Langenthal,2005-12-14 16:17:38
sr,88:a5:07:6e:fc:85,1973-08-11,Africa/Bissau,CH,Kurdish,0,Bulgaria,beatae.csv,web-01.felber-herzog.net,Grenchen,2011-03-05 14:57:29
mt,e2:f7:51:2a:b8:9e,1976-09-04,Europe/Skopje,CH,Tamil,927,Italy,adipisci.mov,email-24.stucki-meister.biz,Mendrisio,2000-10-06 02:57:38
kk,09:1d:08:2b:c8:56,1983-02-24,Pacific/Tongatapu,CH,Cornish,73,Botswana,autem.webm,lt-77.graf-gloor.com,Chur,2006-06-25 00:57:46
cy,5b:98:16:08:d7:a6,1982-05-19,Africa/Bujumbura,CH,Oriya,61981053,Namibia,repellendus.odp,email-33.geiger.com,Vernier,1973-06-21 01:43:43
hak,0e:b5:bd:85:6b:f5,1994-06-30,Europe/Budapest,CH,Romansh,3933,Bahrain,sed.tiff,web-91.haas-stucki.org,Bern,2008-11-15 15:46:34
ff,81:9a:71:9a:aa:af,2016-01-23,America/Bogota,CH,Bambara,73,East Timor,possimus.mp3,email-70.stucki.com,Aigle,1991-08-09 13:23:16
nn,27:fb:b7:2f:73:d4,1971-09-05,Africa/Brazzaville,CH,Kanuri,7386079,Syria,animi.txt,web-25.stadelmann-lang.net,Lausanne,1980-03-06 19:08:24
si,a1:81:f0:a7:59:54,1996-11-16,Africa/Bujumbura,CH,Korean,8020130,East Timor,reiciendis.flac,lt-12.kaiser.org,Urdorf,2018-02-04 14:22:55
ne,3f:b8:39:5d:5a:d8,2001-01-14,America/Montevideo,CH,Sinhala,60,Azerbaijan,commodi.mp3,laptop-69.walter.com,Zürich,1986-01-18 12:45:24
zu,8b:17:05:2b:c9:24,1995-08-26,Asia/Dili,CH,Indonesian,340960,Saint Vincent and the Grenadines,atque.pptx,db-47.staub-thommen.info,Winterthur,1992-03-02 12:50:05
sw,ab:80:0f:70:ff:18,1981-12-11,Europe/Athens,CH,Turkmen,66261,Czech Republic,incidunt.json,srv-03.egli-luthi.com,Crans-Montana,2019-03-03 01:46:49
gd,41:a0:00:af:b0:ea,2020-06-18,Africa/Brazzaville,CH,Sango,86416678,Montenegro,eligendi.avi,email-55.widmer.com,Zürich,2016-12-02 10:53:38
kn,af:bc:cb:70:d3:74,2000-11-24,Europe/Rome,CH,Irish,946,North Macedonia,nesciunt.png,db-60.muller.net,Baden,2015-11-29 01:52:04
tig,0a:be:f9:a9:d8:f8,2021-02-25,Atlantic/Reykjavik,CH,Czech,5445274,Bolivia,similique.jpeg,desktop-53.meier.org,Affoltern,2011-08-02 04:47:40
ro,a7:f6:77:29:63:97,2008-06-04,Africa/Dakar,CH,Portuguese,797371,Kazakhstan,unde.flac,desktop-92.zbinden.com,Illnau-Effretikon,1979-03-25 20:31:15
zu,2b:ec:02:32:96:5b,2000-09-07,Africa/Ouagadougou,CH,Northern Sami,77522138,Chad,exercitationem.avi,email-90.hauser-gross.info,Langenthal,1988-07-14 03:06:29
ko,0b:d6:32:02:e9:c2,1980-08-29,America/St_Lucia,CH,Swati,739,Tuvalu,eius.pptx,email-80.ritter-schmid.info,Arth,2019-02-12 17:20:21
ber,0c:0a:3a:e4:74:72,1973-11-15,Africa/Maseru,CH,Afar,453302,Eritrea,amet.gif,email-80.schoch.org,Siders,2002-10-26 08:58:19
br,18:91:0e:d0:ab:88,1982-10-04,Africa/Khartoum,CH,Samoan,92,Morocco,iure.pages,srv-47.kuhn.info,Burgdorf,2005-04-19 15:09:47
es,a7:b4:4a:e5:e9:2f,2003-02-23,Asia/Pyongyang,CH,Bosnian,65,Antigua and Barbuda,autem.js,srv-46.fankhauser.net,Lancy,1979-10-25 08:39:33
sk,67:dd:8b:2b:d2:2d,1982-01-20,Asia/Karachi,CH,Ossetian,5,Libya,repudiandae.doc,db-69.walter-schar.com,Gossau,2022-10-13 14:32:15
lg,df:46:8e:0c:91:6d,2005-11-02,Europe/Vienna,CH,Nepali,691330,Suriname,architecto.tiff,email-89.schoch.org,Steinhausen,1995-12-07 20:00:58
hak,e8:2b:ff:42:ba:de,2002-12-24,Pacific/Palau,CH,Albanian,7,Chad,quo.jpg,web-66.moser-gross.biz,Spiez,1978-07-31 11:12:51
de,f7:5c:f3:9d:72:fb,2023-03-14,Africa/Brazzaville,CH,Aragonese,7241,Botswana,libero.wav,db-46.hafliger-meyer.com,Biel/Bienne,1982-01-02 06:30:31
ckb,d8:b8:24:0f:79:70,2004-01-16,Asia/Samarkand,CH,Church Slavic,6445,Japan,exercitationem.avi,email-80.haas.net,Burgdorf,2002-04-13 03:49:38
shs,1a:b2:93:a1:6e:7f,2023-08-04,Africa/Windhoek,CH,Tonga,3160080,Kazakhstan,iure.pdf,lt-41.grob-luscher.net,Locarno,2004-06-29 05:50:27
bs,97:81:40:5f:4b:12,2009-02-11,Asia/Dubai,CH,Yiddish,44,Russia,doloremque.jpeg,srv-73.maurer.com,Sursee,1985-10-08 23:48:40
sv,fd:83:7a:55:8a:a0,1983-06-27,Europe/Bratislava,CH,Afar,1988225,Italy,molestias.mov,laptop-32.stutz.com,Val-de-Travers,2004-05-06 20:37:03
unm,c2:4e:e7:04:65:68,2007-06-10,Pacific/Kwajalein,CH,Kanuri,3,North Korea,illum.key,laptop-02.kuhn.com,Vernier,1975-07-13 03:00:29
gv,29:68:91:d2:eb:c1,1986-02-09,Africa/Douala,CH,Kashmiri,2,Sweden,possimus.tiff,srv-71.schweizer.net,Neuenburg,2011-02-22 19:39:13
sc,f2:5e:19:9c:24:e0,1981-05-13,America/Paramaribo,CH,Kongo,40576,Sudan,quo.jpg,lt-13.stalder.com,Küssnacht,1985-03-08 12:37:54
ar,f6:08:46:83:3a:ee,1995-05-30,Africa/Malabo,CH,Twi,799180,United Arab Emirates,fuga.mp3,desktop-38.schaub.com,Prilly,1983-08-24 19:18:17
byn,15:0f:ab:e7:23:c4,2001-01-28,Asia/Rangoon,CH,Bashkir,203685,New Zealand,molestiae.flac,srv-41.wirz.info,Lausanne,2007-11-23 04:10:33
pap,7f:00:f9:72:01:fe,1992-07-27,Asia/Damascus,CH,Ojibwa,498588,Marshall Islands,quis.mp4,laptop-62.staub.com,Thun,2014-01-02 11:12:41
gd,ee:16:8c:96:f8:38,1990-03-24,Europe/Chisinau,CH,Belarusian,86422747,East Timor,animi.xls,desktop-94.hofstetter.com,Mendrisio,1972-06-07 22:26:00
xh,f7:48:f0:49:f5:76,1973-03-26,Asia/Rangoon,CH,Haitian,940,Paraguay,enim.wav,db-85.sporri-gut.com,Wil,1983-05-11 19:12:25
ga,8b:a3:b0:ba:5c:48,2007-01-31,America/Santiago,CH,Danish,8336210,Cyprus,error.webm,db-90.roth.com,Ostermundigen,1971-05-18 09:11:26
eo,12:b7:6a:04:07:20,2014-10-27,Pacific/Palau,CH,Luba-Katanga,868873251,Nigeria,porro.mp4,laptop-82.jaggi.org,Val-de-Ruz,1988-04-10 10:38:16
fur,25:b2:45:d6:7f:61,2003-03-01,Europe/Stockholm,CH,Haitian,35510173,United Arab Emirates,quidem.mp3,email-70.schaller.net,Freiburg,2007-03-26 00:11:33
ce,5c:f2:1f:14:d9:97,1976-01-31,America/Caracas,CH,Chechen,220,Montenegro,commodi.wav,lt-73.pfister-felder.com,Basel,2006-01-04 07:54:40
nan,8d:09:07:8f:38:a0,1970-12-08,America/Santo_Domingo,CH,Tagalog,754568,Moldova,et.pdf,laptop-09.knecht-stutz.com,Biel/Bienne,1995-09-04 06:18:25
hy,2d:67:bb:ca:03:e7,2021-05-13,Asia/Dubai,CH,Telugu,11523,East Timor,necessitatibus.key,email-88.meister-furrer.org,Bernex,1977-10-19 09:18:11
te,9d:2d:09:c9:be:eb,1992-02-02,Pacific/Truk,CH,Walloon,304,SÃ£o TomÃ© and PrÃ­ncipe,iure.mp4,srv-90.stalder.com,Ebikon,2008-03-29 03:20:34
kw,7f:f3:91:c3:d2:eb,1971-07-19,Africa/Lome,CH,Swedish,78006,Palestine,eaque.csv,laptop-16.kuhn-steinmann.net,Opfikon,1983-11-08 20:57:09
wa,60:d1:00:b5:82:4d,2000-02-16,America/Port_of_Spain,CH,Navajo,1,Mongolia,neque.flac,laptop-94.amrein.net,Biel/Bienne,2022-05-23 02:10:49
sa,e5:c3:1c:18:15:bf,1977-03-14,Asia/Yerevan,CH,Latin,4876615,Solomon Islands,porro.pdf,desktop-53.gasser.biz,Olten,2004-01-08 09:47:37
li,14:e3:8e:91:70:f8,2006-07-03,Europe/Istanbul,CH,Tamil,282152,Seychelles,officiis.mp3,desktop-73.hasler.com,Locarno,1973-02-15 09:50:18
ig,64:1f:2f:93:72:5a,1998-08-09,Europe/Sarajevo,CH,Uzbek,75772162,Ghana,nisi.tiff,web-63.suter.org,Wettingen,2014-08-15 19:21:50
gl,37:b3:8a:a5:f3:2a,1988-09-08,Asia/Taipei,CH,Turkish,0,Luxembourg,recusandae.png,web-46.tanner-hauser.com,Sursee,2000-10-30 02:47:44
lo,9a:73:f7:62:1c:3b,1985-01-22,America/Guyana,CH,Corsican,702743004,Algeria,eaque.mp4,email-49.mayer.com,Basel,1996-10-04 20:07:43
tn,8c:95:2d:02:fb:1d,2021-05-21,Pacific/Apia,CH,Romansh,5746,Belize,officiis.webm,desktop-42.maier-bauer.com,Solothurn,2000-12-27 11:06:29
pt,6d:f0:14:a8:b4:43,1985-07-23,Asia/Baghdad,CH,Yiddish,595805,Dominican Republic,rem.wav,desktop-83.suter.com,Dietikon,1983-06-27 21:51:45
ne,c6:fe:90:d8:b9:dc,2017-06-15,Africa/Bangui,CH,Maltese,86472990,Bahamas,necessitatibus.mp3,db-38.luthi.com,Wädenswil,2015-05-05 12:10:13
sk,15:22:ee:28:66:67,2020-10-24,Australia/Perth,CH,Turkmen,5399648,Latvia,sint.numbers,srv-62.hotz.net,Montreux,2013-10-04 23:10:24
ku,0e:ba:69:da:d4:bb,2022-03-11,Asia/Nicosia,CH,Northern Sami,603,Peru,consequatur.csv,web-81.blaser-steiger.com,Muttenz,2020-10-30 13:19:19
mag,78:3b:ad:e2:e7:00,1996-08-23,America/Belize,CH,Bashkir,64,Chad,doloribus.csv,lt-95.gloor.com,Einsiedeln,1972-12-21 19:10:04
sid,b6:be:4c:96:c0:49,1982-04-13,Asia/Muscat,CH,Assamese,24474399,Cyprus,facere.webm,db-75.stockli.com,Zollikon,2018-08-15 04:02:15
ca,0b:7f:dd:15:d0:15,1984-12-19,Europe/Berlin,CH,"Sotho, Southern",719214681,Suriname,enim.mp3,lt-72.schaub.info,Küssnacht,2007-04-21 09:54:04
ik,ee:ff:5c:a6:c5:f3,2021-05-22,Pacific/Nauru,CH,Kinyarwanda,80312781,Luxembourg,aperiam.mp4,laptop-98.hess.org,Plan-les-Ouates,2004-08-14 06:20:09
fa,7d:50:5d:00:87:4b,2005-07-04,America/Guayaquil,CH,Swati,98078,Vanuatu,corporis.jpeg,db-31.mayer.com,La Tour-de-Peilz,2002-08-16 09:45:15
sc,c4:dd:0b:ca:1e:dc,1996-09-25,Europe/Zagreb,CH,Bihari languages,72612,Luxembourg,hic.csv,srv-33.eugster.com,Prilly,1990-11-08 19:29:50
de,f8:e5:05:a4:0c:6e,2015-08-03,Asia/Calcutta,CH,Sango,87,Dominica,molestias.bmp,web-12.schar.biz,Wohlen,2018-01-31 15:36:53
fr,38:47:50:36:4f:24,1978-08-14,Africa/Bamako,CH,Hebrew,817,Kingdom of the Netherlands,illum.css,laptop-93.leu.com,Affoltern,1974-04-21 14:18:55
brx,b8:06:3e:65:29:fb,2008-06-30,America/Panama,CH,Bosnian,85093036,Rwanda,consequuntur.mov,laptop-47.hofstetter.com,Volketswil,1970-08-12 10:21:40
lo,54:d0:c4:2e:f5:b0,1999-02-18,Asia/Jakarta,CH,Croatian,44709679,Guinea,cumque.jpeg,lt-87.kaufmann.com,Villars-sur-Glâne,2002-04-29 03:22:17
mk,79:36:73:14:6e:bd,1971-06-04,Europe/Vaduz,CH,Marshallese,24579675,Turkey,atque.jpeg,srv-79.bachmann.biz,Altstätten,1981-06-02 03:33:09
iw,f7:db:38:64:7c:8b,2001-10-26,Asia/Amman,CH,Sinhala,366,Taiwan,nesciunt.jpg,srv-19.forster.biz,Pfäffikon,2020-03-10 16:07:46
zu,82:6c:fc:0a:db:95,1993-09-06,Africa/Brazzaville,CH,"Sotho, Southern",41,Solomon Islands,aperiam.flac,srv-92.brun-kern.com,Binningen,1983-04-21 19:31:01
mn,e7:dd:b6:66:36:4e,1998-06-20,America/Belize,CH,Danish,3963,Zambia,exercitationem.avi,desktop-61.herzog.org,Pully,1988-03-28 12:57:23
ca,4c:ae:2e:50:07:1d,1976-06-07,Asia/Pyongyang,CH,Xhosa,8,Zambia,dignissimos.odp,lt-31.lang-seiler.com,Oftringen,2014-04-17 18:49:37
lo,91:e0:67:a2:5c:b3,2004-09-20,Europe/Monaco,CH,Breton,21112,Peru,incidunt.json,web-68.fehr.info,Renens,1977-02-18 12:07:27
is,46:ae:e5:8b:06:2e,1977-07-31,America/Belize,CH,Wolof,810651,Marshall Islands,beatae.bmp,email-77.schurch-maier.com,Carouge,1984-05-30 10:59:14
so,24:97:4d:60:f5:71,1985-12-18,America/Guayaquil,CH,Bambara,112681,Austria,quis.gif,desktop-20.scharer.com,Zollikofen,1977-01-29 04:38:49
tn,e9:d9:ac:90:ba:8b,1986-09-16,Pacific/Kiritimati,CH,Mongolian,50302445,Ethiopia,explicabo.js,srv-40.stocker-bachmann.org,Horgen,1977-05-04 09:05:56
ia,e8:d0:43:0d:02:08,2004-03-09,Indian/Maldives,CH,Malayalam,4608102,Lebanon,ullam.odt,srv-50.knecht.com,Thalwil,1971-05-23 00:13:27
bg,43:66:ea:44:95:b3,1994-03-23,Asia/Qatar,CH,Thai,4207074,Philippines,eos.mp3,desktop-72.herzog-seiler.com,Langenthal,1996-02-01 19:37:37
ne,e3:1b:94:3d:a6:1b,1980-09-30,Asia/Nicosia,CH,Bengali,47348,Iceland,fugiat.numbers,laptop-87.imhof.com,Steffisburg,1981-06-25 11:35:59
ku,ab:8a:b8:b6:ce:fb,1981-04-23,Asia/Aden,CH,Kalaallisut,143873,Venezuela,alias.mov,desktop-27.probst.com,Emmen,1999-07-11 02:24:48
gd,6d:07:51:30:5e:23,2014-09-13,Africa/Algiers,CH,Avestan,264120,Mongolia,facilis.webm,lt-85.isler.com,Aarau,1988-10-05 23:32:37
niu,0d:ad:e6:22:8b:35,2013-12-30,Indian/Mauritius,CH,Kirghiz,4777,France,cupiditate.mp3,laptop-84.luthi.com,Thun,1987-05-04 10:59:07
st,3a:4a:70:30:77:dd,2009-03-31,Africa/Malabo,CH,Panjabi,34585,Algeria,minus.xlsx,lt-48.hafliger.org,Münchenbuchsee,1980-10-31 12:16:48
st,f9:af:8a:76:8d:c8,1972-02-18,Africa/Ouagadougou,CH,North Ndebele,872,Philippines,eum.odp,desktop-79.weibel.com,Siders,1985-04-16 18:39:06
mag,3b:51:ff:94:3a:95,2012-07-31,Europe/Samara,CH,Azerbaijani,3822487,Brunei Darussalam,saepe.ods,desktop-43.stucki-brunner.biz,Kloten,1982-04-09 05:10:30
ca,a8:62:a1:58:7b:3e,1991-09-20,America/Caracas,CH,Bihari languages,5251262,Niger,fuga.avi,srv-06.vogel-egger.com,Burgdorf,2003-05-19 12:21:00
ko,a0:b8:9a:ac:d0:46,2003-10-18,America/St_Lucia,CH,Bengali,18395,Dominican Republic,amet.avi,email-05.frey.org,Bellinzona,1981-08-17 13:02:18
tcy,3e:3d:87:9b:2c:4f,2020-04-13,Asia/Ashgabat,CH,Belarusian,318089505,France,mollitia.jpg,db-44.gross-stalder.com,Risch,2012-05-11 12:27:30
nr,cf:f0:66:af:1e:e1,2003-02-12,Europe/San_Marino,CH,Panjabi,1,Belize,rem.pages,srv-41.kern.org,Risch,2003-04-07 06:05:25
fi,cf:bc:e0:f6:32:0f,1975-11-19,Europe/Bucharest,CH,Turkmen,96,Bahamas,officia.bmp,web-81.hafner-battig.biz,Ebikon,2017-10-20 15:40:37
ckb,2d:79:10:8c:ec:e4,1997-03-27,Europe/Riga,CH,Swedish,34,Palestine,consectetur.html,desktop-04.hofmann-ammann.com,Wohlen,2017-04-22 15:50:36
zh,ad:af:57:ca:ed:8e,2013-12-27,Africa/Casablanca,CH,Spanish,7306,Iran,et.wav,srv-80.jaggi.com,Arth,2014-07-20 09:30:06
xh,3c:1a:62:73:be:54,1978-07-14,America/Santo_Domingo,CH,Turkish,39,Zambia,commodi.csv,srv-18.felder-schlatter.com,Bellinzona,2015-09-28 01:52:27
byn,6c:91:4f:9c:20:22,2012-06-19,Pacific/Apia,CH,Tatar,2,SÃ£o TomÃ© and PrÃ­ncipe,nihil.jpg,desktop-42.probst.biz,Monthey,2003-01-16 23:37:20
mn,2c:84:70:0c:c3:1a,1972-02-02,America/Jamaica,CH,Uighur,1402428,Federated States of Micronesia,quas.jpg,srv-12.michel.biz,Monthey,1998-06-18 10:21:52
ayc,1a:9b:4d:64:c4:db,2014-12-18,America/Guayaquil,CH,Aragonese,844,Belarus,veritatis.jpg,desktop-93.wirz.org,Wetzikon,2002-09-06 12:58:19
gv,ea:7c:10:5e:d0:f1,2009-08-18,Asia/Nicosia,CH,Dutch,52281,Mozambique,debitis.webm,web-24.jenni-wettstein.com,Steffisburg,1971-09-06 20:52:49
si,23:00:f4:4f:e8:12,2009-09-21,Asia/Rangoon,CH,Greek,5364480,Sweden,sunt.pdf,desktop-68.hofer.org,Sitten,1982-04-26 22:06:32
sat,31:e0:3d:11:e0:0a,2001-06-21,Asia/Phnom_Penh,CH,Aymara,4831196,Iceland,nemo.flac,db-58.hotz.biz,Wald,1978-08-29 18:03:31
uz,49:1a:bb:b5:9f:c3,1978-02-16,Europe/Bratislava,CH,Hausa,84296,Grenada,laudantium.bmp,lt-00.hurlimann.org,Burgdorf,1989-01-21 07:49:22
lij,75:89:88:62:73:d1,1972-01-22,America/Havana,CH,Guarani,7786,Bosnia and Herzegovina,iusto.tiff,srv-81.schlatter.com,Rheinfelden,1981-11-30 02:09:44
yue,fb:e5:78:35:26:e5,1970-10-13,Africa/Kampala,CH,Armenian,713,Bolivia,deserunt.docx,lt-78.isler.com,Lugano,1995-08-18 21:14:48
yue,c1:9a:34:43:84:20,2021-01-18,Europe/Malta,CH,Urdu,4861408,Bulgaria,dolor.jpg,lt-03.beck.com,Wallisellen,1975-12-28 01:50:58
ha,67:ff:92:22:f1:b0,1976-08-13,Pacific/Kosrae,CH,Chuvash,2201737,Seychelles,dolores.mp3,lt-10.seiler.biz,Nyon,2017-02-20 19:02:16
is,8a:db:4e:d0:74:87,1985-11-18,Asia/Yerevan,CH,Greek,818,Cameroon,officia.ods,web-21.fehr-jaggi.com,Regensdorf,1977-08-23 06:00:59
iw,dc:e8:98:05:d5:41,2020-04-25,Europe/Bratislava,CH,Nepali,7,Mali,ea.jpeg,lt-35.schneider-buhler.org,Davos,2016-01-28 00:30:08
ff,de:97:a9:fe:25:74,2000-06-29,Europe/Istanbul,CH,Basque,56900885,Syria,officia.css,lt-14.zehnder-wenger.biz,Wallisellen,1984-11-17 11:45:47
fi,d3:53:af:ef:fa:27,2018-04-05,Pacific/Efate,CH,Chechen,19,Saint Kitts and Nevis,esse.jpg,lt-76.meyer.biz,Val-de-Ruz,2019-09-17 22:17:20
yue,42:a8:7f:bd:0f:17,2012-12-06,Africa/Luanda,CH,Albanian,76,Democratic Republic of the Congo,neque.css,email-18.imhof-ott.net,Wil,2006-09-22 17:12:35
nr,63:fe:09:72:50:f1,1998-05-16,Pacific/Chatham,CH,Tsonga,24433797,Belgium,vitae.mp3,web-46.bader.info,Arbon,1989-12-20 00:55:15
ky,da:1d:08:e7:91:61,1998-06-12,Africa/Harare,CH,Ganda,5959053,Cyprus,ad.mov,laptop-75.graf.com,Aigle,1986-07-16 06:33:49
dz,29:a1:04:07:0e:64,2013-08-14,Asia/Kuwait,CH,Afrikaans,8,Armenia,sit.bmp,desktop-97.eugster.biz,Muri,2006-08-08 10:06:59
st,57:0b:6c:c0:43:53,1976-05-21,Europe/Zurich,CH,Bengali,9,Swaziland,odit.json,srv-41.stutz.biz,Baden,1983-09-21 21:47:02
dv,89:ec:7d:78:9e:fb,2001-06-20,America/Port_of_Spain,CH,Basque,1717969,Nigeria,ut.gif,desktop-99.peter.com,Muri,2020-10-21 04:00:16
se,a4:45:05:ff:19:e6,2022-01-02,America/Lima,CH,Dutch,42361,Kuwait,corporis.docx,lt-13.ziegler-felber.com,Aesch,2013-11-29 21:09:35
sl,86:27:f8:b8:d3:c2,2023-04-16,Europe/Berlin,CH,Kuanyama,0,Bosnia and Herzegovina,molestiae.xls,laptop-40.stocker.info,Wetzikon,1980-05-21 04:24:24
kok,91:60:45:e9:9f:8f,2015-08-02,America/St_Lucia,CH,Latvian,878601,Palau,magni.mov,srv-44.frick.com,Uzwil,1999-06-28 06:01:48
mhr,e8:6a:b6:30:6f:83,2019-04-01,Africa/Cairo,CH,Inupiaq,1,Slovenia,consequatur.xls,laptop-47.marti.org,La Chaux-de-Fonds,2017-08-21 21:07:22
aa,8a:27:e9:5a:94:c7,1994-02-28,Europe/Madrid,CH,Divehi,868560971,Mexico,neque.mp3,web-96.ackermann.org,Bassersdorf,2023-06-28 03:13:57
mg,ca:75:4c:98:58:fb,1973-06-05,Asia/Samarkand,CH,Hindi,4458643,Barbados,sequi.mp3,email-54.beck-kaser.com,Emmen,2001-10-24 08:13:19
crh,0d:44:02:42:c9:50,1984-02-10,Europe/Berlin,CH,Telugu,1,Djibouti,facere.png,lt-24.wuthrich.org,Brig-Glis,1988-07-11 08:07:57
es,d4:19:6a:e2:c5:9a,1975-06-13,Europe/Tallinn,CH,Hungarian,7075447,Sweden,ullam.bmp,email-95.wirz-wuthrich.com,Zürich,1984-04-21 22:09:21
sv,0d:81:68:78:b2:f5,1974-10-23,Asia/Rangoon,CH,Limburgan,8522794,Mexico,voluptatum.css,email-24.vogt.com,Oftringen,2019-09-21 20:21:48
tk,d2:96:57:27:77:d8,2008-09-28,America/La_Paz,CH,Danish,143083,New Zealand,assumenda.csv,lt-87.benz.net,Riehen,1979-04-07 20:51:53
be,81:c1:57:3d:fe:fa,2000-11-30,America/Havana,CH,Italian,6700566,Saint Vincent and the Grenadines,iure.jpeg,laptop-24.zingg.biz,Oftringen,2014-04-22 16:15:17
uz,e6:b0:a3:19:ea:da,2018-05-04,Pacific/Funafuti,CH,Portuguese,27087,Federated States of Micronesia,nam.avi,srv-05.schumacher-isler.info,Chur,1990-08-12 00:53:44
sk,9a:b2:d9:ff:b5:7c,2010-04-28,Europe/Rome,CH,Swahili,934296,Kingdom of the Netherlands,perspiciatis.mp4,laptop-96.hafner.com,Meyrin,1993-10-17 18:12:05
nr,fd:53:98:d6:eb:6c,1987-06-06,Asia/Vientiane,CH,Sardinian,92586,East Timor,dignissimos.webm,email-32.tobler-maier.com,Kloten,2016-11-16 20:40:32
mai,a6:e6:96:5e:cb:7e,1998-08-19,Asia/Kuching,CH,Faroese,9834582,Cape Verde,porro.pdf,laptop-56.walter-ott.info,Oberwil,1998-04-25 11:42:28
hsb,e3:7b:96:c2:fa:b0,2012-05-18,Asia/Nicosia,CH,Macedonian,93666,Ukraine,nulla.gif,db-58.siegrist.com,Arth,1984-08-22 17:24:27
lzh,29:00:8a:d9:22:bc,1994-11-24,Africa/Dar_es_Salaam,CH,Arabic,58397,Libya,commodi.wav,srv-25.gerber.biz,Binningen,1975-11-24 07:39:32
iw,87:9c:d3:da:66:54,1976-04-10,Europe/Amsterdam,CH,South Ndebele,58806,Romania,doloribus.wav,db-02.jost.com,Lancy,1988-05-09 09:46:23
lb,aa:15:b1:d8:3c:c4,1980-12-12,Asia/Bishkek,CH,Malayalam,915,Slovenia,recusandae.xlsx,laptop-13.leu.com,Riehen,1997-10-31 23:22:44
wo,b7:89:e8:8a:8d:bf,2021-03-14,Africa/Tripoli,CH,Nepali,95305285,Cambodia,alias.csv,db-79.giger-benz.org,Liestal,2004-06-18 18:31:56
iu,e4:f0:47:07:71:1b,2019-07-10,America/Jamaica,CH,Divehi,1846402,Liberia,inventore.mp4,db-66.ott-wegmann.com,Renens,2023-03-18 22:13:29
lzh,c6:0c:c6:19:63:df,1979-12-13,Africa/Monrovia,CH,Sinhala,1357,Malaysia,tempore.mp4,web-05.geiger.com,Dietikon,2006-07-19 23:50:48
iu,6f:12:ed:93:9a:87,1979-11-26,America/Montevideo,CH,Chichewa,929343649,Iraq,id.pptx,web-82.kagi.org,Villars-sur-Glâne,1978-09-07 05:26:16
hsb,38:81:9a:87:33:fe,1992-09-14,Atlantic/Canary,CH,Tamil,2,Mali,necessitatibus.json,desktop-76.baur-suter.net,Oberwil,2006-02-06 09:42:38
doi,45:01:fc:eb:4a:07,2014-04-04,Africa/Algiers,CH,Oromo,35982471,Pakistan,pariatur.mov,desktop-94.hoffmann.biz,Meilen,1977-01-31 22:06:11
pl,82:d6:32:5b:38:5b,1988-10-03,America/Bogota,CH,Central Khmer,89098,Canada,eius.bmp,laptop-75.huber-wehrli.com,Delsberg,1983-03-09 01:23:43
wal,cd:ab:21:31:8b:65,2019-02-02,Asia/Baghdad,CH,Vietnamese,22,Benin,eos.json,lt-40.pfister-hofstetter.com,Grenchen,2021-06-21 10:32:02
xh,90:59:00:bc:ec:56,2012-05-11,Pacific/Efate,CH,Marshallese,4365503,Madagascar,totam.gif,email-77.kessler-sigrist.com,Birsfelden,1998-11-01 15:19:03
bs,5c:de:41:c7:de:1a,1995-02-03,Europe/Sarajevo,CH,Tamil,67789858,Indonesia,vitae.mp3,db-72.felber.biz,Herisau,1995-05-09 06:21:51
byn,6a:f2:4a:b0:12:16,1983-11-24,Asia/Amman,CH,Danish,226,Andorra,voluptates.tiff,email-66.leunberger.com,Bülach,2001-08-18 18:33:26
is,b1:92:88:c3:8a:3f,1980-05-20,Europe/Lisbon,CH,Vietnamese,114610335,Swaziland,voluptates.js,web-48.sutter-fluckiger.com,Küssnacht,2020-09-19 05:46:32
ss,63:7a:c2:8d:05:8a,1998-04-22,Pacific/Efate,CH,Azerbaijani,976,Croatia,at.wav,db-98.buhler-egli.org,Regensdorf,2019-03-08 23:53:20
pt,f9:6f:08:0a:92:94,2008-03-09,Europe/Sarajevo,CH,Tswana,72508,Vanuatu,vel.json,lt-48.portmann-wirth.com,Spreitenbach,2004-09-22 15:50:43
cmn,d9:31:77:4e:d1:6a,2003-11-07,Africa/Kampala,CH,Kalaallisut,51569,United States,praesentium.mp3,srv-42.graf.info,Biel/Bienne,1972-09-26 00:04:27
gez,da:cb:c2:6a:81:4a,1985-08-07,Africa/Douala,CH,Zhuang,386,People's Republic of China,facilis.webm,web-84.bernasconi.com,Suhr,2020-05-02 20:50:42
nr,dc:11:49:63:ca:1c,1978-10-22,Europe/Helsinki,CH,Interlingua,638453626,Singapore,ipsam.flac,lt-83.ammann-bauer.biz,Kloten,1979-09-02 08:11:15
ik,a4:a0:34:93:7f:44,1971-12-04,Africa/Malabo,CH,Xhosa,897,Sri Lanka,ducimus.json,lt-66.tobler-lang.com,Zürich,1996-03-04 12:17:00
