mac_address,hostname,file_name,latitude,city,date,pricetag,timezone
23:6a:d5:a2:53:06,desktop-54.loeffler.net,gern.csv,-36.3261275,Bad Kissingen,2004-09-15,"71,90 €",Pacific/Tongatapu
13:ab:3b:d3:ec:30,email-27.krein.com,und.jpeg,50.7852415,Meppen,1977-01-19,"9,46 €",Asia/Chongqing
c9:4e:f3:32:20:25,lt-96.mende.com,Affe.mp3,-88.893797,Bruchsal,1978-05-05,"68,32 €",Europe/Riga
af:5a:76:11:a8:52,lt-20.beer.org,kurz.numbers,18.7390935,Wittstock,1973-01-07,"98,10 €",Europe/Copenhagen
bd:5e:48:58:11:98,db-97.krause.de,Schwester.bmp,74.210335,Schwandorf,1989-07-26,"731,01 €",Africa/Lome
a2:c2:c0:f8:12:9f,email-13.haering.com,Hund.html,64.8529835,Pirmasens,2010-01-05,"39,36 €",Africa/Dakar
03:d9:3c:52:ce:d7,desktop-59.froehlich.org,neun.css,84.859721,Donaueschingen,1992-03-06,"65,74 €",Indian/Comoro
84:d8:64:cd:6b:42,db-87.beer.com,aber.flac,50.963301,Erfurt,2023-01-10,"914,47 €",Africa/Mbabane
c9:d1:3f:88:bb:25,laptop-34.reuter.com,reich.tiff,-28.766706,Delitzsch,1996-09-22,"85,12 €",America/Port_of_Spain
cb:60:50:1d:7f:33,desktop-92.noack.de,fünf.ods,-53.536260,Schleiz,2002-07-24,"9.066,43 €",America/Paramaribo
17:e3:08:92:77:df,lt-35.etzold.net,ganz.avi,-57.699751,Ochsenfurt,1977-12-15,"699,96 €",America/Noronha
72:91:61:6c:66:41,email-73.seip.com,versuchen.mp4,77.709016,Arnstadt,1985-05-02,"67.279,45 €",Europe/Brussels
d1:31:e5:78:e8:97,laptop-76.pohl.de,zwischen.odp,-54.0700885,Einbeck,2019-05-18,"10.635,06 €",Europe/Lisbon
b0:f8:31:48:31:32,email-79.holt.com,das.pptx,-6.439478,Bernburg,1996-10-30,"9.407,25 €",Asia/Tbilisi
00:3e:9d:94:57:17,db-09.kobelt.de,müssen.key,-52.4041295,Hersbruck,1973-11-27,"454,97 €",Europe/San_Marino
f0:d6:4c:b6:08:0b,desktop-52.fechner.net,werfen.mp4,10.1495685,Auerbach,1970-08-18,"33,39 €",America/Tegucigalpa
c5:27:8f:b4:c5:7d,web-37.jaehn.net,ließ.jpg,73.647727,Olpe,2022-06-09,"0,37 €",America/Paramaribo
23:ed:b8:46:2a:7b,srv-95.hendriks.de,glauben.bmp,-0.2958455,Crailsheim,1984-05-07,"39.646,78 €",Europe/Vatican
59:99:ce:cd:7f:24,db-52.neuschaefer.de,nichts.webm,36.4927305,Kehl,2005-07-28,"7,86 €",America/Guatemala
ac:6a:3c:c5:52:3c,web-74.lindner.com,leicht.webm,-3.8049055,Stadtsteinach,1999-08-20,"115,02 €",Pacific/Efate
cc:f9:e7:78:6b:8e,lt-86.kroker.com,Licht.txt,-89.5499135,Oschatz,1970-09-18,"7.779,82 €",Africa/Lubumbashi
1a:08:47:5b:e8:87,desktop-22.kobelt.net,trinken.xls,-10.2079515,Wanzleben,1977-01-16,"3,93 €",Europe/Andorra
85:38:0f:35:47:be,email-33.weihmann.de,hängen.mov,2.8215475,Wolfach,1979-01-26,"7.625,15 €",Indian/Mahe
14:43:f6:10:dd:38,db-22.saeuberlich.de,sieht.wav,-12.707257,Soest,2001-03-26,"89.543,18 €",America/Nassau
de:91:27:e6:18:57,srv-29.hecker.de,Beispiel.mov,20.8093115,Hamburg,2003-10-15,"34,94 €",America/Tegucigalpa
41:fb:2a:c6:52:1b,laptop-82.otto.com,daran.key,67.8684955,Luckau,1983-09-19,"93.731,25 €",America/Havana
d3:b5:df:85:cb:cb,lt-37.soeding.de,immer.tiff,12.4834305,Mayen,1972-01-10,"5,71 €",America/Antigua
d5:62:82:17:8a:ac,srv-70.langern.de,mal.doc,-64.6504545,Schwäbisch Gmünd,2013-06-04,"2,84 €",Asia/Dili
3a:51:4e:d3:93:f7,db-16.barkholz.de,daran.json,73.909478,Lobenstein,1988-01-11,"83.786,09 €",Asia/Phnom_Penh
3c:65:9a:f3:73:49,lt-22.scheibe.net,wohnen.numbers,38.034195,Schwandorf,2005-01-21,"52,66 €",Africa/Porto-Novo
72:5f:76:42:54:c7,db-49.foerster.net,letzte.txt,40.246122,Beilngries,2001-02-11,"65,44 €",America/Blanc-Sablon
e8:f9:2c:36:53:92,lt-26.trueb.de,sprechen.json,71.7853525,Witzenhausen,1972-09-06,"50,37 €",Africa/Dar_es_Salaam
95:28:9c:38:40:7f,email-59.geisel.com,Schule.json,41.921309,Eilenburg,1988-10-04,"547,05 €",Africa/Niamey
2e:c6:95:de:2a:ae,web-61.riehl.org,Herz.wav,57.6299675,Gräfenhainichen,2008-10-02,"42.256,56 €",America/Grenada
31:7c:53:b8:7c:53,email-15.hofmann.net,verstecken.csv,29.839619,Wesel,2023-03-11,"624,87 €",Africa/Luanda
37:68:ee:0d:f0:f3,desktop-14.schweitzer.de,Arzt.js,19.6221455,Konstanz,2020-10-10,"10,93 €",America/St_Kitts
72:ae:51:89:79:25,lt-85.noack.org,Auto.avi,-63.682434,Chemnitz,1987-11-02,"64.516,65 €",Asia/Ashgabat
34:bb:89:49:9e:c2,web-49.muehle.org,seit.jpeg,-1.617462,München,1998-11-01,"71.061,03 €",Asia/Singapore
19:2b:5c:4c:ea:fe,desktop-37.benthin.de,wieder.jpg,39.868804,Schmölln,2021-05-13,"48.221,81 €",Europe/London
79:55:fb:f3:19:61,web-81.mohaupt.net,zwischen.wav,87.1153595,Bad Freienwalde,1994-08-17,"71,65 €",Pacific/Kosrae
30:b6:f7:e1:ef:59,db-12.wilmsen.net,fragen.xls,27.811739,Wernigerode,1972-08-19,"29.362,74 €",America/Belize
f7:09:94:3a:37:95,srv-77.klapp.com,Mensch.xls,79.3533865,Neubrandenburg,1985-04-16,"97.827,34 €",Asia/Manila
c5:86:a7:06:16:12,srv-66.conradi.net,Monat.jpeg,-87.7232075,Hannover,1982-02-16,"5.040,94 €",Pacific/Efate
68:4e:5f:fc:ea:45,db-37.gumprich.de,früh.css,-38.6770375,Stade,1982-09-01,"69,12 €",America/Barbados
49:93:3a:b5:9b:55,desktop-99.otto.de,Haare.mp4,57.9064535,Sömmerda,2001-10-02,"2,49 €",Asia/Ashgabat
15:ee:c7:5e:cb:08,email-75.hecker.com,schon.webm,-55.3712345,Marienberg,1989-06-05,"49.226,34 €",Pacific/Guadalcanal
a9:19:f7:a2:90:a3,web-77.girschner.com,nass.webm,-25.9798665,Deggendorf,1975-05-06,"663,45 €",Asia/Colombo
98:14:dd:ca:6e:8b,desktop-59.koch.de,Glas.wav,79.342132,Emmendingen,1971-09-22,"3.253,56 €",Africa/Kinshasa
79:fc:c4:da:cc:c0,laptop-52.paffrath.net,nicht.gif,48.797903,Plauen,2012-05-17,"357,13 €",Africa/Khartoum
35:d6:57:65:b5:3f,srv-58.ackermann.de,leicht.mp3,-30.993879,Neunburg vorm Wald,1972-02-06,"5,73 €",Africa/Porto-Novo
41:4c:a7:f5:d9:1b,laptop-34.bolzmann.de,Leute.mp3,-28.5269215,Siegen,2013-01-05,"27,58 €",Pacific/Efate
47:94:5d:7d:51:08,desktop-23.wieloch.de,oben.mov,11.202570,Artern,2013-07-06,"4.182,91 €",Europe/Skopje
82:b6:b9:75:54:77,srv-79.roehrdanz.com,öffnen.key,30.976494,Stade,2020-07-02,"778,01 €",Europe/Istanbul
45:ee:95:98:41:f7,web-51.christoph.de,Arbeit.gif,57.726029,Diepholz,1973-04-02,"6,87 €",Asia/Manila
83:92:af:16:29:a0,db-43.austermuehle.de,freuen.mp4,-6.677458,Sömmerda,2015-05-04,"7,05 €",Asia/Aden
ba:2d:38:af:9f:7d,laptop-68.kaul.de,Abend.pdf,44.4793085,Mittweida,2008-12-19,"4.818,15 €",Asia/Singapore
01:40:47:44:51:58,web-68.ruppersberger.com,Bruder.mp4,68.790524,Kötzting,2002-09-23,"68.861,80 €",Pacific/Fiji
5d:02:bc:26:2a:65,db-18.karz.de,Geschenk.flac,-65.102477,Waldmünchen,1978-01-11,"28,51 €",Europe/Sarajevo
c9:80:a0:f1:fc:70,lt-93.hahn.net,Herz.docx,88.793243,Calw,2004-07-05,"95.641,32 €",Africa/Malabo
57:ef:3c:b5:90:c0,db-13.baum.com,Ding.wav,-60.8018005,Jessen,2019-09-21,"991,24 €",Africa/Niamey
61:bb:53:e2:70:38,laptop-01.taesche.de,Fußball.flac,85.875682,Roding,2008-06-14,"1,56 €",America/Belem
9e:bb:e1:44:8b:d6,laptop-01.hess.de,Vogel.key,30.117580,Aue,2005-12-01,"507,07 €",America/El_Salvador
2c:d7:c1:e8:af:f3,email-14.hahn.com,mich.png,63.556905,Jessen,1981-08-17,"96,92 €",Europe/Chisinau
65:52:bf:0f:c5:7b,db-85.jessel.de,Leute.mov,60.2298955,Kitzingen,1995-06-14,"528,19 €",America/Caracas
f9:59:08:20:00:16,desktop-44.fiebig.de,Wiese.avi,44.449772,Göttingen,2013-01-17,"9,84 €",Africa/Sao_Tome
d7:c5:a9:9e:5a:6a,db-33.eigenwillig.org,später.gif,48.534139,Eisleben,1981-12-24,"2,28 €",Indian/Mauritius
c9:ba:7e:56:09:57,desktop-68.bruder.net,früh.webm,16.2102995,Wittenberg,2008-05-26,"54,83 €",Asia/Vientiane
1a:b6:00:56:60:b7,desktop-73.trapp.de,kaufen.mp3,19.058987,Heinsberg,1975-01-02,"31.866,11 €",Africa/Tunis
06:23:0d:ae:e9:32,srv-64.jacobi.de,drehen.xls,37.7495445,Füssen,1987-02-18,"32,17 €",Pacific/Efate
7f:6a:2b:07:fb:81,lt-05.schweitzer.com,böse.jpg,-79.596964,Genthin,2014-06-30,"7.992,68 €",Africa/Lubumbashi
57:b2:d4:77:ae:72,desktop-65.mueller.net,es.pdf,-52.405773,Eberswalde,2014-02-05,"75.148,26 €",America/Montevideo
6d:d9:1d:89:5d:9b,lt-33.sorgatz.org,versuchen.pages,-66.3837655,Merseburg,1998-12-16,"7,16 €",Africa/Harare
d1:14:62:04:b4:32,db-30.graf.net,vorbei.tiff,88.7636305,Ueckermünde,1980-03-29,"19,09 €",America/Jamaica
33:ab:99:ee:ff:c8,laptop-17.koch.net,darauf.webm,69.451301,Querfurt,1982-01-07,"6.427,33 €",America/Cancun
d0:a8:8f:e5:be:98,desktop-61.wilmsen.de,wenig.docx,-53.990089,Fallingbostel,2008-11-23,"4.307,25 €",Asia/Gaza
c0:a1:65:9b:b6:77,email-05.beer.de,nicht.jpeg,-10.2435645,Parchim,1972-09-01,"35,26 €",Pacific/Enderbury
5c:66:56:2d:7d:9a,lt-53.harloff.net,dazu.jpeg,45.9879465,Schlüchtern,2009-12-27,"9,96 €",Europe/Malta
90:a3:fa:ff:4b:c3,email-71.jockel.org,Haare.json,-50.621394,Ochsenfurt,2004-05-09,"80.483,89 €",America/Costa_Rica
a5:5b:af:bb:bd:f4,lt-91.ring.de,Essen.wav,-26.2302205,Mettmann,1999-04-28,"2,15 €",Europe/Bratislava
de:13:1b:6a:84:5b,desktop-30.jaehn.net,einfach.mp3,19.7165685,Neuruppin,1980-12-14,"8,15 €",Europe/Paris
7d:7f:bd:5c:7c:dd,lt-67.patberg.com,verlieren.html,-4.8001295,Bernburg,2005-03-07,"88,03 €",America/Antigua
2b:e6:e8:39:58:15,email-54.segebahn.com,neu.css,-47.983436,Starnberg,1996-06-15,"2.832,73 €",America/St_Vincent
bc:d1:27:35:ca:9d,lt-00.cichorius.com,Kind.js,-45.658164,Ebern,1987-11-12,"6.174,02 €",Africa/Brazzaville
7a:f2:e0:c4:93:5c,lt-73.matthaei.com,Luft.pages,61.008413,Mühlhausen,2001-10-09,"2.591,74 €",Europe/Dublin
6c:90:24:c0:74:0b,db-43.kade.com,weiß.wav,-86.192195,Holzminden,1997-10-19,"2,42 €",Pacific/Guadalcanal
86:41:e9:71:95:19,lt-27.barth.de,Beispiel.avi,53.864429,Soltau,1978-01-21,"32.697,68 €",Asia/Singapore
db:9b:71:3f:eb:0a,lt-58.butte.de,und.numbers,-41.3418375,Neu-Ulm,2016-08-28,"1,95 €",Africa/Dakar
0d:0d:9d:ea:e2:20,desktop-78.trubin.de,Rad.mov,25.0628695,Großenhain,2019-12-16,"7,85 €",Europe/Minsk
1f:fa:46:9e:5c:c5,desktop-55.sorgatz.net,Fisch.txt,-14.3835735,Badalzungen,1987-05-02,"3,03 €",Europe/Skopje
80:87:18:3e:06:60,db-48.hauffer.de,oder.json,-82.5641075,Staßfurt,1972-11-07,"23,36 €",America/Guatemala
2b:46:f4:f0:82:a1,web-32.henck.com,rot.doc,-20.7143505,Mallersdorf,2018-08-19,"254,95 €",Europe/Copenhagen
ca:b9:76:4e:0b:0a,srv-51.stadelmann.de,mein.mp3,55.940423,Illertissen,2021-08-23,"98.834,12 €",Asia/Dushanbe
dc:2e:4d:20:30:1e,db-37.carsten.de,wo.pages,-62.0020945,Rosenheim,1971-11-26,"615,36 €",Pacific/Apia
96:af:f4:ce:0b:8f,srv-87.scheibe.com,mich.pages,17.6368465,Grevenbroich,2011-02-23,"1,84 €",Africa/Algiers
ed:83:b5:b5:83:ce,srv-65.suessebier.com,schlafen.pages,40.976880,Hainichen,1999-11-25,"7.519,87 €",Africa/Monrovia
e1:3f:81:f8:15:9b,laptop-03.zahn.net,gewinnen.gif,-14.1469085,Grafenau,2018-05-04,"0,50 €",Africa/Addis_Ababa
49:fd:67:36:3e:e4,lt-10.drub.de,einmal.gif,65.4088175,Parsberg,2006-03-02,"2.324,30 €",America/Costa_Rica
ed:0a:59:9d:86:8c,db-30.luebs.com,Fahrrad.css,12.813425,Günzburg,1977-09-01,"97,50 €",Asia/Riyadh
7a:70:30:f8:78:10,desktop-89.wirth.com,wohl.mp4,23.6963845,Brilon,1971-03-31,"19,99 €",Africa/Mbabane
a3:16:d6:ac:48:04,srv-25.gorlitz.com,liegen.mp3,-38.175844,Scheinfeld,1980-06-06,"6.061,05 €",Asia/Colombo
b7:d3:df:7b:f2:77,web-97.hettner.de,dir.pages,-6.095505,Hersbruck,1982-10-07,"61,99 €",Pacific/Efate
2b:29:e1:71:42:01,db-78.wesack.net,glücklich.json,2.148606,Flöha,2004-08-15,"63,20 €",Europe/Berlin
9a:cc:c6:61:87:e1,email-80.weller.de,Land.ppt,36.600915,Garmisch-Partenkirchen,2005-02-26,"15,64 €",Europe/Paris
4d:29:6a:11:9c:e7,email-63.schmidt.com,fährt.avi,-17.7979265,Bützow,1988-02-04,"1.213,57 €",Pacific/Guadalcanal
0c:98:58:a2:59:f3,lt-19.rust.com,zehn.flac,-77.6906315,Iserlohn,1982-03-30,"2,87 €",Africa/Ndjamena
d7:82:2c:05:35:52,lt-93.maelzer.org,dort.mp3,7.230862,Säckingen,2006-08-10,"72,32 €",Asia/Rangoon
e7:b6:eb:e3:af:84,db-79.rosenow.com,werden.mp4,79.8337835,Mainburg,1970-09-14,"85.833,44 €",Europe/Tallinn
f9:5a:59:23:c4:2c,web-99.schaaf.com,neun.flac,-79.154351,Neustadt am Rübenberge,1970-03-06,"9,63 €",Africa/Dar_es_Salaam
d6:0d:6d:91:64:92,laptop-63.gumprich.de,durch.avi,-62.249793,Kötzting,1996-08-14,"7,89 €",Africa/Tripoli
e5:bc:ed:b9:0f:17,lt-92.troest.org,brauchen.pdf,72.9707365,Dresden,1982-02-19,"87,02 €",Asia/Karachi
84:ec:e3:3b:13:e6,db-38.waehner.de,darin.ods,83.9957155,Eisenach,1978-05-06,"24.842,34 €",Europe/Berlin
18:35:95:d9:a1:17,email-73.neureuther.com,Apfel.css,7.8906265,Rathenow,1974-04-19,"658,59 €",Pacific/Apia
ab:0c:6d:44:fa:4a,email-14.neureuther.com,vielleicht.bmp,-58.230524,Weimar,2014-05-31,"34.090,06 €",Europe/Malta
93:54:61:8a:d2:7e,srv-95.jopich.com,hart.txt,52.3594145,Bergzabern,1971-08-30,"8.388,02 €",America/Argentina/Tucuman
7e:67:c0:e4:f9:dd,desktop-85.sager.com,Arbeit.txt,-52.0954405,Neustadt am Rübenberge,2005-01-01,"274,68 €",Asia/Dubai
83:4f:05:84:aa:76,lt-95.winkler.com,plötzlich.wav,44.0965985,Neuruppin,1970-12-01,"3,18 €",Europe/Vilnius
99:b5:d8:50:9d:15,srv-05.doering.com,haben.webm,54.610363,Arnstadt,2004-01-20,"393,34 €",Europe/Sarajevo
f2:2f:9a:09:b7:cb,lt-73.hess.de,rennen.webm,27.530785,Parchim,2007-05-11,"60,38 €",Africa/Lubumbashi
50:6a:ec:c8:00:87,desktop-25.misicher.de,acht.gif,45.857281,Ueckermünde,1976-04-05,"71,97 €",Europe/Helsinki
7a:21:33:4c:21:4f,srv-07.dehmel.org,beim.mp4,-22.3312505,Wanzleben,1976-06-30,"4.063,83 €",Pacific/Funafuti
c1:21:b1:d6:3b:a4,desktop-89.austermuehle.org,uns.wav,54.583151,Darmstadt,1981-10-28,"9.651,92 €",Europe/Sarajevo
cd:20:0b:4b:f5:e2,lt-84.gotthard.net,steigen.wav,61.701238,Main-Höchst,2019-11-20,"87.749,54 €",Africa/Abidjan
bc:c0:c2:e7:eb:c8,laptop-14.hartung.net,reiten.csv,73.370161,Göttingen,1981-10-30,"324,05 €",Africa/Tunis
34:62:d6:20:36:8e,web-38.sager.com,Maus.gif,81.7871295,Neuss,1993-08-25,"8.065,16 €",Asia/Pyongyang
7b:2b:1c:1c:b9:4a,desktop-68.juettner.net,Lehrer.txt,-46.199984,Burg,1996-03-27,"20,20 €",Africa/Ndjamena
19:27:c5:1c:58:7b,srv-83.neureuther.de,Arzt.pptx,8.266560,Bad Brückenau,1973-10-25,"20,59 €",Europe/Luxembourg
e7:a1:c3:33:91:64,web-07.bluemel.de,doch.avi,-23.911425,Havelberg,1997-02-09,"88.054,69 €",Europe/Podgorica
9a:14:b4:fa:36:27,web-10.trubin.de,Wald.mp4,48.3636765,Eisleben,1981-04-11,"43.667,63 €",Africa/Asmera
f8:86:a3:c9:fe:b9,srv-91.hofmann.com,Hund.jpg,-52.3941725,Ueckermünde,1989-08-19,"974,25 €",Asia/Jakarta
59:9f:5f:36:53:8c,desktop-08.rosemann.de,wo.js,64.4983175,Badalzungen,1995-10-30,"5,27 €",Asia/Baghdad
74:cd:ad:72:5e:64,email-38.stiebitz.com,Familie.xlsx,27.7954275,Wolfratshausen,2012-12-30,"3.861,67 €",America/Tegucigalpa
1f:25:57:89:29:1f,desktop-53.fritsch.de,werfen.json,48.1888165,Roding,2009-10-12,"55.251,04 €",America/Guyana
34:e2:d1:61:54:f3,web-56.van.de,sein.mp3,-58.840778,Güstrow,1981-07-13,"53.091,53 €",Africa/Accra
b6:ee:7c:e1:32:d9,email-08.stiebitz.com,treffen.mp3,56.2441095,Bitterfeld,1993-12-10,"1.702,98 €",Asia/Damascus
66:ac:92:47:10:79,lt-59.klemt.de,so.key,-10.2615805,Sebnitz,1988-02-24,"68.846,18 €",Africa/Lagos
23:3f:0d:40:ed:1b,laptop-88.hendriks.de,nie.mov,-57.1671565,Schwerin,1974-04-22,"7,78 €",Europe/Sarajevo
04:5e:cb:ce:89:52,lt-56.dippel.org,arbeiten.flac,81.330949,Neustrelitz,1995-04-03,"6,28 €",Pacific/Palau
6b:bf:f3:5a:47:16,desktop-46.caspar.com,Haus.tiff,17.076053,Arnstadt,1978-02-16,"3,36 €",Asia/Riyadh
cb:ad:0a:0f:9e:ba,lt-84.doehn.de,kalt.jpeg,-68.933781,Amberg,1979-05-07,"5.322,43 €",Africa/Cairo
c5:6c:b4:8f:5f:cf,lt-25.koch.de,als.tiff,86.3660405,Neustadtner Waldnaab,1995-01-16,"2.578,56 €",Asia/Bishkek
63:b6:f5:69:87:10,db-34.kobelt.org,wer.jpg,66.886939,Wolgast,2001-11-01,"957,82 €",Africa/Gaborone
7b:96:d4:ff:ef:d4,web-36.cichorius.de,lange.mp3,-83.698164,Cloppenburg,2022-12-17,"234,61 €",Africa/Nouakchott
56:de:58:2c:d8:75,web-03.zirme.net,Straße.pdf,51.596666,Heinsberg,2002-11-13,"4.258,66 €",Asia/Kuwait
01:92:e4:38:d7:e4,web-51.butte.net,Wald.html,15.7792265,Kamenz,2013-10-29,"8,21 €",Indian/Mauritius
e5:49:c5:d6:5d:e8,srv-00.beier.net,Oma.odp,-22.119324,Staffelstein,1972-11-28,"1.952,82 €",Africa/Abidjan
25:07:2c:64:9c:54,srv-62.ehlert.com,zum.bmp,-4.9188625,Anklam,1989-05-17,"134,52 €",Asia/Jakarta
ec:b4:ec:ce:49:68,db-78.gertz.de,Rad.mp3,-43.8017715,Tecklenburg,1994-03-29,"196,11 €",America/Recife
74:14:78:4a:fb:62,web-06.junken.com,können.js,-9.523156,Ueckermünde,1996-05-06,"61,34 €",Africa/Casablanca
46:81:0b:2f:e6:c1,email-07.wagner.org,fiel.mp4,-53.6273745,Forchheim,2014-09-25,"3,57 €",Africa/Khartoum
df:7e:32:ba:e5:04,laptop-16.maelzer.com,voll.pdf,-3.5036605,Mühlhausen,2017-09-01,"792,25 €",Africa/Kigali
a6:f7:1d:90:ad:c9,web-76.pechel.org,rot.tiff,20.0572735,Grimmen,2018-06-18,"89,77 €",Indian/Comoro
e5:02:81:ec:7d:9d,lt-42.kambs.com,lernen.xls,5.5230075,Eberswalde,2022-07-21,"5.861,96 €",Africa/Windhoek
47:f0:ec:e8:83:0c,email-80.stolze.net,krank.wav,-82.5646435,Saulgau,1988-04-19,"53.826,17 €",Europe/Dublin
b9:4f:ec:6e:61:f1,web-37.bohlander.de,ihr.txt,7.926219,Husum,2001-03-13,"968,65 €",Europe/Sarajevo
70:d6:76:52:bc:6a,srv-73.gehringer.de,Spiel.bmp,-66.9692615,Eisenberg,2023-08-10,"5,96 €",America/El_Salvador
b1:61:61:9e:a3:9b,email-57.hoerle.com,Wald.xls,-49.3933295,Geithain,1972-03-30,"54.299,10 €",Asia/Beirut
4c:f7:af:a1:8d:f6,email-31.striebitz.com,jeder.odt,76.294051,Sankt Goar,1972-08-06,"82.420,81 €",America/Guatemala
0d:7c:50:2d:a2:4e,desktop-00.taesche.net,mögen.flac,-65.5198425,Euskirchen,2009-01-23,"7.729,77 €",Asia/Bangkok
9c:cf:ca:43:28:d9,email-67.baerer.de,dort.mov,-73.4706135,Säckingen,2011-08-27,"2.244,40 €",Asia/Makassar
fe:78:80:f3:fc:a2,email-69.klemm.de,Affe.mp4,87.077138,Gräfenhainichen,1991-01-23,"6,62 €",Asia/Dili
3e:57:97:70:f3:93,db-01.drub.com,schnell.gif,71.7470755,Senftenberg,1983-09-04,"31,04 €",Africa/Addis_Ababa
7d:11:92:23:ec:32,laptop-83.biggen.com,Zimmer.js,-85.305469,Passau,1991-12-25,"75.231,33 €",Africa/Algiers
c5:48:16:45:fe:a5,laptop-63.jaentsch.com,mein.js,-73.7945885,Stade,2022-05-22,"79,88 €",America/Managua
81:a2:f7:4a:f6:e4,srv-03.koch.com,Ding.ods,-83.276626,München,1981-05-27,"8.797,00 €",Asia/Tashkent
f2:0f:fc:44:ed:16,web-66.dietz.net,sie.jpg,69.528690,Bremen,2003-07-16,"465,74 €",Indian/Comoro
6b:fb:c4:c3:96:91,email-53.ladeck.com,wo.ppt,38.861194,Prenzlau,2013-03-11,"1.788,75 €",Europe/Podgorica
56:0b:3f:16:c4:9c,web-63.adler.de,lassen.doc,22.4966155,Anklam,2008-01-17,"246,18 €",Europe/Prague
66:25:a0:53:f8:a5,web-88.jungfer.com,Wort.webm,-11.254080,Weißwasser,2017-10-02,"9.194,95 €",Europe/Luxembourg
ec:d2:7d:35:39:53,laptop-64.dippel.com,einigen.odp,12.990198,Donaueschingen,2005-11-22,"7.236,79 €",Pacific/Enderbury
ff:33:e6:72:ae:c4,desktop-66.taesche.net,klein.avi,20.2416445,Diepholz,1987-01-03,"55.424,16 €",Asia/Ashgabat
1f:16:0e:ba:ff:e7,email-70.rosemann.net,bringen.bmp,-69.9605265,Neubrandenburg,1970-07-14,"5.557,20 €",Asia/Kuwait
6c:f2:76:0d:86:e4,lt-78.paertzelt.com,ließ.pdf,68.286687,Hildburghausen,2015-03-11,"2.736,35 €",Pacific/Auckland
e2:5c:6b:95:f0:ac,email-63.bohnbach.com,zwei.mp4,36.664802,Vilsbiburg,1973-10-30,"742,74 €",Africa/Khartoum
9a:8c:af:cf:3d:42,laptop-22.baerer.com,will.webm,-32.0148005,Schwerin,2001-06-14,"454,55 €",Africa/Nairobi
37:c3:eb:64:93:8d,srv-85.weller.com,erklären.pptx,57.5971175,Stendal,2017-12-18,"133,64 €",Europe/Athens
bd:37:08:77:e9:c3,lt-92.tintzmann.de,warten.mov,-22.0700555,Ueckermünde,1999-11-01,"92.906,51 €",Pacific/Tongatapu
c7:9f:32:4e:96:fd,laptop-33.scheuermann.net,Finger.webm,27.589880,Coburg,1993-07-28,"13.325,49 €",Europe/Tirane
d8:07:de:31:7b:55,desktop-49.neuschaefer.net,Zeit.txt,-72.597800,Moers,1998-09-21,"64,45 €",Europe/Moscow
3f:b0:17:1c:29:be,laptop-82.hentschel.org,rund.js,-78.068213,Mallersdorf,1985-10-24,"64,18 €",Europe/Stockholm
a6:c2:8c:84:62:23,srv-37.geisel.com,tragen.mp3,42.2473715,Dachau,2011-12-19,"8,74 €",Pacific/Port_Moresby
7d:69:8f:6c:a4:75,email-51.steckel.de,nach.html,-48.628290,Perleberg,1972-03-01,"7,75 €",Europe/Paris
74:25:74:1b:4b:07,srv-39.atzler.net,sechs.js,-66.752160,Sternberg,1983-11-01,"6,61 €",Africa/Harare
de:fa:df:07:94:a2,email-97.stahr.org,fertig.mp4,-13.356430,Lichtenfels,2021-08-12,"71.393,42 €",Asia/Jayapura
b2:58:24:01:8e:e0,laptop-09.spiess.org,will.csv,78.293856,Wesel,2014-08-10,"451,48 €",America/St_Kitts
04:c0:5e:e6:c1:0b,laptop-95.nette.com,kurz.tiff,78.2927205,Marienberg,1971-09-25,"46,36 €",Africa/Mbabane
7b:4d:50:73:e6:58,email-72.schulz.de,kurz.js,-46.141954,Geithain,1992-02-15,"3.220,36 €",Australia/Currie
e9:f1:3d:68:39:4a,web-43.reising.de,hinein.webm,50.005752,Berchtesgaden,2002-03-21,"56.478,03 €",Africa/Kampala
2f:96:2c:10:61:2b,db-22.rogner.com,singen.pages,51.0526785,Brand,2013-03-11,"44.594,43 €",Asia/Thimphu
f8:f3:95:6d:78:1d,lt-12.doerr.org,Kopf.mp3,54.311763,Meiningen,2015-06-27,"18,68 €",Europe/Copenhagen
39:b3:9d:07:4e:95,laptop-30.rose.com,andere.mp3,-22.5755895,Greifswald,1974-05-05,"79.923,43 €",Pacific/Efate
13:d2:8f:9a:d5:2d,lt-64.schacht.org,hinter.wav,-17.5564245,Freudenstadt,2018-01-02,"8.763,77 €",Asia/Gaza
40:fe:df:e5:72:b6,desktop-83.bonbach.de,zum.flac,41.2871305,Freital,2008-02-20,"5,44 €",Asia/Aden
bc:e0:14:fc:81:f8,desktop-50.luebs.de,freuen.doc,73.3059545,Rockenhausen,1992-05-31,"4,13 €",Africa/Abidjan
01:01:70:30:5a:33,email-63.schmidt.com,Haus.png,88.1719815,Koblenz,1983-02-21,"18,79 €",Asia/Dili
51:07:9a:3f:b6:a4,lt-88.gertz.com,Wagen.wav,-63.5361785,Mühldorf am Inn,1978-09-10,"539,54 €",Indian/Maldives
7c:d4:b2:f2:96:57,web-81.adolph.de,Licht.webm,82.244127,Burglengenfeld,1975-02-08,"293,89 €",America/Belize
db:68:96:c0:16:31,email-82.gunpf.com,Jahr.webm,-28.069253,Altötting,2017-02-27,"14.729,71 €",Africa/Tunis
27:07:03:4d:d4:54,db-00.heinz.com,fast.webm,-49.7113385,Magdeburg,1993-05-15,"9,10 €",Africa/Abidjan
32:9e:32:dc:28:34,desktop-45.bloch.com,sind.bmp,1.968559,Königs Wusterhausen,1996-03-04,"4.092,72 €",America/Port_of_Spain
47:71:c3:d2:c1:58,desktop-92.hartung.com,mal.odt,-85.4958585,Grevenbroich,2003-05-08,"5,56 €",Asia/Rangoon
dd:b9:8b:3d:21:2a,web-60.gertz.com,nass.jpeg,-54.4238545,Gera,1990-10-27,"90,63 €",Pacific/Efate
55:9d:09:dd:8b:44,db-05.mans.com,es.mp3,12.889150,Neuruppin,2017-11-08,"812,25 €",Europe/Amsterdam
2b:6b:f5:46:1d:ee,lt-20.weimer.com,See.gif,51.506835,Ebern,1981-09-30,"98.405,32 €",Europe/Ljubljana
52:62:fd:fc:92:c4,web-64.gorlitz.com,Fisch.tiff,83.214741,Fürstenwalde,1977-02-25,"3,03 €",Europe/Amsterdam
d9:f0:be:7b:73:12,lt-33.juettner.org,alt.pptx,23.5059925,Düren,2004-12-14,"904,29 €",Africa/Dar_es_Salaam
2a:d4:30:9b:16:6f,laptop-21.martin.de,Zeitung.mp4,47.9616155,Stade,1993-05-19,"30,44 €",Africa/Libreville
a2:f1:a3:89:00:cd,srv-53.renner.org,Jahr.mov,-4.0211745,Dieburg,1999-09-03,"51.268,40 €",America/Grenada
21:94:83:9a:b6:7f,laptop-43.froehlich.de,Maus.pdf,33.789457,Mühlhausen,1992-10-29,"8.832,55 €",Asia/Brunei
b5:fa:c3:cf:fd:6c,laptop-14.jaekel.com,Stelle.jpeg,43.4620075,Neuruppin,2002-03-11,"7.889,34 €",Asia/Gaza
49:ee:e3:20:c8:71,laptop-58.mitschke.de,Freude.pdf,40.616220,Fürstenfeldbruck,2005-11-28,"28.648,57 €",America/Guatemala
60:ca:ae:2a:42:17,lt-94.beer.com,Wald.numbers,64.0043265,Zerbst,2012-12-23,"2.254,02 €",America/Managua
b3:cf:c6:f7:bb:62,desktop-78.scheibe.de,Bruder.numbers,10.651400,Olpe,2001-01-27,"601,44 €",Asia/Gaza
75:c3:15:ef:26:b0,srv-78.bien.de,hin.flac,-47.3440285,Melle,1970-01-11,"52.948,82 €",Africa/Casablanca
da:7a:3e:b5:b1:f3,srv-96.koester.com,nächste.ods,23.0280305,Malchin,1977-09-03,"16.272,02 €",Europe/London
5f:1d:ab:5c:b4:77,db-50.kohl.de,uns.avi,44.9872225,Genthin,1988-08-08,"996,77 €",Europe/Vilnius
c9:91:2e:6a:30:d6,db-53.schuchhardt.de,unten.mp4,65.709059,Erding,1975-02-14,"2,59 €",Africa/Conakry
6f:dd:87:ec:d6:72,srv-93.lachmann.de,sitzen.mp4,22.4418715,Gunzenhausen,2017-05-25,"919,11 €",Africa/Freetown
57:80:6f:0a:9e:2b,email-45.johann.com,steigen.pptx,52.8515935,Reutlingen,1999-02-17,"79.573,97 €",Africa/Ndjamena
89:ec:3b:bc:51:5a,srv-58.dehmel.com,sicher.html,78.380058,Hannover,1988-05-16,"8.478,67 €",Asia/Thimphu
e3:2e:d2:ee:ae:44,desktop-90.rust.com,leicht.mp4,-46.439150,Hoyerswerda,1998-11-07,"1,77 €",Africa/Brazzaville
e1:66:87:47:30:1a,lt-36.henk.de,schon.avi,18.041830,Strausberg,1997-08-15,"19,86 €",Europe/Tallinn
8e:97:79:ad:37:fc,desktop-63.holt.de,Sonntag.ods,-40.876406,Schweinfurt,1972-02-02,"8,62 €",Asia/Rangoon
d1:10:e6:7e:9e:9d,db-74.boucsein.de,durch.mp3,-79.712104,Haldensleben,2006-11-12,"928,15 €",Africa/Dar_es_Salaam
38:2c:c7:1a:4f:cf,desktop-62.doering.com,weg.csv,65.565098,Riesa,2023-04-26,"355,72 €",Asia/Phnom_Penh
e6:5c:76:e0:bc:18,desktop-31.atzler.net,dem.tiff,5.341989,Goslar,1978-05-04,"445,52 €",Asia/Amman
e4:db:75:64:11:15,db-91.herrmann.com,las.jpg,50.4115915,Bamberg,2017-10-20,"9.711,17 €",Africa/Tripoli
f2:7c:03:60:fd:f5,email-37.roemer.de,Name.mp4,12.067494,Grimma,2006-05-09,"8.865,33 €",Indian/Mahe
de:d5:c1:e8:42:bb,desktop-32.heser.org,Beispiel.pages,-46.751731,Lübeck,2005-01-10,"30,86 €",Asia/Urumqi
58:c9:6b:a1:eb:6e,web-89.heydrich.org,Uhr.avi,0.046684,Mühlhausen,2021-10-01,"3,01 €",Asia/Oral
9b:41:75:cd:50:8f,desktop-71.trub.com,Mann.avi,89.8610605,Eilenburg,1994-04-07,"102,76 €",Europe/Chisinau
de:96:79:0d:3b:dc,srv-98.knappe.de,aber.numbers,-47.951284,Bad Kissingen,1979-11-09,"77,53 €",Europe/Sofia
f9:4d:e4:7a:af:94,desktop-46.jopich.de,zeigen.pages,45.256608,Zschopau,2017-04-28,"4.957,94 €",Africa/Casablanca
8f:0e:1f:ea:75:b7,email-28.koch.org,hoch.doc,77.9717755,Waren,1985-02-19,"378,53 €",Africa/Blantyre
5f:38:9d:1c:4b:91,laptop-53.meyer.de,gehören.png,58.336281,Heiligenstadt,2014-04-09,"40.536,91 €",America/Santiago
99:8f:b0:3f:b6:32,laptop-40.trub.de,Weg.ppt,81.3744885,Beilngries,2011-06-17,"0,52 €",America/Santo_Domingo
c2:9c:fe:5a:14:f0,db-43.caspar.com,Mensch.flac,-60.0752475,Goslar,2023-03-02,"90.651,46 €",Asia/Thimphu
9a:5c:19:73:7a:7e,web-11.tlustek.com,Baum.jpeg,-6.479129,Passau,1987-09-29,"26,14 €",Europe/Minsk
ac:d8:6c:b8:1e:3b,srv-04.stoll.net,lustig.csv,-23.9823755,Bersenbrück,2019-07-07,"7,19 €",Africa/Niamey
04:bd:cf:b1:bc:ed,web-70.lindau.com,Monate.bmp,29.596429,Pegnitz,1975-03-07,"150,56 €",America/Lima
9b:62:62:31:e3:72,srv-03.lachmann.com,Freude.mp3,-42.154871,Vilsbiburg,1977-06-24,"7.608,31 €",Africa/Ouagadougou
f9:5b:68:81:3c:1a,srv-72.pergande.com,fehlen.txt,78.295346,Dinslaken,2014-04-06,"5.096,60 €",Europe/Lisbon
c6:5b:8e:87:f4:42,lt-77.nette.de,ob.doc,-69.5823795,Brand,1995-11-05,"4,57 €",Atlantic/Azores
12:c9:59:a6:58:bc,srv-78.lorch.de,werden.mov,12.4546895,Hohenmölsen,1976-04-18,"982,27 €",Africa/Gaborone
cf:bd:65:36:d5:02,laptop-83.henck.com,Klasse.mov,-46.018658,Kassel,1995-04-10,"5,20 €",Africa/Cairo
dc:f6:5d:4b:c2:1d,email-69.sontag.com,aus.wav,71.346065,Schleiz,1970-10-20,"42.474,54 €",Africa/Ouagadougou
62:e1:ac:38:15:55,srv-68.becker.com,gestern.mp3,-49.611521,Wernigerode,1992-03-09,"5.297,05 €",Europe/Amsterdam
9c:3f:17:d8:63:63,db-98.jopich.com,leicht.mov,-9.168937,Bersenbrück,1976-09-20,"331,72 €",Europe/Vatican
b2:2e:86:06:e4:ed,web-74.muehle.de,Zeitung.bmp,-65.8707865,Schleiz,1989-06-12,"855,94 €",America/Jamaica
00:53:70:d6:7c:a3,srv-30.oestrovsky.de,als.jpg,38.910561,Sulzbach-Rosenberg,2002-01-10,"238,51 €",Europe/Warsaw
70:f4:4b:31:26:68,lt-04.hoelzenbecher.com,Rad.mp4,-79.2567095,Recklinghausen,1977-07-30,"72.966,65 €",Europe/Belgrade
b4:db:c5:59:95:7e,db-83.junck.de,besser.js,47.8729335,Klötze,2018-06-08,"7.240,88 €",Europe/Helsinki
02:83:09:b0:8b:77,email-24.rogner.de,Feuer.key,-89.3339175,Bützow,1978-11-15,"5.500,19 €",Europe/Dublin
05:c5:35:13:40:c6,srv-29.stahr.com,See.avi,86.172363,Schwabmünchen,1984-12-23,"96,30 €",Africa/Niamey
c3:01:0c:92:d0:9c,laptop-55.bluemel.org,Fußball.csv,46.3862075,Weißwasser,1970-06-15,"73,42 €",Asia/Muscat
e2:6b:ab:d8:32:e6,web-71.gertz.com,sieben.mp3,-65.058404,Mainburg,1991-02-07,"91.053,90 €",Africa/Harare
52:a2:1a:aa:a9:87,desktop-14.meister.de,packen.js,15.6976535,Neunburg vorm Wald,1996-02-23,"2,42 €",Indian/Mahe
33:7d:3a:77:a3:50,db-97.steckel.com,oft.jpg,-88.1826145,Neustrelitz,1979-05-11,"50,72 €",Pacific/Palau
6e:fc:47:3c:c8:f6,laptop-71.mitschke.net,Schüler.png,67.605488,Neustadt am Rübenberge,1974-08-13,"514,52 €",Africa/Kigali
5f:57:4b:69:45:7c,lt-48.etzold.net,was.html,-82.889086,Rockenhausen,2017-03-08,"45,01 €",America/Tegucigalpa
59:44:be:f8:d1:08,desktop-72.baum.org,deshalb.png,64.7573765,Germersheim,1975-10-16,"86.697,71 €",Europe/Luxembourg
d9:ec:1a:ef:9f:8b,laptop-78.buchholz.de,Meer.mp3,15.620667,Eisenhüttenstadt,1992-06-05,"717,18 €",Pacific/Truk
bb:3e:96:97:b3:fa,web-10.hering.com,Spaß.numbers,33.772531,Zschopau,2017-12-17,"475,79 €",Africa/Khartoum
8e:c9:8e:c6:25:1b,db-04.hermann.de,selbst.webm,57.765472,Weißenfels,1978-06-17,"3.232,41 €",Asia/Bahrain
93:42:ba:07:8a:6f,db-92.hoerle.com,verstecken.mp4,42.1159255,Wismar,2020-08-17,"37.859,19 €",Pacific/Port_Moresby
65:ef:ab:c2:aa:c3,web-57.killer.net,Brief.mp3,10.422075,Eutin,1993-09-23,"6.298,16 €",Europe/Ljubljana
35:51:06:de:44:be,db-05.etzler.de,sieben.bmp,-25.1196925,Schongau,2014-06-01,"7,07 €",Asia/Nicosia
ab:f9:ff:81:d8:eb,srv-70.mentzel.de,sagen.json,67.014654,Merseburg,2021-06-03,"4.539,58 €",Asia/Jayapura
1d:8f:2d:64:61:f0,lt-09.gerlach.de,machen.json,43.301185,Weimar,2021-06-10,"35,99 €",America/Barbados
cb:15:63:96:05:f3,email-10.huhn.org,gesund.js,4.0925425,Böblingen,1995-02-18,"19,92 €",America/Jamaica
c6:47:33:15:55:26,email-59.steckel.com,Geld.pdf,23.563429,Vohenstrauß,2009-09-24,"5,71 €",America/La_Paz
b6:7e:bb:a2:83:51,email-72.loechel.net,allein.mp3,66.162994,Eichstätt,1984-03-03,"836,78 €",America/Lima
05:75:0f:36:09:d2,web-15.hethur.com,die.bmp,-40.867426,Lemgo,1977-01-14,"84,58 €",Europe/Zaporozhye
c0:da:a3:35:5b:ce,web-63.schleich.org,wird.mov,-49.6637155,Hamburg,1975-06-23,"1,72 €",Africa/Nouakchott
e1:52:10:fb:56:cc,srv-67.schuchhardt.de,Oma.bmp,-51.4728415,Mühlhausen,2009-10-15,"71,43 €",America/Santiago
f3:17:52:7f:94:e3,web-53.hecker.org,an.bmp,-44.4129495,Neuss,1993-11-10,"5,35 €",Europe/Tallinn
ca:e5:6f:17:d5:39,laptop-12.neuschaefer.de,krank.flac,-39.614269,Schweinfurt,1985-11-23,"2.839,30 €",America/St_Kitts
66:48:2f:e4:a3:7d,web-33.steinberg.net,vergessen.avi,-2.3190005,Zeulenroda,1972-10-19,"8.342,44 €",Asia/Nicosia
b4:34:82:1a:d1:2e,email-61.franke.de,ist.mp4,7.114893,Wurzen,1979-07-29,"68,33 €",Asia/Katmandu
56:8e:58:9c:52:13,laptop-44.pruschke.de,drei.key,-5.6515605,Strausberg,2023-01-13,"3,90 €",Europe/Bratislava
8d:f2:57:c5:55:7e,desktop-12.herrmann.de,Essen.html,15.6038015,Sankt Goarshausen,2004-04-19,"5,53 €",Pacific/Funafuti
ea:f5:97:38:de:67,desktop-43.trub.com,einfach.jpg,-34.0563545,Regensburg,2000-08-18,"2,80 €",Pacific/Tongatapu
cb:cb:79:d6:61:9b,email-95.hentschel.org,möglich.js,1.8639785,Nürtingen,1996-07-17,"84,06 €",Asia/Dushanbe
fd:81:67:06:14:53,db-19.textor.de,unser.jpeg,-70.139002,Wiedenbrück,1974-04-20,"66,86 €",Asia/Dubai
da:92:6f:98:70:c2,desktop-23.bachmann.de,hängen.flac,56.1866065,Donaueschingen,1973-07-09,"286,11 €",America/Grenada
12:80:29:79:87:bb,desktop-65.johann.com,neben.avi,88.553177,Fulda,2007-05-14,"3,52 €",Europe/Sofia
9e:1b:fc:2f:3d:f1,web-21.mans.net,im.html,-20.997660,Brand,2004-05-03,"680,52 €",America/Lima
8a:80:b7:cf:cf:41,email-50.baerer.de,Platz.avi,-68.5300255,Erding,2010-07-03,"25,90 €",Europe/Oslo
d1:f6:a0:2a:27:17,laptop-83.henk.com,schön.mp3,-61.640309,Lübben,2000-11-25,"369,00 €",Europe/Prague
52:6e:92:56:af:46,db-64.schlosser.de,Jahr.pptx,-80.807629,Forst,2003-07-26,"24.294,27 €",Africa/Dar_es_Salaam
e5:c7:e4:cf:6c:43,email-25.ziegert.de,Spaß.wav,-34.998571,Soltau,1985-05-23,"99.423,22 €",Asia/Taipei
88:77:b8:ad:e2:16,desktop-06.pergande.de,bekommen.webm,-6.0929375,Kehl,1988-04-18,"12.143,47 €",Europe/Vienna
43:74:b3:88:c7:59,email-38.albers.net,Maus.bmp,88.176296,Schweinfurt,2016-07-17,"34,57 €",Europe/Kiev
59:bd:38:1d:f0:ff,lt-09.neuschaefer.com,Jahr.docx,35.497211,Nürtingen,1981-05-06,"9.009,70 €",Europe/Lisbon
aa:44:e4:80:96:d8,db-58.scholz.de,nun.flac,-27.014184,Wittmund,1989-02-03,"59,30 €",Asia/Manila
d3:cb:ed:3e:38:06,email-98.atzler.de,wieder.js,-3.1261335,Bad Liebenwerda,2022-08-16,"42.170,56 €",Asia/Muscat
b9:5e:8d:48:9d:46,srv-99.schomber.de,offen.flac,-11.0731165,Cottbus,2006-07-15,"693,38 €",Asia/Baku
8b:c6:8f:93:3b:cf,srv-19.taesche.de,Stelle.mp4,-41.817030,Burg,1983-02-04,"4,71 €",Africa/Dar_es_Salaam
6e:8e:b5:d3:0d:b1,db-56.finke.de,Stadt.mp4,85.3369955,Klötze,2020-08-04,"212,51 €",Europe/Warsaw
bc:c8:dd:9e:f2:ac,lt-92.poelitz.de,Fuß.mp4,62.466100,Gardelegen,1974-04-05,"99,63 €",Pacific/Guadalcanal
3a:38:15:01:5e:6a,lt-77.hoefig.de,so.js,-39.004500,Celle,1991-07-15,"97,68 €",Pacific/Fiji
a9:6e:cc:00:a2:3c,desktop-22.budig.org,grün.numbers,-4.250953,Coburg,1978-12-11,"44,65 €",Asia/Manila
fc:51:2c:ef:ef:a0,db-94.misicher.com,da.ppt,85.5252625,Leipziger Land,1979-09-18,"7,00 €",Asia/Riyadh
29:30:ab:03:4f:8d,web-71.eberth.com,Licht.jpg,38.606178,Borken,2023-05-24,"7.319,26 €",Africa/Malabo
be:51:89:3a:a1:da,laptop-47.pohl.com,ganz.xls,-32.499940,Wurzen,2023-02-18,"388,36 €",Asia/Dushanbe
96:03:81:74:f0:e9,db-54.zaenker.org,drei.flac,76.3760765,Ansbach,1987-01-04,"95,93 €",Africa/Malabo
e2:62:b3:84:bc:59,desktop-07.zirme.org,mögen.ppt,-28.4095135,Göttingen,1980-07-14,"97,58 €",Africa/Porto-Novo
cf:76:e6:8c:d0:55,laptop-05.gude.de,Freund.css,35.327374,Herzberg,2006-06-15,"333,56 €",Indian/Comoro
53:40:b1:f2:3e:8d,db-85.roehrdanz.de,ins.jpg,-54.010115,Mainburg,1987-09-14,"43,51 €",Africa/Asmera
cf:5b:74:09:26:0f,db-98.weinhage.net,klettern.js,50.942258,Schwabmünchen,2010-01-24,"465,80 €",Asia/Bahrain
48:9a:ec:42:42:df,laptop-21.rohleder.de,Tisch.html,-45.0791835,Jessen,1992-03-19,"60.689,19 €",America/Asuncion
45:6d:05:c0:2a:60,web-54.stiebitz.de,fünf.pages,-75.057065,Illertissen,1983-04-21,"59.954,83 €",Asia/Kashgar
69:d1:63:9c:e2:2c,desktop-66.ziegert.com,sie.js,87.4954765,Regen,1978-06-18,"686,66 €",America/Santo_Domingo
24:95:ea:bf:8e:8b,web-72.tintzmann.de,wollen.doc,76.126666,Rudolstadt,1999-04-23,"8.468,00 €",Pacific/Fiji
b9:67:fb:f6:02:53,srv-02.aumann.com,dir.flac,-33.1903495,Eilenburg,2023-05-29,"15,27 €",America/Santo_Domingo
ab:d0:6e:bc:98:1e,srv-94.lindner.de,Glück.jpeg,-7.020905,Sangerhausen,1989-03-01,"6.444,32 €",Indian/Comoro
69:80:28:6b:0a:cf,web-58.soelzer.com,Affe.css,-86.8300735,Dresden,2013-09-19,"3.992,98 €",Europe/Amsterdam
af:33:39:9c:d3:4e,email-03.staude.de,See.pages,-8.982751,Bergzabern,2021-11-23,"47,67 €",Asia/Tbilisi
c6:20:b1:54:63:4a,db-43.seifert.de,heißen.wav,-59.120333,Eisenberg,1984-10-06,"60,76 €",America/Antigua
2d:62:9d:1a:95:b7,email-09.birnbaum.de,Woche.json,54.9227585,Altötting,1991-12-06,"73,79 €",Asia/Bahrain
70:71:18:d6:e7:a0,db-00.loeffler.com,gesund.html,-73.407880,Seelow,1981-12-14,"563,65 €",Europe/Vilnius
8c:7b:dc:03:77:43,srv-03.kreusel.de,Bett.mp3,-52.0642785,Wunsiedel,1981-03-16,"9.219,41 €",Australia/Sydney
2d:3e:7a:14:88:60,email-53.scholz.de,vorbei.flac,-72.6728035,Arnstadt,1976-04-16,"2.448,27 €",Asia/Manila
09:71:1d:13:e3:8a,desktop-81.peukert.de,Bett.gif,-69.4288905,Neuruppin,2005-04-17,"88,56 €",Africa/Bujumbura
18:4b:46:37:5c:f4,email-34.thanel.com,hier.flac,-77.8283155,Oschatz,1970-09-09,"40,59 €",Africa/Maputo
f6:28:9a:d5:b5:11,srv-80.schmidtke.de,Mensch.flac,44.3163895,Soest,2012-12-12,"123,59 €",Pacific/Enderbury
9b:3c:a9:0e:7a:df,srv-21.trueb.com,am.html,-72.1449835,Miesbach,2017-01-23,"765,91 €",America/La_Paz
5e:42:ed:7a:7e:34,email-08.roehrdanz.org,Wald.flac,-23.889992,Büsingen am Hochrhein,2022-08-01,"2,85 €",Asia/Saigon
86:ba:68:3a:44:5f,laptop-65.berger.net,suchen.avi,66.610743,Euskirchen,2002-02-16,"541,50 €",Asia/Bangkok
af:83:8a:51:7d:a2,lt-70.hoelzenbecher.de,liegen.docx,-36.9105585,Schwerin,2019-10-13,"39,55 €",Asia/Taipei
18:3a:02:0a:e3:75,lt-07.dippel.de,allein.odp,77.0253995,Kemnath,2009-08-17,"7.956,49 €",America/Guyana
7e:b0:83:2e:d0:5f,laptop-93.foerster.de,einige.json,66.8208895,Dachau,1980-09-20,"686,70 €",Asia/Damascus
e2:fd:db:ec:97:b1,lt-69.radisch.net,lustig.gif,6.8474375,Helmstedt,1993-04-28,"34.066,48 €",Africa/Kinshasa
2f:ac:8d:d2:8b:b9,desktop-36.seifert.org,Opa.flac,40.4936445,Aurich,2018-09-10,"16,04 €",America/Barbados
27:6f:1d:97:1f:c1,laptop-33.zobel.de,schwer.jpeg,7.941196,Gransee,1978-11-21,"66.902,06 €",Africa/Sao_Tome
92:bf:6b:ee:70:79,desktop-25.steckel.de,drei.mov,-64.5693815,Germersheim,2022-10-28,"1,91 €",Europe/Vilnius
46:56:d5:64:5a:4e,email-93.margraf.net,allein.pdf,-65.079667,Seelow,2003-07-10,"20,94 €",Europe/Zurich
36:65:5e:32:7f:1c,web-03.hendriks.com,Bauer.key,-83.887870,Moers,2016-03-01,"7,35 €",America/Manaus
97:5e:a2:1e:cc:51,lt-30.warmer.net,schauen.numbers,-25.459606,Riesa,2014-02-25,"65.968,96 €",Asia/Choibalsan
fc:81:16:7e:c6:d8,db-81.kohl.de,darin.png,78.649697,Schwandorf,2004-11-05,"58,59 €",Africa/Dakar
a0:23:e2:05:67:76,web-14.johann.org,Zahl.wav,-77.302358,Borken,2022-11-19,"4.447,32 €",Asia/Colombo
8e:07:05:a6:35:05,laptop-04.pruschke.net,Monat.mp3,-88.1353305,Halberstadt,2015-11-02,"5.487,00 €",Europe/Brussels
4b:bf:cb:a6:82:8e,db-71.harloff.com,Geschichte.odt,8.5366715,Neustadt am Rübenberge,1971-08-15,"8,37 €",America/Dominica
ab:75:aa:13:5b:09,lt-86.moechlichen.de,das.mp4,87.5612695,Hamburg,1994-06-30,"632,57 €",Africa/Casablanca
ef:7d:04:95:6e:27,laptop-67.junk.de,dich.webm,61.3826935,Gütersloh,1997-01-13,"1.331,60 €",Pacific/Apia
55:45:23:23:d2:dc,srv-65.foerster.com,Schwester.png,61.3633485,Warendorf,2006-09-21,"2.524,41 €",Africa/Asmera
a6:3d:f9:63:5a:23,email-24.wende.de,vor.ppt,17.349660,Suhl,1979-07-27,"2,66 €",Pacific/Funafuti
ae:01:15:e0:c2:56,db-37.kallert.org,baden.odt,-10.336748,Gunzenhausen,2018-07-21,"59.015,82 €",Africa/Tunis
af:11:e7:af:d7:5f,web-11.hethur.com,warten.wav,-55.221142,Lemgo,1973-04-03,"6.100,10 €",Asia/Muscat
78:2b:a8:4b:dc:db,db-47.juncken.de,Wiese.webm,-65.4144865,Kyritz,1981-10-20,"5.209,75 €",Asia/Saigon
d8:8c:4f:f9:bb:89,web-24.dehmel.de,weiter.txt,-52.272656,Grafenau,1972-04-21,"566,55 €",Asia/Saigon
85:9e:1e:03:ee:e7,db-73.bolander.org,dann.js,-7.889910,Niesky,1973-01-13,"1,35 €",Africa/Johannesburg
6c:78:6e:a3:31:8b,email-10.scholz.com,Schiff.mp4,3.7099075,Neuss,1986-08-20,"7,30 €",Asia/Manila
7b:9b:73:92:22:fb,email-83.stolze.de,immer.wav,-82.907696,Jüterbog,1984-06-30,"21,87 €",Asia/Bangkok
d8:1f:da:fc:54:49,email-90.wulf.com,vielleicht.mov,10.2885015,Stuttgart,2001-12-17,"41,25 €",Asia/Bahrain
46:4f:f1:f4:9a:00,desktop-02.fechner.com,Geschenk.xlsx,-20.488837,Fürstenfeldbruck,1983-11-18,"6.090,31 €",America/Montevideo
4d:9e:e7:69:ff:f9,web-85.hering.com,Stein.wav,78.3293115,Berlin,1989-03-08,"4,07 €",Pacific/Guadalcanal
ac:9f:f7:7d:6b:3c,srv-94.tschentscher.com,Hilfe.docx,-46.837762,Hansestadttralsund,2005-08-17,"92.293,71 €",Pacific/Easter
9b:d7:fd:1a:e9:fe,srv-20.soelzer.com,besser.ods,54.3940615,Uffenheim,1988-12-02,"19.998,19 €",America/St_Vincent
f7:95:f1:07:18:05,desktop-88.pohl.net,las.numbers,-89.2997175,Schwerin,2003-09-08,"0,58 €",Africa/Nairobi
2c:aa:04:1d:33:92,desktop-92.kade.org,drehen.jpg,-69.6510865,Kamenz,1989-03-31,"7.988,63 €",Africa/Tripoli
66:16:13:92:02:42,web-01.kambs.org,ruhig.mp4,46.418325,Deggendorf,2005-11-21,"511,71 €",Europe/Tallinn
f0:e1:40:a1:2d:8c,srv-23.misicher.de,Garten.html,-2.4536535,Lörrach,2010-01-12,"38.156,26 €",Europe/Podgorica
f0:e2:31:81:64:a5,laptop-60.metz.com,lieb.txt,-85.577599,Warendorf,1981-01-30,"4,15 €",Europe/Ljubljana
b1:a8:c0:d9:50:cf,email-83.kade.de,Auto.bmp,59.235100,Strasburg,2006-01-30,"7,75 €",Africa/Gaborone
0d:e0:52:9c:dd:3a,email-05.sauer.de,vergessen.csv,-3.900280,Soltau,1974-04-25,"136,96 €",Europe/Ljubljana
04:81:b4:48:a7:3c,db-76.hamann.org,Tisch.css,10.3945495,Uffenheim,1977-06-04,"7,67 €",Asia/Seoul
36:51:4f:c6:c1:e8,srv-71.klemt.com,können.mp4,-55.4245135,Moers,2005-08-10,"46,61 €",Europe/Athens
29:c8:8f:fa:d0:48,email-08.henk.de,hängen.css,-85.2859675,Sondershausen,2017-02-22,"8,21 €",Pacific/Kiritimati
7b:01:1f:b9:90:c1,laptop-99.gotthard.org,Papa.tiff,-63.3600945,Rastatt,2023-02-21,"8,32 €",Europe/Riga
de:ba:f6:42:4d:13,srv-62.pergande.de,richtig.xlsx,71.658521,Schlüchtern,2009-09-14,"2.937,65 €",Asia/Hovd
d8:14:be:98:e0:8a,email-81.poelitz.de,Freude.avi,23.237674,Kulmbach,1971-03-05,"49.683,67 €",America/Montevideo
66:40:e4:2c:7e:cf,laptop-13.thies.org,wahr.pdf,-62.6288885,Schwarzenberg,1973-07-22,"1,64 €",Asia/Hebron
49:29:cc:fb:36:c4,laptop-03.stroh.com,war.numbers,-87.6797775,Deggendorf,2016-05-29,"463,95 €",America/Montevideo
fb:c1:fb:d9:19:be,web-70.losekann.de,schon.jpg,5.339987,Neunburg vorm Wald,2000-08-06,"356,77 €",America/Managua
a0:7f:bd:f1:9e:bd,desktop-28.rosenow.com,Bild.js,71.8835815,Uffenheim,2003-08-13,"6,94 €",Pacific/Tarawa
48:bf:9c:be:56:dd,web-32.wilms.com,gehen.mp3,-54.6790485,Brand,1987-05-23,"2,20 €",Europe/Monaco
2c:0d:6c:b8:d6:78,srv-14.mueller.com,Papa.ppt,-56.161225,Strausberg,1993-05-16,"669,93 €",Asia/Beirut
1d:05:b5:d9:96:e3,lt-93.kambs.de,gefährlich.webm,-22.340777,Wunsiedel,1991-08-14,"88.718,21 €",America/Barbados
7a:53:88:48:41:d1,web-09.becker.com,verkaufen.avi,-82.4392455,Böblingen,2018-01-13,"9,32 €",Asia/Pyongyang
6d:47:a6:8a:5f:24,desktop-76.pieper.com,Zeit.flac,-26.086848,Melle,2014-04-02,"2,92 €",Asia/Dushanbe
8b:d3:7b:6a:3a:bc,db-78.stumpf.net,Fußball.webm,24.370702,Wittmund,1988-01-04,"852,53 €",America/Antigua
27:19:d8:11:a1:fa,web-72.koch.net,kurz.mov,-30.3343405,Ansbach,1984-09-04,"76,62 €",Asia/Seoul
9e:29:85:d5:f8:b6,web-90.carsten.com,böse.bmp,22.4585205,Bischofswerda,1985-10-08,"77,15 €",America/Paramaribo
60:c2:8c:31:0c:c2,laptop-79.graf.com,gegen.mp3,26.6281135,Greifswald,2020-02-06,"54,04 €",Europe/Lisbon
99:c1:27:28:4c:9a,desktop-40.dobes.de,ziehen.wav,24.0264205,Sangerhausen,2011-03-21,"867,29 €",Africa/Mogadishu
83:e7:ab:31:97:57,laptop-69.trueb.com,allein.mp4,29.4516045,Staßfurt,1971-03-13,"6.565,96 €",Asia/Colombo
37:9c:d1:89:77:6a,laptop-41.striebitz.com,nicht.ods,59.949282,Koblenz,1973-02-17,"3,17 €",Asia/Hebron
ea:6f:0a:03:36:2a,desktop-82.bien.de,Papa.html,8.452638,Torgau,2001-09-10,"5.183,47 €",Pacific/Ponape
c1:ee:39:82:2f:c3,laptop-73.geissler.de,im.mov,-70.651799,Viersen,1997-07-06,"32.639,45 €",Europe/Zagreb
90:c3:0e:d4:82:d0,lt-87.zirme.de,machen.mov,5.375505,Eichstätt,1972-11-08,"5,66 €",America/St_Lucia
3e:02:c5:41:d2:05,srv-83.fischer.com,verstecken.gif,22.8238225,Prenzlau,1998-09-30,"438,00 €",Australia/Hobart
25:9f:96:3e:55:97,db-75.hartung.org,scheinen.jpg,-39.5984245,Main-Höchst,2002-04-19,"70.137,26 €",America/Grenada
97:35:61:d2:7f:b4,db-12.trommler.com,nein.docx,40.1421455,Schwerin,1984-01-23,"41,13 €",America/Eirunepe
1c:3d:53:fc:41:eb,srv-48.adolph.com,ruhig.html,37.1868585,Badalzungen,1985-07-26,"646,39 €",Pacific/Nauru
94:f1:e0:c0:dd:d7,laptop-35.hethur.com,Glück.xls,-73.1927755,Sebnitz,1994-05-15,"6.528,23 €",Africa/Malabo
27:23:c8:4d:2a:22,laptop-05.haering.net,Licht.wav,-68.823678,Karlsruhe,1974-01-15,"151,93 €",Africa/Bujumbura
0c:70:53:61:84:82,laptop-44.kranz.com,Maus.pptx,-10.353234,Beeskow,2007-09-29,"52.389,33 €",Asia/Singapore
e5:1a:15:41:87:be,srv-91.hering.org,Sohn.avi,-89.3474875,Nordhausen,2023-03-01,"22.863,36 €",Europe/Bratislava
66:3c:58:97:ab:69,desktop-13.drewes.de,dich.wav,81.0164375,Helmstedt,1999-08-05,"7.571,43 €",America/Havana
39:17:59:6c:64:b9,srv-73.kostolzin.net,fröhlich.wav,88.751896,Wolgast,1983-04-08,"617,85 €",Africa/Bamako
9d:39:09:ac:13:14,email-91.mude.de,Ende.mp3,72.1069145,Eisenberg,1974-11-27,"20.649,10 €",Asia/Damascus
87:7c:a1:45:01:f2,desktop-47.roehrdanz.com,genau.css,-15.960262,Celle,1989-02-28,"224,11 €",Asia/Tbilisi
2b:28:dd:67:95:f8,web-83.liebelt.de,Wissen.avi,-28.808365,Burglengenfeld,2004-05-13,"0,72 €",Asia/Brunei
1e:18:c5:f1:65:e3,srv-50.kreusel.com,rufen.json,64.5404175,Mühlhausen,2007-08-27,"52.254,30 €",Pacific/Guadalcanal
44:ac:0c:16:da:ef,email-22.hartmann.com,daran.pptx,63.2104575,Ahaus,1994-03-28,"0,46 €",Africa/Asmera
48:91:0f:a0:5c:0c,email-70.hahn.de,fünf.jpg,47.985585,Düren,1975-04-04,"24,16 €",America/Los_Angeles
8f:27:bd:d1:56:9d,desktop-47.staude.net,drei.gif,46.843227,Hechingen,2012-11-23,"89.136,63 €",Europe/Sarajevo
8a:5e:1b:14:82:1c,web-88.junk.com,Weihnachten.pages,-88.9480415,Schlüchtern,2001-06-18,"15,37 €",Africa/Lome
e8:7f:70:f9:7e:bd,web-47.sager.de,etwas.html,8.4054805,Badoberan,1983-04-05,"8,17 €",Europe/Athens
99:c9:cf:85:5f:22,web-44.trupp.net,ins.ppt,-70.615219,Griesbach Rottal,2022-03-27,"39.815,78 €",Europe/Amsterdam
b2:98:42:ca:a1:bd,web-97.mielcarek.com,was.txt,24.232823,Dresden,1971-03-02,"673,68 €",Africa/Kampala
94:30:46:46:ea:91,srv-59.gerlach.com,andere.css,25.758953,Jüterbog,1981-04-03,"40.427,54 €",America/Havana
ab:7e:c4:92:24:48,srv-53.scheibe.org,kennen.bmp,-84.584775,Leipziger Land,2023-01-18,"4.637,04 €",Asia/Dili
4c:6c:e4:fe:33:39,web-95.budig.org,Opa.mp3,42.0121515,Artern,2010-03-21,"23,80 €",Asia/Damascus
82:fd:07:30:1e:e6,srv-94.freudenberger.de,scheinen.html,58.860101,Vechta,1996-03-01,"13,37 €",Africa/Harare
3b:27:52:60:ce:1a,email-41.zirme.net,kennen.bmp,65.9686575,Gadebusch,2004-08-30,"80,66 €",Europe/Sarajevo
52:6d:44:0c:7f:f0,srv-84.schoenland.com,grün.mp3,57.730229,Neuss,2002-10-12,"88,53 €",America/Paramaribo
89:cd:2e:09:a2:5d,srv-68.mangold.com,erst.mp3,11.421477,Bergzabern,1986-10-15,"1.073,44 €",Indian/Comoro
71:47:57:18:62:93,db-85.aumann.net,neu.avi,-89.8927165,Gardelegen,2017-10-15,"381,34 €",Asia/Ashgabat
43:3d:71:c3:dd:94,db-25.saeuberlich.com,haben.css,-64.3945995,Holzminden,1996-03-09,"1,60 €",Europe/Rome
02:0e:49:e0:58:1f,srv-37.fiebig.net,einige.html,16.744311,Plauen,2011-03-08,"2.295,43 €",Asia/Manila
c0:a2:8c:76:58:08,lt-93.bauer.de,Brot.html,-44.9323215,Düren,1995-05-11,"485,81 €",Africa/Nairobi
00:80:56:43:36:1d,web-71.wagner.de,alt.flac,48.7710235,Hettstedt,1982-09-19,"88,91 €",America/Montevideo
19:b0:aa:01:19:17,lt-88.junken.de,Finger.pptx,-5.659942,Niesky,2022-07-05,"92.598,71 €",America/St_Vincent
4c:dd:48:b5:42:2e,desktop-05.giess.com,Oma.jpg,-61.7818965,Cloppenburg,1999-07-05,"2.969,33 €",Europe/Warsaw
95:57:68:78:2d:d7,laptop-62.scheel.de,alle.mp3,18.390423,Wolfratshausen,2011-07-15,"1,35 €",America/Bahia
f8:90:a6:31:33:c4,db-63.ring.com,langsam.wav,39.160061,Amberg,2018-07-13,"0,36 €",Africa/Tripoli
bd:e9:1d:90:76:9a,email-49.otto.de,als.webm,-51.089834,Potsdam,1980-01-28,"3,71 €",Asia/Damascus
5e:60:b7:93:c1:eb,lt-68.oestrovsky.de,sein.avi,-39.386694,Forst,2006-12-29,"46,15 €",Asia/Calcutta
4b:30:7f:16:a8:4f,laptop-72.bauer.de,früher.csv,10.9459925,Nürtingen,2001-07-04,"20,02 €",Africa/Djibouti
d9:65:52:08:b5:2d,lt-84.gehringer.de,Mann.tiff,-43.5617855,Staßfurt,1987-10-21,"2.323,13 €",Europe/Luxembourg
f9:29:4a:ca:05:c8,db-53.schwital.org,beide.avi,-48.641851,Hildesheim,1972-06-15,"1,65 €",America/Argentina/Jujuy
39:40:8f:23:53:9d,srv-86.beer.net,gegen.csv,-53.416248,Bad Liebenwerda,1980-05-24,"615,34 €",Asia/Dhaka
8d:31:ce:bb:44:1e,laptop-61.schulz.com,darin.flac,-87.469836,Bernburg,2000-09-29,"65.773,63 €",Europe/Vatican
8f:94:26:f0:b0:ac,lt-98.ruppert.org,die.csv,-57.369651,Sebnitz,2002-03-13,"2,37 €",Asia/Nicosia
b9:dc:9d:6f:1b:1b,lt-31.nohlmans.de,weiter.xls,89.3730285,Ansbach,1995-06-24,"4,62 €",Africa/Nouakchott
e4:2c:16:05:2d:b8,desktop-50.seidel.de,den.mp3,-69.6706625,Amberg,2021-10-21,"12.754,11 €",Asia/Riyadh
1e:00:24:b7:e2:ea,db-96.lange.com,nein.png,-61.2206645,Weimar,1992-01-26,"47.947,28 €",Pacific/Guadalcanal
0a:90:78:e5:81:be,lt-94.scholz.de,haben.json,-33.128091,Gransee,2023-08-22,"4,11 €",Europe/Skopje
9b:ce:a3:23:55:2b,desktop-37.carsten.de,Stein.doc,-61.759166,Bad Brückenau,2020-07-19,"1.731,32 €",America/Boa_Vista
a9:ba:5e:b5:fa:c6,db-59.metz.com,Opa.json,-24.200907,Schwäbisch Gmünd,1978-07-17,"273,67 €",Africa/Dar_es_Salaam
96:71:4a:0b:8a:89,lt-51.margraf.de,seit.wav,-64.2300165,Kehl,2005-10-14,"80,11 €",Pacific/Apia
96:40:79:c9:bc:33,laptop-14.gnatz.de,Herz.gif,-47.616340,Seelow,1975-12-19,"4,65 €",Africa/Luanda
f8:68:ea:81:9d:cd,laptop-48.wilms.com,Schluss.mp4,89.7895085,Oranienburg,1971-01-20,"21,09 €",America/Merida
57:6e:ff:98:51:7d,web-39.jungfer.de,Essen.flac,-63.0453185,Stendal,2012-05-01,"1.392,28 €",America/Yellowknife
15:de:81:da:69:39,db-61.oestrovsky.net,lernen.js,-50.804025,Greiz,1984-06-02,"29.191,95 €",Europe/Istanbul
ff:e7:5e:93:43:e7,laptop-36.scheel.de,Freude.flac,-12.163915,Ueckermünde,1989-06-12,"718,41 €",Asia/Rangoon
1f:21:ff:95:9c:73,srv-02.dowerg.com,blau.avi,-30.154987,Rochlitz,2009-10-26,"24.463,09 €",Atlantic/Cape_Verde
1e:04:b4:f0:0f:8c,laptop-40.vogt.com,dort.mp4,32.8894665,Sigmaringen,1979-10-26,"2.169,55 €",Europe/Chisinau
dc:b4:90:60:9e:4a,db-15.juncken.com,kann.avi,-36.977818,Altötting,2013-11-10,"8.793,59 €",Africa/Brazzaville
22:11:04:c1:2e:6e,laptop-23.stey.de,erklären.docx,76.6498875,Neu-Ulm,1980-02-06,"844,36 €",America/Antigua
38:13:0f:79:af:cd,laptop-60.schottin.com,vor.flac,8.600998,Calau,2022-03-11,"26.431,78 €",Pacific/Galapagos
18:6c:78:70:26:47,desktop-78.fechner.com,Ding.gif,-30.7803535,Hannoversch Münden,1996-03-29,"6.155,96 €",Asia/Dushanbe
b2:c6:29:c1:49:22,web-11.patberg.com,schon.gif,18.660781,Bruchsal,2008-08-11,"59,05 €",America/Santo_Domingo
f8:3a:0d:fb:1e:b9,srv-84.holt.com,nein.flac,-73.2596725,Warendorf,2018-05-25,"27.096,29 €",Europe/Bucharest
27:75:fc:68:7b:a5,desktop-06.zimmer.org,das.png,-21.371244,Gunzenhausen,2019-02-12,"4,70 €",America/Jamaica
b5:07:47:18:f8:42,email-63.klapp.com,Glück.html,-25.024254,Lippstadt,1993-08-14,"0,63 €",Asia/Amman
1e:ec:77:cb:1a:dd,web-28.kobelt.de,daran.xls,15.5775105,Guben,1974-02-25,"50,67 €",Europe/Bucharest
63:bc:21:61:42:54,db-36.rudolph.com,Erde.png,52.266351,Haldensleben,1991-09-06,"767,17 €",Africa/Mogadishu
fc:0d:d1:7c:da:c2,email-43.muehle.com,helfen.mp4,-72.8502705,Schongau,1989-10-02,"5.485,45 €",Europe/Lisbon
b4:e5:13:0c:e2:31,lt-85.stey.net,Winter.jpg,57.943657,Lichtenfels,1975-11-22,"7,03 €",America/Belize
1c:74:c5:01:04:bb,email-92.heinrich.de,Gott.css,48.7704105,Osterode am Harz,2007-08-25,"45,31 €",America/Guatemala
43:09:a7:59:62:57,srv-19.renner.de,davon.gif,-51.076276,Main-Höchst,1990-11-20,"45.513,99 €",Asia/Bahrain
a0:4c:0a:80:13:94,laptop-48.scheuermann.org,durch.webm,-65.820709,Gadebusch,1994-10-22,"97,42 €",Africa/Banjul
01:f3:f5:11:3b:77,laptop-29.rudolph.net,neben.jpeg,-34.348682,Wetzlar,1977-12-17,"12,49 €",Europe/London
db:fd:68:36:d1:e7,srv-88.stahr.net,mal.doc,-0.4869005,Freising,1979-08-14,"257,96 €",Asia/Aden
5e:ad:52:7d:c0:46,laptop-15.barth.de,leise.tiff,19.215063,Greifswald,1989-12-23,"721,25 €",Africa/Algiers
20:85:c5:2b:dd:9c,web-97.kramer.net,sein.xls,25.7033465,Wolgast,1999-09-22,"5,98 €",Europe/Dublin
0b:4c:a7:5e:6a:59,db-05.weller.org,Berg.docx,-13.559816,Konstanz,1996-01-15,"69,41 €",Asia/Baghdad
f2:82:f8:da:64:b1,email-59.luebs.com,immer.html,-28.9042885,Lippstadt,1981-12-24,"101,62 €",America/Managua
28:bb:5d:c4:71:73,lt-01.heidrich.de,hoch.jpg,38.5123725,Bad Kissingen,1998-09-04,"88.847,75 €",Asia/Taipei
43:3c:52:62:7d:1d,laptop-78.boucsein.com,sprechen.jpeg,-6.672929,Finsterwalde,2001-05-27,"13,38 €",Europe/Rome
1d:c7:d4:d6:7c:c0,email-77.hendriks.de,kalt.wav,-59.9070075,Vilsbiburg,1989-05-24,"61,17 €",Asia/Vientiane
0e:c5:b5:4b:03:a4,email-99.wilmsen.com,Seite.jpg,-78.164689,Main-Höchst,1978-12-12,"2.207,39 €",Europe/Tallinn
a5:ae:fc:cb:7d:55,web-49.warmer.com,bei.gif,64.648243,Luckenwalde,1992-08-21,"6.843,57 €",Europe/Vienna
7a:8e:63:21:6c:f3,db-53.berger.org,möglich.numbers,4.649493,Northeim,1976-08-02,"43.655,91 €",America/Hermosillo
a8:eb:80:56:e7:3f,srv-04.schlosser.de,wer.mp3,9.0088175,Aue,1986-11-25,"41.419,52 €",Indian/Maldives
e6:50:af:9b:e4:8d,email-12.schacht.com,fiel.avi,62.2644795,Wittenberg,1980-01-25,"11,45 €",Africa/Douala
3d:cf:d4:e9:52:13,db-49.hertrampf.com,spielen.gif,-22.258995,Hersbruck,2013-09-15,"4,58 €",America/Guatemala
35:84:ec:8a:7a:77,lt-18.harloff.de,Erde.ppt,38.6597515,Jena,1971-02-20,"32.290,56 €",Indian/Mahe
8c:d9:fe:d5:ae:db,email-20.baehr.de,schlagen.html,-77.0370095,Sangerhausen,2008-11-12,"579,78 €",Africa/Tunis
46:64:5f:85:2a:b4,db-57.hoefig.de,Stadt.html,-5.5439865,Hechingen,1980-08-03,"94,16 €",Asia/Muscat
31:23:c7:cf:03:a5,lt-16.scholtz.de,unter.css,24.3566305,Mettmann,2006-12-19,"97.294,49 €",Asia/Calcutta
fe:0d:5f:5d:2f:df,db-48.mangold.de,einigen.pages,-85.581767,Grimmen,2007-05-23,"865,08 €",America/Dominica
15:68:76:b1:91:c2,db-99.koch.de,wo.mov,61.808414,Uffenheim,1973-01-11,"2.155,45 €",Indian/Mauritius
ed:19:1c:48:ac:06,db-22.baum.net,Onkel.pdf,-66.7146035,Pößneck,2020-12-12,"786,87 €",Asia/Pyongyang
13:cd:c5:bf:c8:b6,email-08.fechner.com,sonst.png,-15.353404,Pfaffenhofen an der Ilm,1986-02-20,"0,31 €",America/Cancun
b8:90:20:5a:87:b4,laptop-49.bachmann.com,Dorf.mov,44.1458785,Einbeck,1989-06-18,"94.784,24 €",America/Santo_Domingo
5b:b6:c2:81:d1:56,srv-71.jockel.de,schwarz.odt,-81.830268,Germersheim,2007-01-03,"617,83 €",Europe/Sofia
f9:c9:f3:cc:07:b9,srv-29.hande.com,liegen.flac,18.527561,Neubrandenburg,1986-03-14,"5.884,70 €",Africa/Kampala
83:f7:fd:d2:7e:25,srv-43.nohlmans.de,wo.csv,-34.8818685,Helmstedt,1983-01-04,"7,72 €",Africa/Mbabane
1a:12:84:e4:7d:32,desktop-05.hermighausen.de,dumm.txt,62.7826235,Lübz,2008-09-06,"345,53 €",Europe/Vatican
a2:e9:23:77:5d:f4,lt-42.peukert.de,Leute.js,-4.740828,Grevenbroich,2019-04-05,"69.747,51 €",Indian/Antananarivo
f5:6c:91:13:d2:99,desktop-86.bender.de,rund.wav,-27.221765,Beeskow,1983-05-24,"42.339,46 €",Asia/Riyadh
62:45:d2:01:fa:62,laptop-17.trupp.net,Kind.webm,-1.522213,Wismar,2016-01-20,"8.983,19 €",Pacific/Nauru
b8:e9:5b:29:31:33,desktop-12.ditschlerin.de,vorbei.mov,-56.3316415,Altötting,1974-02-11,"2,66 €",America/Nassau
9b:70:9e:a2:0f:68,laptop-85.hermighausen.de,oben.json,35.4126695,Apolda,2013-08-16,"5.975,09 €",America/Antigua
a4:8d:c4:38:b6:f7,srv-65.hoevel.com,Polizei.gif,29.229782,Böblingen,1971-07-18,"22.876,18 €",America/Nassau
93:c6:79:ae:3e:08,web-13.budig.com,los.xlsx,51.4891415,Sankt Goarshausen,1986-09-11,"75,64 €",America/Regina
4e:2f:6b:23:8f:85,desktop-32.ackermann.de,Platz.json,0.6558245,Kronach,1983-08-30,"24.815,26 €",Pacific/Fiji
65:18:2c:2f:4e:14,desktop-59.bluemel.de,weinen.txt,88.761859,Weimar,1972-03-07,"163,42 €",Asia/Qatar
e3:aa:a1:20:8d:c6,laptop-90.zaenker.org,Vater.js,6.895211,Rehau,2010-01-22,"4,31 €",Pacific/Easter
0d:d0:da:cb:ec:1b,db-32.wilms.net,nein.flac,39.6437475,Karlsruhe,2020-10-18,"38,71 €",Africa/Freetown
78:23:78:7b:fe:dd,email-74.stiffel.com,früh.wav,57.9466875,Güstrow,1985-11-12,"52,43 €",Europe/Chisinau
8a:92:f4:3c:0c:6e,db-60.schleich.de,an.html,45.4409765,Ravensburg,2000-02-29,"18,15 €",Pacific/Fiji
46:f7:c7:61:11:79,web-53.geisel.de,Teller.jpg,13.7701655,Ribnitz-Damgarten,1979-11-23,"478,35 €",Africa/Cairo
3b:67:4f:b4:8d:0e,email-90.schmiedt.de,fünf.mov,52.627130,Soest,2015-06-30,"658,07 €",Asia/Ashgabat
b2:ed:40:af:3a:4e,srv-64.wulf.com,an.html,-74.345112,Auerbach,2003-02-27,"7,65 €",America/Tegucigalpa
5d:73:d9:60:26:00,email-57.bolnbach.org,reiten.xls,9.9903175,Lobenstein,2023-08-30,"3.137,59 €",Africa/Tripoli
8e:44:0a:83:00:36,db-24.oestrovsky.net,ein.doc,-58.417505,Uffenheim,2010-10-12,"49,78 €",Africa/Porto-Novo
51:27:83:43:d2:68,web-69.margraf.net,bringen.csv,73.8987825,Vilsbiburg,2019-12-31,"2.245,16 €",Africa/Porto-Novo
2c:21:c2:36:a9:d4,web-34.scholl.org,Auto.mp3,49.7895075,Lichtenfels,2010-03-10,"74,57 €",Pacific/Kiritimati
96:59:2a:35:1e:4b,desktop-69.mohaupt.com,der.bmp,-36.7348435,Saarbrücken,2001-12-19,"1.543,34 €",Asia/Baghdad
f5:fd:9c:30:80:e7,desktop-95.knappe.com,wie.doc,48.8633085,Lippstadt,2006-11-15,"698,31 €",Africa/Gaborone
91:88:35:68:0d:51,laptop-08.sager.de,schnell.tiff,-16.845262,Waldmünchen,1994-05-23,"8,21 €",Asia/Kuching
15:e8:4c:9d:3b:9b,srv-60.ernst.com,zum.csv,51.520519,Kyritz,1994-10-02,"5,37 €",Asia/Samarkand
4c:58:41:31:7c:e3,laptop-50.loewer.net,gerade.avi,-40.271777,Bautzen,2018-02-16,"57,48 €",Pacific/Fiji
42:ce:be:58:bb:81,laptop-80.kitzmann.org,traurig.xlsx,-0.3063045,Stollberg,1989-11-05,"22,52 €",Africa/Kinshasa
f8:85:5d:6d:ab:18,lt-45.ortmann.net,voll.webm,-83.380073,Fürstenwalde,1980-09-10,"187,14 €",America/Costa_Rica
06:e3:96:04:d6:23,desktop-13.hellwig.net,Affe.mp3,-59.903182,Schwäbisch Gmünd,1981-09-29,"75.281,18 €",Asia/Katmandu
21:1b:8d:25:fb:0b,db-64.heser.de,leicht.avi,30.7011775,Parchim,2007-05-31,"28.435,96 €",Asia/Rangoon
c6:2d:15:65:d8:bc,email-90.loewer.net,davon.jpg,4.8160625,Kusel,2010-03-11,"5.492,90 €",Europe/Paris
dd:c3:9c:c2:e2:0a,email-48.scholl.com,merken.txt,23.8047445,Neubrandenburg,2008-08-20,"50,60 €",Europe/Brussels
13:82:94:30:84:8f,desktop-62.spiess.com,mich.gif,36.463532,Grimma,1993-01-01,"965,40 €",Pacific/Efate
05:3f:2d:0a:f6:31,db-31.boerner.com,Sonntag.odp,27.6376415,Gifhorn,1985-10-13,"6.409,80 €",Pacific/Kosrae
ed:59:cb:1f:e0:c4,laptop-59.schuchhardt.net,ohne.bmp,-82.836911,Paderborn,1985-01-08,"137,75 €",Pacific/Palau
7a:3c:00:68:05:f8,lt-55.fliegner.com,danach.wav,-0.865785,Parchim,2018-03-20,"17,13 €",Europe/Zagreb
f9:15:53:21:22:67,email-32.hecker.de,schlagen.flac,42.545901,Neuruppin,2011-04-26,"79,97 €",Asia/Taipei
a3:8f:1f:53:4b:57,srv-56.thanel.org,wo.key,7.4190425,Malchin,2007-05-18,"321,00 €",America/Port_of_Spain
77:e0:23:35:b5:3f,web-49.hornich.de,davon.json,-52.836554,Grimma,2010-02-14,"121,51 €",America/Managua
8e:53:e4:c7:26:4c,email-25.troest.com,kurz.mp4,89.439931,Bernburg,2010-07-01,"58,73 €",Africa/Lome
4a:5b:21:49:4c:e0,web-25.stahr.com,weiter.docx,-46.486572,Fallingbostel,2000-05-23,"74,72 €",Asia/Baku
f0:58:df:bd:2f:6c,srv-50.junitz.com,brauchen.mp3,71.663167,Klötze,1983-05-16,"595,95 €",Africa/Asmera
57:dc:ff:d2:dc:01,laptop-43.conradi.com,plötzlich.wav,-24.820735,Backnang,1980-03-30,"82.728,16 €",Australia/Brisbane
a4:e7:23:8b:6c:a9,laptop-32.schaaf.net,Zimmer.webm,49.706458,Hechingen,1998-03-11,"60,78 €",Africa/Porto-Novo
69:3b:2a:47:b7:c8,web-94.wirth.de,Leute.jpeg,14.0486065,Norden,1972-10-24,"34,77 €",Asia/Gaza
4c:48:64:51:a1:60,laptop-48.binner.de,in.js,-84.970376,Günzburg,2012-08-08,"91.358,55 €",Australia/Adelaide
d5:f3:5b:cc:d8:c9,web-21.klingelhoefer.com,leise.gif,-24.1775705,Querfurt,2002-03-31,"2.027,90 €",Africa/Sao_Tome
ce:55:10:67:bb:68,lt-30.gunpf.de,rot.wav,-68.5320695,Grafenau,1973-07-14,"7,90 €",America/Belize
ab:d4:3e:0b:73:e3,lt-80.gorlitz.de,weg.js,38.6775505,Rathenow,1993-09-28,"2.799,39 €",Atlantic/Reykjavik
03:c3:5b:d6:2a:30,laptop-29.becker.net,Leben.pptx,21.4947725,Ebersberg,2010-06-24,"3.632,54 €",Africa/Algiers
6a:68:11:ae:77:40,email-44.kobelt.de,will.mov,49.1609315,Kemnath,1972-04-02,"9.555,47 €",Atlantic/Cape_Verde
9e:a0:67:f5:15:28,db-46.kuehnert.org,kein.webm,-80.586220,Wetzlar,2019-02-09,"7,16 €",Africa/Windhoek
e9:e1:da:86:a8:ad,db-03.stey.org,lassen.xls,-2.374960,Hohenmölsen,1979-01-14,"81.467,39 €",Africa/Harare
9f:c2:22:2a:13:e2,email-26.wiek.de,bekommen.html,-48.0417645,Rochlitz,1972-05-26,"26,23 €",Indian/Antananarivo
0a:af:7a:54:73:f7,laptop-27.lachmann.de,damit.wav,66.874691,Regen,1974-03-27,"472,67 €",Europe/Minsk
50:b3:4d:bf:7e:ac,lt-49.seifert.de,traurig.html,-47.853823,Sonneberg,1994-07-28,"112,75 €",America/St_Vincent
6f:ce:5c:8a:eb:60,srv-73.scheel.de,bauen.png,37.6703365,Nordhausen,2004-03-12,"57,82 €",Asia/Colombo
2a:67:cc:83:f8:19,lt-89.troest.net,war.wav,85.153850,Wanzleben,1986-07-01,"644,00 €",Asia/Taipei
5d:e4:73:5c:08:33,db-54.hamann.de,Wald.mp3,-81.5718755,Koblenz,2012-06-30,"82.018,92 €",Africa/Algiers
53:c5:94:62:f4:5b,srv-36.geissler.com,zurück.gif,31.915771,Rathenow,1997-09-29,"66,33 €",Asia/Seoul
71:5c:84:22:a4:2c,laptop-49.holt.de,los.json,-9.0254085,Forst,2014-06-08,"40,76 €",Africa/Conakry
78:b4:d8:66:a9:a7,lt-83.vollbrecht.com,wissen.csv,16.353752,Badibling,1975-03-04,"8.218,01 €",Indian/Antananarivo
9a:fb:a5:b7:e9:c8,laptop-24.wulff.org,natürlich.tiff,-19.141135,Eisenhüttenstadt,1991-09-03,"50.900,21 €",Asia/Kuwait
b1:6c:46:0c:20:ca,email-81.ruppert.com,vor.tiff,-19.598634,Mallersdorf,1993-02-11,"7.978,76 €",Asia/Rangoon
37:d2:d2:de:e9:45,db-96.hellwig.de,kann.mp3,-33.1274735,Gießen,1987-09-08,"97,08 €",Africa/Lubumbashi
8c:1a:75:5a:1e:bb,db-17.boerner.de,groß.jpeg,-8.352340,Soest,1970-09-27,"3.235,41 €",America/Belize
59:a3:47:ca:32:db,srv-83.franke.com,finden.tiff,-57.087780,Aurich,2010-09-11,"484,15 €",Africa/Mbabane
f3:d1:d0:7d:cd:62,db-59.fischer.de,springen.wav,-25.4304545,Flöha,1971-08-05,"1,62 €",Europe/Zagreb
64:3f:68:bd:67:67,lt-39.heinz.net,ist.odt,-89.6372935,Roth,2003-06-27,"44,88 €",America/La_Paz
aa:b9:22:84:89:6b,web-28.kuhl.net,Fahrrad.xlsx,-50.296309,Finsterwalde,1985-04-18,"5.123,74 €",Europe/Zurich
7e:4e:a3:f7:cc:fe,email-04.huhn.com,gegen.bmp,84.2206865,Hannoversch Münden,2001-10-02,"8.979,46 €",Asia/Calcutta
4a:4c:04:14:8d:e2,srv-67.otto.de,turnen.gif,-16.539600,Iserlohn,2009-12-12,"30,48 €",Indian/Maldives
8e:ed:f9:93:62:60,web-36.eigenwillig.de,lassen.xls,-16.5659285,Mühldorf am Inn,1999-10-19,"76.155,07 €",Asia/Kuwait
7a:97:ac:72:c9:76,lt-57.geisler.net,spät.mp4,45.192034,Konstanz,1975-06-28,"369,71 €",Asia/Gaza
65:fd:08:ef:9d:0f,web-71.herrmann.de,sein.gif,56.037966,Rothenburg ob der Tauber,1984-08-20,"38,89 €",Africa/Cairo
a4:4f:9f:bb:cc:6b,desktop-09.ruppersberger.de,wird.ppt,59.323485,Stadtroda,1986-01-25,"42,02 €",Asia/Singapore
49:d8:fa:62:c7:10,db-65.wende.de,hören.pages,53.753525,Nauen,1999-02-23,"2.892,38 €",Europe/Athens
b1:a1:a4:43:68:95,srv-18.ullrich.com,Tisch.wav,-76.7500905,Dessau,1995-04-20,"1,23 €",America/Tegucigalpa
c5:19:2a:b2:4c:db,email-24.wirth.com,plötzlich.ppt,2.5400975,Stade,2017-03-20,"5,15 €",Africa/Kampala
e6:ef:4b:5c:f2:db,web-29.patberg.com,Stück.avi,16.0416285,Schwabmünchen,2022-03-26,"9,88 €",Asia/Kuala_Lumpur
36:5b:cd:f7:c7:38,lt-40.scholz.de,Stück.csv,78.610443,Lübben,2002-11-15,"175,44 €",Pacific/Fiji
67:1a:fa:95:52:89,desktop-78.doerschner.de,zum.avi,-23.4624605,Uffenheim,1984-07-10,"1.201,24 €",Africa/Douala
5a:a0:8e:a0:17:b1,email-83.rose.de,bei.webm,20.132278,Hildburghausen,1996-04-19,"9.113,41 €",Africa/Mogadishu
3c:af:a4:8d:95:66,srv-73.cichorius.com,letzte.wav,30.5971905,Hildesheim,2010-06-18,"2,44 €",Europe/Belgrade
51:8d:7d:ef:9a:d1,desktop-03.loos.com,verstehen.txt,47.6252815,Konstanz,1985-01-10,"75.165,88 €",Indian/Maldives
7f:64:3b:2f:18:25,srv-83.gorlitz.de,Zug.pages,-57.752827,Gräfenhainichen,2002-05-04,"5,04 €",Asia/Seoul
99:5a:68:35:a9:e5,srv-02.mosemann.com,kam.js,17.3392435,Amberg,2023-04-12,"487,05 €",Europe/Skopje
67:01:7a:f3:cb:e5,lt-15.stiffel.de,zehn.avi,-20.7723025,Lemgo,1987-07-16,"2,70 €",Asia/Ashgabat
7d:6b:d3:80:df:70,web-05.bloch.de,als.flac,10.9098725,Fallingbostel,1996-07-31,"6.853,45 €",Asia/Almaty
25:70:85:5c:38:bb,desktop-62.preiss.org,Zeitung.html,-16.604621,Gütersloh,1986-05-19,"8.389,11 €",Africa/Porto-Novo
40:1f:c8:80:0f:13,lt-01.huhn.net,sofort.csv,-64.1651875,Stadtroda,1989-11-14,"1,63 €",Asia/Gaza
b1:77:a3:b7:21:21,laptop-88.binner.de,heißen.jpeg,8.7733695,Lübben,2016-01-01,"35.728,35 €",Asia/Brunei
46:04:0f:68:3d:3b,db-00.birnbaum.de,warm.flac,31.2278125,Strausberg,1982-03-23,"0,97 €",Australia/Darwin
52:50:c8:62:f5:5c,lt-21.scholz.com,schön.docx,73.4601905,Euskirchen,2012-03-11,"521,46 €",Europe/Oslo
f8:52:ff:1f:f0:97,desktop-04.jacobi.com,jeder.wav,40.1334845,Lübeck,2000-11-13,"856,97 €",Asia/Colombo
b4:fb:d7:4a:14:68,srv-08.kitzmann.net,eigentlich.flac,-17.2290565,Oberviechtach,1987-11-05,"98,72 €",Pacific/Port_Moresby
80:2b:36:cf:f7:21,web-03.aumann.com,dumm.avi,49.8804665,Burglengenfeld,1982-01-27,"9,02 €",Asia/Qatar
fd:05:81:b2:f7:9b,srv-62.haering.org,wo.odp,-43.4124025,Aachen,2015-10-05,"4.416,82 €",Africa/Lusaka
0c:ca:bc:84:c4:b6,laptop-14.hoffmann.de,ziehen.flac,48.645574,Hünfeld,2007-12-19,"51,43 €",Africa/Bissau
0c:ae:b8:1a:ce:06,web-12.dehmel.com,weiß.flac,-53.036486,Artern,2005-03-20,"7,25 €",Africa/Maseru
72:d3:07:d6:ed:51,srv-38.wagner.com,Eltern.mp4,10.192901,Rastatt,2020-11-08,"65,91 €",Pacific/Fiji
e2:27:4e:e4:3e:04,desktop-06.kostolzin.de,schwarz.flac,-40.4528145,Herford,1988-04-26,"6,46 €",Africa/Kinshasa
53:48:19:80:bb:ba,lt-96.bachmann.com,krank.pptx,61.5623995,Bad Langensalza,2012-12-07,"3,08 €",Europe/Riga
b3:58:a3:5c:1d:e6,lt-74.drub.com,heißen.jpeg,-44.4043955,Neubrandenburg,1976-01-27,"1.498,34 €",Europe/Dublin
7e:e5:42:04:85:50,srv-82.schmidtke.de,trinken.mov,-20.602304,Gunzenhausen,2019-12-31,"0,40 €",Asia/Tokyo
3e:8f:3b:62:39:5d,srv-20.wohlgemut.com,nächste.js,23.886309,Saulgau,1981-08-15,"4,10 €",Europe/Tallinn
40:a3:00:d1:f8:8c,web-53.roemer.org,plötzlich.jpg,-39.2281385,Sternberg,1994-11-19,"9,46 €",America/Guatemala
05:40:a7:ae:0d:e7,db-12.thies.de,Lehrer.numbers,-3.1605015,Worbis,2019-01-14,"4.974,78 €",Africa/Conakry
fe:98:e0:69:91:fd,srv-27.fechner.de,kein.avi,-31.986841,Melle,1975-07-08,"44.471,15 €",Europe/Bucharest
5e:78:e0:70:01:50,srv-24.saeuberlich.com,Schwester.wav,-69.453869,Hansestadttralsund,1983-01-31,"74.663,21 €",Europe/Vilnius
31:85:a4:37:8c:27,srv-88.metz.de,Lehrerin.js,6.700426,Griesbach Rottal,2014-10-27,"25,06 €",Europe/Vatican
d0:71:88:7e:ea:38,laptop-31.schwital.net,vorbei.wav,81.6570895,Ebern,1972-05-14,"84.420,54 €",America/St_Vincent
20:6c:78:30:3f:36,db-22.eberhardt.com,setzen.gif,59.099393,Bützow,2009-11-08,"64,91 €",Europe/Brussels
e6:f2:6e:4e:cf:ef,desktop-64.heinz.de,bauen.webm,-10.3339165,Torgau,1994-02-05,"93,23 €",Africa/Maputo
7e:7d:55:14:3c:f6,lt-26.klingelhoefer.com,selbst.gif,46.5601045,Amberg,1998-10-02,"74,69 €",Europe/Zurich
ef:33:17:31:91:8a,lt-27.beier.org,zwei.numbers,17.640718,Bad Mergentheim,2001-10-04,"2,46 €",Africa/Dakar
11:3e:53:f4:d1:42,db-09.schweitzer.com,schwer.xlsx,76.567607,Gunzenhausen,1971-10-28,"0,49 €",Atlantic/Cape_Verde
e3:b6:2c:34:f3:c5,web-36.ernst.com,Straße.jpg,26.5810855,Böblingen,2008-09-18,"887,20 €",Asia/Dili
9c:20:24:db:6e:a4,srv-98.klemm.de,Tag.flac,-50.850546,Ingolstadt,1986-02-28,"99,83 €",America/Guyana
a9:25:44:68:ac:74,web-25.foerster.com,gehören.json,59.6206095,Wanzleben,2011-03-01,"8.141,84 €",Asia/Riyadh
f2:2c:33:d1:a1:a3,laptop-25.gotthard.com,oben.ods,17.426831,Stuttgart,1989-09-06,"7.820,83 €",Asia/Dubai
c2:82:e6:8c:1f:76,db-38.schuchhardt.com,verstecken.mp3,21.900946,Tirschenreuth,2003-03-25,"58.288,75 €",Europe/Sarajevo
5a:ea:59:8c:de:13,db-66.ruppersberger.com,Brief.mov,-87.839722,Brandenburg,2008-02-14,"6.311,41 €",Africa/Libreville
6b:a0:48:27:67:69,laptop-28.stadelmann.de,setzen.mp4,-38.9101685,Nauen,1989-06-29,"71.564,46 €",Asia/Kuching
f1:6f:19:5d:48:c8,laptop-11.graf.net,Auge.bmp,-73.994659,Duderstadt,2001-12-04,"9.530,93 €",Pacific/Chatham
e7:85:61:a1:ea:a3,desktop-16.hentschel.de,oft.pptx,57.919796,Starnberg,1985-02-10,"39.420,05 €",Africa/Lagos
a4:b4:10:c1:32:b1,laptop-09.sauer.com,Zimmer.key,53.450270,Weißenfels,2011-04-23,"986,43 €",America/El_Salvador
ab:32:df:fa:cd:e4,lt-34.langern.org,hat.wav,-14.138406,Kitzingen,2009-09-17,"44,48 €",Pacific/Palau
dd:ee:94:d3:34:d8,db-15.tintzmann.com,Papa.xlsx,-75.566251,Hünfeld,2020-09-01,"931,22 €",Asia/Bahrain
c5:7d:1c:db:23:32,email-62.schaefer.de,nach.pdf,-21.3074405,Feuchtwangen,2015-07-13,"5,31 €",Africa/Tunis
cf:a3:9d:f9:82:a5,db-62.baum.com,bleiben.xlsx,89.9804965,Böblingen,1989-02-20,"9,09 €",Europe/Volgograd
12:95:b5:c5:ab:5f,db-21.kaester.de,Haare.flac,21.1432535,Ludwigsburg,1987-07-28,"86,93 €",Pacific/Port_Moresby
67:4c:82:b9:b4:66,web-03.mende.com,holen.numbers,3.071232,Grevesmühlen,2003-01-02,"3,34 €",Europe/Skopje
73:71:da:f9:d7:40,db-24.wieloch.com,so.pdf,-38.1126305,Steinfurt,2001-04-04,"441,62 €",Asia/Ashgabat
7f:53:20:2a:38:c7,srv-96.soeding.com,Wiese.wav,-30.497428,Hoyerswerda,1977-12-26,"7.681,36 €",Africa/Niamey
a6:34:6c:0e:1b:b3,srv-78.pohl.de,Dorf.xlsx,68.0426525,Bad Langensalza,1978-01-12,"326,75 €",Europe/Vienna
97:d2:9b:4e:08:04,laptop-12.tschentscher.net,gefährlich.xls,-13.0958185,Berlin,1986-07-31,"2,04 €",Africa/Bujumbura
20:62:34:7b:b1:7a,laptop-54.roemer.org,weinen.xlsx,-76.6083485,Stadtroda,2017-03-24,"74.450,45 €",America/La_Paz
80:14:7d:e8:7f:aa,db-40.mentzel.de,öffnen.html,-41.3420575,Ochsenfurt,2008-02-26,"2,47 €",Europe/Podgorica
b3:b4:13:db:6a:6a,lt-88.tschentscher.com,reich.mp3,-74.9357995,Gotha,2009-06-09,"939,23 €",Africa/Casablanca
ed:f9:eb:37:bd:ed,laptop-16.ladeck.de,Sache.avi,-14.4095375,Tübingen,2019-12-30,"7,84 €",America/Havana
a7:8c:f7:c9:f0:66,lt-97.schmidt.com,besser.jpeg,-74.539959,Mühldorf am Inn,2001-05-28,"7.480,54 €",Africa/Nairobi
bb:d1:25:67:63:fb,email-47.junitz.org,kann.wav,-32.7826095,Quedlinburg,1984-07-26,"57,66 €",America/Panama
f3:fd:0d:aa:85:5e,db-35.misicher.com,dir.avi,10.8941545,Goslar,1970-01-23,"5.760,86 €",Europe/Paris
19:54:32:43:29:fe,email-33.seidel.com,ließ.mov,-14.019252,Celle,1999-10-14,"904,02 €",Asia/Kabul
e3:fc:7c:da:35:28,web-96.hauffer.de,Mutter.flac,59.309044,Osterode am Harz,1974-04-06,"8.726,15 €",Asia/Nicosia
71:5f:e5:a1:b8:0a,email-41.geisler.de,Zeitung.mp3,-63.193022,Nabburg,1993-03-15,"49,08 €",Africa/Algiers
43:2c:2a:0c:b2:31,web-45.tschentscher.org,laufen.tiff,-64.869521,Passau,1982-11-13,"74,88 €",Asia/Jayapura
e9:19:ba:50:37:16,laptop-02.fliegner.com,Hand.pptx,-12.2714795,Tecklenburg,2019-10-08,"26,93 €",America/Jamaica
7d:0f:b0:fd:dd:cc,desktop-01.klapp.com,fiel.css,25.8086145,Kyritz,1983-09-01,"389,87 €",Europe/Warsaw
8a:60:a1:e5:80:f3,desktop-11.steinberg.com,ließ.png,3.144575,Mellrichstadt,2017-02-18,"12,90 €",Africa/Accra
b8:bf:c9:b8:98:c5,db-01.mans.com,wollen.wav,6.950843,Monschau,1994-04-23,"0,87 €",Africa/Luanda
77:b9:85:5e:16:d0,desktop-36.becker.com,Tür.pages,31.0815165,Lichtenfels,2012-09-17,"7.025,15 €",Australia/Lord_Howe
1f:be:d0:f0:78:95,web-36.bonbach.org,nehmen.tiff,-30.2352635,Celle,2003-01-10,"966,94 €",America/Santiago
11:46:9b:c6:40:2a,lt-11.drubin.de,anfangen.odt,-19.7570905,Hechingen,1986-11-28,"60.665,21 €",Africa/Banjul
cb:a5:95:11:01:68,email-09.stiffel.net,braun.mov,10.1921905,Osterode am Harz,1996-06-10,"405,50 €",Pacific/Apia
68:0f:23:9e:50:da,web-24.baum.net,sie.png,3.012401,Chemnitz,1974-01-22,"77.971,88 €",Africa/Mbabane
b9:1c:ce:af:70:5a,lt-36.bien.de,Mutter.gif,9.2176195,Naila,2004-12-07,"2,14 €",Europe/Brussels
b5:fb:e8:df:88:bf,srv-12.ackermann.com,weil.tiff,15.849949,Riesa,1986-11-25,"6,35 €",Africa/Kampala
59:9d:88:c1:35:88,desktop-86.anders.de,weg.mov,-15.314133,Ebermannstadt,2021-06-02,"5,04 €",Europe/Bucharest
22:f2:e5:fe:f5:db,web-56.stey.de,führen.pages,-79.604457,Pritzwalk,2005-01-17,"7,53 €",Europe/Podgorica
ce:66:52:4e:9d:f7,web-52.niemeier.de,schlagen.csv,-46.070809,Eichstätt,2009-01-18,"5,03 €",Atlantic/Reykjavik
dc:38:16:32:82:40,srv-71.weiss.de,leicht.js,16.6497205,Diepholz,2021-05-04,"6,57 €",America/Nassau
47:bc:f7:77:37:ed,email-12.otto.de,lachen.key,79.6238735,Malchin,2004-03-06,"90.002,41 €",Africa/Tripoli
f7:bc:a0:eb:fd:9f,email-85.lindau.de,beißen.mov,-61.975761,Marktheidenfeld,2010-08-09,"79,29 €",Africa/Lagos
ad:1b:b1:e1:b7:b0,web-11.birnbaum.com,hinein.docx,10.2857675,Soltau,1997-01-17,"7,97 €",Africa/Porto-Novo
e9:71:ac:2c:5f:96,desktop-22.thies.de,helfen.doc,-83.1859035,Mallersdorf,1989-10-02,"2.152,16 €",Africa/Tripoli
e6:07:1a:bb:54:9e,db-91.wohlgemut.de,offen.flac,-81.641817,Groß-Gerau,2018-07-23,"49.184,34 €",Asia/Baghdad
c5:a6:50:9e:ba:79,lt-37.dowerg.org,endlich.json,-54.8330145,Eisenhüttenstadt,2017-11-03,"42.198,51 €",Australia/Brisbane
a7:1c:f9:ad:19:e8,lt-14.tintzmann.net,warum.avi,-47.394504,Cottbus,1980-02-03,"81,41 €",America/Bogota
b5:ea:f0:de:2d:23,lt-68.schweitzer.org,unser.html,-8.582623,Weißwasser,2008-09-07,"857,65 €",America/Costa_Rica
87:e4:ea:cb:32:f6,db-47.mies.org,noch.json,-44.257825,Biedenkopf,2021-01-11,"7,25 €",America/Caracas
6b:7e:b1:49:9e:24,db-78.loeffler.de,immer.css,-74.322512,Wernigerode,1970-01-05,"388,35 €",Pacific/Palau
f3:4c:ae:6a:55:77,srv-26.drewes.net,fragen.docx,-69.6007645,Zschopau,2020-07-04,"27.415,91 €",Europe/Copenhagen
53:5f:8d:95:b9:6a,email-99.hentschel.org,Haus.css,54.784924,Hünfeld,1980-04-29,"27.048,56 €",America/Costa_Rica
da:0d:8d:fa:ae:7e,laptop-33.krein.de,verstehen.pages,-82.4201275,Recklinghausen,1991-03-18,"79,17 €",Indian/Comoro
b4:5f:73:bc:cf:7d,lt-39.huebel.net,bleiben.json,62.319764,Fürstenfeldbruck,2010-07-06,"1.843,03 €",Asia/Amman
db:b9:d6:3b:56:b8,srv-05.roht.com,Mensch.pptx,-7.537498,Perleberg,1987-04-05,"5,20 €",Africa/Khartoum
2a:c6:a0:1a:e1:7e,laptop-48.loewer.com,fragen.js,20.0647545,Schmölln,1986-09-17,"38,89 €",Europe/Stockholm
5a:31:0c:6f:1d:fc,email-28.wesack.com,Wiese.bmp,-13.907333,Heiligenstadt,1976-06-13,"3.342,79 €",Pacific/Tongatapu
0f:56:76:99:77:1d,laptop-50.wilms.com,sieht.css,-56.122208,Wittenberg,2015-07-03,"51.523,83 €",Africa/Sao_Tome
5b:47:97:27:ae:97,desktop-45.scholl.de,wenn.ppt,15.9750755,Rottweil,1993-11-13,"118,43 €",Pacific/Majuro
50:83:8b:57:65:ad,laptop-70.roht.net,Hund.wav,-89.8924845,Wesel,1999-12-03,"62.755,19 €",Asia/Dhaka
33:a3:64:90:60:ac,email-15.geisel.org,Luft.odt,6.6265675,Eisenberg,1973-07-17,"7.485,83 €",Europe/Sarajevo
0e:61:33:d9:10:39,db-57.hess.de,Woche.webm,-44.6498855,Havelberg,1982-06-16,"6,19 €",Atlantic/Azores
a2:30:19:5c:a3:b4,email-36.jaentsch.org,sehen.mov,43.924292,Soltau,2011-03-21,"291,79 €",Indian/Maldives
b3:ca:e9:f8:32:a7,web-30.muelichen.org,Schule.csv,26.771137,Mittweida,1997-11-16,"1,93 €",America/Campo_Grande
76:38:f8:df:91:2d,lt-83.pruschke.com,nämlich.flac,50.397344,Deggendorf,1973-12-23,"941,11 €",Africa/Cairo
33:84:3e:7f:54:29,db-87.kobelt.com,Geburtstag.pptx,-67.5845335,Schmölln,1986-07-04,"6,67 €",Indian/Mauritius
6e:a7:44:95:04:a9,laptop-09.eimer.de,waschen.wav,-79.7272755,Strausberg,1980-10-13,"51.557,22 €",Africa/Bamako
b8:f5:25:81:08:44,desktop-71.geissler.com,gibt.docx,-3.520836,Wanzleben,2005-03-28,"144,44 €",Africa/Maseru
ee:f0:af:e8:ce:16,laptop-97.hornig.org,heißen.ods,71.368908,Lemgo,2011-06-03,"53,74 €",Asia/Yerevan
9f:33:1d:a6:76:46,web-82.margraf.com,weg.js,49.911572,Germersheim,2004-12-04,"95.386,78 €",Asia/Dushanbe
57:e7:40:50:7d:e9,desktop-24.stumpf.net,wichtig.xlsx,-13.8121935,Gerolzhofen,1976-04-05,"16,04 €",Asia/Kuwait
b3:9f:87:fb:e1:c1,laptop-05.bonbach.net,Klasse.odp,55.8317295,Eisleben,1990-01-26,"9.113,50 €",Africa/Djibouti
a5:fb:7c:5a:34:7e,email-34.wilms.net,natürlich.numbers,-7.8253155,Wernigerode,1977-07-26,"75.467,32 €",Africa/Banjul
9d:62:62:88:df:5e,db-55.otto.de,beide.png,53.3727045,Waldmünchen,1987-11-05,"38,01 €",Africa/Harare
e9:ca:5b:7d:d0:a4,srv-70.carsten.net,ist.webm,1.5608795,Nördlingen,1976-11-05,"45.144,73 €",America/Argentina/Jujuy
9b:d4:3d:8c:65:05,lt-22.baerer.com,Garten.ods,6.201059,Backnang,1991-04-26,"7,56 €",Africa/Harare
95:df:f7:a2:27:2f,srv-65.herrmann.de,Licht.mp3,-40.408967,Konstanz,2019-01-09,"69,53 €",Africa/Johannesburg
ab:4a:c1:9a:dd:2b,lt-48.keudel.com,ja.flac,44.6972095,Viersen,2019-03-10,"512,31 €",Asia/Dili
68:0c:11:40:8b:9d,desktop-05.kaul.de,arbeiten.png,42.7488925,Wolmirstedt,2006-03-11,"2.483,60 €",Africa/Blantyre
27:55:ec:ee:34:df,laptop-22.rogner.com,gegen.txt,-43.5347015,Rathenow,2018-07-14,"48.065,91 €",Europe/Podgorica
ca:2a:62:26:90:84,lt-69.dippel.de,scheinen.bmp,-54.427470,Stadtroda,2020-05-15,"2.785,24 €",Europe/London
aa:3e:b6:70:45:e1,email-71.heuser.org,suchen.jpeg,24.2731975,Sonneberg,2004-09-25,"6.897,15 €",America/Asuncion
a0:ee:36:95:4d:06,laptop-67.drewes.de,Nacht.json,81.108082,Dachau,2021-11-04,"26,09 €",Asia/Singapore
cd:88:08:1f:3a:48,lt-77.bloch.com,her.doc,28.1839655,Haldensleben,2006-12-01,"683,37 €",America/Barbados
0b:e8:33:7a:5f:b5,lt-49.soelzer.net,einigen.flac,-78.2290405,Jülich,1971-02-20,"84.560,59 €",Europe/Zurich
ef:92:94:6b:57:fd,email-22.fritsch.com,nichts.mp3,6.9553045,Sigmaringen,2013-01-16,"120,42 €",Africa/Douala
d6:3c:68:b5:25:73,laptop-96.grein.org,lernen.jpg,-37.7276375,Wiedenbrück,2016-11-26,"94.352,14 €",Africa/Bangui
11:9e:1d:06:ce:7c,lt-61.speer.de,sonst.avi,67.6867475,Greiz,1983-08-24,"91,62 €",Europe/Vatican
0f:6f:25:be:8b:f7,laptop-60.nohlmans.net,Sonne.ods,36.6184105,Grimmen,1976-12-02,"82.317,31 €",America/Montevideo
91:8c:42:df:20:24,laptop-14.kraushaar.de,vergessen.jpg,-14.028760,Bayreuth,1973-09-25,"7,01 €",Africa/Bujumbura
7d:bb:c5:e7:65:76,desktop-21.stahr.net,zurück.mp3,-54.695091,Rockenhausen,1979-11-17,"8.702,46 €",Asia/Manila
d7:4c:f9:9f:71:90,srv-09.klemm.de,heißen.css,4.8575785,Guben,1986-04-29,"4,44 €",Europe/Oslo
4b:e4:a4:4c:68:71,laptop-70.weitzel.net,dem.wav,18.1823865,Diepholz,1992-11-05,"3.783,06 €",America/Tegucigalpa
01:84:64:ce:56:6f,srv-90.bachmann.com,wird.webm,-6.0108675,Miltenberg,2019-08-13,"3.375,51 €",Africa/Kigali
e1:1b:35:84:83:ad,srv-03.klemm.de,Hand.html,0.9875785,Soest,2008-10-03,"34,61 €",Asia/Kabul
1e:70:0d:67:33:6b,db-85.christoph.de,Garten.js,-3.749569,Hainichen,1979-04-18,"68,39 €",Asia/Tehran
3f:74:d2:4a:df:dd,laptop-24.schomber.net,will.avi,-77.463892,Eichstätt,2011-10-12,"62,95 €",America/Guatemala
ad:ee:b3:48:5d:88,lt-05.henschel.com,verstecken.tiff,-78.332305,Husum,2018-09-21,"47,14 €",Asia/Dhaka
2a:37:85:6e:c4:69,db-70.pieper.net,bei.odp,17.5188085,Saulgau,1978-11-06,"747,01 €",America/Havana
99:1d:3d:4e:dc:6d,laptop-51.nette.net,wohl.mp4,-69.7369495,Schlüchtern,2008-01-31,"2,33 €",Europe/Minsk
e1:99:b1:7e:77:22,lt-35.eberhardt.com,gestern.css,39.6159455,Sebnitz,1979-09-02,"4.511,61 €",Pacific/Kwajalein
1a:0c:db:0e:c5:87,db-25.giess.org,Woche.html,-48.0507795,Havelberg,1986-05-05,"316,39 €",Africa/Conakry
f3:bf:fb:1c:70:1d,web-34.kallert.net,Schüler.ppt,27.7745725,Olpe,2023-06-07,"2,23 €",Africa/Cairo
9b:be:c1:6e:9d:1e,email-59.pieper.com,Abend.webm,46.064210,Pirmasens,1980-09-03,"10,84 €",Asia/Dhaka
9d:8c:17:86:19:b5,srv-56.lehmann.org,Seite.xls,0.7489335,Ribnitz-Damgarten,2019-10-02,"985,87 €",Europe/Budapest
6e:02:06:91:3a:d2,laptop-74.schuster.org,krank.doc,62.8098775,Kamenz,1974-05-29,"94.331,08 €",Africa/Tripoli
2d:df:d1:d2:c1:e0,web-41.klapp.com,das.mov,-13.9339775,Rehau,1982-12-02,"95,80 €",America/Tijuana
35:43:66:3d:30:c6,laptop-58.drewes.de,stellen.odt,23.8010195,Pößneck,1990-01-21,"92,15 €",Europe/Andorra
8b:67:e0:06:2b:ad,db-02.haenel.com,Hunger.pptx,11.1946415,Lübz,2009-05-10,"61.480,76 €",Pacific/Tongatapu
32:5b:8a:09:de:5c,email-51.finke.com,endlich.odp,59.3138385,Ravensburg,1979-08-20,"58.154,94 €",Africa/Kinshasa
1b:7c:a6:83:cc:8b,laptop-42.spiess.com,Geburtstag.ppt,73.0699075,Witzenhausen,1996-01-21,"9.238,42 €",Europe/Uzhgorod
7c:fc:63:25:b1:45,lt-25.atzler.org,vergessen.js,-6.6859735,Eisenberg,1998-04-14,"4.297,70 €",Asia/Yerevan
73:5c:4f:cc:da:c0,srv-80.mans.de,dunkel.wav,18.735059,Vechta,1973-06-28,"3.466,13 €",Pacific/Kiritimati
7f:d8:02:1b:40:12,laptop-82.jopich.de,warum.mov,-61.471280,Ingolstadt,2019-08-10,"473,88 €",Africa/Douala
c3:4e:91:b4:47:d2,laptop-12.nette.com,selbst.flac,-81.4895985,Rastatt,2004-05-04,"9.706,94 €",America/Guatemala
c6:05:d0:55:cf:88,laptop-60.pohl.com,müssen.jpeg,-40.7894925,Dresden,2004-02-09,"65.427,92 €",Africa/Nouakchott
2a:4b:46:99:0f:76,db-62.harloff.com,drei.css,-54.5060725,Ribnitz-Damgarten,1999-05-23,"0,87 €",America/Santiago
54:b8:5a:59:f7:92,laptop-36.schuchhardt.com,wissen.js,72.952163,Gera,2003-04-02,"54.739,46 €",Europe/Lisbon
cf:37:56:f3:b5:bd,email-43.patberg.org,fünf.docx,7.828281,Herford,1972-04-01,"264,13 €",Asia/Baghdad
18:81:03:4d:a9:6c,web-00.seip.org,Zahl.avi,-0.494842,Wittenberg,2023-05-15,"234,36 €",Asia/Beirut
2e:ee:6b:e2:b4:78,desktop-57.drub.com,singen.webm,-48.774593,Stade,2014-12-07,"40.185,51 €",Africa/Asmera
12:58:d4:f2:ad:d9,db-55.warmer.de,nichts.tiff,30.5897345,Perleberg,1986-12-01,"78.580,72 €",Africa/Accra
30:8b:29:a3:1a:b0,srv-63.lehmann.com,darin.mp3,-73.628847,Gunzenhausen,1990-12-31,"618,46 €",Atlantic/Reykjavik
d1:0d:e9:6c:ed:82,web-95.schenk.de,geben.pages,-87.7620105,Luckenwalde,1992-12-17,"27,64 €",Africa/Bamako
0d:83:31:17:44:4b,web-46.foerster.com,seit.mp4,12.375239,Bützow,1987-04-06,"23,62 €",Europe/Bratislava
8a:2e:eb:56:08:41,laptop-88.henk.com,können.html,46.513782,Wittenberg,2013-04-15,"83,71 €",Asia/Katmandu
3c:c7:3a:56:5f:4a,email-29.beckmann.de,drei.mp3,-8.8521425,Saarbrücken,1983-11-09,"31,77 €",America/Lima
d1:c8:55:08:91:23,laptop-55.schomber.de,Uhr.bmp,-9.925141,Pegnitz,1998-01-25,"8.342,28 €",Asia/Samarkand
4d:3e:c6:7c:78:79,email-88.schenk.com,überall.mov,-74.8637135,Moers,1981-01-02,"3,70 €",Pacific/Apia
53:cd:c6:34:e2:69,laptop-23.roerricht.org,Sache.html,58.9696945,Donaueschingen,2001-07-30,"70.620,13 €",Pacific/Guadalcanal
6b:aa:f0:64:20:46,laptop-77.seidel.com,verlieren.pdf,70.7520625,Senftenberg,1975-04-24,"15,22 €",America/Cancun
4d:80:57:06:b1:02,db-03.gunpf.net,durch.avi,-41.372893,Büsingen am Hochrhein,1996-12-20,"427,62 €",Africa/Blantyre
cc:d9:8d:ae:1d:74,lt-23.misicher.com,Mensch.css,-28.0074445,Neustadt am Rübenberge,2015-03-31,"8.028,73 €",Africa/Dakar
8e:97:c6:cf:6c:35,web-64.weller.com,Brief.mp3,75.0640595,Deggendorf,1994-08-01,"3,00 €",America/Nassau
34:21:bb:84:4c:1a,srv-81.geisler.com,wie.jpeg,-34.6663465,Aue,2021-06-10,"35,55 €",Europe/Andorra
35:01:14:64:10:49,desktop-19.pechel.de,nehmen.html,-29.559351,Iserlohn,2000-03-22,"8,63 €",Europe/San_Marino
91:b0:d2:49:7f:61,email-33.dietz.com,Glas.webm,19.3902175,Ludwigslust,1996-05-14,"12.418,51 €",Europe/Stockholm
12:46:dd:83:db:a0,srv-58.kallert.com,ruhig.webm,74.234085,Hechingen,1998-02-05,"9,42 €",Asia/Jerusalem
81:18:d2:4a:34:ed,desktop-49.gute.com,dick.html,5.1948145,Hildburghausen,2004-11-10,"46,05 €",Europe/Uzhgorod
e7:e0:1f:90:f5:25,email-33.oderwald.com,Junge.xls,-5.539022,Saarbrücken,2016-08-21,"770,63 €",Europe/San_Marino
61:ac:b0:77:a9:9d,desktop-75.holzapfel.org,uns.mp3,13.6743365,Schlüchtern,2018-09-01,"57.942,60 €",Pacific/Enderbury
71:7f:aa:1c:58:21,lt-62.gierschner.com,wohnen.mp3,22.427777,Hersbruck,1980-09-06,"393,26 €",Africa/Maseru
47:2a:e0:dc:29:70,email-11.scheuermann.de,springen.webm,-52.798503,Melle,2014-05-01,"5.947,52 €",America/El_Salvador
08:79:88:68:0d:94,srv-09.bachmann.de,Haus.webm,-28.996365,Gotha,1980-09-11,"376,32 €",America/Belize
72:ed:d5:f3:53:cb,desktop-19.wieloch.net,lange.odt,-10.1442295,Ueckermünde,2008-12-19,"44.253,83 €",Asia/Jayapura
ad:da:0e:ee:a1:e1,lt-88.tintzmann.net,heraus.pages,51.9204805,Eutin,1974-05-10,"853,31 €",America/Nassau
7a:0a:45:67:72:0f,laptop-03.doerschner.de,besser.webm,17.034290,Hohenstein-Ernstthal,1974-08-29,"7.517,58 €",Europe/Athens
b6:c2:95:09:9a:85,laptop-21.heser.com,einfach.json,51.5452865,Demmin,1980-12-16,"2.405,36 €",Asia/Tashkent
e2:11:72:b4:a7:33,db-60.bien.com,anfangen.txt,-85.1717005,Hannover,1982-12-14,"27.131,61 €",Asia/Choibalsan
8b:62:5a:48:0b:89,web-04.heuser.com,nun.html,37.7203725,Naila,1974-05-07,"60,23 €",Europe/Bucharest
64:e3:72:81:d4:4c,laptop-28.heintze.net,Wasser.avi,-22.446328,Grevenbroich,1971-01-14,"14.749,33 €",Europe/Sofia
26:3b:38:13:d1:97,srv-97.wieloch.com,Minutenmir.jpg,-83.213470,Stendal,2006-10-25,"57,96 €",Africa/Ouagadougou
6d:dc:67:f3:95:62,lt-92.schmiedt.net,schlecht.numbers,49.408623,Dieburg,1985-07-06,"1,82 €",America/Managua
c0:ae:66:38:33:ef,lt-90.jessel.com,Tante.numbers,18.124256,Mallersdorf,1983-09-20,"35,79 €",Asia/Kashgar
08:92:6d:d7:f9:f3,srv-45.scheel.de,hin.csv,-54.821745,Koblenz,1985-03-19,"7.917,43 €",Europe/Chisinau
bb:ed:d7:05:44:cf,desktop-96.geisler.de,wollen.webm,81.964888,Badalzungen,2015-01-07,"194,61 €",Africa/Mogadishu
33:e8:00:79:2e:0e,laptop-61.kade.de,ein.docx,11.958250,Schwandorf,1990-10-10,"2.542,87 €",Europe/Brussels
8c:18:3c:28:a2:43,desktop-10.scheuermann.de,man.json,-4.375515,Melsungen,1976-02-04,"0,33 €",Europe/Bucharest
88:17:86:9c:e4:49,lt-90.jaehn.com,etwas.js,35.0318915,Flöha,2015-02-27,"411,09 €",Africa/Ouagadougou
3e:bf:77:dd:9c:2a,email-15.liebelt.org,Baum.mp4,40.0394905,Bersenbrück,2007-03-09,"67.800,46 €",Europe/Tirane
27:52:20:68:84:0d,web-54.eberth.de,Wasser.txt,77.1851795,Bautzen,2010-11-24,"7,12 €",Africa/Niamey
9f:bd:3d:aa:0d:0b,desktop-45.haase.de,leise.mp3,-10.686899,Darmstadt,2003-08-18,"2.505,48 €",America/St_Lucia
c5:cb:b0:4f:5b:bd,email-12.barkholz.com,reiten.gif,-72.920332,Fürstenfeldbruck,2019-06-09,"2.375,90 €",Africa/Windhoek
66:10:8f:f2:95:ea,email-19.becker.com,drei.odp,63.1518005,Wolfratshausen,1989-02-21,"620,40 €",Asia/Taipei
d7:93:58:54:63:05,lt-16.pohl.de,wie.tiff,24.068391,Grafenau,2023-02-16,"3.651,48 €",Asia/Dushanbe
0a:f8:87:39:7f:75,laptop-69.riehl.com,lernen.png,45.5963865,Konstanz,1992-06-09,"9.521,73 €",Europe/Rome
80:3e:42:30:ff:cc,srv-89.moechlichen.org,Platz.mp4,-19.3586335,Lüneburg,2016-08-26,"123,27 €",Asia/Qatar
a8:a7:90:13:54:6b,srv-57.stoll.de,fröhlich.webm,-0.933476,Scheinfeld,1986-12-13,"772,57 €",Europe/Bucharest
49:4c:8d:ba:bd:a5,email-89.klemt.com,nämlich.tiff,55.5897825,Finsterwalde,2008-10-23,"642,11 €",Europe/Amsterdam
a4:61:1e:a2:62:2e,srv-64.auch.de,Stadt.bmp,-15.312453,Staffelstein,2013-05-10,"44.608,76 €",Africa/Addis_Ababa
e1:8d:dd:e7:0c:02,laptop-44.wohlgemut.com,Schnee.mp3,-59.412626,Füssen,1972-03-14,"56.469,43 €",Europe/Amsterdam
23:90:c6:7a:a2:b0,srv-14.tschentscher.net,Zahl.jpeg,21.6343765,Werdau,2010-08-01,"9.872,29 €",America/Panama
1f:98:95:54:49:9a,email-56.scheibe.de,fünf.avi,69.278565,Geldern,2015-02-10,"9,38 €",Africa/Nouakchott
88:0c:59:27:40:3b,srv-94.reinhardt.de,schwer.png,-45.8000875,Heiligenstadt,1994-09-26,"75.006,79 €",America/Montevideo
eb:a6:91:19:8b:5d,desktop-77.benthin.com,Beispiel.mp3,-3.188595,Prenzlau,2007-01-15,"37,89 €",Africa/Kigali
cb:6d:6e:f4:24:8f,laptop-99.hein.de,Tante.xlsx,-23.311375,Illertissen,1995-01-05,"3,48 €",Asia/Baghdad
a8:d1:59:27:f2:0a,web-83.vollbrecht.com,Geschenk.xls,16.392106,Hofgeismar,1971-07-15,"498,72 €",Asia/Saigon
